user_id,sample_datetime,application_id,job_id,transaction_id,bank_account_id,account_type,bank,credit_limit,transaction_date,amount,trx_type,dr_cr,category,third_party,illion_trx_uuid,balance,text
484225470,2026/5/9 12:42,2420589,1582782,2755538076,4689355,transaction,cba,null,2026/1/13,112.8,null,debit,Automotive,Automotive,bad12f69-6758-49d1-9a8c-2a9cfdab9878,384.52,ATLAS SAWYERS SAWYERS VALLE AUS Card xx9327 Value Date: 10/01/2026
484225470,2026/5/9 12:42,2420589,1582782,2755538243,4689355,transaction,cba,null,2025/12/6,15,Overdrawn Fees,debit,Overdrawn,null,3aefa463-9c1b-4f22-8c7a-c153fbf440a4,799.45,Overdraw Fee For exceeding available funds on 05 Dec
484225470,2026/5/9 12:42,2420589,1582782,2755538124,4689355,transaction,cba,null,2026/1/2,8,Direct Debit,debit,Non SACC Loans,Humm,0ad64844-060d-4bd5-b715-bb88b60419b4,513.98,Direct Debit 125202 humm BNPL A00000001910998566
484225470,2026/5/9 12:42,2420589,1582782,2755537885,4689355,transaction,cba,null,2026/2/17,31.74,null,debit,Automotive,Puma Energy,43ecb949-1444-49b1-b565-aea32c919df3,636.07,PUMA YORK ROADHOUSE YORK WA AUS Card xx9327 Value Date: 14/02/2026
484225470,2026/5/9 12:42,2420589,1582782,2755537983,4689355,transaction,cba,null,2026/1/29,90.56,Direct Debit,debit,Non SACC Loans,Credit Corp Loan,99a43946-8756-48e7-928a-f6b7d7c1a786,1254.09,Direct Debit 421650 Credit Corp Fina 14816747 CCC
484225470,2026/5/9 12:42,2420589,1582782,2755537654,4689355,transaction,cba,null,2026/4/10,400,null,debit,External Transfers,Funds Transfer,815bcbf3-8e58-419c-83a2-cb5f8a10585d,2092.83,Transfer To Heike Fox CommBank App water an other
484225470,2026/5/9 12:42,2420589,1582782,2755537642,4689355,transaction,cba,null,2026/4/14,4.99,null,debit,null,null,056554f6-d8eb-42af-b9a8-54125a6835ac,149.47,Google Toon Blast Barangaroo AU AUS Card xx9327 Value Date: 11/04/2026
484225470,2026/5/9 12:42,2420589,1582782,2755538013,4689355,transaction,cba,null,2026/1/23,59.99,null,debit,null,null,4cfdcb7c-c13d-48f9-8e1e-3cb5ea5ae419,788.52,Google Toon Blast Barangaroo AU AUS Card xx9327 Value Date: 21/01/2026
484225470,2026/5/9 12:42,2420589,1582782,2755537997,4689355,transaction,cba,null,2026/1/28,99,null,debit,Automotive,Miscellaneous Petrol Stations,d7396946-ee1b-4d15-a0ba-32ea7fc0de05,184.21,GREAT SOUTHERN FUELS NORTHAM AUS Card xx9327 Value Date: 23/01/2026
484225470,2026/5/9 12:42,2420589,1582782,2755537777,4689355,transaction,cba,null,2026/3/14,84.38,null,debit,Automotive,Miscellaneous Petrol Stations,d34bebbf-22ca-47b0-80a6-56311e24aeb9,-820.69,GREAT SOUTHERN FUELS NORTHAM AUS Card xx9327 Value Date: 12/03/2026
484225470,2026/5/9 12:42,2420589,1582782,2755538195,4689355,transaction,cba,null,2025/12/18,200,Inbound Transfer,credit,External Transfers,CBA Funds Transfer,ecbfef2a-4679-415d-a8d7-950e56b2e121,414.63,Fast Transfer From HEIKE FOX Shopping
484225470,2026/5/9 12:42,2420589,1582782,2755537809,4689355,transaction,cba,null,2026/3/10,4.99,null,debit,null,null,4a2ba631-1163-42ba-8153-ee87b83c3914,895.72,Google Toon Blast Barangaroo AU AUS Card xx9327 Value Date: 07/03/2026
484225470,2026/5/9 12:42,2420589,1582782,2755537692,4689355,transaction,cba,null,2026/4/1,43.94,null,debit,Automotive,Miscellaneous Petrol Stations,9202791c-167c-4c6a-8027-5db07cdc0333,1092.7,GREAT SOUTHERN FUELS NORTHAM AUS Card xx9327 Value Date: 30/03/2026
484225470,2026/5/9 12:42,2420589,1582782,2755537952,4689355,transaction,cba,null,2026/2/4,27.96,null,debit,Retail,Retail,f10d3660-3b70-4418-aabd-c42e739e7393,1020.67,THINGZ GIFTS NORTHAM AUS Card xx9327 Value Date: 02/02/2026
484225470,2026/5/9 12:42,2420589,1582782,2755538196,4689355,transaction,cba,null,2025/12/18,15,Overdrawn Fees,debit,Overdrawn,null,89230925-43d6-40eb-8387-c5156d569e02,214.63,Overdraw Fee For exceeding available funds on 17 Dec
484225470,2026/5/9 12:42,2420589,1582782,2755537694,4689355,transaction,cba,null,2026/4/1,0.41,Overdrawn Fees,debit,Overdrawn,null,e3f040df-825e-4ba1-9c8d-f95f43c22736,1235.64,Debit Excess Interest
484225470,2026/5/9 12:42,2420589,1582782,2755538362,4689355,transaction,cba,null,2025/11/13,17.05,null,debit,Automotive,Puma Energy,e16890ba-888f-4237-b9fc-e5ccd5d9bf5e,620.39,PUMA YORK ROADHOUSE YORK WA AUS Card xx9327 Value Date: 11/11/2025
484225470,2026/5/9 12:42,2420589,1582782,2755537954,4689355,transaction,cba,null,2026/2/3,7.99,null,debit,null,null,f91ab0ab-725e-4de0-80ee-6330b7dbeca1,1108.62,Google Toon Blast Barangaroo AU AUS Card xx9327 Value Date: 30/01/2026
484225470,2026/5/9 12:42,2420589,1582782,2755537543,4689355,transaction,cba,null,2026/5/9,600,null,debit,External Transfers,Funds Transfer,41a53019-6f2e-47dd-b3e3-fda01b733fcd,704.13,Transfer To Heike Fox CommBank App bills
484225470,2026/5/9 12:42,2420589,1582782,2755537946,4689355,transaction,cba,null,2026/2/4,48.2,null,debit,Groceries,7-Eleven,3d7b4ce4-7277-456d-99d6-b44150af8304,774.23,7-ELEVEN 3043 FORRESTDALE WA AUS Card xx9327 Value Date: 01/02/2026
484225470,2026/5/9 12:42,2420589,1582782,2755537591,4689355,transaction,cba,null,2026/4/28,11.5,null,debit,Automotive,BP,621aca62-d57d-4c1c-9f15-2a8efe16ce4f,1035.49,BP KONDININ ROADHOUS KONDININ WA AUS Card xx9327 Value Date: 24/04/2026
484225470,2026/5/9 12:42,2420589,1582782,2755538045,4689355,transaction,cba,null,2026/1/17,16.99,null,debit,null,null,0f602aff-c0c1-44ba-a3dc-93a5705c5c06,-655.79,Google Ginger Barangaroo AU AUS Card xx9327 Value Date: 15/01/2026
484225470,2026/5/9 12:42,2420589,1582782,2755537917,4689355,transaction,cba,null,2026/2/12,25,null,debit,Automotive,BP Stations,ffa784ed-2209-43f0-86f6-d4e10522a1d5,1891.17,BP CUNDERDIN ROADHOU CUNDERDIN WA AUS Card xx9327 Value Date: 10/02/2026
484225470,2026/5/9 12:42,2420589,1582782,2755537715,4689355,transaction,cba,null,2026/3/27,789,Direct Debit,debit,Non SACC Loans,Salt and Lime,036166c3-799d-4ca6-9a92-b1f6f43259ba,-323.85,Direct Debit 314011 SALT&LIME PAYWAY4345585350
484225470,2026/5/9 12:42,2420589,1582782,2755538160,4689355,transaction,cba,null,2025/12/23,250,null,debit,External Transfers,Funds Transfer,2ee8c2a3-19bf-48cb-b08f-a3ffbdad0bc3,512.75,Transfer To Brittni Tatham-Smith CommBank App horse statue
484225470,2026/5/9 12:42,2420589,1582782,2755537673,4689355,transaction,cba,null,2026/4/8,4.99,null,debit,null,null,d29b2e7b-e58c-4ac4-a82e-daf335c85da0,270.54,Google Toon Blast Barangaroo AU AUS Card xx9327 Value Date: 04/04/2026
484225470,2026/5/9 12:42,2420589,1582782,2755538219,4689355,transaction,cba,null,2025/12/12,59.99,null,debit,null,null,25df6cd5-35c2-4789-871f-b50ef1d563c9,409.55,Google Toon Blast Barangaroo AU AUS Card xx9327 Value Date: 10/12/2025
484225470,2026/5/9 12:42,2420589,1582782,2755537578,4689355,transaction,cba,null,2026/5/1,9.06,null,debit,Groceries,Foodworks,03bfe16b-2bc0-49b0-b9a6-b9f3604cf7a8,461.55,DALWALLINU FOODWORKS DALWALLINU AUS Card xx9327 Value Date: 30/04/2026
484225470,2026/5/9 12:42,2420589,1582782,2755538058,4689355,transaction,cba,null,2026/1/15,15,Overdrawn Fees,debit,Overdrawn,null,51571549-f565-4df2-b5a8-dac61777c3b4,1445.49,Overdraw Fee For exceeding available funds on 14 Jan
484225470,2026/5/9 12:42,2420589,1582782,2755537738,4689355,transaction,cba,null,2026/3/25,145.39,null,debit,Automotive,Puma Energy,eee6e964-c803-4b93-93e2-fe9c29d8032e,106.25,PUMA YORK ROADHOUSE YORK WA AUS Card xx9327 Value Date: 22/03/2026
484225470,2026/5/9 12:42,2420589,1582782,2755538262,4689355,transaction,cba,null,2025/12/4,1280.51,null,debit,Non SACC Loans,Wagetap,823b652f-b27e-4c83-b108-b2e793779678,1927.82,PayTo Wagetap Wagetap repayment T-b4820d56-ee09-445... T-b4820d56-ee09-445c-b190-e8bcb5f-2
484225470,2026/5/9 12:42,2420589,1582782,2755538334,4689355,transaction,cba,null,2025/11/19,576.76,Direct Debit,debit,Non SACC Loans,MyPayNow,f6bb8dbb-8eeb-4d6a-95f8-d905ed77a64a,-447.69,Direct Debit 543958 MyPayNow Payment DT.4rzlyh MyPayNow
484225470,2026/5/9 12:42,2420589,1582782,2755537630,4689355,transaction,cba,null,2026/4/18,62.53,null,debit,Groceries,Woolworths,948a0226-7a04-4630-88ab-7d2ede354228,390.77,WOOLWORTHS 4326 NORTHAM WA AUS Card xx9327 Value Date: 16/04/2026
484225470,2026/5/9 12:42,2420589,1582782,2755537600,4689355,transaction,cba,null,2026/4/27,750,Inbound Transfer,credit,Non SACC Loans,Beforepay,be7c7f7d-ed5f-4c39-92e5-2dba2a1dd185,1517,Fast Transfer From Beforepay CT.1trpyv MP1777301002398 CT.1trpyv
484225470,2026/5/9 12:42,2420589,1582782,2755537582,4689355,transaction,cba,null,2026/4/30,33.75,null,debit,Automotive,Puma Energy,60138837-a91c-4f90-b1c7-6c861129f71b,553.36,PUMA YORK ROADHOUSE YORK WA AUS Card xx9327 Value Date: 28/04/2026
484225470,2026/5/9 12:42,2420589,1582782,2755537877,4689355,transaction,cba,null,2026/2/18,13,null,debit,Automotive,BP Stations,8db3b520-0b83-4a3c-8f9b-9d6279bd874a,413.56,BP MUCHEA 9964 MUCHEA AU
484225470,2026/5/9 12:42,2420589,1582782,2755537660,4689355,transaction,cba,null,2026/4/9,90.56,Direct Debit,debit,Non SACC Loans,Credit Corp Loan,7b1cd073-b119-4bbb-a564-a337bd5fc255,939.97,Direct Debit 421650 Credit Corp Fina 14816747 CCC
484225470,2026/5/9 12:42,2420589,1582782,2755537944,4689355,transaction,cba,null,2026/2/4,28.3,null,debit,Automotive,Automotive,3ee67d79-ec8d-4692-bf3d-1e713f72f1d8,562.93,DUNNINGS GOOMALLING GOOMALLING AU
484225470,2026/5/9 12:42,2420589,1582782,2755537947,4689355,transaction,cba,null,2026/2/4,11.25,null,debit,Automotive,Puma Energy,a4c2e499-c3c4-448e-be35-93f622469bcb,822.43,PUMA YORK ROADHOUSE YORK WA AUS Card xx9327 Value Date: 02/02/2026
484225470,2026/5/9 12:42,2420589,1582782,2755537793,4689355,transaction,cba,null,2026/3/12,28.99,null,debit,Subscription TV,Netflix,1e2994c9-7798-4b1d-8d73-688925888b4d,2964.92,NETFLIX.COM Melbourne AU AUS Card xx9327 Value Date: 10/03/2026
484225470,2026/5/9 12:42,2420589,1582782,2755538159,4689355,transaction,cba,null,2025/12/24,50,Inbound Transfer,credit,External Transfers,CBA Funds Transfer,e3d2474e-1f2d-4355-8bc1-f7c74f50ce1e,562.75,Fast Transfer From BRITTNI TATHAM-SMITH payback thankyou _
484225470,2026/5/9 12:42,2420589,1582782,2755537967,4689355,transaction,cba,null,2026/2/1,400,null,debit,External Transfers,Funds Transfer,19d92c3e-b6e9-4edc-9f4c-f9b96ffcfdaa,1418.69,Transfer To Heike Fox CommBank App Mila
484225470,2026/5/9 12:42,2420589,1582782,2755537761,4689355,transaction,cba,null,2026/3/17,19.9,null,debit,Groceries,Groceries,a46f78af-20e8-410f-8a7a-c94c1cfea284,830,DUNNINGS TOODYAY JUN TOODYAY AU
484225470,2026/5/9 12:42,2420589,1582782,2755538071,4689355,transaction,cba,null,2026/1/14,37.25,null,debit,Non SACC Loans,Afterpay,881ac01b-db37-4781-8010-881eceb0dfbc,163.01,Afterpay afterpay.com AU AUS Card xx9327 Value Date: 12/01/2026
484225470,2026/5/9 12:42,2420589,1582782,2755537965,4689355,transaction,cba,null,2026/2/3,21.45,Returns,credit,null,null,82cc52a5-9bf0-4295-9644-ae128c5fc8b7,1432.14,Return eBay O*23-13929-18165 Sydney AU AUS Card xx9327 Value Date: 31/01/2026
484225470,2026/5/9 12:42,2420589,1582782,2755538327,4689355,transaction,cba,null,2025/11/20,59.97,null,debit,Dining Out,Miscellaneous Pizza and Pasta Places,d0a88e04-5ad9-448f-953b-3809791bc07d,2130.85,SMP*Hungry Birds Pizza d0Cunderdin06 AU
484225470,2026/5/9 12:42,2420589,1582782,2755538210,4689355,transaction,cba,null,2025/12/16,83.4,null,debit,Groceries,IGA,5b6bdb0f-1b8b-4702-a281-c150d65bfdbd,125.41,YORK IGA YORK AUS Card xx9327 Value Date: 11/12/2025
484225470,2026/5/9 12:42,2420589,1582782,2755537576,4689355,transaction,cba,null,2026/5/1,16.25,null,debit,Dining Out,Subway,824c0648-1a0a-4088-a220-bca83c1f16f8,415.31,Subway Merredin 80 Barrack StAU
484225470,2026/5/9 12:42,2420589,1582782,2755538203,4689355,transaction,cba,null,2025/12/17,9.99,null,debit,null,null,4cadbfe5-453a-4145-a5a0-7ad9f9a9ee19,26.33,Google Toon Blast Barangaroo AU AUS Card xx9327 Value Date: 15/12/2025
484225470,2026/5/9 12:42,2420589,1582782,2755537550,4689355,transaction,cba,null,2026/5/8,31.6,null,debit,Automotive,Automotive,118b5bcc-eac7-4403-9322-8e13b5900b67,1993.8,DUNNINGS TOODYAY JUN TOODYAY AU
484225470,2026/5/9 12:42,2420589,1582782,2755538224,4689355,transaction,cba,null,2025/12/11,35.8,null,debit,null,null,6ae08b08-2131-4d07-a910-1f1526aa3e01,603.23,eBay O*23-13929-18164 Sydney AU AUS Card xx9327 Value Date: 09/12/2025
484225470,2026/5/9 12:42,2420589,1582782,2755538173,4689355,transaction,cba,null,2025/12/22,48.93,null,debit,Non SACC Loans,CBA Loans,58c3acd0-4944-4aaa-9b13-3be5e94a3bea,232.54,Loan Repayment LN REPAY 785187812
484225470,2026/5/9 12:42,2420589,1582782,2755538364,4689355,transaction,cba,null,2025/11/12,12,null,debit,Groceries,Woolworths,7974e8fd-f79a-4dae-9d19-1215bdb37ddc,677.84,WOOLWORTHS 4326 NORTHAM WA AUS Card xx9327 Value Date: 10/11/2025
484225470,2026/5/9 12:42,2420589,1582782,2755538192,4689355,transaction,cba,null,2025/12/18,90.56,Direct Debit,debit,Non SACC Loans,Credit Corp Loan,26253535-088c-4737-96d3-1c5b4219fb48,108.42,Direct Debit 421650 Credit Corp Fina 14816747 CCC
484225470,2026/5/9 12:42,2420589,1582782,2755538043,4689355,transaction,cba,null,2026/1/17,65,null,debit,Automotive,Miscellaneous Petrol Stations,b9af4ea8-2be1-4088-b08b-7d7e634a2cf2,-780.78,GREAT SOUTHERN FUELS NORTHAM AUS Card xx9327 Value Date: 15/01/2026
484225470,2026/5/9 12:42,2420589,1582782,2755537639,4689355,transaction,cba,null,2026/4/14,2.99,null,debit,null,null,c741ae8c-b25c-4f98-8755-2e5d7d7029e6,123.5,Google Toon Blast Barangaroo AU AUS Card xx9327 Value Date: 10/04/2026
484225470,2026/5/9 12:42,2420589,1582782,2755537544,4689355,transaction,cba,null,2026/5/9,545,Inbound Transfer,credit,Non SACC Loans,MyPayNow,006675a3-01ce-4161-9957-a9d5ccc9e8dc,1304.13,Fast Transfer From MyPayNow Advance CT.1uhgl5 MyPayNow Advance CT.1uhgl5
484225470,2026/5/9 12:42,2420589,1582782,2755537826,4689355,transaction,cba,null,2026/3/3,154.59,null,debit,Groceries,Woolworths,f24fdb99-530f-4c6b-9092-00e8a1a1e654,890.91,WOOLWORTHS 4326 NORTHAM WA AUS Card xx9327 Value Date: 27/02/2026
484225470,2026/5/9 12:42,2420589,1582782,2755537841,4689355,transaction,cba,null,2026/2/28,5,Unpaid Fees,debit,Dishonours,null,598ff766-86fd-4e43-a26e-da5b81030161,317.37,Unpaid Payment Fee Value Date: 27/02/2026
484225470,2026/5/9 12:42,2420589,1582782,2755538255,4689355,transaction,cba,null,2025/12/5,168,null,debit,Health,Health,c3191f20-f5aa-49c6-bc36-d6ca537e3ac2,2150.47,MEDIHIRE & SALESHYDRA INVBELLEVUE AU
484225470,2026/5/9 12:42,2420589,1582782,2755537956,4689355,transaction,cba,null,2026/2/3,59.99,null,debit,null,null,9acc05ab-43fa-41a3-94a4-41e2513d6097,1121.6,Google Toon Blast Barangaroo AU AUS Card xx9327 Value Date: 31/01/2026
484225470,2026/5/9 12:42,2420589,1582782,2755538047,4689355,transaction,cba,null,2026/1/16,315,Direct Debit,debit,Non SACC Loans,Beforepay,615dd503-a704-4bd0-ad9b-6af39e3bbceb,150.2,Direct Debit 616851 Beforepay 202697 DT.4zhzk0 MP176643
484225470,2026/5/9 12:42,2420589,1582782,2755538039,4689355,transaction,cba,null,2026/1/17,545,Inbound Transfer,credit,Non SACC Loans,MyPayNow,c666c3a0-f974-4bf3-80df-3322e43ddd2f,726.23,Fast Transfer From MyPayNow Advance CT.1o5u18 MyPayNow Advance CT.1o5u18
484225470,2026/5/9 12:42,2420589,1582782,2755538134,4689355,transaction,cba,null,2026/1/1,22.5,null,debit,Automotive,Puma Energy,72baf994-39e9-4111-b83a-188cec9cd940,1389.39,PUMA YORK ROADHOUSE YORK WA AUS Card xx9327 Value Date: 30/12/2025
484225470,2026/5/9 12:42,2420589,1582782,2755537782,4689355,transaction,cba,null,2026/3/13,545,Inbound Transfer,credit,Non SACC Loans,MyPayNow,252351b2-6a7c-4937-8516-2b723264d75d,1346.74,Fast Transfer From MyPayNow Advance CT.1r7ayw MyPayNow Advance CT.1r7ayw
484225470,2026/5/9 12:42,2420589,1582782,2755538061,4689355,transaction,cba,null,2026/1/15,210,null,debit,External Transfers,CBA Funds Transfer,927d4adb-f254-4e4e-9adc-7117646e04ce,2357.85,Transfer To CARMINE D DI SALVIO PayID Phone from CommBank App Jason
484225470,2026/5/9 12:42,2420589,1582782,2755538282,4689355,transaction,cba,null,2025/12/2,7.99,null,debit,null,null,1fb0f670-ba4a-4b7f-b1e9-e875efe25c4f,789.71,Google Toon Blast Barangaroo AU AUS Card xx9327 Value Date: 30/11/2025
484225470,2026/5/9 12:42,2420589,1582782,2755538326,4689355,transaction,cba,null,2025/11/20,90.56,Direct Debit,debit,Non SACC Loans,Credit Corp Loan,7d9333b3-53b5-47ba-a6d8-cb996df5e7c1,2040.29,Direct Debit 421650 Credit Corp Fina 14816747 CCC
484225470,2026/5/9 12:42,2420589,1582782,2755537981,4689355,transaction,cba,null,2026/1/29,420,Direct Debit,debit,Non SACC Loans,Beforepay,6a9c7c37-708b-4075-8612-56a674a400c2,828.44,Direct Debit 616851 Beforepay 261512 DT.5161nu MP176887
484225470,2026/5/9 12:42,2420589,1582782,2755537637,4689355,transaction,cba,null,2026/4/14,2.99,null,debit,null,null,22b802d8-2fc0-4412-bb42-68cf507fa46c,117.52,Google Toon Blast Barangaroo AU AUS Card xx9327 Value Date: 10/04/2026
484225470,2026/5/9 12:42,2420589,1582782,2755538050,4689355,transaction,cba,null,2026/1/16,0.07,null,credit,All Other Credits,Other Credits,38a2d85f-e4a4-462b-ab60-ff6fa88b075d,1765.46,PL Refund
484225470,2026/5/9 12:42,2420589,1582782,2755537755,4689355,transaction,cba,null,2026/3/19,82.08,null,debit,Groceries,Woolworths,a33225a7-6f03-4583-849c-e6afb94a33f2,659.82,WOOLWORTHS 4326 NORTHAM WA AUS Card xx9327 Value Date: 17/03/2026
484225470,2026/5/9 12:42,2420589,1582782,2755538005,4689355,transaction,cba,null,2026/1/24,34,null,debit,External Transfers,Funds Transfer,22d6de34-665c-40d0-900e-401d864ae542,438.76,Transfer To Heike Fox CommBank App refund
484225470,2026/5/9 12:42,2420589,1582782,2755538027,4689355,transaction,cba,null,2026/1/20,50,null,debit,External Transfers,Funds Transfer,814715cd-cf07-4ef3-a6b9-bda7b915cb2e,1188.78,Transfer To Brittni Tatham-Smith CommBank App dad Value Date: 21/01/2026
484225470,2026/5/9 12:42,2420589,1582782,2755538099,4689355,transaction,cba,null,2026/1/6,7.99,null,debit,null,null,d238e405-911f-4800-84d6-afd81c687450,738.82,Google Toon Blast Barangaroo AU AUS Card xx9327 Value Date: 03/01/2026
484225470,2026/5/9 12:42,2420589,1582782,2755538006,4689355,transaction,cba,null,2026/1/24,42,null,debit,Groceries,Coles,8255b2e5-89e9-4cd5-b6e6-148914e6398f,472.76,COLES 0492 NORTHAM 06 AUS Card xx9327 Value Date: 22/01/2026
484225470,2026/5/9 12:42,2420589,1582782,2755537549,4689355,transaction,cba,null,2026/5/8,50,null,debit,External Transfers,Funds Transfer,ffce7bfd-7c95-409e-9667-47f10d6ca217,1943.8,Transfer To Nichols k webb CommBank App daddy
484225470,2026/5/9 12:42,2420589,1582782,2755537975,4689355,transaction,cba,null,2026/1/31,789,Direct Debit Reversal,credit,Dishonours,Salt and Lime,aa472fb0-8392-4457-9b28-a8b87287e40d,-365.79,Return 30/01/26 Direct Debit 314011 SALT&LIME PAYWAY4293899132 Value Date: 30/01/2026
484225470,2026/5/9 12:42,2420589,1582782,2755538310,4689355,transaction,cba,null,2025/11/25,19.95,null,debit,Non SACC Loans,Afterpay,7df39ea1-6cc2-4c85-90e4-b0d73e764571,939.31,Afterpay afterpay.com AU AUS Card xx9327 Value Date: 24/11/2025
484225470,2026/5/9 12:42,2420589,1582782,2755538353,4689355,transaction,cba,null,2025/11/15,29.99,null,debit,null,null,a010eb86-1d9f-42ea-8ab6-0e6c1449d430,928.09,Google Toon Blast Barangaroo AU AUS Card xx9327 Value Date: 13/11/2025
484225470,2026/5/9 12:42,2420589,1582782,2755537631,4689355,transaction,cba,null,2026/4/17,13.5,null,debit,Groceries,Groceries,a491d049-8510-43eb-9f4b-d14aa0ee6b5e,453.3,DUNNINGS TOODYAY JUN TOODYAY AU
484225470,2026/5/9 12:42,2420589,1582782,2755538211,4689355,transaction,cba,null,2025/12/16,22,null,debit,Groceries,Woolworths,b24fc884-9243-47e7-a486-8524e7f39ca9,208.81,WOOLWORTHS 4337 MIDLAND WA AUS Card xx9327 Value Date: 13/12/2025
484225470,2026/5/9 12:42,2420589,1582782,2755537890,4689355,transaction,cba,null,2026/2/17,14.47,null,debit,Non SACC Loans,Afterpay,59ac9d3e-77e3-42f1-8078-9600b9902b5c,765.21,Afterpay afterpay.com AU AUS Card xx9327 Value Date: 16/02/2026
484225470,2026/5/9 12:42,2420589,1582782,2755537641,4689355,transaction,cba,null,2026/4/14,7.99,null,debit,null,null,02af62d8-c629-442b-8376-e5b2a86df817,141.48,Google Toon Blast Barangaroo AU AUS Card xx9327 Value Date: 11/04/2026
484225470,2026/5/9 12:42,2420589,1582782,2755538280,4689355,transaction,cba,null,2025/12/2,4.99,null,debit,null,null,479edb42-7cf0-4a8c-8f4e-4e3ae2f47689,724.73,Google Toon Blast Barangaroo AU AUS Card xx9327 Value Date: 30/11/2025
484225470,2026/5/9 12:42,2420589,1582782,2755537880,4689355,transaction,cba,null,2026/2/17,7.99,null,debit,null,null,573b48a0-9865-4336-98e2-441fcacc5b5e,442.5,Google Toon Blast Barangaroo AU AUS Card xx9327 Value Date: 13/02/2026
484225470,2026/5/9 12:42,2420589,1582782,2755538169,4689355,transaction,cba,null,2025/12/23,7.99,null,debit,null,null,5f891b09-0c63-466a-96bc-cc9670e1e081,1109.6,Google Toon Blast Barangaroo AU AUS Card xx9327 Value Date: 20/12/2025
484225470,2026/5/9 12:42,2420589,1582782,2755537779,4689355,transaction,cba,null,2026/3/13,1134.26,Direct Debit,debit,Non SACC Loans,Wagepay,e68bc653-fce2-478c-93a9-cc448e863886,52.69,Direct Debit 612057 Wagepay DT.570855 14467062
484225470,2026/5/9 12:42,2420589,1582782,2755538218,4689355,transaction,cba,null,2025/12/13,2.99,null,debit,null,null,985ca3f0-686b-45d3-94ef-51dc43cee6e3,406.56,Google Toon Blast Barangaroo AU AUS Card xx9327 Value Date: 11/12/2025
484225470,2026/5/9 12:42,2420589,1582782,2755537677,4689355,transaction,cba,null,2026/4/8,2.99,null,debit,null,null,429e2938-a95d-4117-b88e-3080ebf1f6e4,347.32,Google Toon Blast Barangaroo AU AUS Card xx9327 Value Date: 06/04/2026
484225470,2026/5/9 12:42,2420589,1582782,2755537644,4689355,transaction,cba,null,2026/4/11,789,Direct Debit Reversal,credit,Dishonours,Salt and Lime,9a2a15da-f843-43d0-bb68-5c61ae7eb0af,159.46,Return 10/04/26 Direct Debit 314011 SALT&LIME PAYWAY4357389015 Value Date: 10/04/2026
484225470,2026/5/9 12:42,2420589,1582782,2755538199,4689355,transaction,cba,null,2025/12/18,264,null,debit,SACC Loans,Fundo Loans,edbc48da-39ae-4bc0-920f-c4b07dd84fc5,344.62,LAT*FUNDOLOANS 101538521 101538521
484225470,2026/5/9 12:42,2420589,1582782,2755537721,4689355,transaction,cba,null,2026/3/27,8.99,null,debit,Health,Health,991518b8-6f85-47f4-9535-9d3f326cf669,1284.31,STEWART'S SAVEMOR PH NORTHAM WA AUS Card xx9327 Value Date: 24/03/2026
484225470,2026/5/9 12:42,2420589,1582782,2755537802,4689355,transaction,cba,null,2026/3/11,59.99,null,debit,null,null,db2074ef-dac7-47f8-bcf2-a1d5ec6eebbf,537.05,Google Toon Blast Barangaroo AU AUS Card xx9327 Value Date: 09/03/2026
484225470,2026/5/9 12:42,2420589,1582782,2755537934,4689355,transaction,cba,null,2026/2/7,212.64,null,debit,Groceries,Woolworths,24644e13-e8ec-4d7a-8594-e0b5cac69b4a,650.11,WOOLWORTHS 4326 NORTHAM WA AUS Card xx9327 Value Date: 05/02/2026
484225470,2026/5/9 12:42,2420589,1582782,2755538295,4689355,transaction,cba,null,2025/11/27,16.68,null,debit,Dining Out,Bucking Bull,fb3640fa-a121-4b75-900b-7155aebb0c5b,358.4,Bucking Bull Midland Midland AU
484225470,2026/5/9 12:42,2420589,1582782,2755537849,4689355,transaction,cba,null,2026/2/28,22.5,null,debit,Automotive,Puma Energy,2c4f2794-1820-497d-8063-e905c60c0de7,-519.16,PUMA YORK ROADHOUSE YORK WA AUS Card xx9327 Value Date: 26/02/2026
484225470,2026/5/9 12:42,2420589,1582782,2755538049,4689355,transaction,cba,null,2026/1/16,166,null,debit,Pet Care,Pet Care,f64e3bcd-3304-4207-81fa-cf148064dcc1,1599.46,NORTHAM FEED & HIRE NORTHAM WA AU
484225470,2026/5/9 12:42,2420589,1582782,2755537607,4689355,transaction,cba,null,2026/4/25,59.99,null,debit,null,null,4467cc71-4e09-4f1c-b14b-7d020d451e7e,1013.61,Google Toon Blast Barangaroo AU AUS Card xx9327 Value Date: 23/04/2026
484225470,2026/5/9 12:42,2420589,1582782,2755538168,4689355,transaction,cba,null,2025/12/23,29.99,null,debit,null,null,7105664f-4ced-46e4-879a-49275dc25638,1079.61,Google Toon Blast Barangaroo AU AUS Card xx9327 Value Date: 20/12/2025
484225470,2026/5/9 12:42,2420589,1582782,2755537742,4689355,transaction,cba,null,2026/3/24,4.99,null,debit,null,null,9ffc50fe-58f3-4b9f-9946-b555c41f2edf,446.5,Google Toon Blast Barangaroo AU AUS Card xx9327 Value Date: 20/03/2026
484225470,2026/5/9 12:42,2420589,1582782,2755537731,4689355,transaction,cba,null,2026/3/26,29.99,null,debit,null,null,f1a55a47-988f-40d0-940c-a3c98943ccdf,3058.75,Google Toon Blast Barangaroo AU AUS Card xx9327 Value Date: 24/03/2026
484225470,2026/5/9 12:42,2420589,1582782,2755537553,4689355,transaction,cba,null,2026/5/7,52.86,Direct Debit,debit,SACC Loans,Moneyspot,e50d1ff3-88cd-4420-ae86-07061d482b09,841.39,Direct Debit 600996 MoneySpot DT.5elm2h 29168741
484225470,2026/5/9 12:42,2420589,1582782,2755538180,4689355,transaction,cba,null,2025/12/20,13.99,null,debit,Automotive,BP Stations,cce59426-af47-4a72-b1ca-d56f1f85bcff,-2562.57,BP MERREDIN 6232 MERREDIN WA AUS Card xx9327 Value Date: 18/12/2025
484225470,2026/5/9 12:42,2420589,1582782,2755537961,4689355,transaction,cba,null,2026/2/3,12.42,null,debit,Non SACC Loans,Afterpay,53e3e31f-c9e1-4470-bcf7-3a65d19c59b3,1379.59,Afterpay afterpay.com AU AUS Card xx9327 Value Date: 02/02/2026
484225470,2026/5/9 12:42,2420589,1582782,2755538332,4689355,transaction,cba,null,2025/11/20,2955.8,null,credit,Wages,MAIN ROADS,0c1c1586-57d0-4dc1-82e2-ebbcd625cf99,2428.27,Salary MAIN ROADS 200926 10071497
484225470,2026/5/9 12:42,2420589,1582782,2755538003,4689355,transaction,cba,null,2026/1/28,27.25,null,debit,Non SACC Loans,Afterpay,f0ab6dc8-2faa-4702-b431-a3a1b56347f4,511.51,Afterpay afterpay.com AU AUS Card xx9327 Value Date: 24/01/2026
484225470,2026/5/9 12:42,2420589,1582782,2755538220,4689355,transaction,cba,null,2025/12/12,27.25,null,debit,Non SACC Loans,Afterpay,cf0d3452-ef1c-4911-bd51-99ff9522d53d,469.54,Afterpay afterpay.com AU AUS Card xx9327 Value Date: 10/12/2025
484225470,2026/5/9 12:42,2420589,1582782,2755538357,4689355,transaction,cba,null,2025/11/14,7.2,null,debit,Dining Out,McDonald's,2c204f05-0c36-42a5-a5b7-48869f215502,418.06,MCDONALDS MUNDARING MUNDARING WA AU
484225470,2026/5/9 12:42,2420589,1582782,2755538048,4689355,transaction,cba,null,2026/1/16,1134.26,Direct Debit,debit,Non SACC Loans,Wagepay,fee83737-5f5e-4ad6-b85b-e563429d46cf,465.2,Direct Debit 612057 Wagepay DT.4zhzly 14100642
484225470,2026/5/9 12:42,2420589,1582782,2755537653,4689355,transaction,cba,null,2026/4/10,120,null,debit,External Transfers,CBA Funds Transfer,fbcd16f8-e7c7-41e5-803c-7e1de49e2550,1972.83,Transfer To CARMINE D DI SALVIO PayID Phone from CommBank App Jason vapes
484225470,2026/5/9 12:42,2420589,1582782,2755538188,4689355,transaction,cba,null,2025/12/19,1120,ATM with Fee Withdrawals,debit,null,null,b461b4b0-5132-4a22-bf69-96efe848b87d,623.42,Wdl ATM CBA ATM NORTHAM WA 652401 AUS
484225470,2026/5/9 12:42,2420589,1582782,2755538097,4689355,transaction,cba,null,2026/1/6,10.08,null,debit,Non SACC Loans,Afterpay,04bc14a3-fe85-4350-ac1e-99348bd58deb,714.25,Afterpay afterpay.com AU AUS Card xx9327 Value Date: 03/01/2026
484225470,2026/5/9 12:42,2420589,1582782,2755537634,4689355,transaction,cba,null,2026/4/15,25,null,debit,Automotive,BP Stations,a0e33760-a6f0-45ff-af76-4f3d873786cf,1.76,BP CUNDERDIN ROADHOU CUNDERDIN WA AUS Card xx9327 Value Date: 10/04/2026
484225470,2026/5/9 12:42,2420589,1582782,2755537632,4689355,transaction,cba,null,2026/4/16,34.96,null,debit,Groceries,Groceries,299e7bc6-3018-4b27-a0e1-3468f204f457,466.8,QUINS GOURMET BUTCH NORTHAM AU
484225470,2026/5/9 12:42,2420589,1582782,2755538170,4689355,transaction,cba,null,2025/12/23,4.99,null,debit,null,null,937ef375-64eb-4969-8421-058b711c97c4,1117.59,Google Toon Blast Barangaroo AU AUS Card xx9327 Value Date: 20/12/2025
484225470,2026/5/9 12:42,2420589,1582782,2755538128,4689355,transaction,cba,null,2026/1/2,1134.26,Direct Debit,debit,Non SACC Loans,Wagepay,f7f0fe4a-2c6f-41ea-945f-31f446ccb74d,933.19,Direct Debit 612057 Wagepay DT.4xo133 14008164
484225470,2026/5/9 12:42,2420589,1582782,2755537836,4689355,transaction,cba,null,2026/3/3,59.99,null,debit,null,null,1c59626e-e1e8-4dcd-a994-aa873e335d48,1392.11,Google Toon Blast Barangaroo AU AUS Card xx9327 Value Date: 01/03/2026
484225470,2026/5/9 12:42,2420589,1582782,2755538175,4689355,transaction,cba,null,2025/12/20,2268.53,Direct Debit Reversal,credit,Dishonours,Wagepay,381cffe4-8f93-438d-813a-2950ffa54d03,286.47,Return 19/12/25 Direct Debit 612057 Wagepay DT.4w06ju 13925950 Value Date: 19/12/2025
484225470,2026/5/9 12:42,2420589,1582782,2755538252,4689355,transaction,cba,null,2025/12/6,120.99,null,debit,null,null,40d1bbc5-ff6c-46e7-92f4-faabbd57174b,-1028.05,eBay O*23-13903-64848 Sydney AU AUS Card xx9327 Value Date: 04/12/2025
484225470,2026/5/9 12:42,2420589,1582782,2755538089,4689355,transaction,cba,null,2026/1/6,50,Inbound Transfer,credit,External Transfers,CBA Funds Transfer,a4801d2a-28ff-40ec-b766-045b8e0756a5,224.01,Fast Transfer From BRITTNI TATHAM-SMITH payback
484225470,2026/5/9 12:42,2420589,1582782,2755537672,4689355,transaction,cba,null,2026/4/8,7.99,null,debit,null,null,dbf249ad-53f8-40d3-9749-0af03da3c2c9,262.55,Google Toon Blast Barangaroo AU AUS Card xx9327 Value Date: 04/04/2026
484225470,2026/5/9 12:42,2420589,1582782,2755538186,4689355,transaction,cba,null,2025/12/19,2268.53,Direct Debit,debit,Non SACC Loans,Wagepay,497be907-f8dc-4a1e-9021-d42fe70ae028,-1660.11,Direct Debit 612057 Wagepay DT.4w06ju 13925950
484225470,2026/5/9 12:42,2420589,1582782,2755537623,4689355,transaction,cba,null,2026/4/23,3625.45,null,credit,Wages,MAIN ROADS,860c295b-92b5-4856-a038-eb58644ba085,3067.95,Salary MAIN ROADS 200926 10071497
484225470,2026/5/9 12:42,2420589,1582782,2755537746,4689355,transaction,cba,null,2026/3/21,120,null,debit,Automotive,Miscellaneous Petrol Stations,7c78ce9b-61cd-4322-97eb-455418118e80,541.93,GREAT SOUTHERN FUELS NORTHAM AUS Card xx9327 Value Date: 19/03/2026
484225470,2026/5/9 12:42,2420589,1582782,2755538000,4689355,transaction,cba,null,2026/1/28,7.99,null,debit,null,null,aab2fa1f-dc47-4adf-8615-79536cf1c906,473.13,Google Toon Blast Barangaroo AU AUS Card xx9327 Value Date: 24/01/2026
484225470,2026/5/9 12:42,2420589,1582782,2755538225,4689355,transaction,cba,null,2025/12/11,59.99,null,debit,null,null,11aa6e41-d0e5-4cd3-9307-2a939b224d50,639.03,Google Toon Blast Barangaroo AU AUS Card xx9327 Value Date: 09/12/2025
484225470,2026/5/9 12:42,2420589,1582782,2755538091,4689355,transaction,cba,null,2026/1/6,197,null,debit,Department Stores,BIG W,d86ae06b-dc9f-4cf8-92e1-6cd7be0fe0ca,342.01,BIG W 0443 MIDLAND WA AUS Card xx9327 Value Date: 02/01/2026
484225470,2026/5/9 12:42,2420589,1582782,2755538257,4689355,transaction,cba,null,2025/12/5,59.99,null,debit,null,null,14c25153-4305-469b-8441-a347dd77b555,1518.47,Google Toon Blast Barangaroo AU AUS Card xx9327 Value Date: 03/12/2025
484225470,2026/5/9 12:42,2420589,1582782,2755537853,4689355,transaction,cba,null,2026/2/28,59.99,null,debit,null,null,8c743dcb-591a-4fcd-88ce-4e87c1504c70,-487.69,Google Toon Blast Barangaroo AU AUS Card xx9327 Value Date: 26/02/2026
484225470,2026/5/9 12:42,2420589,1582782,2755537784,4689355,transaction,cba,null,2026/3/13,67.02,null,debit,Dining Out,Miscellaneous Cafes,64950ccc-1a46-4fb2-bea4-5f48bef8c5c3,1001.73,Settlers Cafe York WA AUS Card xx9327 Value Date: 11/03/2026
484225470,2026/5/9 12:42,2420589,1582782,2755538085,4689355,transaction,cba,null,2026/1/7,50,Inbound Transfer,credit,External Transfers,CBA Funds Transfer,aa7e3897-d374-4e02-8929-a2f8fcdc5b41,147.12,Fast Transfer From BRITTNI TATHAM-SMITH fuel
484225470,2026/5/9 12:42,2420589,1582782,2755538308,4689355,transaction,cba,null,2025/11/25,16.99,null,debit,null,null,17c96b70-0a9e-4a89-ab52-1cc84c89529b,893.27,Google Ginger Barangaroo AU AUS Card xx9327 Value Date: 23/11/2025
484225470,2026/5/9 12:42,2420589,1582782,2755538172,4689355,transaction,cba,null,2025/12/22,900,Inbound Transfer,credit,Non SACC Loans,Beforepay,adc9ab54-de79-4667-9c05-6d493973881f,1132.54,Fast Transfer From Beforepay CT.1msiwl MP1766434050365 CT.1msiwl
484225470,2026/5/9 12:42,2420589,1582782,2755538171,4689355,transaction,cba,null,2025/12/23,9.96,null,debit,Non SACC Loans,Afterpay,c70218fe-518a-4f94-8ecc-e5d85090f2c0,1122.58,Afterpay afterpay.com AU AUS Card xx9327 Value Date: 22/12/2025
484225470,2026/5/9 12:42,2420589,1582782,2755538269,4689355,transaction,cba,null,2025/12/3,170,ATM with Fee Withdrawals,debit,null,null,ab4584b6-09c8-4598-b35b-9bd45eec2fcd,232.83,Wdl ATM CBA ATM NORTHAM WA 652401 AUS
484225470,2026/5/9 12:42,2420589,1582782,2755537936,4689355,transaction,cba,null,2026/2/7,59.99,null,debit,null,null,1e822df7-70c6-4c4e-ba6e-17f24ddd7742,879.74,Google Toon Blast Barangaroo AU AUS Card xx9327 Value Date: 05/02/2026
484225470,2026/5/9 12:42,2420589,1582782,2755537565,4689355,transaction,cba,null,2026/5/6,25,null,debit,Automotive,BP Stations,a9f11ef8-b23b-43d0-bece-9c853c71ec6e,19.13,BP CUNDERDIN ROADHOU CUNDERDIN WA AUS Card xx9327 Value Date: 04/05/2026
484225470,2026/5/9 12:42,2420589,1582782,2755538318,4689355,transaction,cba,null,2025/11/21,789,Direct Debit,debit,Non SACC Loans,Salt and Lime,ad6b922b-8817-405c-91b8-9837e90a34aa,-1665.3,Direct Debit 314011 SALT&LIME PAYWAY4234923046
484225470,2026/5/9 12:42,2420589,1582782,2755538010,4689355,transaction,cba,null,2026/1/24,59.99,null,debit,null,null,276163cd-b7a7-4014-94ab-3c8b06cd13df,618.82,Google Toon Blast Barangaroo AU AUS Card xx9327 Value Date: 22/01/2026
484225470,2026/5/9 12:42,2420589,1582782,2755538350,4689355,transaction,cba,null,2025/11/16,20,null,debit,External Transfers,Funds Transfer,420e5336-a97b-442c-9ef5-811103ff2e82,657.97,Transfer To Brittni Tatham-Smith CommBank App dad
484225470,2026/5/9 12:42,2420589,1582782,2755538023,4689355,transaction,cba,null,2026/1/21,26.37,null,debit,Non SACC Loans,Afterpay,ca707650-fd8d-4778-9f2a-b1a47bed0fae,1114.62,Afterpay afterpay.com AU AUS Card xx9327 Value Date: 19/01/2026
484225470,2026/5/9 12:42,2420589,1582782,2755537865,4689355,transaction,cba,null,2026/2/26,100,null,debit,null,null,945ad714-c573-4cee-842b-82bdc6f555b5,2613.32,SHIRE OF YORK NetBank BPAY 268508 1000033210 A3321
484225470,2026/5/9 12:42,2420589,1582782,2755537949,4689355,transaction,cba,null,2026/2/4,14.99,null,debit,null,null,e3fff701-3028-4c7d-b074-7a9ae0c359ca,856.42,Google Toon Blast Barangaroo AU AUS Card xx9327 Value Date: 02/02/2026
484225470,2026/5/9 12:42,2420589,1582782,2755537684,4689355,transaction,cba,null,2026/4/3,17.24,null,debit,Groceries,Woolworths,5be96259-6d20-4722-8cee-2ab56391584f,736.58,WOOLWORTHS 4326 NORTHAM WA AUS Card xx9327 Value Date: 01/04/2026
484225470,2026/5/9 12:42,2420589,1582782,2755537995,4689355,transaction,cba,null,2026/1/28,79.84,Direct Debit,debit,Non SACC Loans,Humm,12991dff-e1df-4d86-a225-d83eebe30981,-472.01,Direct Debit 125202 humm BNPL E00000001806243306
484225470,2026/5/9 12:42,2420589,1582782,2755538114,4689355,transaction,cba,null,2026/1/3,315,Direct Debit Reversal,credit,Dishonours,Beforepay,f43e2af9-2d17-416a-a8fe-1bcb477d903a,-427.99,Return 02/01/26 Direct Debit 616851 Beforepay 202697 DT.4xo10u MP176643 Value Date: 02/01/2026
484225470,2026/5/9 12:42,2420589,1582782,2755537948,4689355,transaction,cba,null,2026/2/4,22.74,null,debit,Non SACC Loans,Afterpay,65c8b277-a443-4cce-838e-754dcd3cac47,833.68,Afterpay afterpay.com AU AUS Card xx9327 Value Date: 02/02/2026
484225470,2026/5/9 12:42,2420589,1582782,2755537669,4689355,transaction,cba,null,2026/4/8,25,null,debit,Automotive,BP Stations,b074cf9a-e01b-4132-adc8-10ddd00493d1,203.06,BP CUNDERDIN ROADHOU CUNDERDIN WA AUS Card xx9327 Value Date: 01/04/2026
484225470,2026/5/9 12:42,2420589,1582782,2755537680,4689355,transaction,cba,null,2026/4/6,12.25,null,debit,Department Stores,Kmart,e058402b-d727-4b4f-b523-2911bb84c69f,403.3,KMART 1052 MIDLAND AU
484225470,2026/5/9 12:42,2420589,1582782,2755538014,4689355,transaction,cba,null,2026/1/22,20.9,null,debit,Automotive,BP Service Stations,8132d13a-9c85-414f-9bd2-5f42f8f5cc4a,848.51,BP STHERN CROS1932 SOUTHERN CROS AU
484225470,2026/5/9 12:42,2420589,1582782,2755537808,4689355,transaction,cba,null,2026/3/10,7.99,null,debit,null,null,180bec11-d23f-40a6-b17c-1c7b68ba54c9,887.73,Google Toon Blast Barangaroo AU AUS Card xx9327 Value Date: 07/03/2026
484225470,2026/5/9 12:42,2420589,1582782,2755538315,4689355,transaction,cba,null,2025/11/22,5,Unpaid Fees,debit,Dishonours,null,0eab768b-7233-4dc4-a650-21f36486e372,509.24,Unpaid Payment Fee Value Date: 21/11/2025
484225470,2026/5/9 12:42,2420589,1582782,2755538261,4689355,transaction,cba,null,2025/12/4,33.8,null,debit,Automotive,Automotive,76e7a738-90b2-4c9c-90c6-e7e22f7518f7,1894.02,DUN DIRECT PTY LTD WONGAN HILLS AU
484225470,2026/5/9 12:42,2420589,1582782,2755537886,4689355,transaction,cba,null,2026/2/17,59.99,null,debit,null,null,06a3b958-d6cd-455c-948e-802176f576c0,667.81,Google Toon Blast Barangaroo AU AUS Card xx9327 Value Date: 14/02/2026
484225470,2026/5/9 12:42,2420589,1582782,2755537943,4689355,transaction,cba,null,2026/2/4,12.4,null,debit,Retail,Retail,fbc16369-52a3-47f0-af27-d35521598bc6,550.53,CALINGIRI TRADERS CALINGIRI AU
484225470,2026/5/9 12:42,2420589,1582782,2755537766,4689355,transaction,cba,null,2026/3/17,7.99,null,debit,null,null,1d626ece-770e-4097-80c5-1b78302067ac,1104.78,Google Toon Blast Barangaroo AU AUS Card xx9327 Value Date: 15/03/2026
484225470,2026/5/9 12:42,2420589,1582782,2755538264,4689355,transaction,cba,null,2025/12/4,100,null,debit,null,null,955468b3-837d-4b8f-8067-d4c963310f36,3340.43,SHIRE OF YORK NetBank BPAY 268508 1000033210 A3321
484225470,2026/5/9 12:42,2420589,1582782,2755537994,4689355,transaction,cba,null,2026/1/29,3212.27,null,credit,Wages,MAIN ROADS,179b77b6-a4df-455a-8fb4-283baaafe859,2740.26,Salary MAIN ROADS 200926 10071497
484225470,2026/5/9 12:42,2420589,1582782,2755538055,4689355,transaction,cba,null,2026/1/15,315,Direct Debit,debit,Non SACC Loans,Beforepay,98468ef1-80bb-4b62-92a5-b1f0f30e1865,1839.93,Direct Debit 616851 Beforepay 105673 DT.4zb9ct MP176643
484225470,2026/5/9 12:42,2420589,1582782,2755537832,4689355,transaction,cba,null,2026/3/3,59.99,null,debit,null,null,b1ea56ea-40dc-48b8-a3bf-0d41201bec45,1261.15,Google Toon Blast Barangaroo AU AUS Card xx9327 Value Date: 28/02/2026
484225470,2026/5/9 12:42,2420589,1582782,2755538020,4689355,transaction,cba,null,2026/1/21,13.9,null,debit,Groceries,Groceries,d1b1090c-2737-4668-a24f-ebf87f9a414a,1128.82,DUN DIRECT PTY LTD WONGAN HILLS AU
484225470,2026/5/9 12:42,2420589,1582782,2755537728,4689355,transaction,cba,null,2026/3/26,1269.46,null,debit,Non SACC Loans,Wagetap,a8f75f7e-59ec-42cc-807a-3a5cbc49a43c,1669.39,PayTo Wagetap Wagetap repayment T-52166671-518e-493... T-52166671-518e-493d-aa7e-6e26836-2
484225470,2026/5/9 12:42,2420589,1582782,2755537920,4689355,transaction,cba,null,2026/2/11,79.84,Direct Debit,debit,Non SACC Loans,Humm,f3f29ac7-72f7-4244-b35d-916059552758,428.05,Direct Debit 125202 humm BNPL E00000001806243311
484225470,2026/5/9 12:42,2420589,1582782,2755537933,4689355,transaction,cba,null,2026/2/9,7,null,debit,Groceries,Groceries,c8575dfc-04e4-4907-9a20-38f75c0a24c7,643.11,DUNNINGS WYALKATCHEM WYALKATCHEM AU
484225470,2026/5/9 12:42,2420589,1582782,2755538335,4689355,transaction,cba,null,2025/11/18,59.99,null,debit,null,null,84ec5f9d-29e1-4414-9b87-cd99b6ba48c2,129.07,Google Toon Blast Barangaroo AU AUS Card xx9327 Value Date: 14/11/2025
484225470,2026/5/9 12:42,2420589,1582782,2755538324,4689355,transaction,cba,null,2025/11/21,48.98,null,debit,Groceries,IGA,baf67d83-6029-493c-a344-87f51e902c1e,1781.31,YORK IGA YORK AUS Card xx9327 Value Date: 18/11/2025
484225470,2026/5/9 12:42,2420589,1582782,2755538083,4689355,transaction,cba,null,2026/1/8,15.99,null,debit,null,null,3c9c1ac1-5eb1-4248-8b4e-783383453949,108.63,Spotify P3E2261990 Sydney AU AUS Card xx9327 Value Date: 06/01/2026
484225470,2026/5/9 12:42,2420589,1582782,2755538209,4689355,transaction,cba,null,2025/12/16,4.99,null,debit,null,null,c72d0ca2-6ef6-4171-8d24-f85ee23d706f,120.42,Google Toon Blast Barangaroo AU AUS Card xx9327 Value Date: 12/12/2025
484225470,2026/5/9 12:42,2420589,1582782,2755537657,4689355,transaction,cba,null,2026/4/10,28.99,null,debit,Subscription TV,Netflix,baf83a4c-b25c-489c-8e10-cbc07c4b7623,747.83,Netflix.com Melbourne VI AUS Card xx9327 Value Date: 09/04/2026
484225470,2026/5/9 12:42,2420589,1582782,2755537804,4689355,transaction,cba,null,2026/3/10,15.99,null,debit,null,null,7ae64405-de78-4bbe-97ba-bcc960c06383,658.64,Spotify P4010C85B7 Sydney AU AUS Card xx9327 Value Date: 06/03/2026
484225470,2026/5/9 12:42,2420589,1582782,2755537866,4689355,transaction,cba,null,2026/2/26,3370.84,null,credit,Wages,MAIN ROADS,84e0afaf-6839-49b9-a427-9e77b71756f5,2713.32,Salary MAIN ROADS 200926 10071497
484225470,2026/5/9 12:42,2420589,1582782,2755537830,4689355,transaction,cba,null,2026/3/3,59.99,null,debit,null,null,20e7337a-0726-48ef-bc8c-8bd0b0f248de,1196.17,Google Toon Blast Barangaroo AU AUS Card xx9327 Value Date: 28/02/2026
484225470,2026/5/9 12:42,2420589,1582782,2755537551,4689355,transaction,cba,null,2026/5/8,15.99,null,debit,null,null,18c999b9-22f9-4179-b9a2-d5855fea7b98,2025.4,Spotify P4226B786F Sydney AU AUS Card xx9327 Value Date: 06/05/2026
484225470,2026/5/9 12:42,2420589,1582782,2755538095,4689355,transaction,cba,null,2026/1/6,16.37,null,debit,Non SACC Loans,Afterpay,7f6a6252-97bd-46f0-92b9-90c9432e2504,686.89,Afterpay afterpay.com AU AUS Card xx9327 Value Date: 03/01/2026
484225470,2026/5/9 12:42,2420589,1582782,2755538070,4689355,transaction,cba,null,2026/1/14,29.99,null,debit,null,null,cd3c6924-8b59-4abf-9762-66633533426f,133.02,Google Toon Blast Barangaroo AU AUS Card xx9327 Value Date: 12/01/2026
484225470,2026/5/9 12:42,2420589,1582782,2755537959,4689355,transaction,cba,null,2026/2/3,59.99,null,debit,null,null,9889a360-f81f-4f8c-94a9-f620092b9a9c,1307.62,Google Toon Blast Barangaroo AU AUS Card xx9327 Value Date: 01/02/2026
484225470,2026/5/9 12:42,2420589,1582782,2755537655,4689355,transaction,cba,null,2026/4/10,1200,Loan Deposits,credit,Non SACC Loans,Wagetap,1c1f0c97-45db-403f-be5b-6c074c92b379,2492.83,Fast Transfer From Wagetap CT.1sswz6 Wagetap b86cbcec CT.1sswz6
484225470,2026/5/9 12:42,2420589,1582782,2755538320,4689355,transaction,cba,null,2025/11/21,14.99,null,debit,null,null,876ff955-f721-42d8-88d0-9d9d43f0d3ee,1392.23,Google Toon Blast Barangaroo AU AUS Card xx9327 Value Date: 19/11/2025
484225470,2026/5/9 12:42,2420589,1582782,2755537619,4689355,transaction,cba,null,2026/4/23,15,Overdrawn Fees,debit,Overdrawn,null,bb7bf9a7-32e6-48ff-a369-532eb27f9b2b,1648.9,Overdraw Fee For exceeding available funds on 22 Apr
484225470,2026/5/9 12:42,2420589,1582782,2755538078,4689355,transaction,cba,null,2026/1/10,500,Inbound Transfer,credit,External Transfers,CBA Funds Transfer,98499050-f83b-4867-8017-35ece1200e5c,500.64,Fast Transfer From IAN SMITH Jason
484225470,2026/5/9 12:42,2420589,1582782,2755538270,4689355,transaction,cba,null,2025/12/3,148.87,null,debit,Groceries,Woolworths,f4c7126a-daaf-4231-85ee-743afe8d1ae0,402.83,WOOLWORTHS 4326 NORTHAM WA AUS Card xx9327 Value Date: 01/12/2025
484225470,2026/5/9 12:42,2420589,1582782,2755537771,4689355,transaction,cba,null,2026/3/15,249,Refunds,credit,Home Improvement,Bunnings Warehouse,149af57f-7997-4df8-9831-a8bd157644a6,1720.07,Refund Purchase BUNNINGS MIDLAND 2440 MIDLAND WA AU
484225470,2026/5/9 12:42,2420589,1582782,2755538182,4689355,transaction,cba,null,2025/12/20,29.99,null,debit,null,null,8cead934-d670-438c-b91e-a07f0cc48741,-2526.08,Google Toon Blast Barangaroo AU AUS Card xx9327 Value Date: 18/12/2025
484225470,2026/5/9 12:42,2420589,1582782,2755537700,4689355,transaction,cba,null,2026/3/31,59.99,null,debit,null,null,4c551fee-448c-4a21-8f13-231e88ca1ac3,1359.77,Google Toon Blast Barangaroo AU AUS Card xx9327 Value Date: 27/03/2026
484225470,2026/5/9 12:42,2420589,1582782,2755537588,4689355,transaction,cba,null,2026/4/28,13.13,null,debit,Dining Out,Hotels and Pubs,370567c3-39be-4087-87be-25650ae36aae,978.18,KONDININ HOTEL KONDININ AU AUS Card xx9327 Value Date: 23/04/2026
484225470,2026/5/9 12:42,2420589,1582782,2755537707,4689355,transaction,cba,null,2026/3/30,21.9,null,debit,Automotive,Automotive,d47c9ecc-3cfb-4071-941d-ba89a69d48d0,420.33,DUNNINGS TOODYAY JUN TOODYAY AU
484225470,2026/5/9 12:42,2420589,1582782,2755538208,4689355,transaction,cba,null,2025/12/16,7.99,null,debit,null,null,50b7294d-d523-4d81-adbe-a1575ba58afe,112.43,Google Toon Blast Barangaroo AU AUS Card xx9327 Value Date: 12/12/2025
484225470,2026/5/9 12:42,2420589,1582782,2755538111,4689355,transaction,cba,null,2026/1/3,5,Unpaid Fees,debit,Dishonours,null,07d20eda-6a88-43c4-be23-5997fe345ef1,696.27,Unpaid Payment Fee Value Date: 02/01/2026
484225470,2026/5/9 12:42,2420589,1582782,2755537617,4689355,transaction,cba,null,2026/4/23,1200,Loan Deposits,credit,Non SACC Loans,Wagetap,7f8c0c48-5801-44c4-962a-01512f68f63f,1714.63,Fast Transfer From Wagetap CT.1tkcvt Wagetap 5275a5cc CT.1tkcvt
484225470,2026/5/9 12:42,2420589,1582782,2755537978,4689355,transaction,cba,null,2026/1/30,789,Direct Debit,debit,Non SACC Loans,Salt and Lime,4fb3eb45-41e2-44a1-8dc6-5eb8ef29d90b,-1107.81,Direct Debit 314011 SALT&LIME PAYWAY4293899132
484225470,2026/5/9 12:42,2420589,1582782,2755537598,4689355,transaction,cba,null,2026/4/28,99.99,null,debit,null,null,c3e19e07-4c73-42de-ad9e-15fb61e7b09a,1296,Google Toon Blast Barangaroo AU AUS Card xx9327 Value Date: 26/04/2026
484225470,2026/5/9 12:42,2420589,1582782,2755537780,4689355,transaction,cba,null,2026/3/13,129.99,null,debit,Retail,Retail,748914ee-10ad-4f33-9248-329dd2f30721,1186.95,THINGZ GIFTS NORTHAM AU
484225470,2026/5/9 12:42,2420589,1582782,2755537807,4689355,transaction,cba,null,2026/3/10,143.12,null,debit,Telecommunications,Optus,42c0e45a-73b1-4d04-8483-b58d27ae03e1,744.61,Optus Billing MacquariePark NS AUS Card xx9327 Value Date: 06/03/2026
484225470,2026/5/9 12:42,2420589,1582782,2755537665,4689355,transaction,cba,null,2026/4/9,3073.1,null,credit,Wages,MAIN ROADS,e6a6cfea-b42c-4ce9-9134-989bfa249580,2497.9,Salary MAIN ROADS 200926 10071497
484225470,2026/5/9 12:42,2420589,1582782,2755538066,4689355,transaction,cba,null,2026/1/15,264,null,debit,SACC Loans,Fundo Loans,0c1521db-c2c3-4b86-973c-7b281d4a9c72,2758.63,LAT*FUNDOLOANS 102114045 102114045
484225470,2026/5/9 12:42,2420589,1582782,2755537699,4689355,transaction,cba,null,2026/3/31,59.99,null,debit,null,null,1b98c8ab-fdb0-45c3-b966-3a4ee86cc052,1299.78,Google Toon Blast Barangaroo AU AUS Card xx9327 Value Date: 27/03/2026
484225470,2026/5/9 12:42,2420589,1582782,2755537645,4689355,transaction,cba,null,2026/4/11,185.13,null,debit,Groceries,Woolworths,6b4d141b-f111-4c1e-a991-92844a2698ac,-629.54,WOOLWORTHS 4326 NORTHAM WA AUS Card xx9327 Value Date: 09/04/2026
484225470,2026/5/9 12:42,2420589,1582782,2755537662,4689355,transaction,cba,null,2026/4/9,15,Overdrawn Fees,debit,Overdrawn,null,b3433ed4-c94a-404b-a80b-e42c19eae7eb,1115.01,Overdraw Fee For exceeding available funds on 08 Apr
484225470,2026/5/9 12:42,2420589,1582782,2755538179,4689355,transaction,cba,null,2025/12/20,104.19,null,debit,Automotive,Miscellaneous Petrol Stations,22f326f8-83ff-4652-829a-2196b6bd0fc2,-2666.76,GREAT SOUTHERN FUELS NORTHAM AUS Card xx9327 Value Date: 18/12/2025
484225470,2026/5/9 12:42,2420589,1582782,2755537837,4689355,transaction,cba,null,2026/3/1,50,null,debit,External Transfers,Funds Transfer,29801eaf-547a-4533-8da8-2ed5af878751,1452.1,Transfer To Nichols k webb CommBank App dad
484225470,2026/5/9 12:42,2420589,1582782,2755538236,4689355,transaction,cba,null,2025/12/9,13.38,null,debit,Groceries,Coles,ec61ac5c-c74e-49b0-8fdb-b16cfeaf3e89,193.94,COLES 0278 MIDLAND 06 AUS Card xx9327 Value Date: 05/12/2025
484225470,2026/5/9 12:42,2420589,1582782,2755537545,4689355,transaction,cba,null,2026/5/9,236.68,null,debit,Groceries,Woolworths,5e50c363-5eb0-4ed4-b76c-f082409b9e25,759.13,WOOLWORTHS 4326 NORTHAM WA AUS Card xx9327 Value Date: 07/05/2026
484225470,2026/5/9 12:42,2420589,1582782,2755538060,4689355,transaction,cba,null,2026/1/15,847.36,null,debit,Non SACC Loans,Wagetap,6f2b9f49-f7ad-4261-bffc-241efca17c52,1510.49,PayTo Wagetap Wagetap repayment T-0a5a8c71-17b5-453... T-0a5a8c71-17b5-4538-bf0d-d8372f5-2
484225470,2026/5/9 12:42,2420589,1582782,2755537548,4689355,transaction,cba,null,2026/5/8,789,Direct Debit,debit,Non SACC Loans,Salt and Lime,1ecfcb0f-7856-43f7-b685-6a3a1c3e59ce,1154.8,Direct Debit 314011 SALT&LIME PAYWAY4383659816
484225470,2026/5/9 12:42,2420589,1582782,2755538227,4689355,transaction,cba,null,2025/12/11,2.99,null,debit,null,null,cf5a8b11-f428-42fb-9891-c58c36090289,702.01,Google Toon Blast Barangaroo AU AUS Card xx9327 Value Date: 09/12/2025
484225470,2026/5/9 12:42,2420589,1582782,2755537968,4689355,transaction,cba,null,2026/2/1,39.25,null,debit,Dining Out,Hungry Jack's,7c24bc72-c11a-4d27-b592-32ed13c3ce0d,1818.69,Hungry Jacks Midland AU
484225470,2026/5/9 12:42,2420589,1582782,2755537760,4689355,transaction,cba,null,2026/3/18,15.25,null,debit,Automotive,Puma Energy,818ae5e9-e68b-4a95-9fae-4d61daf4c696,814.75,PUMA YORK ROADHOUSE YORK WA AUS Card xx9327 Value Date: 16/03/2026
484225470,2026/5/9 12:42,2420589,1582782,2755537667,4689355,transaction,cba,null,2026/4/8,191.9,null,debit,Groceries,Woolworths,ed65f35d-8e8c-4052-9a57-8396e633e905,1.56,WOOLWORTHS 4326 NORTHAM WA AUS Card xx9327 Value Date: 02/04/2026
484225470,2026/5/9 12:42,2420589,1582782,2755538139,4689355,transaction,cba,null,2025/12/31,79.84,Direct Debit,debit,Non SACC Loans,Humm,de0352a3-d01f-46ff-b668-e29f38f57edf,1779.49,Direct Debit 125202 humm BNPL E00000001806243296
484225470,2026/5/9 12:42,2420589,1582782,2755537892,4689355,transaction,cba,null,2026/2/14,100,null,debit,Home Improvement,Bunnings Warehouse,730cb02c-c4f5-4ead-90e3-0c6b13ff8699,831.69,BUNNINGS MIDLAND 2440 MIDLAND WA AU
484225470,2026/5/9 12:42,2420589,1582782,2755537636,4689355,transaction,cba,null,2026/4/14,59.99,null,debit,null,null,772cc2a0-ad55-45d5-be32-adcce197c06e,57.53,Google Toon Blast Barangaroo AU AUS Card xx9327 Value Date: 10/04/2026
484225470,2026/5/9 12:42,2420589,1582782,2755537764,4689355,transaction,cba,null,2026/3/17,59.99,null,debit,null,null,6b78bfed-58b4-477b-b51d-718d2d371507,1039.8,Google Toon Blast Barangaroo AU AUS Card xx9327 Value Date: 14/03/2026
484225470,2026/5/9 12:42,2420589,1582782,2755537781,4689355,transaction,cba,null,2026/3/13,29.8,null,debit,Automotive,Automotive,1e6c45ec-1f88-494e-b151-33180f56ab84,1316.94,DUNNINGS TOODYAY JUN TOODYAY AU
484225470,2026/5/9 12:42,2420589,1582782,2755537970,4689355,transaction,cba,null,2026/1/31,100,ATM Withdrawals,debit,null,null,b37684e1-4058-490b-baf7-0ba54f7f3fa9,1858.47,Wdl ATM ETX YORK OS YORK AU
484225470,2026/5/9 12:42,2420589,1582782,2755537964,4689355,transaction,cba,null,2026/2/3,11,null,debit,Non SACC Loans,Afterpay,1f3ad4b3-a74b-4fba-97da-df2baee10aed,1421.14,Afterpay afterpay.com AU AUS Card xx9327 Value Date: 02/02/2026
484225470,2026/5/9 12:42,2420589,1582782,2755537869,4689355,transaction,cba,null,2026/2/24,25,null,debit,Automotive,BP Stations,8fa5833b-fb53-49c9-a525-c37020ba97ca,1.73,BP CUNDERDIN ROADHOU CUNDERDIN WA AUS Card xx9327 Value Date: 19/02/2026
484225470,2026/5/9 12:42,2420589,1582782,2755538356,4689355,transaction,cba,null,2025/11/14,600,Inbound Transfer,credit,Non SACC Loans,Beforepay,5291a6ec-191b-44f5-b940-5ca6c53c42bc,1018.06,Fast Transfer From Beforepay CT.1koct2 MP1763151827848 CT.1koct2
484225470,2026/5/9 12:42,2420589,1582782,2755537689,4689355,transaction,cba,null,2026/4/3,23.45,null,debit,Home Improvement,Miscellaneous Hardware Centres,618f0b07-73dc-480f-b3ae-0621d1c0eeee,879.88,TWO DOGS HARDWARE MERREDIN AUS Card xx9327 Value Date: 02/04/2026
484225470,2026/5/9 12:42,2420589,1582782,2755538198,4689355,transaction,cba,null,2025/12/18,14.99,null,debit,null,null,772a2afa-1cdf-4c26-88c5-935c0da915ac,329.63,Google Toon Blast Barangaroo AU AUS Card xx9327 Value Date: 16/12/2025
484225470,2026/5/9 12:42,2420589,1582782,2755537737,4689355,transaction,cba,null,2026/3/25,576.76,Direct Debit,debit,Non SACC Loans,MyPayNow,7fce05b1-f7de-46ef-bf77-7776b19c842a,-470.51,Direct Debit 543958 MyPayNow Payment DT.58jhdj MyPayNow
484225470,2026/5/9 12:42,2420589,1582782,2755538116,4689355,transaction,cba,null,2026/1/3,29.99,null,debit,null,null,6dd91fa2-1a88-4ff9-b316-3ba71c56cee1,-507.3,Google Toon Blast Barangaroo AU AUS Card xx9327 Value Date: 31/12/2025
484225470,2026/5/9 12:42,2420589,1582782,2755537727,4689355,transaction,cba,null,2026/3/26,22.9,null,debit,Automotive,BP Stations,781f64df-406c-4927-9321-e5c5faca6177,1646.49,BP MUCHEA 9964 MUCHEA AU
484225470,2026/5/9 12:42,2420589,1582782,2755537783,4689355,transaction,cba,null,2026/3/13,199.99,null,debit,null,null,06c8462b-c7c0-44de-8c5c-43075838c3c7,801.74,Google Toon Blast Barangaroo AU AUS Card xx9327 Value Date: 11/03/2026
484225470,2026/5/9 12:42,2420589,1582782,2755538012,4689355,transaction,cba,null,2026/1/23,87.81,null,debit,Groceries,Woolworths,f8516bfc-7872-4153-95b5-b491d400774a,700.71,WOOLWORTHS 4326 NORTHAM WA AUS Card xx9327 Value Date: 21/01/2026
484225470,2026/5/9 12:42,2420589,1582782,2755537595,4689355,transaction,cba,null,2026/4/28,7.99,null,debit,null,null,4dd70afc-cc9c-4157-b342-b1485e832fae,1203.03,Google Toon Blast Barangaroo AU AUS Card xx9327 Value Date: 25/04/2026
484225470,2026/5/9 12:42,2420589,1582782,2755537714,4689355,transaction,cba,null,2026/3/28,122.13,null,debit,Automotive,Miscellaneous Petrol Stations,ff8e8968-1dd2-4a40-8c38-e7c7c2f05581,-445.98,GREAT SOUTHERN FUELS NORTHAM AUS Card xx9327 Value Date: 26/03/2026
484225470,2026/5/9 12:42,2420589,1582782,2755538286,4689355,transaction,cba,null,2025/12/1,50,null,debit,Non SACC Loans,CBA Loans,84d2449a-f1c2-4a98-a314-8bbe908cc4e7,980.15,Loan Repayment LN REPAY 785187812
484225470,2026/5/9 12:42,2420589,1582782,2755537682,4689355,transaction,cba,null,2026/4/6,16,null,debit,Retail,Office Supply Stores,26a8d5fb-254b-406c-ab29-5a4453cd4f9a,444.68,OFFICEWORKS 0608 MIDLAND AU
484225470,2026/5/9 12:42,2420589,1582782,2755537898,4689355,transaction,cba,null,2026/2/14,5,Unpaid Fees,debit,Dishonours,null,9c0e8a55-e338-415f-97aa-12acab23c57b,-480.59,Unpaid Payment Fee Value Date: 13/02/2026
484225470,2026/5/9 12:42,2420589,1582782,2755537847,4689355,transaction,cba,null,2026/2/28,16.75,null,debit,null,null,866fda5b-f66b-4574-af40-ad65f5d70db8,-669.65,eBay O*26-14266-41002 Sydney AU AUS Card xx9327 Value Date: 26/02/2026
484225470,2026/5/9 12:42,2420589,1582782,2755537750,4689355,transaction,cba,null,2026/3/19,450,Inbound Transfer,credit,Non SACC Loans,Beforepay,0eb44bf3-f341-483a-8118-672240d23ca9,837.62,Fast Transfer From Beforepay CT.1rkx3z MP1773948350388 CT.1rkx3z
484225470,2026/5/9 12:42,2420589,1582782,2755538052,4689355,transaction,cba,null,2026/1/16,14.99,null,debit,null,null,c7b26cef-3e81-47ef-a6e4-3ebc5200d74c,1794.29,Google Toon Blast Barangaroo AU AUS Card xx9327 Value Date: 14/01/2026
484225470,2026/5/9 12:42,2420589,1582782,2755538339,4689355,transaction,cba,null,2025/11/18,29.99,null,debit,null,null,f06ebe84-a17f-4ee0-a1c7-cbebd54b7c7f,325.05,Google Toon Blast Barangaroo AU AUS Card xx9327 Value Date: 14/11/2025
484225470,2026/5/9 12:42,2420589,1582782,2755538276,4689355,transaction,cba,null,2025/12/2,600,Inbound Transfer,credit,External Transfers,CBA Funds Transfer,32fef544-8d49-434b-b3e0-9e39201e21e9,1274.14,Fast Transfer From HEIKE FOX Chaff
484225470,2026/5/9 12:42,2420589,1582782,2755538106,4689355,transaction,cba,null,2026/1/5,1000,Inbound Transfer,credit,External Transfers,CBA Funds Transfer,032c6756-e962-4c0b-8130-e98ae21afb0a,1914.17,Fast Transfer From HEIKE FOX Chaff and lucerne
484225470,2026/5/9 12:42,2420589,1582782,2755537697,4689355,transaction,cba,null,2026/3/31,7.99,null,debit,null,null,28c94335-36b6-40d5-a445-a195d49389e8,1286.8,Google Toon Blast Barangaroo AU AUS Card xx9327 Value Date: 27/03/2026
484225470,2026/5/9 12:42,2420589,1582782,2755537828,4689355,transaction,cba,null,2026/3/3,50,null,debit,Automotive,BP Stations,b7195246-7365-4e61-a29c-36ae643af6a8,1097.52,BP CUNDERDIN ROADHOU CUNDERDIN WA AUS Card xx9327 Value Date: 27/02/2026
484225470,2026/5/9 12:42,2420589,1582782,2755538178,4689355,transaction,cba,null,2025/12/20,99.3,null,debit,Groceries,Woolworths,64a711ae-c1df-479c-bf61-1fa11e97c10a,-2766.06,WOOLWORTHS 4326 NORTHAM WA AUS Card xx9327 Value Date: 18/12/2025
484225470,2026/5/9 12:42,2420589,1582782,2755538299,4689355,transaction,cba,null,2025/11/26,100,Inbound Transfer,credit,External Transfers,CBA Funds Transfer,0d017040-e5fc-46c9-a43e-6b4448c9163b,494.23,Fast Transfer From BRITTNI TATHAM-SMITH payback
484225470,2026/5/9 12:42,2420589,1582782,2755538056,4689355,transaction,cba,null,2026/1/15,90.56,Direct Debit,debit,Non SACC Loans,Credit Corp Loan,1be3d3e9-4f75-41df-882e-9562b30e52f0,2154.93,Direct Debit 421650 Credit Corp Fina 14816747 CCC
484225470,2026/5/9 12:42,2420589,1582782,2755537612,4689355,transaction,cba,null,2026/4/23,52.86,Direct Debit,debit,SACC Loans,Moneyspot,0cc56f03-c80d-4523-b78e-7a8f8b35eade,1323.58,Direct Debit 600996 MoneySpot DT.5co01l 29168740
484225470,2026/5/9 12:42,2420589,1582782,2755537773,4689355,transaction,cba,null,2026/3/14,15,Overdrawn Fees,debit,Overdrawn,null,2ff2d394-d655-427a-be8f-5fe653be3120,271.07,Overdraw Fee For exceeding available funds on 13 Mar
484225470,2026/5/9 12:42,2420589,1582782,2755538312,4689355,transaction,cba,null,2025/11/23,29.98,null,debit,Home Improvement,Bunnings Warehouse,a0649361-547b-441f-ba18-42ad64d357b8,1009.26,BUNNINGS NORTHAM 2182 NORTHAM WA AU
484225470,2026/5/9 12:42,2420589,1582782,2755537648,4689355,transaction,cba,null,2026/4/11,8,null,debit,Automotive,Puma Energy,fa26f216-c18f-4af7-96a2-38d29bab479d,-438.43,PUMA YORK ROADHOUSE YORK WA AUS Card xx9327 Value Date: 09/04/2026
484225470,2026/5/9 12:42,2420589,1582782,2755537708,4689355,transaction,cba,null,2026/3/28,15,Overdrawn Fees,debit,Overdrawn,null,3c4e5fb9-b464-4239-be7f-e345fcf31a06,442.23,Overdraw Fee For exceeding available funds on 27 Mar
484225470,2026/5/9 12:42,2420589,1582782,2755537817,4689355,transaction,cba,null,2026/3/5,29.25,null,debit,Automotive,Automotive,f6878ad8-122b-4c0e-a539-a638569d9915,530.11,DUNNINGS GOOMALLING GOOMALLING AU
484225470,2026/5/9 12:42,2420589,1582782,2755538360,4689355,transaction,cba,null,2025/11/14,59.99,null,debit,null,null,60417840-9e95-4c08-aef5-22918205f2fb,609,Google Toon Blast Barangaroo AU AUS Card xx9327 Value Date: 13/11/2025
484225470,2026/5/9 12:42,2420589,1582782,2755537705,4689355,transaction,cba,null,2026/3/30,8,null,debit,Groceries,Groceries,c9fff096-d3b4-41f8-bc46-fedf78218695,1612.33,DUNNINGS WYALKATCHEM WYALKATCHEM AU
484225470,2026/5/9 12:42,2420589,1582782,2755537734,4689355,transaction,cba,null,2026/3/26,9.99,null,debit,null,null,d1a8729f-0f11-4fe1-96a7-72fc20fe6bdb,3114.23,Google Toon Blast Barangaroo AU AUS Card xx9327 Value Date: 24/03/2026
484225470,2026/5/9 12:42,2420589,1582782,2755538107,4689355,transaction,cba,null,2026/1/5,275.9,null,debit,Automotive,Registration,9e847b97-11fc-450f-a77b-8787f02b0d78,914.17,WA TRANSPORT DVS CommBank app BPAY 484634 9370111278445949
484225470,2026/5/9 12:42,2420589,1582782,2755538057,4689355,transaction,cba,null,2026/1/15,800,Loan Deposits,credit,Non SACC Loans,Wagetap,eda04a51-0bcb-4fb8-ba41-9c0634a050bc,2245.49,Fast Transfer From Wagetap CT.1o1lvc Wagetap 997f7e2f CT.1o1lvc
484225470,2026/5/9 12:42,2420589,1582782,2755538322,4689355,transaction,cba,null,2025/11/21,59.99,null,debit,null,null,0f001c75-5a6f-48e6-a899-97e91e632e63,1410.21,Google Toon Blast Barangaroo AU AUS Card xx9327 Value Date: 19/11/2025
484225470,2026/5/9 12:42,2420589,1582782,2755537579,4689355,transaction,cba,null,2026/5/1,0.47,Overdrawn Fees,debit,Overdrawn,null,021d5ff7-11f0-43fa-939f-9da78a7fd47a,470.61,Debit Excess Interest
484225470,2026/5/9 12:42,2420589,1582782,2755537770,4689355,transaction,cba,null,2026/3/15,19,null,debit,Retail,Office Supply Stores,f24846bf-fee4-4292-b0cf-c481c4fff5ac,1701.07,OFFICEWORKS 0608 MIDLAND AU
484225470,2026/5/9 12:42,2420589,1582782,2755538226,4689355,transaction,cba,null,2025/12/11,2.99,null,debit,null,null,ba07f5d4-0cd3-4af3-b1f7-0f567e03c227,699.02,Google Toon Blast Barangaroo AU AUS Card xx9327 Value Date: 09/12/2025
484225470,2026/5/9 12:42,2420589,1582782,2755537924,4689355,transaction,cba,null,2026/2/11,80,null,debit,Automotive,Miscellaneous Petrol Stations,eca5a143-9f56-4f97-b330-133ed6049d88,733.5,GREAT SOUTHERN FUELS NORTHAM AUS Card xx9327 Value Date: 09/02/2026
484225470,2026/5/9 12:42,2420589,1582782,2755538120,4689355,transaction,cba,null,2026/1/3,25,null,debit,Automotive,BP Stations,0ca85b67-c416-4e9b-bddc-107f8192ad10,-365.08,BP CUNDERDIN ROADHOU CUNDERDIN WA AUS Card xx9327 Value Date: 31/12/2025
484225470,2026/5/9 12:42,2420589,1582782,2755537659,4689355,transaction,cba,null,2026/4/9,5.65,Direct Debit,debit,null,null,82ed667b-14a7-432d-8db4-6cbb7a634746,934.32,Direct Debit 613609 2 EZI DT.5alziv 2 EZI
484225470,2026/5/9 12:42,2420589,1582782,2755537704,4689355,transaction,cba,null,2026/3/31,12.6,null,debit,Dining Out,Dining Out,0d050f50-1c9f-4bc6-b3bd-df4e476088a8,1599.73,LG & QU NOMINEES PTY L MERREDIN AUS Card xx9327 Value Date: 30/03/2026
484225470,2026/5/9 12:42,2420589,1582782,2755537774,4689355,transaction,cba,null,2026/3/14,5,Unpaid Fees,debit,Dishonours,null,e16b5979-7828-4e78-baae-a2bd639b8d7d,286.07,Unpaid Payment Fee Value Date: 13/03/2026
484225470,2026/5/9 12:42,2420589,1582782,2755537592,4689355,transaction,cba,null,2026/4/28,59.99,null,debit,null,null,265630ef-51a3-4816-b097-3ee95c86964a,1046.99,Google Toon Blast Barangaroo AU AUS Card xx9327 Value Date: 24/04/2026
484225470,2026/5/9 12:42,2420589,1582782,2755538094,4689355,transaction,cba,null,2026/1/6,62.49,null,debit,null,null,7df4bbea-db7a-439b-9e19-64c5cea4d891,624.4,eBay O*02-14056-64060 INTERNET AUS Card xx9327 Value Date: 02/01/2026
484225470,2026/5/9 12:42,2420589,1582782,2755538163,4689355,transaction,cba,null,2025/12/23,131.22,null,debit,Groceries,Woolworths,5fc275c5-6abc-4c4b-b927-4c4a6dbd83d5,853.75,WOOLWORTHS 4326 NORTHAM WA AUS Card xx9327 Value Date: 19/12/2025
484225470,2026/5/9 12:42,2420589,1582782,2755538329,4689355,transaction,cba,null,2025/11/20,22.45,null,debit,null,null,1cb68637-cb7e-4bc8-bb73-131d4272eb5d,2205.82,Shire Of York YORK AU
484225470,2026/5/9 12:42,2420589,1582782,2755537840,4689355,transaction,cba,null,2026/2/28,1200,Loan Deposits,credit,Non SACC Loans,Wagetap,e7e3ddc7-74a6-44cc-8574-00e785c09b01,1517.37,Fast Transfer From Wagetap CT.1qgnr9 Wagetap bebbc68a CT.1qgnr9
484225470,2026/5/9 12:42,2420589,1582782,2755537938,4689355,transaction,cba,null,2026/2/6,28.9,null,debit,Automotive,Automotive,6db769c1-9e9e-4ff8-a974-30a600b9738c,394.73,DUN DIRECT PTY LTD WONGAN HILLS AU
484225470,2026/5/9 12:42,2420589,1582782,2755537962,4689355,transaction,cba,null,2026/2/3,18.97,null,debit,Non SACC Loans,Afterpay,c867bd12-df42-4dec-b618-5837edc65031,1392.01,Afterpay afterpay.com AU AUS Card xx9327 Value Date: 02/02/2026
484225470,2026/5/9 12:42,2420589,1582782,2755537951,4689355,transaction,cba,null,2026/2/4,119.27,null,debit,Automotive,Miscellaneous Petrol Stations,8fd6cb64-73cd-4016-84a3-0bacf6596ad1,901.4,GREAT SOUTHERN FUELS NORTHAM AUS Card xx9327 Value Date: 02/02/2026
484225470,2026/5/9 12:42,2420589,1582782,2755538017,4689355,transaction,cba,null,2026/1/22,20.2,null,debit,Automotive,Automotive,afc70dc3-efe3-4456-a0aa-8fa0a78e3dfa,1112.52,NORTHAM CAR NORTHAM WA AUS Card xx9327 Value Date: 20/01/2026
484225470,2026/5/9 12:42,2420589,1582782,2755537575,4689355,transaction,cba,null,2026/5/5,110.5,null,debit,Telecommunications,Telstra,4d681692-1d6a-407c-905f-9df3866a8d3a,304.81,TELSTRA SHOP MIDLAND MIDLAND AUS Card xx9327 Value Date: 02/05/2026
484225470,2026/5/9 12:42,2420589,1582782,2755538141,4689355,transaction,cba,null,2025/12/31,853.67,null,debit,Non SACC Loans,Wagetap,cc3cde7e-1d61-421f-8e4f-1c64ce1ef3b8,2436.09,PayTo Wagetap Wagetap repayment T-1a4ed767-b74e-4c9... T-1a4ed767-b74e-4c98-8285-641083b-2
484225470,2026/5/9 12:42,2420589,1582782,2755537718,4689355,transaction,cba,null,2026/3/27,545,Inbound Transfer,credit,Non SACC Loans,MyPayNow,2dac9858-e413-4a91-8cbb-8ae971a1565c,1659.41,Fast Transfer From MyPayNow Advance CT.1s0yzu MyPayNow Advance CT.1s0yzu
484225470,2026/5/9 12:42,2420589,1582782,2755538367,4689355,transaction,cba,null,2025/11/12,95.8,null,debit,Automotive,Miscellaneous Petrol Stations,dc83d711-27aa-4663-a8f4-18a61d6bf72c,848.43,GREAT SOUTHERN FUELS NORTHAM AUS Card xx9327 Value Date: 10/11/2025
484225470,2026/5/9 12:42,2420589,1582782,2755538298,4689355,transaction,cba,null,2025/11/26,14.95,null,debit,Groceries,Groceries,f17b5120-e7a4-42fc-b7cf-a3e080d8d8da,479.28,DUN DIRECT PTY LTD WONGAN HILLS AU
484225470,2026/5/9 12:42,2420589,1582782,2755537733,4689355,transaction,cba,null,2026/3/26,2.99,null,debit,null,null,eeff4c48-e827-4c74-b27e-c32de4d26743,3111.24,Google Toon Blast Barangaroo AU AUS Card xx9327 Value Date: 24/03/2026
484225470,2026/5/9 12:42,2420589,1582782,2755537963,4689355,transaction,cba,null,2026/2/3,10.16,null,debit,Non SACC Loans,Afterpay,3efe7a85-25ff-458a-9474-54e4480c284a,1410.98,Afterpay afterpay.com AU AUS Card xx9327 Value Date: 02/02/2026
484225470,2026/5/9 12:42,2420589,1582782,2755537785,4689355,transaction,cba,null,2026/3/13,53,null,debit,Transport,MyPost Business,c0b1b8c8-905d-428d-a320-a7ef94099bc4,1068.75,AusPost PO Box MELBOURNE AU AUS Card xx9327 Value Date: 10/03/2026
484225470,2026/5/9 12:42,2420589,1582782,2755538232,4689355,transaction,cba,null,2025/12/9,26,null,debit,Department Stores,BIG W,7f599cd9-eea4-448c-bd72-137c2efbdf57,138.97,BIG W 0443 MIDLAND WA AUS Card xx9327 Value Date: 05/12/2025
484225470,2026/5/9 12:42,2420589,1582782,2755537990,4689355,transaction,cba,null,2026/1/29,25.4,null,debit,Dining Out,Miscellaneous Grill and BBQ places,2ba7742a-3c0b-4771-a6bb-6398a9797a16,2360.2,Hong Kong Bbq Midland WA AUS Card xx9327 Value Date: 27/01/2026
484225470,2026/5/9 12:42,2420589,1582782,2755538358,4689355,transaction,cba,null,2025/11/14,59.99,null,debit,null,null,36144f24-57f9-49f1-bdd1-e12410457bfc,425.26,Google Toon Blast Barangaroo AU AUS Card xx9327 Value Date: 12/11/2025
484225470,2026/5/9 12:42,2420589,1582782,2755538101,4689355,transaction,cba,null,2026/1/6,20.99,null,debit,Non SACC Loans,Afterpay,7d06d45e-7a79-4991-be9e-129b9c69656b,751.8,Afterpay afterpay.com AU AUS Card xx9327 Value Date: 05/01/2026
484225470,2026/5/9 12:42,2420589,1582782,2755537685,4689355,transaction,cba,null,2026/4/3,21.09,null,debit,Health,Health,8039ede9-187f-457e-b8b7-7d5b2b68f4c4,753.82,STEWART'S SAVEMOR PH NORTHAM WA AUS Card xx9327 Value Date: 31/03/2026
484225470,2026/5/9 12:42,2420589,1582782,2755537927,4689355,transaction,cba,null,2026/2/10,4.99,null,debit,null,null,03075d07-7132-44fe-b66e-a8054bc0a19f,998.1,Google Toon Blast Barangaroo AU AUS Card xx9327 Value Date: 07/02/2026
484225470,2026/5/9 12:42,2420589,1582782,2755538040,4689355,transaction,cba,null,2026/1/17,5,Unpaid Fees,debit,Dishonours,null,a0e1e651-94ac-4535-a3ae-947c99ed0afc,181.23,Unpaid Payment Fee Value Date: 16/01/2026
484225470,2026/5/9 12:42,2420589,1582782,2755537567,4689355,transaction,cba,null,2026/5/5,4.99,null,debit,null,null,db0ca36a-e246-4cbb-bd6c-6700378f285f,52.12,Google Toon Blast Barangaroo AU AUS Card xx9327 Value Date: 01/05/2026
484225470,2026/5/9 12:42,2420589,1582782,2755537701,4689355,transaction,cba,null,2026/3/31,59.99,null,debit,null,null,e7c0bf9b-2250-43e4-ac15-f58c129385d2,1419.76,Google Toon Blast Barangaroo AU AUS Card xx9327 Value Date: 28/03/2026
484225470,2026/5/9 12:42,2420589,1582782,2755537953,4689355,transaction,cba,null,2026/2/3,59.99,null,debit,null,null,3cb1f7d3-48c7-48ae-a971-fd712111ccac,1048.63,Google Toon Blast Barangaroo AU AUS Card xx9327 Value Date: 30/01/2026
484225470,2026/5/9 12:42,2420589,1582782,2755537950,4689355,transaction,cba,null,2026/2/4,29.99,null,debit,null,null,278819ff-8d1e-4ce8-a16a-a49c3f3f069f,871.41,Google Toon Blast Barangaroo AU AUS Card xx9327 Value Date: 02/02/2026
484225470,2026/5/9 12:42,2420589,1582782,2755537834,4689355,transaction,cba,null,2026/3/3,7.99,null,debit,null,null,14e44c25-5db2-41ab-8c72-cc50441c7008,1324.13,Google Toon Blast Barangaroo AU AUS Card xx9327 Value Date: 28/02/2026
484225470,2026/5/9 12:42,2420589,1582782,2755537838,4689355,transaction,cba,null,2026/3/1,0.27,Overdrawn Fees,debit,Overdrawn,null,b3517353-3c8e-44ea-8da9-1db3a8a41cf9,1502.1,Debit Excess Interest
484225470,2026/5/9 12:42,2420589,1582782,2755538325,4689355,transaction,cba,null,2025/11/20,210,Direct Debit,debit,Non SACC Loans,Beforepay,9f394033-ca82-4b7b-9a6f-2799c7d54c4a,1830.29,Direct Debit 616851 Beforepay 025923 DT.4s63tz MP176315
484225470,2026/5/9 12:42,2420589,1582782,2755537789,4689355,transaction,cba,null,2026/3/12,205,null,debit,Pet Care,Pet Care,50ef050d-7b41-4997-b1e0-75f81278ecab,1375.46,NORTHAM FEED & HIRE NORTHAM WA AU
484225470,2026/5/9 12:42,2420589,1582782,2755538098,4689355,transaction,cba,null,2026/1/6,14.49,null,debit,Non SACC Loans,Afterpay,733139ed-fbfd-4bd8-bc90-59eb1b1177a4,724.33,Afterpay afterpay.com AU AUS Card xx9327 Value Date: 03/01/2026
484225470,2026/5/9 12:42,2420589,1582782,2755537899,4689355,transaction,cba,null,2026/2/14,789,Direct Debit Reversal,credit,Dishonours,Salt and Lime,3317b910-64db-4f42-a413-2d66eb93ecaa,-475.59,Return 13/02/26 Direct Debit 314011 SALT&LIME PAYWAY4306841960 Value Date: 13/02/2026
484225470,2026/5/9 12:42,2420589,1582782,2755537855,4689355,transaction,cba,null,2026/2/27,789,Direct Debit,debit,Non SACC Loans,Salt and Lime,cc24c148-a2d4-47b2-8825-6ac1ee125739,-328.7,Direct Debit 314011 SALT&LIME PAYWAY4319512497
484225470,2026/5/9 12:42,2420589,1582782,2755537590,4689355,transaction,cba,null,2026/4/28,24.99,null,debit,Automotive,Puma Energy,e182eae4-e247-431a-901c-f436391341e1,1010.5,PUMA YORK ROADHOUSE YORK WA AUS Card xx9327 Value Date: 24/04/2026
484225470,2026/5/9 12:42,2420589,1582782,2755538086,4689355,transaction,cba,null,2026/1/7,21.9,null,debit,Automotive,Automotive,fa6477be-a8dc-492b-b970-f61957913dfd,97.12,DUNNINGS TOODYAY JUN TOODYAY AU
484225470,2026/5/9 12:42,2420589,1582782,2755537910,4689355,transaction,cba,null,2026/2/12,5.65,Direct Debit,debit,null,null,3c522065-77f1-449c-90fc-bcb88bc552ce,9.04,Direct Debit 613609 2 EZI DT.534kgi 2 EZI
484225470,2026/5/9 12:42,2420589,1582782,2755538267,4689355,transaction,cba,null,2025/12/3,79.84,Direct Debit,debit,Non SACC Loans,Humm,a1c99a47-6d61-4966-ab8c-23ad56207453,-423.39,Direct Debit 125202 humm BNPL E00000001806242441
484225470,2026/5/9 12:42,2420589,1582782,2755537747,4689355,transaction,cba,null,2026/3/20,36.4,null,debit,Automotive,Automotive,a905b1de-885a-4407-90a3-79501d64b8ad,661.93,DUNNINGS GOOMALLING GOOMALLING AU
484225470,2026/5/9 12:42,2420589,1582782,2755538113,4689355,transaction,cba,null,2026/1/3,5,Unpaid Fees,debit,Dishonours,null,23cbe80d-b5af-4463-afe5-e2bf2471fd35,-432.99,Unpaid Payment Fee Value Date: 02/01/2026
484225470,2026/5/9 12:42,2420589,1582782,2755537610,4689355,transaction,cba,null,2026/4/24,2.99,null,debit,null,null,783e86c7-375c-483f-99be-e35b69ca88bb,1317.6,Google Toon Blast Barangaroo AU AUS Card xx9327 Value Date: 22/04/2026
484225470,2026/5/9 12:42,2420589,1582782,2755537922,4689355,transaction,cba,null,2026/2/11,22.5,null,debit,Automotive,Puma Energy,a0698876-0262-4649-9bc1-c73eedcb479f,651.01,PUMA YORK ROADHOUSE YORK WA AUS Card xx9327 Value Date: 09/02/2026
484225470,2026/5/9 12:42,2420589,1582782,2755538248,4689355,transaction,cba,null,2025/12/6,80,null,debit,Automotive,Miscellaneous Petrol Stations,60a33a2e-f392-40e7-93e3-f824a90ddd86,-1396.54,GREAT SOUTHERN FUELS NORTHAM AUS Card xx9327 Value Date: 04/12/2025
484225470,2026/5/9 12:42,2420589,1582782,2755537863,4689355,transaction,cba,null,2026/2/26,15,Overdrawn Fees,debit,Overdrawn,null,a366b108-5c06-4764-b18c-45881b344a54,1328.07,Overdraw Fee For exceeding available funds on 25 Feb
484225470,2026/5/9 12:42,2420589,1582782,2755538034,4689355,transaction,cba,null,2026/1/20,24.49,null,debit,Non SACC Loans,Afterpay,ee064687-bf8f-4111-8d1d-99d2d1535b1e,1551.66,Afterpay afterpay.com AU AUS Card xx9327 Value Date: 19/01/2026
484225470,2026/5/9 12:42,2420589,1582782,2755537547,4689355,transaction,cba,null,2026/5/9,99,null,debit,Automotive,Miscellaneous Petrol Stations,38c3225a-a34a-45dd-a11f-f7a7a6518cc0,1055.8,GREAT SOUTHERN FUELS NORTHAM AUS Card xx9327 Value Date: 07/05/2026
484225470,2026/5/9 12:42,2420589,1582782,2755538302,4689355,transaction,cba,null,2025/11/25,63,null,debit,Pet Care,Pet Care,5e4b8dcc-7963-4a6c-b571-94f16cd13575,515.13,NORTHAM FEED & HIRE NORTHAM WA AU
484225470,2026/5/9 12:42,2420589,1582782,2755537583,4689355,transaction,cba,null,2026/4/30,23.99,null,debit,Groceries,IGA,1ec38002-6ccf-40d0-8ff2-61ff9c29d0fd,587.11,YORK IGA YORK AUS Card xx9327 Value Date: 27/04/2026
484225470,2026/5/9 12:42,2420589,1582782,2755537732,4689355,transaction,cba,null,2026/3/26,22.5,null,debit,Automotive,Puma Energy,387dcdd9-f788-4880-9fe1-4d102ddcad08,3088.74,PUMA YORK ROADHOUSE YORK WA AUS Card xx9327 Value Date: 24/03/2026
484225470,2026/5/9 12:42,2420589,1582782,2755538077,4689355,transaction,cba,null,2026/1/10,3.32,null,debit,Entertainment,Innovative Retail,c7ffce50-a0e3-4760-b93c-a9a8f6da7c4c,497.32,INNOVATIVE RETAIL PTY LTDBox Hill SoutAU
484225470,2026/5/9 12:42,2420589,1582782,2755538033,4689355,transaction,cba,null,2026/1/20,29.99,null,debit,null,null,7cb796c5-f032-4c0b-b200-6f9e1574f6de,1521.67,Google Toon Blast Barangaroo AU AUS Card xx9327 Value Date: 17/01/2026
484225470,2026/5/9 12:42,2420589,1582782,2755538201,4689355,transaction,cba,null,2025/12/17,79.84,Direct Debit,debit,Non SACC Loans,Humm,6e757721-7825-49bc-b242-3e8b8d735b11,-628.77,Direct Debit 125202 humm BNPL E00000001806243291
484225470,2026/5/9 12:42,2420589,1582782,2755537957,4689355,transaction,cba,null,2026/2/3,29.99,null,debit,null,null,6d319bc2-0b94-4c21-a0d0-71a3304c12e5,1181.59,Google Toon Blast Barangaroo AU AUS Card xx9327 Value Date: 31/01/2026
484225470,2026/5/9 12:42,2420589,1582782,2755538092,4689355,transaction,cba,null,2026/1/6,59.99,null,debit,null,null,4fa4df0f-3bf9-40dd-9ba5-98d6dab21d1f,539.01,Google Toon Blast Barangaroo AU AUS Card xx9327 Value Date: 02/01/2026
484225470,2026/5/9 12:42,2420589,1582782,2755537650,4689355,transaction,cba,null,2026/4/10,789,Direct Debit,debit,Non SACC Loans,Salt and Lime,04614fef-1f7d-4ec2-8b9c-7a47c557cdcc,-250.43,Direct Debit 314011 SALT&LIME PAYWAY4357389015
484225470,2026/5/9 12:42,2420589,1582782,2755538129,4689355,transaction,cba,null,2026/1/2,22.29,null,debit,Dining Out,Dining Out,173c4982-d833-4f24-9723-e344f96d6b21,2067.45,FOOLOK MIDLAND MIDLAND AU
484225470,2026/5/9 12:42,2420589,1582782,2755538250,4689355,transaction,cba,null,2025/12/6,142.5,null,debit,null,null,7bdd4d77-bd96-4050-90ae-64d92c368bce,-1284.55,eBay O*16-13913-66682 Sydney AU AUS Card xx9327 Value Date: 04/12/2025
484225470,2026/5/9 12:42,2420589,1582782,2755538059,4689355,transaction,cba,null,2026/1/15,50,null,debit,External Transfers,Funds Transfer,f49f6da2-c4e5-4786-92f9-6ec2d4ab8f2f,1460.49,Transfer To Brittni Tatham-Smith CommBank App dad
484225470,2026/5/9 12:42,2420589,1582782,2755538235,4689355,transaction,cba,null,2025/12/9,15.99,null,debit,null,null,bbac28dd-1a9d-4436-8c80-c2bd7370719d,177.95,Spotify P3D22041B9 Sydney AU AUS Card xx9327 Value Date: 06/12/2025
484225470,2026/5/9 12:42,2420589,1582782,2755537711,4689355,transaction,cba,null,2026/3/28,130,null,debit,Groceries,Woolworths,0502f44f-fe41-48ba-af72-a0e007927370,-672.03,WOOLWORTHS 4326 NORTHAM WA AUS Card xx9327 Value Date: 26/03/2026
484225470,2026/5/9 12:42,2420589,1582782,2755537566,4689355,transaction,cba,null,2026/5/5,7.99,null,debit,null,null,65c4bd8c-832a-40fc-b35a-ef9c04dbaf9c,44.13,Google Toon Blast Barangaroo AU AUS Card xx9327 Value Date: 01/05/2026
484225470,2026/5/9 12:42,2420589,1582782,2755538217,4689355,transaction,cba,null,2025/12/13,59.99,null,debit,null,null,48cb3d4b-3e4f-457b-9e58-49b5522c9fb4,346.57,Google Toon Blast Barangaroo AU AUS Card xx9327 Value Date: 11/12/2025
484225470,2026/5/9 12:42,2420589,1582782,2755537569,4689355,transaction,cba,null,2026/5/5,14.99,null,debit,null,null,d3418349-ccf9-45b9-92de-cac2c09a4bcc,87.1,Google Toon Blast Barangaroo AU AUS Card xx9327 Value Date: 01/05/2026
484225470,2026/5/9 12:42,2420589,1582782,2755538212,4689355,transaction,cba,null,2025/12/16,25.4,null,debit,Dining Out,Miscellaneous Grill and BBQ places,c225d1ba-aaa4-422f-90a7-7e002c486590,230.81,Hong Kong Bbq Midland WA AUS Card xx9327 Value Date: 13/12/2025
484225470,2026/5/9 12:42,2420589,1582782,2755537794,4689355,transaction,cba,null,2026/3/12,123.28,null,debit,Health,Health,3d518994-d852-4489-993e-216562cdd743,2993.91,STEWART'S SAVEMOR PH NORTHAM WA AUS Card xx9327 Value Date: 09/03/2026
484225470,2026/5/9 12:42,2420589,1582782,2755538038,4689355,transaction,cba,null,2026/1/17,15,Overdrawn Fees,debit,Overdrawn,null,8b21e792-27ce-4eab-aa8c-41d868ef358d,711.23,Overdraw Fee For exceeding available funds on 16 Jan
484225470,2026/5/9 12:42,2420589,1582782,2755538063,4689355,transaction,cba,null,2026/1/15,29.99,null,debit,null,null,1b5e7c34-d0b7-45e9-82dc-3c9d2d7882c6,2667.85,Google Toon Blast Barangaroo AU AUS Card xx9327 Value Date: 13/01/2026
484225470,2026/5/9 12:42,2420589,1582782,2755538256,4689355,transaction,cba,null,2025/12/5,800,Loan Deposits,credit,Non SACC Loans,Wagetap,83e60a2d-c260-490d-be7f-5c7ce650f0d9,2318.47,Fast Transfer From Wagetap CT.1lup0o Wagetap 1a4ed767 CT.1lup0o
484225470,2026/5/9 12:42,2420589,1582782,2755538065,4689355,transaction,cba,null,2026/1/15,22.5,null,debit,Automotive,Puma Energy,e2cc0cce-c8ba-4a62-b131-d8821a3c3462,2736.13,PUMA YORK ROADHOUSE YORK WA AUS Card xx9327 Value Date: 13/01/2026
484225470,2026/5/9 12:42,2420589,1582782,2755537647,4689355,transaction,cba,null,2026/4/11,2.99,null,debit,null,null,b40e9090-2028-41e2-b9c6-0e2a4414f26f,-441.42,Google Toon Blast Barangaroo AU AUS Card xx9327 Value Date: 09/04/2026
484225470,2026/5/9 12:42,2420589,1582782,2755537833,4689355,transaction,cba,null,2026/3/3,2.99,null,debit,null,null,4270314d-1119-4fae-b8c9-03f8d50f1359,1321.14,Google Toon Blast Barangaroo AU AUS Card xx9327 Value Date: 28/02/2026
484225470,2026/5/9 12:42,2420589,1582782,2755538341,4689355,transaction,cba,null,2025/11/18,99.99,null,debit,null,null,4ce49553-5f91-431d-9b4c-ae212381f82e,360.03,Google Toon Blast Barangaroo AU AUS Card xx9327 Value Date: 14/11/2025
484225470,2026/5/9 12:42,2420589,1582782,2755537798,4689355,transaction,cba,null,2026/3/11,442.14,null,debit,Home Improvement,Bunnings Warehouse,0584e700-fc20-4fcd-a526-7a10b21c107f,700.15,BUNNINGS MIDLAND 2440 MIDLAND WA AU
484225470,2026/5/9 12:42,2420589,1582782,2755537670,4689355,transaction,cba,null,2026/4/8,21.99,null,debit,Groceries,Miscellaneous Cellars,a895638a-315e-472b-9b64-dc6ad1335499,228.06,THIRSTYCAMEL NORTHAM NORTHAM WA AUS Card xx9327 Value Date: 02/04/2026
484225470,2026/5/9 12:42,2420589,1582782,2755538363,4689355,transaction,cba,null,2025/11/12,40.4,null,debit,Dining Out,Hungry Jack's,4aa760f3-d92e-4657-a804-4ea63af26a23,637.44,Hungry Jacks Mundaring AU
484225470,2026/5/9 12:42,2420589,1582782,2755537676,4689355,transaction,cba,null,2026/4/8,25.81,null,debit,Dining Out,Miscellaneous Grill and BBQ places,29a9f335-4be7-45b7-b495-ccc256c3d37b,321.51,Hong Kong Bbq Midland WA AUS Card xx9327 Value Date: 06/04/2026
484225470,2026/5/9 12:42,2420589,1582782,2755537919,4689355,transaction,cba,null,2026/2/12,1588.12,null,credit,Wages,MAIN ROADS,46916501-3f55-4ae9-8924-45e1e563bf0c,2016.17,Salary MAIN ROADS 200926 10071497
484225470,2026/5/9 12:42,2420589,1582782,2755538112,4689355,transaction,cba,null,2026/1/3,1134.26,Direct Debit Reversal,credit,Dishonours,Wagepay,0a17daf3-3d67-4b04-97a5-5b1fbd02b135,701.27,Return 02/01/26 Direct Debit 612057 Wagepay DT.4xo133 14008164 Value Date: 02/01/2026
484225470,2026/5/9 12:42,2420589,1582782,2755537554,4689355,transaction,cba,null,2026/5/7,5.65,Direct Debit,debit,null,null,9676e524-1d6b-47c3-824e-b47599bb5cff,894.25,Direct Debit 613609 2 EZI DT.5ejcvz 2 EZI
484225470,2026/5/9 12:42,2420589,1582782,2755538185,4689355,transaction,cba,null,2025/12/19,789,Direct Debit,debit,Non SACC Loans,Salt and Lime,0a320d08-2f12-45bc-a2f4-3cb049f12924,-2449.11,Direct Debit 314011 SALT&LIME PAYWAY4259935306
484225470,2026/5/9 12:42,2420589,1582782,2755537879,4689355,transaction,cba,null,2026/2/17,4.99,null,debit,null,null,92c4f0e8-7908-4177-b97e-f6754d0ca368,437.51,Google Toon Blast Barangaroo AU AUS Card xx9327 Value Date: 13/02/2026
484225470,2026/5/9 12:42,2420589,1582782,2755538307,4689355,transaction,cba,null,2025/11/25,4.99,null,debit,null,null,ea53c60b-822b-4818-8b49-16cebca9700c,888.28,Google Toon Blast Barangaroo AU AUS Card xx9327 Value Date: 22/11/2025
484225470,2026/5/9 12:42,2420589,1582782,2755538247,4689355,transaction,cba,null,2025/12/6,2268.53,Direct Debit Reversal,credit,Dishonours,Wagepay,1c70d2e8-7244-4421-a98f-d30ea7e49dfd,871.99,Return 05/12/25 Direct Debit 612057 Wagepay DT.4u6mjl 13833568 Value Date: 05/12/2025
484225470,2026/5/9 12:42,2420589,1582782,2755537597,4689355,transaction,cba,null,2026/4/28,79.99,null,debit,null,null,c90f9c15-5eb3-4281-b132-348e5b0fd6d3,1216.01,Google Toon Blast Barangaroo AU AUS Card xx9327 Value Date: 25/04/2026
484225470,2026/5/9 12:42,2420589,1582782,2755538155,4689355,transaction,cba,null,2025/12/25,22.5,null,debit,Automotive,Puma Energy,dab66dbf-8325-453f-9e9b-448323150c78,576.27,PUMA YORK ROADHOUSE YORK WA AUS Card xx9327 Value Date: 23/12/2025
484225470,2026/5/9 12:42,2420589,1582782,2755537768,4689355,transaction,cba,null,2026/3/17,80.64,null,debit,Dining Out,Dining Out,b0042d66-149a-4aba-bb00-b0096e6c3fac,1206.7,CICERELLO 'S (FREMANTL FREMANTLE AUS Card xx9327 Value Date: 15/03/2026
484225470,2026/5/9 12:42,2420589,1582782,2755538109,4689355,transaction,cba,null,2026/1/3,36.2,null,debit,Dining Out,Hungry Jack's,c1edb7c9-438e-429b-92ca-c0d5a8adfe70,1205.07,Hungry Jacks Midland AU
484225470,2026/5/9 12:42,2420589,1582782,2755538062,4689355,transaction,cba,null,2026/1/15,100,null,debit,null,null,7a749f69-066a-436f-ac9c-e60f7ea9a971,2567.85,SHIRE OF YORK NetBank BPAY 268508 1000033210 A3321
484225470,2026/5/9 12:42,2420589,1582782,2755537574,4689355,transaction,cba,null,2026/5/5,29.99,null,debit,null,null,8ac3b3c3-88fb-4d09-9138-520b0a5fa11f,274.82,Google Toon Blast Barangaroo AU AUS Card xx9327 Value Date: 03/05/2026
484225470,2026/5/9 12:42,2420589,1582782,2755537977,4689355,transaction,cba,null,2026/1/31,16.99,null,debit,null,null,08b5edfe-e530-4d91-886c-a2cf8c55bd63,-1124.8,Google Ginger Barangaroo AU AUS Card xx9327 Value Date: 29/01/2026
484225470,2026/5/9 12:42,2420589,1582782,2755537725,4689355,transaction,cba,null,2026/3/26,84.48,Direct Debit,debit,Non SACC Loans,Credit Corp Loan,23ee9e24-4cc1-4ff5-9e85-ce8f64e5c7bf,1547.01,Direct Debit 421650 Credit Corp Fina 1000066463 PUP
484225470,2026/5/9 12:42,2420589,1582782,2755537799,4689355,transaction,cba,null,2026/3/11,754,Inbound Transfer,credit,Non SACC Loans,Credit Corp Loan,8ae5405d-516a-4361-836d-c10e6ecb6b1d,1142.29,Fast Transfer From CREDIT CORP GROUP LIM CREDIT TO ACCOUNT 51002142
484225470,2026/5/9 12:42,2420589,1582782,2755538333,4689355,transaction,cba,null,2025/11/19,79.84,Direct Debit,debit,Non SACC Loans,Humm,270a3e38-83b5-4ca7-adfe-b636d6067a9a,-527.53,Direct Debit 125202 humm BNPL E00000001806242436
484225470,2026/5/9 12:42,2420589,1582782,2755537585,4689355,transaction,cba,null,2026/4/29,119.78,null,debit,Automotive,Puma Energy,4235f9ac-fdcc-405d-9cf3-fae5464e87d2,631,PUMA YORK ROADHOUSE YORK WA AUS Card xx9327 Value Date: 27/04/2026
484225470,2026/5/9 12:42,2420589,1582782,2755538258,4689355,transaction,cba,null,2025/12/4,210,Direct Debit,debit,Non SACC Loans,Beforepay,01da78f8-7f46-4148-a574-99c0a2758361,1578.46,Direct Debit 616851 Beforepay 025923 DT.4u0bst MP176315
484225470,2026/5/9 12:42,2420589,1582782,2755537609,4689355,transaction,cba,null,2026/4/24,545,Inbound Transfer,credit,Non SACC Loans,MyPayNow,08c75efa-61ee-4d15-848b-31562ba17314,1862.6,Fast Transfer From MyPayNow Advance CT.1tmtde MyPayNow Advance CT.1tmtde
484225470,2026/5/9 12:42,2420589,1582782,2755538284,4689355,transaction,cba,null,2025/12/2,16.99,null,debit,null,null,7a2cc6aa-9e87-435e-b80a-2f933b48bbb8,955.16,Google Ginger Barangaroo AU AUS Card xx9327 Value Date: 30/11/2025
484225470,2026/5/9 12:42,2420589,1582782,2755537984,4689355,transaction,cba,null,2026/1/29,15,Overdrawn Fees,debit,Overdrawn,null,e8a2aa49-c3c4-4bf0-bdfa-741056e4234b,1344.65,Overdraw Fee For exceeding available funds on 28 Jan
484225470,2026/5/9 12:42,2420589,1582782,2755538347,4689355,transaction,cba,null,2025/11/18,18.25,null,debit,Groceries,Spud Shed,1882226a-c331-4de3-a8b1-9b510471f29f,609.72,SPUD SHED NORTHAM AUS Card xx9327 Value Date: 17/11/2025
484225470,2026/5/9 12:42,2420589,1582782,2755537857,4689355,transaction,cba,null,2026/2/27,19.8,null,debit,Groceries,Groceries,78e02730-d9ce-4a4b-aa37-c4fcf0dc078a,1594.56,DUNNINGS NORTHAM NORTHAM AU
484225470,2026/5/9 12:42,2420589,1582782,2755537908,4689355,transaction,cba,null,2026/2/13,25,null,debit,Automotive,BP Stations,a6598f74-dfb6-4fee-9eac-de66d57c54e9,-75.95,BP CUNDERDIN ROADHOU CUNDERDIN WA AUS Card xx9327 Value Date: 11/02/2026
484225470,2026/5/9 12:42,2420589,1582782,2755537818,4689355,transaction,cba,null,2026/3/5,97.88,null,debit,Groceries,Woolworths,fe745eb7-c000-4b04-ada4-1e0426fed18e,559.36,WOOLWORTHS 4326 NORTHAM WA AUS Card xx9327 Value Date: 03/03/2026
484225470,2026/5/9 12:42,2420589,1582782,2755537627,4689355,transaction,cba,null,2026/4/21,29.99,null,debit,null,null,480cde41-8e1a-4e1c-a459-0d61c826ef91,304.73,Google Toon Blast Barangaroo AU AUS Card xx9327 Value Date: 17/04/2026
484225470,2026/5/9 12:42,2420589,1582782,2755537842,4689355,transaction,cba,null,2026/2/28,1134.26,Direct Debit Reversal,credit,Dishonours,Wagepay,0337a94d-7c0f-4084-922f-d09ea36722ff,322.37,Return 27/02/26 Direct Debit 612057 Wagepay DT.553a5r 14374737 Value Date: 27/02/2026
484225470,2026/5/9 12:42,2420589,1582782,2755538265,4689355,transaction,cba,null,2025/12/4,264,null,debit,SACC Loans,Fundo Loans,e74c7099-f4be-4740-9088-cf20d6c9975f,3440.43,LAT*FUNDOLOANS 101260802 101260802
484225470,2026/5/9 12:42,2420589,1582782,2755538144,4689355,transaction,cba,null,2025/12/30,287.87,null,debit,Groceries,Woolworths,63821d7b-8e18-4bbf-aea0-eaa4d5925304,100.96,WOOLWORTHS 4326 NORTHAM WA AUS Card xx9327 Value Date: 24/12/2025
484225470,2026/5/9 12:42,2420589,1582782,2755538355,4689355,transaction,cba,null,2025/11/15,29.99,null,debit,null,null,5ebfef55-4046-4103-b667-36c30b63487d,988.07,Google Toon Blast Barangaroo AU AUS Card xx9327 Value Date: 13/11/2025
484225470,2026/5/9 12:42,2420589,1582782,2755537674,4689355,transaction,cba,null,2026/4/8,29.99,null,debit,null,null,2bdf1505-1444-49b3-b1bc-17ef1e43c324,275.53,Google Toon Blast Barangaroo AU AUS Card xx9327 Value Date: 05/04/2026
484225470,2026/5/9 12:42,2420589,1582782,2755537932,4689355,transaction,cba,null,2026/2/9,11.5,null,debit,Department Stores,Kmart,38d3ea37-b236-4e73-beaf-41d4fc46f174,631.61,KMART 3341 NORTHAM AU
484225470,2026/5/9 12:42,2420589,1582782,2755537971,4689355,transaction,cba,null,2026/1/31,1200,Loan Deposits,credit,Non SACC Loans,Wagetap,6e36b566-4fa6-4a23-99f7-8ce0dc34ed63,1958.47,Fast Transfer From Wagetap CT.1owfjm Wagetap 1cb10eaf CT.1owfjm
484225470,2026/5/9 12:42,2420589,1582782,2755538154,4689355,transaction,cba,null,2025/12/29,100,Inbound Transfer,credit,External Transfers,CBA Funds Transfer,bf8e2c21-a2e1-477f-af70-774594b3eb4f,676.27,Fast Transfer From HEIKE FOX Chemist
484225470,2026/5/9 12:42,2420589,1582782,2755537763,4689355,transaction,cba,null,2026/3/17,20.34,null,debit,Groceries,IGA,01847f38-0433-4ec7-85df-28205904b45a,1019.46,MOORA IGA MOORA WA AUS Card xx9327 Value Date: 13/03/2026
484225470,2026/5/9 12:42,2420589,1582782,2755537722,4689355,transaction,cba,null,2026/3/26,5.65,Direct Debit,debit,null,null,08f85240-6c28-4fd9-a3d5-e76f666fbd5e,1293.3,Direct Debit 613609 2 EZI DT.58qcaw 2 EZI
484225470,2026/5/9 12:42,2420589,1582782,2755537706,4689355,transaction,cba,null,2026/3/30,1200,Loan Deposits,credit,Non SACC Loans,Wagetap,9c0d1dea-5e4c-411c-9e06-cdec5bcb0c57,1620.33,Fast Transfer From Wagetap CT.1s5wxj Wagetap 49038c78 CT.1s5wxj
484225470,2026/5/9 12:42,2420589,1582782,2755537671,4689355,transaction,cba,null,2026/4/8,12.5,null,debit,Automotive,BP Stations,2709977c-69e9-4326-b59a-4d4a06e6e566,250.05,BP CUNDERDIN ROADHOU CUNDERDIN WA AUS Card xx9327 Value Date: 02/04/2026
484225470,2026/5/9 12:42,2420589,1582782,2755537993,4689355,transaction,cba,null,2026/1/29,264,null,debit,SACC Loans,Fundo Loans,5a2a4c4c-146b-4d92-a4dc-e45cf8258d18,2476.26,LAT*FUNDOLOANS 102395881 102395881
484225470,2026/5/9 12:42,2420589,1582782,2755537985,4689355,transaction,cba,null,2026/1/29,847.36,null,debit,Non SACC Loans,Wagetap,2732e651-4bec-4a32-986b-f40790afe10f,1359.65,PayTo Wagetap Wagetap repayment T-997f7e2f-bd29-429... T-997f7e2f-bd29-429a-a5f6-da384d4-2
484225470,2026/5/9 12:42,2420589,1582782,2755538054,4689355,transaction,cba,null,2026/1/15,5.65,Direct Debit,debit,null,null,372ea8c1-974d-4a71-a99b-d85f85bdf2a7,1834.28,Direct Debit 613609 2 EZI DT.4zeez1 2 EZI
484225470,2026/5/9 12:42,2420589,1582782,2755538230,4689355,transaction,cba,null,2025/12/9,545,Inbound Transfer,credit,Non SACC Loans,MyPayNow,7c593956-5b81-406a-9032-ab07471da772,743.97,Fast Transfer From MyPayNow Advance CT.1m2u52 MyPayNow Advance CT.1m2u52
484225470,2026/5/9 12:42,2420589,1582782,2755538268,4689355,transaction,cba,null,2025/12/3,576.38,Direct Debit,debit,Non SACC Loans,MyPayNow,7f31b27b-e680-43d6-ac25-fda780fbd689,-343.55,Direct Debit 543958 MyPayNow Payment DT.4ttr6q MyPayNow
484225470,2026/5/9 12:42,2420589,1582782,2755538067,4689355,transaction,cba,null,2026/1/15,3545.83,null,credit,Wages,MAIN ROADS,43262788-93cb-466d-a2a0-60da48f1f8e9,3022.63,Salary MAIN ROADS 200926 10071497
484225470,2026/5/9 12:42,2420589,1582782,2755537831,4689355,transaction,cba,null,2026/3/3,4.99,null,debit,null,null,cfecc3dd-7e74-465f-9ffc-570fe144a73e,1256.16,Google Toon Blast Barangaroo AU AUS Card xx9327 Value Date: 28/02/2026
484225470,2026/5/9 12:42,2420589,1582782,2755537906,4689355,transaction,cba,null,2026/2/13,5,Unpaid Fees,debit,Dishonours,null,0b352abd-481d-445b-8654-ff9e066e2796,339.05,Unpaid Payment Fee Value Date: 12/02/2026
484225470,2026/5/9 12:42,2420589,1582782,2755538328,4689355,transaction,cba,null,2025/11/20,15,Overdrawn Fees,debit,Overdrawn,null,3bce74c4-cc70-41ed-a969-2b263e27501a,2190.82,Overdraw Fee For exceeding available funds on 19 Nov
484225470,2026/5/9 12:42,2420589,1582782,2755537982,4689355,transaction,cba,null,2026/1/29,5.65,Direct Debit,debit,null,null,10e9e707-83a1-4db0-8b56-ccbbc77640b8,1248.44,Direct Debit 613609 2 EZI DT.5161qk 2 EZI
484225470,2026/5/9 12:42,2420589,1582782,2755538297,4689355,transaction,cba,null,2025/11/27,22.5,null,debit,Automotive,Puma Energy,2d49e815-17f4-4766-acc1-b39624fa60bb,456.78,PUMA YORK ROADHOUSE YORK WA AUS Card xx9327 Value Date: 25/11/2025
484225470,2026/5/9 12:42,2420589,1582782,2755537871,4689355,transaction,cba,null,2026/2/21,74.3,null,debit,Groceries,Woolworths,18f0513d-3c08-4644-bf68-2866fe1065c7,29.72,WOOLWORTHS 4326 NORTHAM WA AUS Card xx9327 Value Date: 19/02/2026
484225470,2026/5/9 12:42,2420589,1582782,2755537868,4689355,transaction,cba,null,2026/2/25,579.41,Direct Debit,debit,Non SACC Loans,MyPayNow,b4e7183d-0adf-4aac-ba91-1fa0e49c539e,-577.68,Direct Debit 543958 MyPayNow Payment DT.54q3mc MyPayNow
484225470,2026/5/9 12:42,2420589,1582782,2755537858,4689355,transaction,cba,null,2026/2/27,5,null,debit,Home Improvement,Home Improvement,f0edd5c8-8f84-4cbd-a925-182bffd37e86,1614.36,BAKERS HILL RURAL S BAKERS HILL AU
484225470,2026/5/9 12:42,2420589,1582782,2755538366,4689355,transaction,cba,null,2025/11/12,30.5,null,debit,Automotive,BP Stations,dd731bed-95a7-42b7-9a3f-ff457442f360,817.93,BP CUNDERDIN ROADHOU CUNDERDIN WA AUS Card xx9327 Value Date: 10/11/2025
484225470,2026/5/9 12:42,2420589,1582782,2755538126,4689355,transaction,cba,null,2026/1/2,5.65,Direct Debit,debit,null,null,5e7df87a-7b0c-463c-a4b4-3246a3e36707,612.54,Direct Debit 613609 2 EZI DT.4xo0xr 2 EZI
484225470,2026/5/9 12:42,2420589,1582782,2755538036,4689355,transaction,cba,null,2026/1/20,1200,Inbound Transfer,credit,Non SACC Loans,Beforepay,7d937373-d7ba-4bf5-8836-996599184a25,1596.23,Fast Transfer From Beforepay CT.1o9swd MP1768875150386 CT.1o9swd
484225470,2026/5/9 12:42,2420589,1582782,2755538130,4689355,transaction,cba,null,2026/1/1,800,Loan Deposits,credit,Non SACC Loans,Wagetap,f12e9b31-8f13-4f95-923a-4556a8f3101b,2089.74,Fast Transfer From Wagetap CT.1nbjf6 Wagetap 0a5a8c71 CT.1nbjf6
484225470,2026/5/9 12:42,2420589,1582782,2755537649,4689355,transaction,cba,null,2026/4/11,180,null,debit,Automotive,Miscellaneous Petrol Stations,9490945a-f98d-459c-80c4-e30a40531d62,-430.43,GREAT SOUTHERN FUELS NORTHAM AUS Card xx9327 Value Date: 09/04/2026
484225470,2026/5/9 12:42,2420589,1582782,2755537939,4689355,transaction,cba,null,2026/2/6,25,null,debit,Automotive,BP Stations,4ef716e7-0582-4a58-be24-806f6494501a,423.63,BP CUNDERDIN ROADHOU CUNDERDIN WA AUS Card xx9327 Value Date: 03/02/2026
484225470,2026/5/9 12:42,2420589,1582782,2755537905,4689355,transaction,cba,null,2026/2/13,28.9,null,debit,Automotive,Automotive,dab11dac-858d-4ff1-87b1-23babb312e51,310.15,DUNNINGS GOOMALLING GOOMALLING AU
484225470,2026/5/9 12:42,2420589,1582782,2755538105,4689355,transaction,cba,null,2026/1/5,1000,Australia Post Withdrawals,debit,null,null,9890c356-310c-4cea-8935-a88035ab2aa1,914.17,Wdl Agency AUST POST NORTHAM POST WA 639955 AU
484225470,2026/5/9 12:42,2420589,1582782,2755537552,4689355,transaction,cba,null,2026/5/7,1200,Loan Deposits,credit,Non SACC Loans,Wagetap,f61d2c8e-0dbe-46e2-acfa-800d48c7d82b,2041.39,Fast Transfer From Wagetap CT.1udvv6 Wagetap 72c12952 CT.1udvv6
484225470,2026/5/9 12:42,2420589,1582782,2755538084,4689355,transaction,cba,null,2026/1/8,22.5,null,debit,Automotive,Puma Energy,bea2dd15-7391-424a-b0ca-2b766114ba6b,124.62,PUMA YORK ROADHOUSE YORK WA AUS Card xx9327 Value Date: 06/01/2026
484225470,2026/5/9 12:42,2420589,1582782,2755537754,4689355,transaction,cba,null,2026/3/19,60,null,debit,External Transfers,CBA Funds Transfer,76e1b849-b1fa-49b7-9cec-2e39f084a602,599.82,Transfer To CARMINE D DI SALVIO PayID Phone from CommBank App Jason
484225470,2026/5/9 12:42,2420589,1582782,2755537893,4689355,transaction,cba,null,2026/2/14,101,null,debit,Retail,Office Supply Stores,e4de74d1-6c6b-4e4c-a64f-6f5c34b74384,931.69,OFFICEWORKS 0608 MIDLAND AU
484225470,2026/5/9 12:42,2420589,1582782,2755538087,4689355,transaction,cba,null,2026/1/7,29.99,null,debit,null,null,c81dc007-7b53-4a52-9eee-59dfec01e4f9,119.02,Google Toon Blast Barangaroo AU AUS Card xx9327 Value Date: 05/01/2026
484225470,2026/5/9 12:42,2420589,1582782,2755537822,4689355,transaction,cba,null,2026/3/4,29.99,null,debit,null,null,60801e46-1db9-45b4-b4b7-e86c8a489269,754.13,Google Toon Blast Barangaroo AU AUS Card xx9327 Value Date: 02/03/2026
484225470,2026/5/9 12:42,2420589,1582782,2755537690,4689355,transaction,cba,null,2026/4/2,154.74,null,debit,Groceries,Woolworths,556b4d2c-a736-48ad-a3c7-33aac6958ff0,903.33,WOOLWORTHS 4326 NORTHAM WA AUS Card xx9327 Value Date: 31/03/2026
484225470,2026/5/9 12:42,2420589,1582782,2755537827,4689355,transaction,cba,null,2026/3/3,52.02,null,debit,Groceries,Coles,a37f465a-6e22-43a3-8936-c50af3d238e1,1045.5,COLES 0492 NORTHAM 06 AUS Card xx9327 Value Date: 27/02/2026
484225470,2026/5/9 12:42,2420589,1582782,2755537713,4689355,transaction,cba,null,2026/3/28,59.99,null,debit,null,null,c5388969-d13a-4e6e-bdd4-eec35340eef3,-505.97,Google Toon Blast Barangaroo AU AUS Card xx9327 Value Date: 26/03/2026
484225470,2026/5/9 12:42,2420589,1582782,2755537991,4689355,transaction,cba,null,2026/1/29,29.99,null,debit,null,null,3afee54e-f589-4d6f-9e86-71d3a1e44106,2385.6,Google Toon Blast Barangaroo AU AUS Card xx9327 Value Date: 27/01/2026
484225470,2026/5/9 12:42,2420589,1582782,2755538158,4689355,transaction,cba,null,2025/12/24,200,Inbound Transfer,credit,External Transfers,CBA Funds Transfer,5e498188-e536-4424-b245-7f7cdd3c5702,762.75,Fast Transfer From HEIKE FOX Shopping
484225470,2026/5/9 12:42,2420589,1582782,2755538145,4689355,transaction,cba,null,2025/12/30,22.5,null,debit,Automotive,Puma Energy,b8821b9e-78d0-4606-8c92-9655d4ec2a9e,388.83,PUMA YORK ROADHOUSE YORK WA AUS Card xx9327 Value Date: 24/12/2025
484225470,2026/5/9 12:42,2420589,1582782,2755538181,4689355,transaction,cba,null,2025/12/20,22.5,null,debit,Automotive,Puma Energy,1d05032f-33cc-43da-822e-89718745b8fb,-2548.58,PUMA YORK ROADHOUSE YORK WA AUS Card xx9327 Value Date: 18/12/2025
484225470,2026/5/9 12:42,2420589,1582782,2755538064,4689355,transaction,cba,null,2026/1/15,38.29,null,debit,Groceries,IGA,d9175c82-d838-48bb-a626-23384286bc0d,2697.84,YORK IGA YORK AUS Card xx9327 Value Date: 12/01/2026
484225470,2026/5/9 12:42,2420589,1582782,2755538266,4689355,transaction,cba,null,2025/12/4,4127.82,null,credit,Wages,MAIN ROADS,461897c0-5238-4830-a586-483c52aa464e,3704.43,Salary MAIN ROADS 200926 10071497
484225470,2026/5/9 12:42,2420589,1582782,2755537601,4689355,transaction,cba,null,2026/4/25,36.5,null,debit,Dining Out,Dining Out,88807657-dab1-4276-ae6e-b965fbe617ad,767,HJs Midland Midland AU
484225470,2026/5/9 12:42,2420589,1582782,2755537703,4689355,transaction,cba,null,2026/3/31,59.99,null,debit,null,null,d58990f6-89af-480b-8f59-48e580bb586b,1539.74,Google Toon Blast Barangaroo AU AUS Card xx9327 Value Date: 29/03/2026
484225470,2026/5/9 12:42,2420589,1582782,2755538042,4689355,transaction,cba,null,2026/1/17,167.25,null,debit,Groceries,Woolworths,ceb670d6-f39c-451c-bbf4-74b39a74bc49,-948.03,WOOLWORTHS 4326 NORTHAM WA AUS Card xx9327 Value Date: 15/01/2026
484225470,2026/5/9 12:42,2420589,1582782,2755538121,4689355,transaction,cba,null,2026/1/3,48.07,null,debit,Health,Health,7a0c2c4a-bdd1-4778-a6c9-619e0f0749fe,-340.08,STEWART'S SAVEMOR PH NORTHAM WA AUS Card xx9327 Value Date: 31/12/2025
484225470,2026/5/9 12:42,2420589,1582782,2755538194,4689355,transaction,cba,null,2025/12/18,210,Direct Debit,debit,Non SACC Loans,Beforepay,4be9680a-7a8e-4c80-887f-6edd5b33c24e,204.63,Direct Debit 616851 Beforepay 025923 DT.4vtw7y MP176315
484225470,2026/5/9 12:42,2420589,1582782,2755537900,4689355,transaction,cba,null,2026/2/14,11.48,null,debit,Groceries,Miscellaneous Grocery stores,8a3e4fc8-4e5a-42c7-a705-14a544351683,-1264.59,GREENWAY GROCERS PTY L WYALKATCHEM AUS Card xx9327 Value Date: 13/02/2026
484225470,2026/5/9 12:42,2420589,1582782,2755538361,4689355,transaction,cba,null,2025/11/13,48.6,Adyen Payment,credit,null,null,d1766385-fa9b-4d41-874e-1c348ea42a97,668.99,Direct Credit 603967 Adyen Australia S32222222427LHG
484225470,2026/5/9 12:42,2420589,1582782,2755537772,4689355,transaction,cba,null,2026/3/14,1200,Loan Deposits,credit,Non SACC Loans,Wagetap,309edcb8-1130-41d1-8ec2-716c4d239ea4,1471.07,Fast Transfer From Wagetap CT.1rbbsc Wagetap 52166671 CT.1rbbsc
484225470,2026/5/9 12:42,2420589,1582782,2755537850,4689355,transaction,cba,null,2026/2/28,2.99,null,debit,null,null,9e60f898-9b0c-4a0a-8399-f913584a25db,-496.66,Google Toon Blast Barangaroo AU AUS Card xx9327 Value Date: 26/02/2026
484225470,2026/5/9 12:42,2420589,1582782,2755537895,4689355,transaction,cba,null,2026/2/14,450,Inbound Transfer,credit,Non SACC Loans,Beforepay,5cd8c2d1-880d-4b9c-856d-fd21e48f8c0f,1098.67,Fast Transfer From Beforepay CT.1pp1j4 MP1771073896238 CT.1pp1j4
484225470,2026/5/9 12:42,2420589,1582782,2755538340,4689355,transaction,cba,null,2025/11/18,4.99,null,debit,null,null,6d220092-6d41-45f8-a794-0c8764c876cd,355.04,Google Toon Blast Barangaroo AU AUS Card xx9327 Value Date: 14/11/2025
484225470,2026/5/9 12:42,2420589,1582782,2755537958,4689355,transaction,cba,null,2026/2/3,96.04,null,debit,Groceries,Coles,71e03319-8914-43ea-bc5a-715ad0171b2b,1211.58,COLES 0330 MUNDARING 06 AUS Card xx9327 Value Date: 01/02/2026
484225470,2026/5/9 12:42,2420589,1582782,2755537884,4689355,transaction,cba,null,2026/2/17,3.87,null,debit,Retail,Office Supply Stores,93ce50a1-990b-4eec-af17-c1d86b957274,632.2,OFFICEWORKS 0608 MIDLA MIDLAND 06 AUS Card xx9327 Value Date: 14/02/2026
484225470,2026/5/9 12:42,2420589,1582782,2755537581,4689355,transaction,cba,null,2026/4/30,52.43,null,debit,Groceries,Woolworths,abcefc39-a359-4d43-a162-f58c373ca248,500.93,WOOLWORTHS 4326 NORTHAM WA AUS Card xx9327 Value Date: 28/04/2026
484225470,2026/5/9 12:42,2420589,1582782,2755538244,4689355,transaction,cba,null,2025/12/6,45.54,null,debit,Dining Out,Dining Out,a213a064-f75b-4e0c-9de2-814965f75ef0,814.45,MANDARIN DUCK CANNINGTON WA AU
484225470,2026/5/9 12:42,2420589,1582782,2755537572,4689355,transaction,cba,null,2026/5/5,88,null,debit,Automotive,Miscellaneous Petrol Stations,143fc314-8454-472e-911b-7201b1a4996e,170.56,GREAT SOUTHERN FUELS NORTHAM AUS Card xx9327 Value Date: 01/05/2026
484225470,2026/5/9 12:42,2420589,1582782,2755537931,4689355,transaction,cba,null,2026/2/9,508.45,Inbound Transfer,credit,Non SACC Loans,Credit Corp Loan,a245f1a5-3975-4997-b6e2-9b2d29b833cf,1140.06,Fast Transfer From CREDIT CORP GROUP LIM CREDIT TO ACCOUNT 50371795
484225470,2026/5/9 12:42,2420589,1582782,2755538293,4689355,transaction,cba,null,2025/11/28,17.99,null,debit,Health,Pharmacy,c6110df5-fc55-40a4-bc71-5e3fe959d9e8,263.65,YORK PHARMACY PTY LTD YORK AUS Card xx9327 Value Date: 27/11/2025
484225470,2026/5/9 12:42,2420589,1582782,2755537862,4689355,transaction,cba,null,2026/2/26,90.56,Direct Debit,debit,Non SACC Loans,Credit Corp Loan,6c5ef21c-a42f-4055-8d74-cb7192438c06,1237.51,Direct Debit 421650 Credit Corp Fina 14816747 CCC
484225470,2026/5/9 12:42,2420589,1582782,2755538115,4689355,transaction,cba,null,2026/1/3,235.69,null,debit,Groceries,Woolworths,766dc2bd-2876-4cd8-ae38-3e5545a7ba2d,-742.99,WOOLWORTHS 4326 NORTHAM WA AUS Card xx9327 Value Date: 31/12/2025
484225470,2026/5/9 12:42,2420589,1582782,2755538187,4689355,transaction,cba,null,2025/12/19,15,Overdrawn Fees,debit,Overdrawn,null,0a58d061-1a66-4008-9e51-a9128df74f5e,608.42,Overdraw Fee For exceeding available funds on 18 Dec
484225470,2026/5/9 12:42,2420589,1582782,2755537973,4689355,transaction,cba,null,2026/1/31,1134.26,Direct Debit Reversal,credit,Dishonours,Wagepay,e64e4db1-689d-4408-84d7-d49dd2dec212,763.47,Return 30/01/26 Direct Debit 612057 Wagepay DT.51cuux 14191022 Value Date: 30/01/2026
484225470,2026/5/9 12:42,2420589,1582782,2755537622,4689355,transaction,cba,null,2026/4/23,100,null,debit,null,null,4543b4f6-158a-45ff-a4ab-74b67960f1e7,2967.95,SHIRE OF YORK NetBank BPAY 268508 1000033210 A3321
484225470,2026/5/9 12:42,2420589,1582782,2755538024,4689355,transaction,cba,null,2026/1/21,20.99,null,debit,Non SACC Loans,Afterpay,a37d614c-f3a3-4480-b07a-68695f7418fb,1140.99,Afterpay afterpay.com AU AUS Card xx9327 Value Date: 19/01/2026
484225470,2026/5/9 12:42,2420589,1582782,2755537710,4689355,transaction,cba,null,2026/3/28,1134.26,Direct Debit Reversal,credit,Dishonours,Wagepay,6235d2f9-6be8-4921-89c6-fe175dd346d7,462.23,Return 27/03/26 Direct Debit 612057 Wagepay DT.58x1km 14565262 Value Date: 27/03/2026
484225470,2026/5/9 12:42,2420589,1582782,2755538323,4689355,transaction,cba,null,2025/11/21,311.11,null,debit,SACC Loans,Fundo Loans,46e4085f-615c-43c5-a545-ccca3a167c19,1470.2,Fundo Loans Surry Hills NS AUS Card xx9327 Value Date: 20/11/2025
484225470,2026/5/9 12:42,2420589,1582782,2755537881,4689355,transaction,cba,null,2026/2/17,59.99,null,debit,null,null,52fbaf5e-3bc2-479d-94ec-e84c7ef7655f,450.49,Google Toon Blast Barangaroo AU AUS Card xx9327 Value Date: 13/02/2026
484225470,2026/5/9 12:42,2420589,1582782,2755537878,4689355,transaction,cba,null,2026/2/18,10.95,null,debit,Groceries,Groceries,4fa14389-bd50-4051-a8c8-4211d1a9fa15,426.56,DUNNINGS TOODYAY JUN TOODYAY AU
484225470,2026/5/9 12:42,2420589,1582782,2755538166,4689355,transaction,cba,null,2025/12/23,12.41,null,debit,Non SACC Loans,Afterpay,cbbb84f4-7409-4d26-afc4-ecbaf9d7d79f,1056.21,Afterpay afterpay.com AU AUS Card xx9327 Value Date: 20/12/2025
484225470,2026/5/9 12:42,2420589,1582782,2755537918,4689355,transaction,cba,null,2026/2/12,100,null,debit,null,null,ca51cb59-7f25-4aa9-88b9-d56494939121,1916.17,SHIRE OF YORK NetBank BPAY 268508 1000033210 A3321
484225470,2026/5/9 12:42,2420589,1582782,2755538228,4689355,transaction,cba,null,2025/12/10,9.98,null,debit,Non SACC Loans,Afterpay,b85e61f5-6545-4915-b5c0-c0c38756381a,705,Afterpay afterpay.com AU AUS Card xx9327 Value Date: 08/12/2025
484225470,2026/5/9 12:42,2420589,1582782,2755537558,4689355,transaction,cba,null,2026/5/7,15,Overdrawn Fees,debit,Overdrawn,null,4472f9e8-e300-4359-9c03-5f51e0160f60,1337.44,Overdraw Fee For exceeding available funds on 06 May
484225470,2026/5/9 12:42,2420589,1582782,2755538253,4689355,transaction,cba,null,2025/12/5,789,Direct Debit,debit,Non SACC Loans,Salt and Lime,ef1f9061-55a2-4832-8d7f-264a7ebe5214,-907.06,Direct Debit 314011 SALT&LIME PAYWAY4247597395
484225470,2026/5/9 12:42,2420589,1582782,2755537996,4689355,transaction,cba,null,2026/1/28,576.38,Direct Debit,debit,Non SACC Loans,MyPayNow,0bdf4cc3-6064-485f-8f34-e68b5bd6e39c,-392.17,Direct Debit 543958 MyPayNow Payment DT.50z347 MyPayNow
484225470,2026/5/9 12:42,2420589,1582782,2755537605,4689355,transaction,cba,null,2026/4/25,22.5,null,debit,Automotive,Puma Energy,b64d0c44-74cf-4d8a-973d-abc14772fba7,979.11,PUMA YORK ROADHOUSE YORK WA AUS Card xx9327 Value Date: 23/04/2026
484225470,2026/5/9 12:42,2420589,1582782,2755537796,4689355,transaction,cba,null,2026/3/11,79.76,Direct Debit,debit,Non SACC Loans,Humm,7bbc2db9-a7ed-4f19-8070-57d78fc42df7,43.63,Direct Debit 125202 humm BNPL E00000001806243321
484225470,2026/5/9 12:42,2420589,1582782,2755537844,4689355,transaction,cba,null,2026/2/28,2.99,null,debit,null,null,bfddc23d-17ca-4fd1-bc92-8e5fc404f1fa,-678.62,Google Toon Blast Barangaroo AU AUS Card xx9327 Value Date: 26/02/2026
484225470,2026/5/9 12:42,2420589,1582782,2755538125,4689355,transaction,cba,null,2026/1/2,90.56,Direct Debit,debit,Non SACC Loans,Credit Corp Loan,d1f3acac-09bf-40f8-a0bf-f208f92abac4,521.98,Direct Debit 421650 Credit Corp Fina 14816747 CCC
484225470,2026/5/9 12:42,2420589,1582782,2755537756,4689355,transaction,cba,null,2026/3/18,16,null,debit,Groceries,Groceries,d315bb19-0dd5-46a2-84e4-f62ec1fa2ddb,741.9,DUNNINGS ROADHOUSE S SOUTHERN CRO AU
484225470,2026/5/9 12:42,2420589,1582782,2755537570,4689355,transaction,cba,null,2026/5/5,45.97,null,debit,Health,Health,33c8ef65-d5c0-4ddd-ac7f-e42a44acbabb,102.09,STEWART'S SAVEMOR PH NORTHAM WA AUS Card xx9327 Value Date: 30/04/2026
484225470,2026/5/9 12:42,2420589,1582782,2755538189,4689355,transaction,cba,null,2025/12/19,1120,Inbound Transfer,credit,External Transfers,CBA Funds Transfer,058ca499-fc9f-426a-ab80-f97d911f741f,1743.42,Fast Transfer From HEIKE FOX Hay x 14 rounds
484225470,2026/5/9 12:42,2420589,1582782,2755538222,4689355,transaction,cba,null,2025/12/11,25,null,debit,Automotive,BP Stations,193d945d-e307-400a-b459-94a1c33ea54f,556.78,BP CUNDERDIN ROADHOU CUNDERDIN WA AUS Card xx9327 Value Date: 08/12/2025
484225470,2026/5/9 12:42,2420589,1582782,2755538001,4689355,transaction,cba,null,2026/1/28,4.99,null,debit,null,null,11f09818-1ff6-48c6-b5a6-f2815847bcfa,481.12,Google Toon Blast Barangaroo AU AUS Card xx9327 Value Date: 24/01/2026
484225470,2026/5/9 12:42,2420589,1582782,2755537882,4689355,transaction,cba,null,2026/2/17,90,null,debit,Automotive,Miscellaneous Petrol Stations,08b30fd5-e8e3-4891-b475-51cd89518a66,510.48,GREAT SOUTHERN FUELS NORTHAM AUS Card xx9327 Value Date: 13/02/2026
484225470,2026/5/9 12:42,2420589,1582782,2755538351,4689355,transaction,cba,null,2025/11/15,40.3,null,debit,Automotive,Automotive,d90a2e6e-1150-414c-b7f4-8c549589bad8,677.97,DUNNINGS NORTHAM NORTHAM AU
484225470,2026/5/9 12:42,2420589,1582782,2755537759,4689355,transaction,cba,null,2026/3/18,6,null,debit,null,null,7276c27d-8845-4d92-bf4a-7e79eee6de25,808.75,CITY OF FREMANTLE FREMANTLE AU AUS Card xx9327 Value Date: 15/03/2026
484225470,2026/5/9 12:42,2420589,1582782,2755537888,4689355,transaction,cba,null,2026/2/17,16.36,null,debit,Non SACC Loans,Afterpay,2185576a-3bd4-4436-ae26-ecf2d0a80e4e,738.78,Afterpay afterpay.com AU AUS Card xx9327 Value Date: 16/02/2026
484225470,2026/5/9 12:42,2420589,1582782,2755537679,4689355,transaction,cba,null,2026/4/8,50,null,debit,Automotive,Automotive,f56b3975-1a81-460f-9c48-33c3609867e1,353.3,ATLAS SAWYERS SAWYERS VALLE AUS Card xx9327 Value Date: 06/04/2026
484225470,2026/5/9 12:42,2420589,1582782,2755537775,4689355,transaction,cba,null,2026/3/14,1134.26,Direct Debit Reversal,credit,Dishonours,Wagepay,46070715-b06f-43ef-963d-9104b66e268e,291.07,Return 13/03/26 Direct Debit 612057 Wagepay DT.570855 14467062 Value Date: 13/03/2026
484225470,2026/5/9 12:42,2420589,1582782,2755537972,4689355,transaction,cba,null,2026/1/31,5,Unpaid Fees,debit,Dishonours,null,e6c17a68-c976-4c44-860a-666dbd713641,758.47,Unpaid Payment Fee Value Date: 30/01/2026
484225470,2026/5/9 12:42,2420589,1582782,2755537915,4689355,transaction,cba,null,2026/2/12,21.9,null,debit,Automotive,Automotive,5754fe26-5dbf-4147-aa5c-a711640fc0b7,1798.61,DUNNINGS TOODYAY JUN TOODYAY AU
484225470,2026/5/9 12:42,2420589,1582782,2755537792,4689355,transaction,cba,null,2026/3/12,100,null,debit,null,null,bb35f57e-5902-4a4b-ab12-970f4b8dc7c5,2864.92,SHIRE OF YORK NetBank BPAY 268508 1000033210 A3321
484225470,2026/5/9 12:42,2420589,1582782,2755538025,4689355,transaction,cba,null,2026/1/21,11.98,null,debit,Non SACC Loans,Afterpay,f0b0f59c-7fd5-4210-89ca-ba93687bf489,1161.98,Afterpay afterpay.com AU AUS Card xx9327 Value Date: 19/01/2026
484225470,2026/5/9 12:42,2420589,1582782,2755537786,4689355,transaction,cba,null,2026/3/12,5.65,Direct Debit,debit,null,null,1c29da07-c607-4e91-bfc0-24aa6ce8dfa9,1121.75,Direct Debit 613609 2 EZI DT.56thkq 2 EZI
484225470,2026/5/9 12:42,2420589,1582782,2755538344,4689355,transaction,cba,null,2025/11/18,18.6,null,debit,Non SACC Loans,Afterpay,f271f167-76e3-4c22-b343-c214757ddaf8,480.01,Afterpay afterpay.com AU AUS Card xx9327 Value Date: 15/11/2025
484225470,2026/5/9 12:42,2420589,1582782,2755538260,4689355,transaction,cba,null,2025/12/4,15,Overdrawn Fees,debit,Overdrawn,null,735f80d0-665d-44e0-94b9-145c69b28420,1879.02,Overdraw Fee For exceeding available funds on 03 Dec
484225470,2026/5/9 12:42,2420589,1582782,2755537812,4689355,transaction,cba,null,2026/3/9,1046,Inbound Transfer,credit,Non SACC Loans,Credit Corp Loan,47ac782f-5a6e-4f01-bd9f-28405b63f470,1350.71,Fast Transfer From CREDIT CORP GROUP LIM CREDIT TO ACCOUNT 50940226
484225470,2026/5/9 12:42,2420589,1582782,2755537577,4689355,transaction,cba,null,2026/5/1,29.99,null,debit,null,null,ef95838e-3274-435b-8724-35e055c5140f,431.56,Google Toon Blast Barangaroo AU AUS Card xx9327 Value Date: 29/04/2026
484225470,2026/5/9 12:42,2420589,1582782,2755537615,4689355,transaction,cba,null,2026/4/23,84.48,Direct Debit,debit,Non SACC Loans,Credit Corp Loan,c569bc83-1ad5-48fb-9e08-7392dbddee58,1539.59,Direct Debit 421650 Credit Corp Fina 1000066463 PUP
484225470,2026/5/9 12:42,2420589,1582782,2755537613,4689355,transaction,cba,null,2026/4/23,5.65,Direct Debit,debit,null,null,a031ec46-439e-4b7e-bd4c-a36c3b46c1d0,1376.44,Direct Debit 613609 2 EZI DT.5clrvm 2 EZI
484225470,2026/5/9 12:42,2420589,1582782,2755537942,4689355,transaction,cba,null,2026/2/4,50,Inbound Transfer,credit,External Transfers,CBA Funds Transfer,1e302d0e-559f-4f5a-9cdb-c19c763dbf65,600.53,Fast Transfer From BRITTNI TATHAM-SMITH pay back
484225470,2026/5/9 12:42,2420589,1582782,2755538123,4689355,transaction,cba,null,2026/1/2,789,Direct Debit,debit,Non SACC Loans,Salt and Lime,122273f6-8489-4040-879b-707c13b494d9,-275.02,Direct Debit 314011 SALT&LIME PAYWAY4269899195
484225470,2026/5/9 12:42,2420589,1582782,2755537816,4689355,transaction,cba,null,2026/3/6,45.65,null,debit,Groceries,Woolworths,8d7ca678-f3ab-44f9-8dd9-8c44072666d3,484.46,WOOLWORTHS 4326 NORTHAM WA AUS Card xx9327 Value Date: 04/03/2026
484225470,2026/5/9 12:42,2420589,1582782,2755537859,4689355,transaction,cba,null,2026/2/27,545,Inbound Transfer,credit,Non SACC Loans,MyPayNow,89228047-20a8-4df9-ad5d-7648a4551f64,1619.36,Fast Transfer From MyPayNow Advance CT.1qdxa1 MyPayNow Advance CT.1qdxa1
484225470,2026/5/9 12:42,2420589,1582782,2755537986,4689355,transaction,cba,null,2026/1/29,100,null,debit,null,null,7e17b0b3-a597-4357-bd9d-21d8d0cc157c,2207.01,SHIRE OF YORK NetBank BPAY 268508 1000033210 A3321
484225470,2026/5/9 12:42,2420589,1582782,2755537668,4689355,transaction,cba,null,2026/4/8,9.6,null,debit,Automotive,BP Stations,d124ee9b-f180-4e38-b020-3b3b36194834,193.46,BP MERREDIN 6232 MERREDIN WA AUS Card xx9327 Value Date: 02/04/2026
484225470,2026/5/9 12:42,2420589,1582782,2755538200,4689355,transaction,cba,null,2025/12/18,1237.39,null,credit,Wages,MAIN ROADS,22cfd95c-eae9-4904-a83d-0d7a431625b8,608.62,Salary MAIN ROADS 200926 10071497
484225470,2026/5/9 12:42,2420589,1582782,2755538093,4689355,transaction,cba,null,2026/1/6,25.4,null,debit,Dining Out,Miscellaneous Grill and BBQ places,af33ec82-1ca0-4a6f-8b01-a0a40e54fe3f,599,Hong Kong Bbq Midland WA AUS Card xx9327 Value Date: 02/01/2026
484225470,2026/5/9 12:42,2420589,1582782,2755537584,4689355,transaction,cba,null,2026/4/29,19.9,null,debit,Groceries,Groceries,81cdf606-3a5e-4e5e-97f7-6973a122ba6c,611.1,DUNNINGS TOODYAY JUN TOODYAY AU
484225470,2026/5/9 12:42,2420589,1582782,2755538291,4689355,transaction,cba,null,2025/11/29,112,null,debit,Automotive,Automotive,f2a9ab52-7f6f-4a04-b4ba-cd3c50bdab91,91.66,ATLAS SAWYERS SAWYERS VALLE AUS Card xx9327 Value Date: 27/11/2025
484225470,2026/5/9 12:42,2420589,1582782,2755538319,4689355,transaction,cba,null,2025/11/21,2268.53,Direct Debit,debit,Non SACC Loans,Wagepay,8d21767e-1a7c-4978-a1b9-bf59b2061b53,-876.3,Direct Debit 612057 Wagepay DT.4scqo7 13746120
484225470,2026/5/9 12:42,2420589,1582782,2755537767,4689355,transaction,cba,null,2026/3/17,93.93,null,debit,Automotive,Ampol,6e8ff609-57a7-4631-82dc-021f29691974,1112.77,AMPOL WOW MURDOCH MURDOCH AUS Card xx9327 Value Date: 15/03/2026
484225470,2026/5/9 12:42,2420589,1582782,2755537803,4689355,transaction,cba,null,2026/3/10,61.6,null,debit,Groceries,Woolworths,aaa4b904-a032-4e3c-a95b-05032eb1af25,597.04,WOOLWORTHS 4326 NORTHAM WA AUS Card xx9327 Value Date: 06/03/2026
484225470,2026/5/9 12:42,2420589,1582782,2755537912,4689355,transaction,cba,null,2026/2/12,90.56,Direct Debit,debit,Non SACC Loans,Credit Corp Loan,cae9e2b5-b52f-4896-954a-088b3133d571,434.69,Direct Debit 421650 Credit Corp Fina 14816747 CCC
484225470,2026/5/9 12:42,2420589,1582782,2755537635,4689355,transaction,cba,null,2026/4/14,30.77,null,debit,Groceries,Woolworths,5db47c50-e131-40d7-8083-9d3555a47dd4,26.76,WOOLWORTHS 4326 NORTHAM WA AUS Card xx9327 Value Date: 10/04/2026
484225470,2026/5/9 12:42,2420589,1582782,2755537749,4689355,transaction,cba,null,2026/3/20,23.14,null,debit,Groceries,IGA,452d1037-3d31-4e73-9324-359ba071b3f5,814.48,MOORA IGA MOORA WA AUS Card xx9327 Value Date: 17/03/2026
484225470,2026/5/9 12:42,2420589,1582782,2755537867,4689355,transaction,cba,null,2026/2/25,79.84,Direct Debit,debit,Non SACC Loans,Humm,25122f50-74ce-4e8a-bab1-c03b3142a9e9,-657.52,Direct Debit 125202 humm BNPL E00000001806243316
484225470,2026/5/9 12:42,2420589,1582782,2755537873,4689355,transaction,cba,null,2026/2/20,24.65,null,debit,Automotive,Automotive,6184be4c-7ed2-428c-ad8d-2d4f9c6fa914,134.01,DUNNINGS NORTHAM NORTHAM AU
484225470,2026/5/9 12:42,2420589,1582782,2755537594,4689355,transaction,cba,null,2026/4/28,36.06,null,debit,Non SACC Loans,Afterpay,9c1f7e7e-8098-4e16-9d75-8066b59c3dbb,1166.97,Afterpay afterpay.com AU AUS Card xx9327 Value Date: 25/04/2026
484225470,2026/5/9 12:42,2420589,1582782,2755537586,4689355,transaction,cba,null,2026/4/28,25.6,null,debit,Automotive,Automotive,d122726e-0deb-41eb-af06-c0b3547c4d7b,750.78,DUNNINGS TOODYAY JUN TOODYAY AU
484225470,2026/5/9 12:42,2420589,1582782,2755537937,4689355,transaction,cba,null,2026/2/6,545,Inbound Transfer,credit,Non SACC Loans,MyPayNow,c12be848-6254-4ff9-bf02-550bf177db83,939.73,Fast Transfer From MyPayNow Advance CT.1pa3uw MyPayNow Advance CT.1pa3uw
484225470,2026/5/9 12:42,2420589,1582782,2755538346,4689355,transaction,cba,null,2025/11/18,94.12,null,debit,Automotive,Automotive,32aab64e-e578-4010-bb30-9c0378e5f18e,515.6,ATLAS SAWYERS SAWYERS VALLE AUS Card xx9327 Value Date: 14/11/2025
484225470,2026/5/9 12:42,2420589,1582782,2755537633,4689355,transaction,cba,null,2026/4/16,500,Inbound Transfer,credit,SACC Loans,Moneyspot,5e266677-8228-4bea-86ee-44f029bdb0ed,501.76,Fast Transfer From MoneySpot:LOANAD CT.1t5n5c Jason Smith - 21130518 Mone... CT.1t5n5c
484225470,2026/5/9 12:42,2420589,1582782,2755538283,4689355,transaction,cba,null,2025/12/2,157.46,null,debit,Groceries,Woolworths,7b041dde-e686-4d3f-94fd-702eb2c3e23e,797.7,WOOLWORTHS 4326 NORTHAM WA AUS Card xx9327 Value Date: 30/11/2025
484225470,2026/5/9 12:42,2420589,1582782,2755538183,4689355,transaction,cba,null,2025/12/20,29.99,null,debit,null,null,dc4f4447-2a83-4f1e-ab52-308ef4b75ca9,-2496.09,Google Toon Blast Barangaroo AU AUS Card xx9327 Value Date: 18/12/2025
484225470,2026/5/9 12:42,2420589,1582782,2755537907,4689355,transaction,cba,null,2026/2/13,420,Direct Debit Reversal,credit,Dishonours,Beforepay,3bae6e34-0122-484c-bd14-e2164535e309,344.05,Return 12/02/26 Direct Debit 616851 Beforepay 261512 DT.531j9d MP176887 Value Date: 12/02/2026
484225470,2026/5/9 12:42,2420589,1582782,2755537989,4689355,transaction,cba,null,2026/1/29,19.2,null,debit,Automotive,Automotive,27640769-584a-473c-aa01-2788b756e88f,2341,SPARKLERS MIDLAND MIDLAND WA AUS Card xx9327 Value Date: 27/01/2026
484225470,2026/5/9 12:42,2420589,1582782,2755538292,4689355,transaction,cba,null,2025/11/28,59.99,null,debit,null,null,48961fb8-38fa-4e2a-93be-5d67ac22463d,203.66,Google Toon Blast Barangaroo AU AUS Card xx9327 Value Date: 27/11/2025
484225470,2026/5/9 12:42,2420589,1582782,2755537824,4689355,transaction,cba,null,2026/3/3,31.8,null,debit,Automotive,Automotive,bed43bc0-dfd2-44b9-aa4b-4cf5759b3cdb,799.11,DUNNINGS TOODYAY JUN TOODYAY AU
484225470,2026/5/9 12:42,2420589,1582782,2755538223,4689355,transaction,cba,null,2025/12/11,21.45,null,debit,null,null,5ab801ea-225f-4d92-8983-5b6b55b72827,581.78,eBay O*23-13929-18165 Sydney AU AUS Card xx9327 Value Date: 09/12/2025
484225470,2026/5/9 12:42,2420589,1582782,2755538313,4689355,transaction,cba,null,2025/11/22,15,Overdrawn Fees,debit,Overdrawn,null,0e17aef5-d0f5-45f1-96cb-d82abf2f30a4,1039.24,Overdraw Fee For exceeding available funds on 21 Nov
484225470,2026/5/9 12:42,2420589,1582782,2755537976,4689355,transaction,cba,null,2026/1/31,29.99,null,debit,null,null,eb78fefd-b06d-457a-9148-d175c68fa4cc,-1154.79,Google Toon Blast Barangaroo AU AUS Card xx9327 Value Date: 29/01/2026
484225470,2026/5/9 12:42,2420589,1582782,2755538081,4689355,transaction,cba,null,2026/1/9,33,null,debit,Automotive,Miscellaneous Petrol Stations,1bada137-3ed2-4ef3-bb43-22e0f74063ab,50.63,GREAT SOUTHERN FUELS NORTHAM AUS Card xx9327 Value Date: 07/01/2026
484225470,2026/5/9 12:42,2420589,1582782,2755538046,4689355,transaction,cba,null,2026/1/16,789,Direct Debit,debit,Non SACC Loans,Salt and Lime,036c8f86-e918-4abe-9c1c-830e7c253437,-638.8,Direct Debit 314011 SALT&LIME PAYWAY4282034744
484225470,2026/5/9 12:42,2420589,1582782,2755537739,4689355,transaction,cba,null,2026/3/25,29.99,null,debit,null,null,df0b805a-9ddc-4a86-89bf-690f2de91e50,251.64,Google Toon Blast Barangaroo AU AUS Card xx9327 Value Date: 23/03/2026
484225470,2026/5/9 12:42,2420589,1582782,2755537616,4689355,transaction,cba,null,2026/4/23,90.56,Direct Debit,debit,Non SACC Loans,Credit Corp Loan,ee103f7c-915a-4fa7-a1ca-c826bc37b07b,1624.07,Direct Debit 421650 Credit Corp Fina 14816747 CCC
484225470,2026/5/9 12:42,2420589,1582782,2755537658,4689355,transaction,cba,null,2026/4/9,157.5,Direct Debit,debit,Non SACC Loans,Beforepay,10a71bdb-4231-41e0-8450-b3da65e01d86,776.82,Direct Debit 616851 Beforepay 026825 DT.5alzfy MP177394
484225470,2026/5/9 12:42,2420589,1582782,2755538090,4689355,transaction,cba,null,2026/1/6,168,null,debit,Health,Health,f54148c9-d277-42c5-926d-74c9274705d8,174.01,MEDIHIRE & SALES BELLEVUE AU AUS Card xx9327 Value Date: 02/01/2026
484225470,2026/5/9 12:42,2420589,1582782,2755538117,4689355,transaction,cba,null,2026/1/3,37.25,null,debit,Non SACC Loans,Afterpay,284a4df7-90c6-44c1-9407-4be1cbba16ec,-477.31,Afterpay afterpay.com AU AUS Card xx9327 Value Date: 31/12/2025
484225470,2026/5/9 12:42,2420589,1582782,2755538161,4689355,transaction,cba,null,2025/12/23,50,null,debit,External Transfers,Funds Transfer,3c219a64-d53e-4d82-8aaa-94994e349e3a,762.75,Transfer To Brittni Tatham-Smith CommBank App dad
484225470,2026/5/9 12:42,2420589,1582782,2755538018,4689355,transaction,cba,null,2026/1/22,29.99,null,debit,null,null,a3677ee6-1755-4246-83b9-a2f60d1a400b,1132.72,Google Toon Blast Barangaroo AU AUS Card xx9327 Value Date: 20/01/2026
484225470,2026/5/9 12:42,2420589,1582782,2755537589,4689355,transaction,cba,null,2026/4/28,19.19,null,debit,Dining Out,Hotels and Pubs,1f8ad65c-19fa-4d10-b953-8b971afd9c38,991.31,KONDININ HOTEL KONDININ AU AUS Card xx9327 Value Date: 23/04/2026
484225470,2026/5/9 12:42,2420589,1582782,2755537561,4689355,transaction,cba,null,2026/5/7,1271.04,null,debit,Non SACC Loans,Wagetap,9ce7948e-996c-4474-893e-03f02ff50b6f,1385.34,PayTo Wagetap Wagetap repayment T-5275a5cc-ef38-456... T-5275a5cc-ef38-4561-a216-813bc83-2
484225470,2026/5/9 12:42,2420589,1582782,2755537987,4689355,transaction,cba,null,2026/1/29,29.99,null,debit,null,null,9e7a6fed-e8ae-4284-8c30-2e6bd392ffb9,2307.01,Google Toon Blast Barangaroo AU AUS Card xx9327 Value Date: 27/01/2026
484225470,2026/5/9 12:42,2420589,1582782,2755537929,4689355,transaction,cba,null,2026/2/10,99.99,null,debit,null,null,d53d5954-563f-45b7-9b29-d956834f83a1,1011.08,Google Toon Blast Barangaroo AU AUS Card xx9327 Value Date: 09/02/2026
484225470,2026/5/9 12:42,2420589,1582782,2755538016,4689355,transaction,cba,null,2026/1/22,143.12,null,debit,Telecommunications,Optus,34121d4d-aa9c-4d25-80f0-b4a08720af29,969.4,Optus Billing MacquariePark NS AUS Card xx9327 Value Date: 20/01/2026
484225470,2026/5/9 12:42,2420589,1582782,2755538246,4689355,transaction,cba,null,2025/12/6,5,Unpaid Fees,debit,Dishonours,null,56ce685a-d8ec-442f-87f6-6fa65cb7c881,866.99,Unpaid Payment Fee Value Date: 05/12/2025
484225470,2026/5/9 12:42,2420589,1582782,2755537769,4689355,transaction,cba,null,2026/3/15,413.73,null,debit,Home Improvement,Bunnings Warehouse,65af3823-c6f7-4a28-89c4-5f62fc21d71f,1287.34,BUNNINGS BELMONT 2052 BELMONT WA AU
484225470,2026/5/9 12:42,2420589,1582782,2755538285,4689355,transaction,cba,null,2025/12/1,8,Direct Debit,debit,Non SACC Loans,Humm,d62c2c65-0bae-4d8d-a7ee-3355d71b69e2,972.15,Direct Debit 125202 humm BNPL A00000001909199586
484225470,2026/5/9 12:42,2420589,1582782,2755537748,4689355,transaction,cba,null,2026/3/20,116.15,null,debit,Groceries,Woolworths,b7c67d69-5310-4d39-9e84-2cceea0b40f6,698.33,WOOLWORTHS 4326 NORTHAM WA AUS Card xx9327 Value Date: 18/03/2026
484225470,2026/5/9 12:42,2420589,1582782,2755538349,4689355,transaction,cba,null,2025/11/17,50,null,debit,Non SACC Loans,CBA Loans,37de1856-7d7e-4117-8f70-5b74a4c8c48e,607.97,Loan Repayment LN REPAY 785187812
484225470,2026/5/9 12:42,2420589,1582782,2755537723,4689355,transaction,cba,null,2026/3/26,157.5,Direct Debit,debit,Non SACC Loans,Beforepay,97872437-e004-4837-b587-3bf21e9e93cc,1298.95,Direct Debit 616851 Beforepay 026825 DT.58qc86 MP177394
484225470,2026/5/9 12:42,2420589,1582782,2755538002,4689355,transaction,cba,null,2026/1/28,25.4,null,debit,Dining Out,Miscellaneous Grill and BBQ places,e6570650-4eca-4379-9a22-5e79d764fe0e,486.11,Hong Kong Bbq Midland WA AUS Card xx9327 Value Date: 24/01/2026
484225470,2026/5/9 12:42,2420589,1582782,2755537736,4689355,transaction,cba,null,2026/3/26,3624.72,null,credit,Wages,MAIN ROADS,a082d3a2-7b40-4107-adec-bad99e6e3f68,3154.21,Salary MAIN ROADS 200926 10071497
484225470,2026/5/9 12:42,2420589,1582782,2755537925,4689355,transaction,cba,null,2026/2/10,168.61,null,debit,Groceries,Woolworths,433d47ff-3f8f-438c-b03b-fedd3d24f1fd,813.5,WOOLWORTHS 4326 NORTHAM WA AUS Card xx9327 Value Date: 06/02/2026
484225470,2026/5/9 12:42,2420589,1582782,2755537860,4689355,transaction,cba,null,2026/2/26,157.5,Direct Debit,debit,Non SACC Loans,Beforepay,b6d0a8c6-f386-47da-bad5-982b3966e598,1074.36,Direct Debit 616851 Beforepay 026158 DT.54wq3a MP177107
484225470,2026/5/9 12:42,2420589,1582782,2755538184,4689355,transaction,cba,null,2025/12/20,16.99,null,debit,null,null,e552652a-6739-44f3-b5e5-a4297bf9f4c2,-2466.1,Google Ginger Barangaroo AU AUS Card xx9327 Value Date: 18/12/2025
484225470,2026/5/9 12:42,2420589,1582782,2755537821,4689355,transaction,cba,null,2026/3/4,28.9,null,debit,Automotive,Automotive,addbdb73-2fc3-454f-adfa-25d57481b43f,725.23,DUNNINGS GOOMALLING GOOMALLING AU
484225470,2026/5/9 12:42,2420589,1582782,2755538321,4689355,transaction,cba,null,2025/11/21,2.99,null,debit,null,null,afb26999-8d26-4b9b-8430-ba542bc0fe7e,1407.22,Google Toon Blast Barangaroo AU AUS Card xx9327 Value Date: 19/11/2025
484225470,2026/5/9 12:42,2420589,1582782,2755538311,4689355,transaction,cba,null,2025/11/24,50,null,debit,Non SACC Loans,CBA Loans,e93a4864-c08e-4584-bd1e-f8f7b7c15a7e,959.26,Loan Repayment LN REPAY 785187812
484225470,2026/5/9 12:42,2420589,1582782,2755538191,4689355,transaction,cba,null,2025/12/19,545,Inbound Transfer,credit,Non SACC Loans,MyPayNow,be7eca33-83f2-4fa5-a86f-64990c75ab1c,653.42,Fast Transfer From MyPayNow Advance CT.1mlj1w MyPayNow Advance CT.1mlj1w
484225470,2026/5/9 12:42,2420589,1582782,2755537904,4689355,transaction,cba,null,2026/2/13,1200,Loan Deposits,credit,Non SACC Loans,Wagetap,f43b979c-aa36-4a6d-9196-db29cafe7ece,1510.15,Fast Transfer From Wagetap CT.1pnmzm Wagetap c3d0e730 CT.1pnmzm
484225470,2026/5/9 12:42,2420589,1582782,2755537872,4689355,transaction,cba,null,2026/2/21,29.99,null,debit,null,null,9c8fc2a9-30da-4890-af2b-2e0c4fe4c851,104.02,Google Toon Blast Barangaroo AU AUS Card xx9327 Value Date: 19/02/2026
484225470,2026/5/9 12:42,2420589,1582782,2755537757,4689355,transaction,cba,null,2026/3/18,20.85,null,debit,Automotive,Automotive,d72a5525-6cd0-4039-9a3a-750b92d14b2c,757.9,DUNNINGS GOOMALLING GOOMALLING AU
484225470,2026/5/9 12:42,2420589,1582782,2755537560,4689355,transaction,cba,null,2026/5/7,19.9,null,debit,Groceries,Groceries,d2d4915a-78fe-4019-a8f1-e9371a8ecb46,1365.44,DUNNINGS TOODYAY JUN TOODYAY AU
484225470,2026/5/9 12:42,2420589,1582782,2755537941,4689355,transaction,cba,null,2026/2/5,21.9,null,debit,Automotive,Automotive,3c47de77-1477-45a2-bcce-aa3af8a7062d,578.63,DUNNINGS TOODYAY JUN TOODYAY AU
484225470,2026/5/9 12:42,2420589,1582782,2755538336,4689355,transaction,cba,null,2025/11/18,98,null,debit,Department Stores,Kmart,a4ddb453-35b3-4a9c-9769-9cef2d6c8b4b,189.06,KMART 1052 MIDLAND 06 AUS Card xx9327 Value Date: 14/11/2025
484225470,2026/5/9 12:42,2420589,1582782,2755538249,4689355,transaction,cba,null,2025/12/6,31.99,null,debit,Automotive,BP Stations,821d5c87-5533-4d31-93fc-90d1e614fbd6,-1316.54,BP CUNDERDIN ROADHOU CUNDERDIN WA AUS Card xx9327 Value Date: 03/12/2025
484225470,2026/5/9 12:42,2420589,1582782,2755538015,4689355,transaction,cba,null,2026/1/22,99.99,null,debit,null,null,67a6a370-7b83-47c4-9b85-caf30a6b6ca1,869.41,Google Toon Blast Barangaroo AU AUS Card xx9327 Value Date: 20/01/2026
484225470,2026/5/9 12:42,2420589,1582782,2755538135,4689355,transaction,cba,null,2026/1/1,2.99,null,debit,null,null,c67e122d-4eb0-4a4e-a6c9-d4d171dd29ef,1411.89,Google Toon Blast Barangaroo AU AUS Card xx9327 Value Date: 30/12/2025
484225470,2026/5/9 12:42,2420589,1582782,2755537702,4689355,transaction,cba,null,2026/3/31,59.99,null,debit,null,null,63e0c49d-f017-4a55-a3c9-be9c72854025,1479.75,Google Toon Blast Barangaroo AU AUS Card xx9327 Value Date: 28/03/2026
484225470,2026/5/9 12:42,2420589,1582782,2755538035,4689355,transaction,cba,null,2026/1/20,20.08,null,debit,Non SACC Loans,Afterpay,280716bb-6d33-49f9-9880-65256b1a6ca0,1576.15,Afterpay afterpay.com AU AUS Card xx9327 Value Date: 19/01/2026
484225470,2026/5/9 12:42,2420589,1582782,2755538303,4689355,transaction,cba,null,2025/11/25,182.18,null,debit,Groceries,Woolworths,5ab34679-2696-409e-8037-b09e921d17dc,578.13,WOOLWORTHS 4326 NORTHAM WA AUS Card xx9327 Value Date: 21/11/2025
484225470,2026/5/9 12:42,2420589,1582782,2755538241,4689355,transaction,cba,null,2025/12/8,301.87,null,debit,Groceries,Woolworths,ed904e14-88af-4546-be93-fd2d5f578947,467.66,WOOLWORTHS 4326 NORTHAM WA AU Cash Out $150.00 Purchase $151.87
484225470,2026/5/9 12:42,2420589,1582782,2755537568,4689355,transaction,cba,null,2026/5/5,29.99,null,debit,null,null,28b0fc8a-0514-4e1b-85ce-5eb605a15266,57.11,Google Toon Blast Barangaroo AU AUS Card xx9327 Value Date: 01/05/2026
484225470,2026/5/9 12:42,2420589,1582782,2755537687,4689355,transaction,cba,null,2026/4/3,59.99,null,debit,null,null,b917217d-0d6b-4fc0-b6e6-16b5317a9e7f,789.9,Google Toon Blast Barangaroo AU AUS Card xx9327 Value Date: 01/04/2026
484225470,2026/5/9 12:42,2420589,1582782,2755538007,4689355,transaction,cba,null,2026/1/24,49,null,debit,Department Stores,Kmart,54fde357-85d3-4db4-aaae-7e1dfb737f75,514.76,KMART 3341 NORTHAM 06 AUS Card xx9327 Value Date: 22/01/2026
484225470,2026/5/9 12:42,2420589,1582782,2755538234,4689355,transaction,cba,null,2025/12/9,4.99,null,debit,null,null,dd0a1f15-1dda-4015-a2b1-5529ff98fc4a,172.96,Google Toon Blast Barangaroo AU AUS Card xx9327 Value Date: 06/12/2025
484225470,2026/5/9 12:42,2420589,1582782,2755537712,4689355,transaction,cba,null,2026/3/28,36.06,null,debit,Non SACC Loans,Afterpay,8e5a1c17-9402-4337-8971-f0415d63c0dd,-542.03,Afterpay afterpay.com AU AUS Card xx9327 Value Date: 26/03/2026
484225470,2026/5/9 12:42,2420589,1582782,2755538150,4689355,transaction,cba,null,2025/12/30,16.99,null,debit,null,null,2aa03427-2b0b-4e94-971d-20a4b33f8ec3,611.31,Google Ginger Barangaroo AU AUS Card xx9327 Value Date: 25/12/2025
484225470,2026/5/9 12:42,2420589,1582782,2755537663,4689355,transaction,cba,null,2026/4/9,1267.89,null,debit,Non SACC Loans,Wagetap,e931590b-ca04-4b09-aa81-eacea0c4f935,1130.01,PayTo Wagetap Wagetap repayment T-49038c78-f9fb-44d... T-49038c78-f9fb-44dd-a301-bde3e91-2
484225470,2026/5/9 12:42,2420589,1582782,2755538167,4689355,transaction,cba,null,2025/12/23,10.99,null,debit,Non SACC Loans,Afterpay,b01f9571-2273-443d-a92d-221f0dc7842b,1068.62,Afterpay afterpay.com AU AUS Card xx9327 Value Date: 20/12/2025
484225470,2026/5/9 12:42,2420589,1582782,2755537604,4689355,transaction,cba,null,2026/4/25,29.99,null,debit,null,null,2b10a4f2-98db-482a-b14e-d91cb07251eb,949.12,Google Toon Blast Barangaroo AU AUS Card xx9327 Value Date: 23/04/2026
484225470,2026/5/9 12:42,2420589,1582782,2755537719,4689355,transaction,cba,null,2026/3/27,150,null,debit,External Transfers,Funds Transfer,f07fd1aa-a5e6-4030-8aff-1417a3dcb37f,1114.41,Transfer To Brittni Tatham-Smith CommBank App Happy Birthday Addison l...
484225470,2026/5/9 12:42,2420589,1582782,2755537696,4689355,transaction,cba,null,2026/3/31,29.8,null,debit,Automotive,Automotive,7d8762f7-8db2-4cf7-a46f-74c91da472f5,1257,DUNNINGS TOODYAY JUN TOODYAY AU
484225470,2026/5/9 12:42,2420589,1582782,2755538143,4689355,transaction,cba,null,2025/12/31,3214,null,credit,Wages,MAIN ROADS,57eec10c-5a90-4c26-909c-449b8a589d31,3314.96,Salary MAIN ROADS 200926 10071497
484225470,2026/5/9 12:42,2420589,1582782,2755537980,4689355,transaction,cba,null,2026/1/30,12.99,null,debit,null,null,3bf4c315-ffd1-466f-8bfa-bc9d954d5c1c,815.45,Google Toon Blast Barangaroo AU AUS Card xx9327 Value Date: 28/01/2026
484225470,2026/5/9 12:42,2420589,1582782,2755537652,4689355,transaction,cba,null,2026/4/10,300,null,debit,External Transfers,Funds Transfer,68f0b8f8-9285-4959-9aa9-42518d36b6b7,1672.83,Transfer To Heike Fox CommBank App hay
484225470,2026/5/9 12:42,2420589,1582782,2755538021,4689355,transaction,cba,null,2026/1/21,50,Inbound Transfer,credit,External Transfers,CBA Funds Transfer,af72f7c6-5ef2-460e-bc57-c32e6ac44ded,1142.72,Fast Transfer From BRITTNI TATHAM-SMITH Vape
484225470,2026/5/9 12:42,2420589,1582782,2755537896,4689355,transaction,cba,null,2026/2/14,5,Unpaid Fees,debit,Dishonours,null,621c63f0-75c5-45ff-abb9-f475acacced2,648.67,Unpaid Payment Fee Value Date: 13/02/2026
484225470,2026/5/9 12:42,2420589,1582782,2755538153,4689355,transaction,cba,null,2025/12/30,2.99,null,debit,null,null,e218b4ea-b781-4cba-ad2d-75f007330800,673.28,Google Toon Blast Barangaroo AU AUS Card xx9327 Value Date: 28/12/2025
484225470,2026/5/9 12:42,2420589,1582782,2755537875,4689355,transaction,cba,null,2026/2/19,172.41,null,debit,Groceries,Woolworths,e6ba2721-66e4-4c66-aa5b-ddaf6fb6e310,218.65,WOOLWORTHS 4326 NORTHAM WA AUS Card xx9327 Value Date: 17/02/2026
484225470,2026/5/9 12:42,2420589,1582782,2755538138,4689355,transaction,cba,null,2026/1/1,264,null,debit,SACC Loans,Fundo Loans,69236c2c-8b77-4881-a3dc-14fedac49e70,1515.49,LAT*FUNDOLOANS 101818968 101818968
484225470,2026/5/9 12:42,2420589,1582782,2755538190,4689355,transaction,cba,null,2025/12/19,30,null,debit,External Transfers,CBA Funds Transfer,61955ccc-9452-4441-a7a4-0c158766002e,623.42,Transfer To CARMINE D DI SALVIO PayID Phone from CommBank App Jason
484225470,2026/5/9 12:42,2420589,1582782,2755537851,4689355,transaction,cba,null,2026/2/28,2.99,null,debit,null,null,0929ead6-3348-43cb-ad93-c48e3effb354,-493.67,Google Toon Blast Barangaroo AU AUS Card xx9327 Value Date: 26/02/2026
484225470,2026/5/9 12:42,2420589,1582782,2755537741,4689355,transaction,cba,null,2026/3/24,147.87,null,debit,Groceries,Woolworths,7b9d7f49-8c0b-41a2-845b-0c8cc338202d,298.63,WOOLWORTHS 4326 NORTHAM WA AUS Card xx9327 Value Date: 20/03/2026
484225470,2026/5/9 12:42,2420589,1582782,2755538069,4689355,transaction,cba,null,2026/1/14,576.38,Direct Debit,debit,Non SACC Loans,MyPayNow,ff0e3c03-e24e-43f7-9da3-fc59083065df,-443.36,Direct Debit 543958 MyPayNow Payment DT.4z4kql MyPayNow
484225470,2026/5/9 12:42,2420589,1582782,2755538343,4689355,transaction,cba,null,2025/11/18,12,null,debit,Health,Health,231d31e8-91c2-4f6c-9c14-5fcc1dd9d9ef,468.01,St John Subiaco Subiaco WA AUS Card xx9327 Value Date: 14/11/2025
484225470,2026/5/9 12:42,2420589,1582782,2755537940,4689355,transaction,cba,null,2026/2/5,130,null,debit,Pet Care,Pet Care,9d22ea1f-f404-4418-ab2a-3f0c462ad8ed,448.63,NORTHAM FEED & HIRE NORTHAM WA AU
484225470,2026/5/9 12:42,2420589,1582782,2755538296,4689355,transaction,cba,null,2025/11/27,81.7,null,debit,Groceries,Woolworths,a5a7c472-789c-4587-b857-36c11b32808c,375.08,WOOLWORTHS 4326 NORTHAM WA AUS Card xx9327 Value Date: 25/11/2025
484225470,2026/5/9 12:42,2420589,1582782,2755538122,4689355,transaction,cba,null,2026/1/3,16.99,null,debit,null,null,607faa85-1499-41ac-9115-e9d58d404264,-292.01,Google Ginger Barangaroo AU AUS Card xx9327 Value Date: 01/01/2026
484225470,2026/5/9 12:42,2420589,1582782,2755537681,4689355,transaction,cba,null,2026/4/6,29.13,null,debit,Home Improvement,Bunnings Warehouse,094c9a3b-8548-4923-bf83-2c4a20391342,415.55,BUNNINGS MIDLAND 2440 MIDLAND WA AU
484225470,2026/5/9 12:42,2420589,1582782,2755538263,4689355,transaction,cba,null,2025/12/4,132.1,null,debit,Groceries,Woolworths,69cf6ea5-9628-4338-9136-48973f10e50b,3208.33,WOOLWORTHS 4326 NORTHAM WA AUS Card xx9327 Value Date: 02/12/2025
484225470,2026/5/9 12:42,2420589,1582782,2755538281,4689355,transaction,cba,null,2025/12/2,59.99,null,debit,null,null,670dcfb5-de0e-4d8d-b3a8-e5f54dd44274,729.72,Google Toon Blast Barangaroo AU AUS Card xx9327 Value Date: 30/11/2025
484225470,2026/5/9 12:42,2420589,1582782,2755538177,4689355,transaction,cba,null,2025/12/20,789,Direct Debit Reversal,credit,Dishonours,Salt and Lime,cd26fc3b-1fba-4fe5-8812-26e9a881da65,-1977.06,Return 19/12/25 Direct Debit 314011 SALT&LIME PAYWAY4259935306 Value Date: 19/12/2025
484225470,2026/5/9 12:42,2420589,1582782,2755538193,4689355,transaction,cba,null,2025/12/18,5.65,Direct Debit,debit,null,null,43f44ddb-19f2-4bf5-8215-899630aece24,198.98,Direct Debit 613609 2 EZI DT.4vtw56 2 EZI
484225470,2026/5/9 12:42,2420589,1582782,2755537787,4689355,transaction,cba,null,2026/3/12,157.5,Direct Debit,debit,Non SACC Loans,Beforepay,01aa2b9a-463f-420e-a6ab-fa564ca80f6b,1127.4,Direct Debit 616851 Beforepay 026158 DT.56thnz MP177107
484225470,2026/5/9 12:42,2420589,1582782,2755537839,4689355,transaction,cba,null,2026/2/28,15,Overdrawn Fees,debit,Overdrawn,null,b92d1aa1-0899-44c3-acb9-dfea10fc7dbd,1502.37,Overdraw Fee For exceeding available funds on 27 Feb
484225470,2026/5/9 12:42,2420589,1582782,2755537902,4689355,transaction,cba,null,2026/2/13,1134.26,Direct Debit,debit,Non SACC Loans,Wagepay,a2294015-e32f-4b2c-91ee-017bcc7809a9,-464.11,Direct Debit 612057 Wagepay DT.5384gb 14280811
484225470,2026/5/9 12:42,2420589,1582782,2755537797,4689355,transaction,cba,null,2026/3/11,576.76,Direct Debit,debit,Non SACC Loans,MyPayNow,defc8864-8bf5-42ae-869b-ab50d65f0497,123.39,Direct Debit 543958 MyPayNow Payment DT.56mrvv MyPayNow
484225470,2026/5/9 12:42,2420589,1582782,2755538352,4689355,transaction,cba,null,2025/11/15,209.82,null,debit,Groceries,Woolworths,f8ab66ab-198a-4f98-bd1c-773f568477a7,718.27,WOOLWORTHS 4326 NORTHAM WA AU
484225470,2026/5/9 12:42,2420589,1582782,2755538316,4689355,transaction,cba,null,2025/11/22,2268.53,Direct Debit Reversal,credit,Dishonours,Wagepay,1c2ff377-56db-4fcd-94fe-926773701771,514.24,Return 21/11/25 Direct Debit 612057 Wagepay DT.4scqo7 13746120 Value Date: 21/11/2025
484225470,2026/5/9 12:42,2420589,1582782,2755537716,4689355,transaction,cba,null,2026/3/27,1134.26,Direct Debit,debit,Non SACC Loans,Wagepay,3e452f90-d395-466d-937c-7b5921e4c08e,465.15,Direct Debit 612057 Wagepay DT.58x1km 14565262
484225470,2026/5/9 12:42,2420589,1582782,2755538279,4689355,transaction,cba,null,2025/12/2,13.7,null,debit,Dining Out,KFC,b73111cd-c667-449f-81a6-1e6706472ab6,711.03,KFC MUNDARING MUNDARING WA AUS Card xx9327 Value Date: 27/11/2025
484225470,2026/5/9 12:42,2420589,1582782,2755538239,4689355,transaction,cba,null,2025/12/9,50.23,null,debit,Automotive,Automotive,06b5e637-1a4c-4e7a-ad38-511685a03dd2,367.43,ATLAS SAWYERS SAWYERS VALLE AUS Card xx9327 Value Date: 06/12/2025
484225470,2026/5/9 12:42,2420589,1582782,2755537656,4689355,transaction,cba,null,2026/4/10,545,Inbound Transfer,credit,Non SACC Loans,MyPayNow,6903710a-bff9-4983-a950-43ad369e9206,1292.83,Fast Transfer From MyPayNow Advance CT.1ssmcm MyPayNow Advance CT.1ssmcm
484225470,2026/5/9 12:42,2420589,1582782,2755538238,4689355,transaction,cba,null,2025/12/9,143.12,null,debit,Telecommunications,Optus,4b95c231-6a76-4048-93b1-6f07ae1332a7,224.31,Optus Billing MacquariePark NS AUS Card xx9327 Value Date: 06/12/2025
484225470,2026/5/9 12:42,2420589,1582782,2755537883,4689355,transaction,cba,null,2026/2/17,31.72,null,debit,Groceries,IGA,1746c650-e1cf-46d7-9eaf-1553eeba6fc0,600.48,MOORA IGA MOORA WA AUS Card xx9327 Value Date: 12/02/2026
484225470,2026/5/9 12:42,2420589,1582782,2755537580,4689355,transaction,cba,null,2026/4/30,29.85,null,debit,Automotive,Automotive,97757fed-d3ff-4281-80fc-0b7848b1060c,471.08,DUNNINGS TOODYAY JUN TOODYAY AU
484225470,2026/5/9 12:42,2420589,1582782,2755537602,4689355,transaction,cba,null,2026/4/25,2.5,null,debit,Automotive,BP,79b955ff-4471-4941-aa0d-53b7fe7d2031,803.5,BP THE LAKES 1903 CHIDLOW AU
484225470,2026/5/9 12:42,2420589,1582782,2755538041,4689355,transaction,cba,null,2026/1/17,1134.26,Direct Debit Reversal,credit,Dishonours,Wagepay,2633ca82-af26-4501-8a4d-94fd9991f5a8,186.23,Return 16/01/26 Direct Debit 612057 Wagepay DT.4zhzly 14100642 Value Date: 16/01/2026
484225470,2026/5/9 12:42,2420589,1582782,2755537894,4689355,transaction,cba,null,2026/2/14,65.98,null,debit,Pet Care,Pet Care,b1515dfb-6d76-4a73-9267-ac115c6fe2a3,1032.69,PETBARN MIDLAND WA AU
484225470,2026/5/9 12:42,2420589,1582782,2755538275,4689355,transaction,cba,null,2025/12/2,14.95,null,debit,Groceries,Groceries,cd6f62fb-7549-401a-a937-4876ece62538,1259.19,DUN DIRECT PTY LTD WONGAN HILLS AU
484225470,2026/5/9 12:42,2420589,1582782,2755537914,4689355,transaction,cba,null,2026/2/12,1269.46,null,debit,Non SACC Loans,Wagetap,ffae0219-c40d-45f9-9278-7b711323aa54,529.15,PayTo Wagetap Wagetap repayment T-1cb10eaf-fae1-473... T-1cb10eaf-fae1-473e-8c2d-3a226d1-2
484225470,2026/5/9 12:42,2420589,1582782,2755537776,4689355,transaction,cba,null,2026/3/14,22.5,null,debit,Automotive,Puma Energy,037a957c-f139-47fb-9e13-09b4a6dab5ff,-843.19,PUMA YORK ROADHOUSE YORK WA AUS Card xx9327 Value Date: 12/03/2026
484225470,2026/5/9 12:42,2420589,1582782,2755537856,4689355,transaction,cba,null,2026/2/27,1134.26,Direct Debit,debit,Non SACC Loans,Wagepay,75fe55c2-13b8-4166-ad4e-9bb9d453c136,460.3,Direct Debit 612057 Wagepay DT.553a5r 14374737
484225470,2026/5/9 12:42,2420589,1582782,2755538103,4689355,transaction,cba,null,2026/1/6,102.01,null,debit,Automotive,Automotive,6d38d302-909b-480e-a79e-50df810cab3d,795.2,ATLAS SAWYERS SAWYERS VALLE AUS Card xx9327 Value Date: 02/01/2026
484225470,2026/5/9 12:42,2420589,1582782,2755538229,4689355,transaction,cba,null,2025/12/10,28.99,null,debit,Subscription TV,Netflix,aec11a7d-3ba5-4a40-be98-b518064e628d,714.98,NETFLIX.COM Melbourne AU AUS Card xx9327 Value Date: 09/12/2025
484225470,2026/5/9 12:42,2420589,1582782,2755537800,4689355,transaction,cba,null,2026/3/11,18.61,null,debit,Health,Health,35f68f97-d3fb-4e80-b66f-d3091995555e,388.29,MIDOC.COM.AU
484225470,2026/5/9 12:42,2420589,1582782,2755537758,4689355,transaction,cba,null,2026/3/18,30,null,debit,External Transfers,CBA Funds Transfer,2fd2885a-6aca-4076-8136-41e3700278fe,778.75,Transfer To CARMINE D DI SALVIO PayID Phone from CommBank App Jason
484225470,2026/5/9 12:42,2420589,1582782,2755538026,4689355,transaction,cba,null,2026/1/21,14.82,null,debit,Non SACC Loans,Afterpay,b32bef9d-ddcb-41c6-a04d-f719bc1cc5c6,1173.96,Afterpay afterpay.com AU AUS Card xx9327 Value Date: 19/01/2026
484225470,2026/5/9 12:42,2420589,1582782,2755537751,4689355,transaction,cba,null,2026/3/19,157.5,null,debit,Non SACC Loans,Beforepay,784e41fd-60df-416f-9cff-9a893894db8a,387.62,Transfer To Beforepay CommBank App 1993743
484225470,2026/5/9 12:42,2420589,1582782,2755537923,4689355,transaction,cba,null,2026/2/11,59.99,null,debit,null,null,ef72ed19-7979-4ab4-b9ac-6dfd2199d597,673.51,Google Toon Blast Barangaroo AU AUS Card xx9327 Value Date: 09/02/2026
484225470,2026/5/9 12:42,2420589,1582782,2755538075,4689355,transaction,cba,null,2026/1/13,29.99,null,debit,null,null,8a19a16f-777f-4ea6-a961-d547bc701c80,354.53,Google Toon Blast Barangaroo AU AUS Card xx9327 Value Date: 10/01/2026
484225470,2026/5/9 12:42,2420589,1582782,2755538304,4689355,transaction,cba,null,2025/11/25,59.99,null,debit,null,null,0d4920dc-01db-4f01-bc35-1aad350a733b,760.31,Google Toon Blast Barangaroo AU AUS Card xx9327 Value Date: 22/11/2025
484225470,2026/5/9 12:42,2420589,1582782,2755537926,4689355,transaction,cba,null,2026/2/10,15.99,null,debit,null,null,d2706131-795a-4cf8-8ac8-dcb4b17a4695,982.11,Spotify P3F142E9DC Sydney AU AUS Card xx9327 Value Date: 06/02/2026
484225470,2026/5/9 12:42,2420589,1582782,2755538309,4689355,transaction,cba,null,2025/11/25,29.05,null,debit,Automotive,Puma Energy,e697d56f-3708-4ca2-a619-3b35bf56197d,910.26,PUMA YORK ROADHOUSE YORK WA AUS Card xx9327 Value Date: 23/11/2025
484225470,2026/5/9 12:42,2420589,1582782,2755537916,4689355,transaction,cba,null,2026/2/12,70.66,null,debit,Groceries,Woolworths,7444f502-369a-4341-9921-ae7a2b0fcfaa,1820.51,WOOLWORTHS 4326 NORTHAM WA AUS Card xx9327 Value Date: 10/02/2026
484225470,2026/5/9 12:42,2420589,1582782,2755538216,4689355,transaction,cba,null,2025/12/13,59.99,null,debit,null,null,0898cee1-4f98-42d2-855f-1144d53a6fbe,286.58,Google Toon Blast Barangaroo AU AUS Card xx9327 Value Date: 11/12/2025
484225470,2026/5/9 12:42,2420589,1582782,2755537621,4689355,transaction,cba,null,2026/4/23,1270.25,null,debit,Non SACC Loans,Wagetap,b7c46805-5f2f-4e08-9663-0f8723633422,1697.7,PayTo Wagetap Wagetap repayment T-b86cbcec-1879-489... T-b86cbcec-1879-4895-9aec-4f6d3ab-2
484225470,2026/5/9 12:42,2420589,1582782,2755537891,4689355,transaction,cba,null,2026/2/17,52.01,null,debit,Automotive,Automotive,d76f4142-5410-4181-a876-038cf540c9dc,779.68,ATLAS SAWYERS SAWYERS VALLE AUS Card xx9327 Value Date: 14/02/2026
484225470,2026/5/9 12:42,2420589,1582782,2755538205,4689355,transaction,cba,null,2025/12/16,48.87,Returned Loan Repayments,credit,Dishonours,CBA Loans,45afa4ce-6ae7-493f-a20f-b6afcc6c27e0,41.32,Return 15/12/25 Loan Repayment LN REPAY 785187812 Value Date: 15/12/2025
484225470,2026/5/9 12:42,2420589,1582782,2755538110,4689355,transaction,cba,null,2026/1/3,545,Inbound Transfer,credit,Non SACC Loans,MyPayNow,a1e85f1e-e2d7-458f-a192-8d46d2086f5b,1241.27,Fast Transfer From MyPayNow Advance CT.1ne6u7 MyPayNow Advance CT.1ne6u7
484225470,2026/5/9 12:42,2420589,1582782,2755538215,4689355,transaction,cba,null,2025/12/13,11.5,null,debit,Department Stores,Kmart,566f7af1-0f48-4569-967c-917dfdcaa892,275.08,KMART 1052 MIDLAND AU
484225470,2026/5/9 12:42,2420589,1582782,2755537640,4689355,transaction,cba,null,2026/4/14,14.99,null,debit,null,null,7ef006b8-56ae-4e03-a77c-27572f5a40fe,126.49,Google Toon Blast Barangaroo AU AUS Card xx9327 Value Date: 11/04/2026
484225470,2026/5/9 12:42,2420589,1582782,2755537928,4689355,transaction,cba,null,2026/2/10,7.99,null,debit,null,null,c3dcb258-37ff-4e22-adfb-31ecbf94f06d,1003.09,Google Toon Blast Barangaroo AU AUS Card xx9327 Value Date: 07/02/2026
484225470,2026/5/9 12:42,2420589,1582782,2755538338,4689355,transaction,cba,null,2025/11/18,29.99,null,debit,null,null,cf303371-e362-4556-b318-925540e9e0d1,295.06,Google Toon Blast Barangaroo AU AUS Card xx9327 Value Date: 14/11/2025
484225470,2026/5/9 12:42,2420589,1582782,2755537571,4689355,transaction,cba,null,2026/5/5,22.5,null,debit,Automotive,Puma Energy,bad6a561-b64f-4f9b-8f16-7d6620b35154,148.06,PUMA YORK ROADHOUSE YORK WA AUS Card xx9327 Value Date: 01/05/2026
484225470,2026/5/9 12:42,2420589,1582782,2755537556,4689355,transaction,cba,null,2026/5/7,84.48,Direct Debit,debit,Non SACC Loans,Credit Corp Loan,8592c573-dd1d-498e-9be1-1d3c49a4388f,1162.4,Direct Debit 421650 Credit Corp Fina 1000066463 PUP
484225470,2026/5/9 12:42,2420589,1582782,2755538287,4689355,transaction,cba,null,2025/12/1,0.53,Overdrawn Fees,debit,Overdrawn,null,c2a25628-0520-4958-8819-c5859263e489,1030.15,Debit Excess Interest
484225470,2026/5/9 12:42,2420589,1582782,2755538131,4689355,transaction,cba,null,2026/1/1,50,null,debit,External Transfers,Funds Transfer,a7ee4756-f4af-4e5f-9463-5765338c0344,1289.74,Transfer To Brittni Tatham-Smith CommBank App Dad
484225470,2026/5/9 12:42,2420589,1582782,2755538157,4689355,transaction,cba,null,2025/12/24,80.98,null,debit,Retail,Retail,25a5bac9-026c-48c2-b8f0-e5e5621970e6,681.77,THINGZ GIFTS NORTHAM AU
484225470,2026/5/9 12:42,2420589,1582782,2755538133,4689355,transaction,cba,null,2026/1/1,39.66,null,debit,Health,Health,a5dcf61f-2f6a-4d16-9efe-df3c52dc9910,1349.73,STEWART'S SAVEMOR PH NORTHAM WA AUS Card xx9327 Value Date: 29/12/2025
484225470,2026/5/9 12:42,2420589,1582782,2755537825,4689355,transaction,cba,null,2026/3/3,60,null,debit,External Transfers,CBA Funds Transfer,5cebb242-b530-4253-ba05-3a1373f25bac,830.91,Transfer To CARMINE D DI SALVIO PayID Phone from CommBank App Jason 2 Vapes
484225470,2026/5/9 12:42,2420589,1582782,2755537913,4689355,transaction,cba,null,2026/2/12,3.9,null,debit,Dining Out,McDonald's,3c0e2ff4-5998-4bb0-8583-c7f3e45493b8,525.25,MCDONALDS NORTHAM NORTHAM WA AU
484225470,2026/5/9 12:42,2420589,1582782,2755538068,4689355,transaction,cba,null,2026/1/14,79.84,Direct Debit,debit,Non SACC Loans,Humm,4f8cccb6-db50-44db-8257-a28623e638bf,-523.2,Direct Debit 125202 humm BNPL E00000001806243301
484225470,2026/5/9 12:42,2420589,1582782,2755537829,4689355,transaction,cba,null,2026/3/3,48.65,null,debit,Health,Health,b77765dc-85db-4c4d-8938-3cb7133f5a40,1147.52,STEWART'S SAVEMOR PH NORTHAM WA AUS Card xx9327 Value Date: 26/02/2026
484225470,2026/5/9 12:42,2420589,1582782,2755537744,4689355,transaction,cba,null,2026/3/24,59.99,null,debit,null,null,2896bb7b-fe09-4e66-a81b-a2e713f78a9d,459.48,Google Toon Blast Barangaroo AU AUS Card xx9327 Value Date: 20/03/2026
484225470,2026/5/9 12:42,2420589,1582782,2755537801,4689355,transaction,cba,null,2026/3/11,130.15,null,debit,Groceries,Woolworths,619e9b9a-33bd-43d3-b91b-ed759d901365,406.9,WOOLWORTHS 4326 NORTHAM WA AUS Card xx9327 Value Date: 09/03/2026
484225470,2026/5/9 12:42,2420589,1582782,2755537889,4689355,transaction,cba,null,2026/2/17,10.07,null,debit,Non SACC Loans,Afterpay,f5f8a385-4382-45cb-bbbd-19ca3bb89c40,755.14,Afterpay afterpay.com AU AUS Card xx9327 Value Date: 16/02/2026
484225470,2026/5/9 12:42,2420589,1582782,2755537546,4689355,transaction,cba,null,2026/5/9,59.99,null,debit,null,null,e9a006b7-4414-411a-9dee-4fff6d85ee35,995.81,Google Toon Blast Barangaroo AU AUS Card xx9327 Value Date: 07/05/2026
484225470,2026/5/9 12:42,2420589,1582782,2755538127,4689355,transaction,cba,null,2026/1/2,315,Direct Debit,debit,Non SACC Loans,Beforepay,a396361d-ac3b-442c-94e2-13a5d28ed17d,618.19,Direct Debit 616851 Beforepay 202697 DT.4xo10u MP176643
484225470,2026/5/9 12:42,2420589,1582782,2755537911,4689355,transaction,cba,null,2026/2/12,420,Direct Debit,debit,Non SACC Loans,Beforepay,12852a4f-d3b8-42e4-b6b5-0717b446bcb1,14.69,Direct Debit 616851 Beforepay 261512 DT.531j9d MP176887
484225470,2026/5/9 12:42,2420589,1582782,2755538207,4689355,transaction,cba,null,2025/12/16,59.99,null,debit,null,null,355c6eb9-a74e-42cb-b94e-99dca7606dbb,52.44,Google Toon Blast Barangaroo AU AUS Card xx9327 Value Date: 12/12/2025
484225470,2026/5/9 12:42,2420589,1582782,2755537835,4689355,transaction,cba,null,2026/3/3,59.99,null,debit,null,null,1491fd87-9f4a-4ab3-bd8f-98966136f602,1332.12,Google Toon Blast Barangaroo AU AUS Card xx9327 Value Date: 01/03/2026
484225470,2026/5/9 12:42,2420589,1582782,2755537845,4689355,transaction,cba,null,2026/2/28,2.99,null,debit,null,null,d02d2b08-b324-45f9-a3f4-f9009ce859f5,-675.63,Google Toon Blast Barangaroo AU AUS Card xx9327 Value Date: 26/02/2026
484225470,2026/5/9 12:42,2420589,1582782,2755537935,4689355,transaction,cba,null,2026/2/7,16.99,null,debit,null,null,41879669-278f-4482-b41e-e2507e9aae7a,862.75,Google Ginger Barangaroo AU AUS Card xx9327 Value Date: 05/02/2026
484225470,2026/5/9 12:42,2420589,1582782,2755537691,4689355,transaction,cba,null,2026/4/1,34.63,null,debit,Groceries,Groceries,58ea473b-7062-467f-82d8-8b99ace76be2,1058.07,QUINS GOURMET BUTCH NORTHAM AU
484225470,2026/5/9 12:42,2420589,1582782,2755538231,4689355,transaction,cba,null,2025/12/9,60,Inbound Transfer,credit,External Transfers,CBA Funds Transfer,ce22ffd6-b010-4ca7-af61-0abecae22e5f,198.97,Fast Transfer From HEIKE FOX Cat grass sticks
484225470,2026/5/9 12:42,2420589,1582782,2755537864,4689355,transaction,cba,null,2026/2/26,1270.25,null,debit,Non SACC Loans,Wagetap,d74dd673-dc65-4306-a10d-d25c4e192260,1343.07,PayTo Wagetap Wagetap repayment T-c3d0e730-2547-4ab... T-c3d0e730-2547-4ab1-abab-a021caf-2
484225470,2026/5/9 12:42,2420589,1582782,2755538029,4689355,transaction,cba,null,2026/1/20,30.1,null,debit,Dining Out,McDonald's,549ae476-f44c-4321-8ff7-6a89383a89f5,1318.41,MCDONALDS NORTHAM NORTHAM WA AU
484225470,2026/5/9 12:42,2420589,1582782,2755538202,4689355,transaction,cba,null,2025/12/17,575.26,Direct Debit,debit,Non SACC Loans,MyPayNow,df8449bd-48b1-4a5c-88ad-7b99b378161a,-548.93,Direct Debit 543958 MyPayNow Payment DT.4vnaq2 MyPayNow
484225470,2026/5/9 12:42,2420589,1582782,2755537811,4689355,transaction,cba,null,2026/3/9,500,null,debit,Utilities,Miscellaneous Utilities,3697dac7-d4ee-43fc-8047-3ef11173d27c,850.71,Transfer To Heike Fox CommBank App power and water
484225470,2026/5/9 12:42,2420589,1582782,2755537921,4689355,transaction,cba,null,2026/2/11,143.12,null,debit,Telecommunications,Optus,3391ef8a-b23d-4304-8110-04eae0f35603,507.89,Optus Billing MacquariePark NS AUS Card xx9327 Value Date: 09/02/2026
484225470,2026/5/9 12:42,2420589,1582782,2755537618,4689355,transaction,cba,null,2026/4/23,1134.27,null,debit,Non SACC Loans,Wagepay,7907db23-3f1f-41d7-afe9-de79f4e779c5,514.63,PayTo Wagepay SPV1 Pty Ltd TRADE20260423180457347195645684453 884543
484225470,2026/5/9 12:42,2420589,1582782,2755537664,4689355,transaction,cba,null,2026/4/9,100,null,debit,null,null,b859cfc7-84e7-41cb-9dfd-b410bb2e7671,2397.9,SHIRE OF YORK NetBank BPAY 268508 1000033210 A3321
484225470,2026/5/9 12:42,2420589,1582782,2755538119,4689355,transaction,cba,null,2026/1/3,59.99,null,debit,null,null,3748ef96-5d9e-41cd-bbc0-7e4c8ca1bb23,-425.07,Google Toon Blast Barangaroo AU AUS Card xx9327 Value Date: 01/01/2026
484225470,2026/5/9 12:42,2420589,1582782,2755537735,4689355,transaction,cba,null,2026/3/26,29.99,null,debit,null,null,dee7242b-6341-41cc-9324-d43ad0495ef1,3124.22,Google Toon Blast Barangaroo AU AUS Card xx9327 Value Date: 24/03/2026
484225470,2026/5/9 12:42,2420589,1582782,2755538259,4689355,transaction,cba,null,2025/12/4,90.56,Direct Debit,debit,Non SACC Loans,Credit Corp Loan,a751ad86-f138-4094-b20c-24b70d11e1a3,1788.46,Direct Debit 421650 Credit Corp Fina 14816747 CCC
484225470,2026/5/9 12:42,2420589,1582782,2755537861,4689355,transaction,cba,null,2026/2/26,5.65,Direct Debit,debit,null,null,9c21a7fc-0714-498a-b797-c45d761bf7ca,1231.86,Direct Debit 613609 2 EZI DT.54wpzy 2 EZI
484225470,2026/5/9 12:42,2420589,1582782,2755537762,4689355,transaction,cba,null,2026/3/17,169.56,null,debit,Groceries,Woolworths,1c51d4d8-c92c-4024-82d7-7566cac7729f,849.9,WOOLWORTHS 4326 NORTHAM WA AUS Card xx9327 Value Date: 13/03/2026
484225470,2026/5/9 12:42,2420589,1582782,2755537717,4689355,transaction,cba,null,2026/3/27,60,null,debit,External Transfers,CBA Funds Transfer,41eb7367-b3b5-4d23-99ee-944ed92f2060,1599.41,Transfer To CARMINE D DI SALVIO PayID Phone from CommBank App Jason
484225470,2026/5/9 12:42,2420589,1582782,2755537661,4689355,transaction,cba,null,2026/4/9,84.48,Direct Debit,debit,Non SACC Loans,Credit Corp Loan,8a6ce343-2e5f-4dfd-9387-03bd6071131d,1030.53,Direct Debit 421650 Credit Corp Fina 1000066463 PUP
484225470,2026/5/9 12:42,2420589,1582782,2755537870,4689355,transaction,cba,null,2026/2/24,2.99,null,debit,null,null,089fab6f-e58b-49cf-9831-74ce753d2706,26.73,Google Toon Blast Barangaroo AU AUS Card xx9327 Value Date: 20/02/2026
484225470,2026/5/9 12:42,2420589,1582782,2755538317,4689355,transaction,cba,null,2025/11/22,88.99,null,debit,Groceries,Groceries,86a56529-0317-46f0-a87f-21323a04e043,-1754.29,FRESH TRADING CO. OPS Malabaine WA AUS Card xx9327 Value Date: 20/11/2025
484225470,2026/5/9 12:42,2420589,1582782,2755538147,4689355,transaction,cba,null,2025/12/30,20,null,debit,Automotive,Miscellaneous Petrol Stations,7308163a-9714-4e11-be04-c5c42685a697,471.33,GREAT SOUTHERN FUELS NORTHAM AUS Card xx9327 Value Date: 24/12/2025
484225470,2026/5/9 12:42,2420589,1582782,2755537720,4689355,transaction,cba,null,2026/3/27,19.9,null,debit,Groceries,Groceries,7da86b34-dcf2-4a7d-b1dc-2f27c6ec14f1,1264.41,DUNNINGS TOODYAY JUN TOODYAY AU
484225470,2026/5/9 12:42,2420589,1582782,2755537820,4689355,transaction,cba,null,2026/3/4,8,Direct Debit,debit,Non SACC Loans,Humm,a60d1c17-d459-42ee-8460-b01a92482174,717.23,Direct Debit 125202 humm BNPL A00000001914541591
484225470,2026/5/9 12:42,2420589,1582782,2755537562,4689355,transaction,cba,null,2026/5/7,100,null,debit,null,null,db804bb2-706f-41a7-88e6-eeb8ccf94850,2656.38,SHIRE OF YORK NetBank BPAY 268508 1000033210 A3321
484225470,2026/5/9 12:42,2420589,1582782,2755537557,4689355,transaction,cba,null,2026/5/7,90.56,Direct Debit,debit,Non SACC Loans,Credit Corp Loan,456f416e-0989-415b-81db-7843b8aaedfa,1246.88,Direct Debit 421650 Credit Corp Fina 14816747 CCC
484225470,2026/5/9 12:42,2420589,1582782,2755538277,4689355,transaction,cba,null,2025/12/2,21.9,null,debit,Automotive,Automotive,834720d9-ad61-4157-8259-c45e060a37ac,674.14,DUNNINGS TOODYAY JUN TOODYAY AU
484225470,2026/5/9 12:42,2420589,1582782,2755537810,4689355,transaction,cba,null,2026/3/10,50,Inbound Transfer,credit,External Transfers,CBA Funds Transfer,b0541eb8-1d1d-4b81-8d25-cc9b9938b1f4,900.71,Fast Transfer From BRITTNI TATHAM-SMITH payback
484225470,2026/5/9 12:42,2420589,1582782,2755537608,4689355,transaction,cba,null,2026/4/24,789,Direct Debit,debit,Non SACC Loans,Salt and Lime,0ac0fd8f-bec7-4576-aa89-1bd6c2b6e129,1073.6,Direct Debit 314011 SALT&LIME PAYWAY4370353846
484225470,2026/5/9 12:42,2420589,1582782,2755537897,4689355,transaction,cba,null,2026/2/14,1134.26,Direct Debit Reversal,credit,Dishonours,Wagepay,9776a020-5d7e-4be4-9824-6bc6e5e507cc,653.67,Return 13/02/26 Direct Debit 612057 Wagepay DT.5384gb 14280811 Value Date: 13/02/2026
484225470,2026/5/9 12:42,2420589,1582782,2755537745,4689355,transaction,cba,null,2026/3/21,22.46,null,debit,Automotive,Miscellaneous Petrol Stations,eabaff88-b6c4-4a78-899a-867ddce97f33,519.47,GREAT SOUTHERN FUELS NORTHAM AUS Card xx9327 Value Date: 19/03/2026
484225470,2026/5/9 12:42,2420589,1582782,2755538272,4689355,transaction,cba,null,2025/12/3,14.99,null,debit,null,null,72f26127-88f9-49af-96a9-326c348c2676,574.2,Google Toon Blast Barangaroo AU AUS Card xx9327 Value Date: 01/12/2025
484225470,2026/5/9 12:42,2420589,1582782,2755538073,4689355,transaction,cba,null,2026/1/13,28.99,null,debit,Subscription TV,Netflix,2b8745cf-e123-49ab-bd5e-7612934dffec,300.14,NETFLIX.COM Melbourne AU AUS Card xx9327 Value Date: 10/01/2026
484225470,2026/5/9 12:42,2420589,1582782,2755537559,4689355,transaction,cba,null,2026/5/7,13,null,debit,Groceries,Groceries,551d7043-b595-41f1-8320-4ffb77543161,1352.44,DUN DIRECT PTY LTD WONGAN HILLS AU
484225470,2026/5/9 12:42,2420589,1582782,2755538305,4689355,transaction,cba,null,2025/11/25,7.99,null,debit,null,null,f5033040-b693-468f-ab69-1c9f8b10abdf,820.3,Google Toon Blast Barangaroo AU AUS Card xx9327 Value Date: 22/11/2025
484225470,2026/5/9 12:42,2420589,1582782,2755538348,4689355,transaction,cba,null,2025/11/18,20,Inbound Transfer,credit,External Transfers,CBA Funds Transfer,2d3c5301-0b20-4046-8510-e147c0c51d9b,627.97,Fast Transfer From BRITTNI TATHAM-SMITH payback thx
484225470,2026/5/9 12:42,2420589,1582782,2755537730,4689355,transaction,cba,null,2026/3/26,100,null,debit,null,null,8ea966a8-ee55-42d8-b844-deb00d5abbdf,2958.75,SHIRE OF YORK NetBank BPAY 268508 1000033210 A3321
484225470,2026/5/9 12:42,2420589,1582782,2755538345,4689355,transaction,cba,null,2025/11/18,16.99,null,debit,null,null,244b0f1f-6c47-49c4-a379-39e9a7c83e3b,498.61,Google Ginger Barangaroo AU AUS Card xx9327 Value Date: 16/11/2025
484225470,2026/5/9 12:42,2420589,1582782,2755538337,4689355,transaction,cba,null,2025/11/18,8,null,debit,Health,Health,1461f6be-b9cb-4e13-aa71-198b4012c0a6,287.06,ST JOHN OF GOD SUBIACO SUBIACO WA AUS Card xx9327 Value Date: 14/11/2025
484225470,2026/5/9 12:42,2420589,1582782,2755537848,4689355,transaction,cba,null,2026/2/28,133.74,null,debit,null,null,de41580b-9f61-47d4-a51f-2c260c819214,-652.9,eBay O*16-14280-79571 Sydney AU AUS Card xx9327 Value Date: 26/02/2026
484225470,2026/5/9 12:42,2420589,1582782,2755538151,4689355,transaction,cba,null,2025/12/30,14.99,null,debit,null,null,45d8cfdb-45d7-4bf1-940e-e8bec9471395,628.3,Google Toon Blast Barangaroo AU AUS Card xx9327 Value Date: 25/12/2025
484225470,2026/5/9 12:42,2420589,1582782,2755538271,4689355,transaction,cba,null,2025/12/3,22.5,null,debit,Automotive,Puma Energy,03228a93-3852-43a0-9b53-a93670105615,551.7,PUMA YORK ROADHOUSE YORK WA AUS Card xx9327 Value Date: 01/12/2025
484225470,2026/5/9 12:42,2420589,1582782,2755538031,4689355,transaction,cba,null,2026/1/20,47.76,null,debit,Health,Health,47a36ac4-38ed-47e1-ab8e-7c40c93e2fd7,1447.51,STEWART'S SAVEMOR PH NORTHAM WA AUS Card xx9327 Value Date: 15/01/2026
484225470,2026/5/9 12:42,2420589,1582782,2755538294,4689355,transaction,cba,null,2025/11/27,76.76,null,debit,Retail,Office Supply Stores,3ce20a9d-8b33-4cd9-ac90-8e5eb9e607b6,281.64,OFFICEWORKS 0608 MIDLAND AU
484225470,2026/5/9 12:42,2420589,1582782,2755537678,4689355,transaction,cba,null,2026/4/8,2.99,null,debit,null,null,297830c6-4b13-4b8d-bfcd-8c61af6cf7f0,350.31,Google Toon Blast Barangaroo AU AUS Card xx9327 Value Date: 06/04/2026
484225470,2026/5/9 12:42,2420589,1582782,2755537628,4689355,transaction,cba,null,2026/4/21,46.06,null,debit,Non SACC Loans,Afterpay,076abb96-1f6c-4e10-b494-9a5ab1a96b97,334.72,Afterpay afterpay.com AU AUS Card xx9327 Value Date: 18/04/2026
484225470,2026/5/9 12:42,2420589,1582782,2755538359,4689355,transaction,cba,null,2025/11/14,123.75,null,debit,Health,Health,987edd70-35e1-460c-aa82-b9c5bace6fe6,485.25,THE TRUSTEE FOR LIM NORTHAM WA AUS Card xx9327 Value Date: 12/11/2025
484225470,2026/5/9 12:42,2420589,1582782,2755538278,4689355,transaction,cba,null,2025/12/2,14.99,null,debit,null,null,f012ff28-9a4f-46b9-b2e3-615758cdf53d,696.04,Google Toon Blast Barangaroo AU AUS Card xx9327 Value Date: 28/11/2025
484225470,2026/5/9 12:42,2420589,1582782,2755538365,4689355,transaction,cba,null,2025/11/12,128.09,null,debit,Groceries,Woolworths,0614f705-4f1e-4fa1-a51e-715146d7b15c,689.84,WOOLWORTHS 4326 NORTHAM WA AUS Card xx9327 Value Date: 10/11/2025
484225470,2026/5/9 12:42,2420589,1582782,2755538053,4689355,transaction,cba,null,2026/1/16,25,null,debit,Automotive,BP Stations,5879eb28-6e5c-4a4d-bd17-c0726d1ed42a,1809.28,BP CUNDERDIN ROADHOU CUNDERDIN WA AUS Card xx9327 Value Date: 14/01/2026
484225470,2026/5/9 12:42,2420589,1582782,2755538136,4689355,transaction,cba,null,2026/1/1,100,null,debit,null,null,94344a72-7f43-4bc1-8bd6-d572658d04e0,1414.88,SHIRE OF YORK NetBank BPAY 268508 1000033210 A3321
484225470,2026/5/9 12:42,2420589,1582782,2755538149,4689355,transaction,cba,null,2025/12/30,59.99,null,debit,null,null,dcdfb0b5-30dc-441e-a11d-b9319d28ca43,551.32,Google Toon Blast Barangaroo AU AUS Card xx9327 Value Date: 25/12/2025
484225470,2026/5/9 12:42,2420589,1582782,2755537563,4689355,transaction,cba,null,2026/5/7,3314.01,null,credit,Wages,MAIN ROADS,e8f0c8f0-9d30-4d70-af72-818c7d9db3fe,2756.38,Salary MAIN ROADS 200926 10071497
484225470,2026/5/9 12:42,2420589,1582782,2755538165,4689355,transaction,cba,null,2025/12/23,59.99,null,debit,null,null,c2964782-01e2-4ff6-9e11-caa4d98d2978,996.22,Google Toon Blast Barangaroo AU AUS Card xx9327 Value Date: 20/12/2025
484225470,2026/5/9 12:42,2420589,1582782,2755538152,4689355,transaction,cba,null,2025/12/30,29.99,null,debit,null,null,d3a72685-d618-49a2-b672-5e65865a5222,643.29,Google Toon Blast Barangaroo AU AUS Card xx9327 Value Date: 25/12/2025
484225470,2026/5/9 12:42,2420589,1582782,2755538008,4689355,transaction,cba,null,2026/1/24,38.07,null,debit,Health,Health,614d7d77-7cca-4126-9971-013c8c86dfb6,563.76,STEWART'S SAVEMOR PH NORTHAM WA AUS Card xx9327 Value Date: 21/01/2026
484225470,2026/5/9 12:42,2420589,1582782,2755537788,4689355,transaction,cba,null,2026/3/12,90.56,Direct Debit,debit,Non SACC Loans,Credit Corp Loan,4455a39b-0080-4a24-9cd2-8c4c6cd3af53,1284.9,Direct Debit 421650 Credit Corp Fina 14816747 CCC
484225470,2026/5/9 12:42,2420589,1582782,2755538082,4689355,transaction,cba,null,2026/1/8,25,null,debit,Automotive,BP Stations,fab48b13-c9be-40c3-8682-0859348054db,83.63,BP CUNDERDIN ROADHOU CUNDERDIN WA AUS Card xx9327 Value Date: 05/01/2026
484225470,2026/5/9 12:42,2420589,1582782,2755537795,4689355,transaction,cba,null,2026/3/12,3073.56,null,credit,Wages,MAIN ROADS,34d57163-4758-45b0-a654-268b3ba3c293,3117.19,Salary MAIN ROADS 200926 10071497
484225470,2026/5/9 12:42,2420589,1582782,2755537815,4689355,transaction,cba,null,2026/3/6,21.9,null,debit,Automotive,Automotive,905285e6-cd63-49b1-8372-4ca5a30f70eb,462.56,DUN DIRECT PTY LTD WONGAN HILLS AU
484225470,2026/5/9 12:42,2420589,1582782,2755538342,4689355,transaction,cba,null,2025/11/18,7.99,null,debit,null,null,69be4a0f-095d-4388-bdff-6766079852cc,460.02,Google Toon Blast Barangaroo AU AUS Card xx9327 Value Date: 14/11/2025
484225470,2026/5/9 12:42,2420589,1582782,2755538032,4689355,transaction,cba,null,2026/1/20,26.4,null,debit,Groceries,IGA,12abc30e-ef73-4385-b7ab-3cf0939cbed4,1495.27,MOORA IGA MOORA WA AUS Card xx9327 Value Date: 15/01/2026
484225470,2026/5/9 12:42,2420589,1582782,2755538251,4689355,transaction,cba,null,2025/12/6,114,null,debit,null,null,3e2b0020-5f9b-4416-88a8-4b470ad147b2,-1142.05,eBay O*09-13923-30135 Sydney AU AUS Card xx9327 Value Date: 04/12/2025
484225470,2026/5/9 12:42,2420589,1582782,2755538148,4689355,transaction,cba,null,2025/12/30,59.99,null,debit,null,null,037fd1c4-b32a-4df8-bdde-6de7c5c7d893,491.33,Google Toon Blast Barangaroo AU AUS Card xx9327 Value Date: 25/12/2025
484225470,2026/5/9 12:42,2420589,1582782,2755537724,4689355,transaction,cba,null,2026/3/26,90.56,Direct Debit,debit,Non SACC Loans,Credit Corp Loan,28641247-8961-4d92-b0ed-3c1b1ab5685a,1456.45,Direct Debit 421650 Credit Corp Fina 14816747 CCC
484225470,2026/5/9 12:42,2420589,1582782,2755537876,4689355,transaction,cba,null,2026/2/19,22.5,null,debit,Automotive,Puma Energy,f2b4d555-eb38-403e-959e-32bbcce68e24,391.06,PUMA YORK ROADHOUSE YORK WA AUS Card xx9327 Value Date: 17/02/2026
484225470,2026/5/9 12:42,2420589,1582782,2755537603,4689355,transaction,cba,null,2026/4/25,143.12,null,debit,Telecommunications,Optus,fb11a6aa-4a93-4a8e-9c96-6bd35241b2b1,806,Optus Billing MacquariePark NS AUS Card xx9327 Value Date: 23/04/2026
484225470,2026/5/9 12:42,2420589,1582782,2755538074,4689355,transaction,cba,null,2026/1/13,25.4,null,debit,Dining Out,Miscellaneous Grill and BBQ places,8851f379-b86e-47c1-8b2e-fd86f98ef3d7,329.13,Hong Kong Bbq Midland WA AUS Card xx9327 Value Date: 10/01/2026
484225470,2026/5/9 12:42,2420589,1582782,2755538118,4689355,transaction,cba,null,2026/1/3,14.99,null,debit,null,null,63a3284f-2310-498a-9749-cf364385c777,-440.06,Google Toon Blast Barangaroo AU AUS Card xx9327 Value Date: 01/01/2026
484225470,2026/5/9 12:42,2420589,1582782,2755538156,4689355,transaction,cba,null,2025/12/24,83,null,debit,Pet Care,Pet Care,4c7e3109-81c8-41b7-9e58-8dc8099820da,598.77,NORTHAM FEED & HIRE NORTHAM WA AU
484225470,2026/5/9 12:42,2420589,1582782,2755538019,4689355,transaction,cba,null,2026/1/21,33.89,Refunds,credit,null,null,856e111c-4b53-430d-964e-910c4785eb41,1162.71,Refund Purchase STEWART'S SAVEMOR PH NORTHAM AU
484225470,2026/5/9 12:42,2420589,1582782,2755538274,4689355,transaction,cba,null,2025/12/2,640,ATM with Fee Withdrawals,debit,null,null,37d92b72-e076-488e-8b3c-6fecdaf38532,619.19,Wdl ATM CBA ATM NORTHAM WA 652401 AUS
484225470,2026/5/9 12:42,2420589,1582782,2755537813,4689355,transaction,cba,null,2026/3/7,117.86,null,debit,Automotive,Miscellaneous Petrol Stations,2073b9b4-916d-48ca-9739-c448974b4935,304.71,GREAT SOUTHERN FUELS NORTHAM AUS Card xx9327 Value Date: 05/03/2026
484225470,2026/5/9 12:42,2420589,1582782,2755537791,4689355,transaction,cba,null,2026/3/12,1269.46,null,debit,Non SACC Loans,Wagetap,b3e41711-fbbf-412e-86ac-f54cb73305ba,1595.46,PayTo Wagetap Wagetap repayment T-bebbc68a-2e8a-484... T-bebbc68a-2e8a-484a-b956-710ab3d-2
484225470,2026/5/9 12:42,2420589,1582782,2755538088,4689355,transaction,cba,null,2026/1/7,75,null,debit,Automotive,Miscellaneous Petrol Stations,6d593c4b-c6db-4b20-a9a7-67880f1cb142,149.01,GREAT SOUTHERN FUELS NORTHAM AUS Card xx9327 Value Date: 05/01/2026
484225470,2026/5/9 12:42,2420589,1582782,2755537930,4689355,transaction,cba,null,2026/2/10,28.99,null,debit,Subscription TV,Netflix,7864a7cb-3d9e-4566-abcb-731faf1ba693,1111.07,Netflix.com Melbourne VI AUS Card xx9327 Value Date: 09/02/2026
484225470,2026/5/9 12:42,2420589,1582782,2755538254,4689355,transaction,cba,null,2025/12/5,2268.53,Direct Debit,debit,Non SACC Loans,Wagepay,efc7b900-301e-48a8-bcd7-e16cd6c9bc66,-118.06,Direct Debit 612057 Wagepay DT.4u6mjl 13833568
484225470,2026/5/9 12:42,2420589,1582782,2755537874,4689355,transaction,cba,null,2026/2/20,59.99,null,debit,null,null,b3c60db2-057d-437a-80b8-17d686fa7ab6,158.66,Google Toon Blast Barangaroo AU AUS Card xx9327 Value Date: 18/02/2026
484225470,2026/5/9 12:42,2420589,1582782,2755537729,4689355,transaction,cba,null,2026/3/26,19.9,null,debit,Groceries,Groceries,09834fa0-a5e2-4ead-9723-5247cdabbf17,2938.85,DUNNINGS TOODYAY JUN TOODYAY AU
484225470,2026/5/9 12:42,2420589,1582782,2755537887,4689355,transaction,cba,null,2026/2/17,10.98,null,debit,Non SACC Loans,Afterpay,fcaaef50-0a04-41de-8535-482b17e08a91,727.8,Afterpay afterpay.com AU AUS Card xx9327 Value Date: 16/02/2026
484225470,2026/5/9 12:42,2420589,1582782,2755538221,4689355,transaction,cba,null,2025/12/12,59.99,null,debit,null,null,1f25a2e6-a5d3-409a-bb2f-b8e1308239fb,496.79,Google Toon Blast Barangaroo AU AUS Card xx9327 Value Date: 10/12/2025
484225470,2026/5/9 12:42,2420589,1582782,2755537998,4689355,transaction,cba,null,2026/1/28,25,null,debit,Automotive,BP Stations,eda2ab3c-9ec7-40f6-aeab-afec3eb4ab40,283.21,BP CUNDERDIN ROADHOU CUNDERDIN WA AUS Card xx9327 Value Date: 22/01/2026
484225470,2026/5/9 12:42,2420589,1582782,2755538137,4689355,transaction,cba,null,2026/1/1,0.61,Overdrawn Fees,debit,Overdrawn,null,dc498ccc-fb88-4aa6-99ea-3b8a54019150,1514.88,Debit Excess Interest
484225470,2026/5/9 12:42,2420589,1582782,2755537960,4689355,transaction,cba,null,2026/2/3,11.98,null,debit,Non SACC Loans,Afterpay,a9b5b89b-e756-4e71-afb8-582667fcd588,1367.61,Afterpay afterpay.com AU AUS Card xx9327 Value Date: 02/02/2026
484225470,2026/5/9 12:42,2420589,1582782,2755538306,4689355,transaction,cba,null,2025/11/25,59.99,null,debit,null,null,87ec9f3d-8b3c-432a-8c61-739df1336331,828.29,Google Toon Blast Barangaroo AU AUS Card xx9327 Value Date: 22/11/2025
484225470,2026/5/9 12:42,2420589,1582782,2755538273,4689355,transaction,cba,null,2025/12/2,30,null,debit,External Transfers,Funds Transfer,54cd73d2-e494-46c3-baa6-0f5dde4fa9d7,589.19,Transfer To Brittni Tatham-Smith CommBank App dad
484225470,2026/5/9 12:42,2420589,1582782,2755537686,4689355,transaction,cba,null,2026/4/3,14.99,null,debit,null,null,48ce4ca8-aaea-46f1-812c-02154c99e9be,774.91,Google Toon Blast Barangaroo AU AUS Card xx9327 Value Date: 01/04/2026
484225470,2026/5/9 12:42,2420589,1582782,2755538009,4689355,transaction,cba,null,2026/1/24,16.99,null,debit,null,null,5b46cd66-121d-48c1-9f70-45527f071f08,601.83,Google Ginger Barangaroo AU AUS Card xx9327 Value Date: 22/01/2026
484225470,2026/5/9 12:42,2420589,1582782,2755537675,4689355,transaction,cba,null,2026/4/8,15.99,null,debit,null,null,b54ca52d-ead9-4103-8704-9ee245d81f41,305.52,Spotify P4127D247B Sydney AU AUS Card xx9327 Value Date: 06/04/2026
484225470,2026/5/9 12:42,2420589,1582782,2755538004,4689355,transaction,cba,null,2026/1/27,100,Refunds,credit,null,null,1395f234-db43-494a-8330-d45d7d76a398,538.76,Refund Purchase MEDIHIRE & SALESHYDRA INVBELLEVUE AU
484225470,2026/5/9 12:42,2420589,1582782,2755538206,4689355,transaction,cba,null,2025/12/16,59.99,null,debit,null,null,3ef4af89-fada-4d1d-9f13-b0fdd07975e1,-7.55,Google Toon Blast Barangaroo AU AUS Card xx9327 Value Date: 12/12/2025
484225470,2026/5/9 12:42,2420589,1582782,2755537625,4689355,transaction,cba,null,2026/4/21,121.75,null,debit,Groceries,Woolworths,09d1b2f0-e83e-45ab-8b2b-7e03ad2fa271,19.26,WOOLWORTHS 4326 NORTHAM WA AUS Card xx9327 Value Date: 17/04/2026
484225470,2026/5/9 12:42,2420589,1582782,2755538096,4689355,transaction,cba,null,2026/1/6,10.99,null,debit,Non SACC Loans,Afterpay,dcb15909-33e5-45d1-8a32-cac3404df24b,703.26,Afterpay afterpay.com AU AUS Card xx9327 Value Date: 03/01/2026
484225470,2026/5/9 12:42,2420589,1582782,2755538044,4689355,transaction,cba,null,2026/1/17,59.99,null,debit,null,null,9cabf768-f3f0-4b3e-999c-93359990fb5c,-715.78,Google Toon Blast Barangaroo AU AUS Card xx9327 Value Date: 15/01/2026
484225470,2026/5/9 12:42,2420589,1582782,2755537806,4689355,transaction,cba,null,2026/3/10,9.99,null,debit,null,null,acabdb91-1a0b-43f0-a1c7-d95b68ee4248,734.62,Google Toon Blast Barangaroo AU AUS Card xx9327 Value Date: 07/03/2026
484225470,2026/5/9 12:42,2420589,1582782,2755538288,4689355,transaction,cba,null,2025/11/29,1000,Inbound Transfer,credit,SACC Loans,Fundo Loans,a35da578-2ccf-4bca-959a-05905108953e,1030.68,Fast Transfer From Zepto CT.1lj4gr Fundo Loan Account Disbursal. CT.1lj4gr
484225470,2026/5/9 12:42,2420589,1582782,2755537966,4689355,transaction,cba,null,2026/2/2,8,Direct Debit,debit,Non SACC Loans,Humm,ec1c8f72-ba15-4f06-912b-447c14bfcf12,1410.69,Direct Debit 125202 humm BNPL A00000001912781656
484225470,2026/5/9 12:42,2420589,1582782,2755537666,4689355,transaction,cba,null,2026/4/8,576.76,Direct Debit,debit,Non SACC Loans,MyPayNow,81c019c2-2627-453a-839c-c19ef2f2a5b9,-575.2,Direct Debit 543958 MyPayNow Payment DT.5aebvv MyPayNow
484225470,2026/5/9 12:42,2420589,1582782,2755537852,4689355,transaction,cba,null,2026/2/28,2.99,null,debit,null,null,22218f99-ee3c-4a37-8087-37d1b5b1108f,-490.68,Google Toon Blast Barangaroo AU AUS Card xx9327 Value Date: 26/02/2026
484225470,2026/5/9 12:42,2420589,1582782,2755537846,4689355,transaction,cba,null,2026/2/28,2.99,null,debit,null,null,245495e1-001f-4352-892c-3d07e8936887,-672.64,Google Toon Blast Barangaroo AU AUS Card xx9327 Value Date: 26/02/2026
484225470,2026/5/9 12:42,2420589,1582782,2755537624,4689355,transaction,cba,null,2026/4/22,576.76,Direct Debit,debit,Non SACC Loans,MyPayNow,727e84b0-e656-45a2-9bba-4d1e36b6ffc7,-557.5,Direct Debit 543958 MyPayNow Payment DT.5cex3k MyPayNow
484225470,2026/5/9 12:42,2420589,1582782,2755537695,4689355,transaction,cba,null,2026/3/31,20.95,null,debit,Automotive,Automotive,7123bafb-ec90-4683-9a3f-e1f5f2b5da3e,1236.05,DUNNINGS GOOMALLING GOOMALLING AU
484225470,2026/5/9 12:42,2420589,1582782,2755538301,4689355,transaction,cba,null,2025/11/26,99,null,debit,Automotive,Miscellaneous Petrol Stations,68289016-997f-470c-ac69-1c9a0f0876f0,416.13,GREAT SOUTHERN FUELS NORTHAM AUS Card xx9327 Value Date: 23/11/2025
484225470,2026/5/9 12:42,2420589,1582782,2755537955,4689355,transaction,cba,null,2026/2/3,4.99,null,debit,null,null,873f67ae-2acf-48a5-a545-f8caba046519,1116.61,Google Toon Blast Barangaroo AU AUS Card xx9327 Value Date: 30/01/2026
484225470,2026/5/9 12:42,2420589,1582782,2755538242,4689355,transaction,cba,null,2025/12/6,29.92,null,debit,Home Improvement,Bunnings Warehouse,740b3b15-6294-4c5b-ae68-bd831e7a26aa,769.53,BUNNINGS MIDLAND 2440 MIDLAND WA AU
484225470,2026/5/9 12:42,2420589,1582782,2755537596,4689355,transaction,cba,null,2026/4/28,4.99,null,debit,null,null,8d1855bd-24a6-4145-bd08-ccb567243613,1211.02,Google Toon Blast Barangaroo AU AUS Card xx9327 Value Date: 25/04/2026
484225470,2026/5/9 12:42,2420589,1582782,2755537688,4689355,transaction,cba,null,2026/4/3,29.99,null,debit,null,null,5feb7173-2d1b-4120-a44d-ca4746c3545c,849.89,Google Toon Blast Barangaroo AU AUS Card xx9327 Value Date: 01/04/2026
484225470,2026/5/9 12:42,2420589,1582782,2755537753,4689355,transaction,cba,null,2026/3/19,19.9,null,debit,Groceries,Groceries,cc931638-a2d4-468f-8cd1-3710cd99a1aa,579.92,DUNNINGS TOODYAY JUN TOODYAY AU
484225470,2026/5/9 12:42,2420589,1582782,2755537979,4689355,transaction,cba,null,2026/1/30,1134.26,Direct Debit,debit,Non SACC Loans,Wagepay,193ecb83-34c8-4a64-97dd-9f316cf87fa2,-318.81,Direct Debit 612057 Wagepay DT.51cuux 14191022
484225470,2026/5/9 12:42,2420589,1582782,2755537629,4689355,transaction,cba,null,2026/4/21,9.99,null,debit,Groceries,IGA,082bf637-cbd7-4aae-826a-f74009593ed3,380.78,MOORA IGA MOORA WA AUS Card xx9327 Value Date: 17/04/2026
484225470,2026/5/9 12:42,2420589,1582782,2755537740,4689355,transaction,cba,null,2026/3/24,17,null,debit,Groceries,Groceries,18b6db4c-5868-419a-a077-70d337d48531,281.63,DUNNINGS TOODYAY JUN TOODYAY AU
484225470,2026/5/9 12:42,2420589,1582782,2755538164,4689355,transaction,cba,null,2025/12/23,11.25,null,debit,Automotive,Puma Energy,67400d96-188d-4d6a-9d02-2a4fe78ab8b9,984.97,PUMA YORK ROADHOUSE YORK WA AUS Card xx9327 Value Date: 19/12/2025
484225470,2026/5/9 12:42,2420589,1582782,2755538072,4689355,transaction,cba,null,2026/1/13,99.88,null,debit,Groceries,Spud Shed,84efaf45-a7e0-44c7-ac54-79c6f045df1e,200.26,SPUD SHED NORTHAM AU Cash Out $35.00 Purchase $64.88
484225470,2026/5/9 12:42,2420589,1582782,2755538037,4689355,transaction,cba,null,2026/1/20,315,null,debit,Non SACC Loans,Beforepay,8383edf2-4d99-48ec-8c67-94081eda3dff,396.23,Transfer To Beforepay CommBank App jsmit26099@payid.beforep...
484225470,2026/5/9 12:42,2420589,1582782,2755537901,4689355,transaction,cba,null,2026/2/13,789,Direct Debit,debit,Non SACC Loans,Salt and Lime,e7335f41-409a-4cea-9df5-e0ac98cf13ca,-1253.11,Direct Debit 314011 SALT&LIME PAYWAY4306841960
484225470,2026/5/9 12:42,2420589,1582782,2755537698,4689355,transaction,cba,null,2026/3/31,4.99,null,debit,null,null,7726b562-ddad-45f0-8fce-2b13231cd42d,1294.79,Google Toon Blast Barangaroo AU AUS Card xx9327 Value Date: 27/03/2026
484225470,2026/5/9 12:42,2420589,1582782,2755537843,4689355,transaction,cba,null,2026/2/28,133.27,null,debit,Groceries,Woolworths,543c6373-a15e-4b0e-9bcc-f7b7ebafa160,-811.89,WOOLWORTHS 4326 NORTHAM WA AUS Card xx9327 Value Date: 26/02/2026
484225470,2026/5/9 12:42,2420589,1582782,2755538197,4689355,transaction,cba,null,2025/12/18,100,null,debit,null,null,777b3d3c-a919-4722-a3a8-4e51b64a8312,229.63,SHIRE OF YORK NetBank BPAY 268508 1000033210 A3321
484225470,2026/5/9 12:42,2420589,1582782,2755538176,4689355,transaction,cba,null,2025/12/20,5,Unpaid Fees,debit,Dishonours,null,82ee5491-ca6b-472e-b05f-3d2724cea187,-1982.06,Unpaid Payment Fee Value Date: 19/12/2025
484225470,2026/5/9 12:42,2420589,1582782,2755537587,4689355,transaction,cba,null,2026/4/28,201.8,null,debit,Groceries,Woolworths,4879c2a5-9beb-4f26-9e69-b9f75c193742,776.38,WOOLWORTHS 4326 NORTHAM WA AUS Card xx9327 Value Date: 24/04/2026
484225470,2026/5/9 12:42,2420589,1582782,2755537743,4689355,transaction,cba,null,2026/3/24,7.99,null,debit,null,null,cb2d1441-6872-484d-a9c7-dd9984f6cbfa,451.49,Google Toon Blast Barangaroo AU AUS Card xx9327 Value Date: 20/03/2026
484225470,2026/5/9 12:42,2420589,1582782,2755538354,4689355,transaction,cba,null,2025/11/15,29.99,null,debit,null,null,c00a35a1-c2f1-4e65-8608-7aebdb9ce427,958.08,Google Toon Blast Barangaroo AU AUS Card xx9327 Value Date: 13/11/2025
484225470,2026/5/9 12:42,2420589,1582782,2755538214,4689355,transaction,cba,null,2025/12/15,48.87,null,debit,Non SACC Loans,CBA Loans,27f207a0-4e33-4eec-94a9-819e83096c45,226.21,Loan Repayment LN REPAY 785187812
484225470,2026/5/9 12:42,2420589,1582782,2755538102,4689355,transaction,cba,null,2026/1/6,22.41,null,debit,Non SACC Loans,Afterpay,8b113684-f306-409a-9609-933f6f8401ed,772.79,Afterpay afterpay.com AU AUS Card xx9327 Value Date: 05/01/2026
484225470,2026/5/9 12:42,2420589,1582782,2755537814,4689355,transaction,cba,null,2026/3/6,39.99,null,debit,Retail,Miscellaneous Newsagency,e011da8e-ef50-48f2-ba40-6778b8d10b55,422.57,WARRICKS NEWSAGENCY NORTHAM WA AU
484225470,2026/5/9 12:42,2420589,1582782,2755538051,4689355,transaction,cba,null,2026/1/16,28.9,null,debit,Automotive,Automotive,1165f985-8c4f-4bef-9059-3c4ee305fe03,1765.39,DUNNINGS GOOMALLING GOOMALLING AU
484225470,2026/5/9 12:42,2420589,1582782,2755537854,4689355,transaction,cba,null,2026/2/28,99,null,debit,Automotive,Miscellaneous Petrol Stations,4a2ce52c-77aa-4dd8-baf7-78a953621c16,-427.7,GREAT SOUTHERN FUELS NORTHAM AUS Card xx9327 Value Date: 26/02/2026
484225470,2026/5/9 12:42,2420589,1582782,2755537726,4689355,transaction,cba,null,2026/3/26,15,Overdrawn Fees,debit,Overdrawn,null,bef84ef4-865e-479a-a78a-67e82dba703a,1631.49,Overdraw Fee For exceeding available funds on 25 Mar
484225470,2026/5/9 12:42,2420589,1582782,2755537988,4689355,transaction,cba,null,2026/1/29,4,null,debit,Health,Health,f557ac24-2f5e-459e-944c-b9c421a8d06c,2337,ST JOHN OF GOD SUBIACO SUBIACO WA AUS Card xx9327 Value Date: 27/01/2026
484225470,2026/5/9 12:42,2420589,1582782,2755538213,4689355,transaction,cba,null,2025/12/16,30,Inbound Transfer,credit,External Transfers,CBA Funds Transfer,76cc0b55-4761-4d3f-86be-08532c702c3b,256.21,Fast Transfer From BRITTNI TATHAM-SMITH payback
484225470,2026/5/9 12:42,2420589,1582782,2755537683,4689355,transaction,cba,null,2026/4/5,275.9,null,debit,Automotive,Registration,980a2324-ccb5-4b7c-a39c-c9eb2dbbc69b,460.68,WA TRANSPORT DVS CommBank app BPAY 484634 0280111299545959
484225470,2026/5/9 12:42,2420589,1582782,2755538290,4689355,transaction,cba,null,2025/11/29,29.99,null,debit,null,null,91a4ffae-797b-4d2f-ac9a-42fa32a73270,61.67,Google Toon Blast Barangaroo AU AUS Card xx9327 Value Date: 28/11/2025
484225470,2026/5/9 12:42,2420589,1582782,2755538030,4689355,transaction,cba,null,2026/1/20,99,null,debit,Automotive,Miscellaneous Petrol Stations,340596f4-243c-45c9-9246-013ebc4e6f7d,1348.51,GREAT SOUTHERN FUELS NORTHAM AUS Card xx9327 Value Date: 16/01/2026
484225470,2026/5/9 12:42,2420589,1582782,2755537709,4689355,transaction,cba,null,2026/3/28,5,Unpaid Fees,debit,Dishonours,null,ccf1af46-d334-4406-86da-9028aacc3e39,457.23,Unpaid Payment Fee Value Date: 27/03/2026
484225470,2026/5/9 12:42,2420589,1582782,2755537945,4689355,transaction,cba,null,2026/2/4,183,null,debit,Groceries,Woolworths,7f36b3a5-e478-44f1-a151-2df0048c9f7a,591.23,WOOLWORTHS 4326 NORTHAM WA AUS Card xx9327 Value Date: 02/02/2026
484225470,2026/5/9 12:42,2420589,1582782,2755538080,4689355,transaction,cba,null,2026/1/10,33,null,debit,Automotive,Miscellaneous Petrol Stations,38fd5ba7-b6cb-458d-b03e-cbfb690733be,17.63,GREAT SOUTHERN FUELS NORTHAM AUS Card xx9327 Value Date: 08/01/2026
484225470,2026/5/9 12:42,2420589,1582782,2755538233,4689355,transaction,cba,null,2025/12/9,7.99,null,debit,null,null,d3e83036-1feb-4ea8-ab43-e717f465aba2,164.97,Google Toon Blast Barangaroo AU AUS Card xx9327 Value Date: 06/12/2025
484225470,2026/5/9 12:42,2420589,1582782,2755538162,4689355,transaction,cba,null,2025/12/23,41,null,debit,Automotive,BP,350ce4a6-76de-49c4-a4e2-82f98e8ef012,812.75,BP THE LAKES 1903 CHIDLOW AU
484225470,2026/5/9 12:42,2420589,1582782,2755538022,4689355,transaction,cba,null,2026/1/21,21.9,null,debit,Automotive,Automotive,84d910b7-d753-4af7-8265-520216d2fe15,1092.72,DUNNINGS TOODYAY JUN TOODYAY AU
484225470,2026/5/9 12:42,2420589,1582782,2755537999,4689355,transaction,cba,null,2026/1/28,164.92,null,debit,Groceries,Coles,eb360adc-32df-42c7-a8fc-3a493ad25e0d,308.21,COLES 0278 MIDLAND 06 AUS Card xx9327 Value Date: 24/01/2026
484225470,2026/5/9 12:42,2420589,1582782,2755537638,4689355,transaction,cba,null,2026/4/14,2.99,null,debit,null,null,747ae74e-33eb-482d-821f-026bf6fe58b4,120.51,Google Toon Blast Barangaroo AU AUS Card xx9327 Value Date: 10/04/2026
484225470,2026/5/9 12:42,2420589,1582782,2755538237,4689355,transaction,cba,null,2025/12/9,16.99,null,debit,null,null,96ce7a40-f9b3-4a97-9ce9-e2ef54936a41,207.32,Google Ginger Barangaroo AU AUS Card xx9327 Value Date: 07/12/2025
484225470,2026/5/9 12:42,2420589,1582782,2755537778,4689355,transaction,cba,null,2026/3/13,789,Direct Debit,debit,Non SACC Loans,Salt and Lime,bc017e33-9dd6-4547-a909-0ddb331633d5,-736.31,Direct Debit 314011 SALT&LIME PAYWAY4332772782
484225470,2026/5/9 12:42,2420589,1582782,2755537573,4689355,transaction,cba,null,2026/5/5,16.26,null,debit,Dining Out,Miscellaneous Grill and BBQ places,831eb96d-9c4f-4be7-9f4d-af8f47754898,258.56,Hong Kong Bbq Midland WA AUS Card xx9327 Value Date: 02/05/2026
484225470,2026/5/9 12:42,2420589,1582782,2755537620,4689355,transaction,cba,null,2026/4/23,33.8,null,debit,null,null,5c56309a-64b9-45c0-a8f2-ffcb129de5e4,1663.9,KONDININ RURAL SUPP KONDININ AU
484225470,2026/5/9 12:42,2420589,1582782,2755538204,4689355,transaction,cba,null,2025/12/16,5,Unpaid Fees,debit,Dishonours,null,11bffdaf-3e54-44b8-808b-d44139cd3235,36.32,Unpaid Payment Fee Value Date: 15/12/2025
484225470,2026/5/9 12:42,2420589,1582782,2755537823,4689355,transaction,cba,null,2026/3/4,14.99,null,debit,null,null,f0d486f0-43c1-415b-b3ae-2b8a694e8b71,784.12,Google Toon Blast Barangaroo AU AUS Card xx9327 Value Date: 02/03/2026
484225470,2026/5/9 12:42,2420589,1582782,2755538028,4689355,transaction,cba,null,2026/1/20,79.63,null,debit,null,null,65d01eb1-bd1f-4eb7-8fea-23a28b84dac3,1238.78,SQ *YORK QUALITY BUTCH York AU
484225470,2026/5/9 12:42,2420589,1582782,2755537646,4689355,transaction,cba,null,2026/4/11,2.99,null,debit,null,null,61bfcdaf-b16d-4ab8-98a8-d45603a2a3a3,-444.41,Google Toon Blast Barangaroo AU AUS Card xx9327 Value Date: 09/04/2026
484225470,2026/5/9 12:42,2420589,1582782,2755537992,4689355,transaction,cba,null,2026/1/29,60.67,null,debit,Automotive,Automotive,c8873f87-2aa2-4173-9fd2-5620feed1be8,2415.59,ATLAS SAWYERS SAWYERS VALLE AUS Card xx9327 Value Date: 27/01/2026
484225470,2026/5/9 12:42,2420589,1582782,2755538331,4689355,transaction,cba,null,2025/11/20,100,null,debit,null,null,212ce142-1669-4f9b-9f5b-fd94bbb28081,2328.27,SHIRE OF YORK NetBank BPAY 268508 1000033210 A3321
484225470,2026/5/9 12:42,2420589,1582782,2755538289,4689355,transaction,cba,null,2025/11/29,30.99,null,debit,Dining Out,Miscellaneous Grill and BBQ places,4a10a7d8-d9b1-4403-ad45-7ba37a683c1f,30.68,Hong Kong Bbq Midland WA AUS Card xx9327 Value Date: 27/11/2025
484225470,2026/5/9 12:42,2420589,1582782,2755537611,4689355,transaction,cba,null,2026/4/24,2.99,null,debit,null,null,c6069287-4f3d-4ede-8ef1-51a505b82f8d,1320.59,Google Toon Blast Barangaroo AU AUS Card xx9327 Value Date: 22/04/2026
484225470,2026/5/9 12:42,2420589,1582782,2755538240,4689355,transaction,cba,null,2025/12/8,50,null,debit,Non SACC Loans,CBA Loans,4fc18e47-996f-4e79-8606-555d7f268c0a,417.66,Loan Repayment LN REPAY 785187812
484225470,2026/5/9 12:42,2420589,1582782,2755538142,4689355,transaction,cba,null,2025/12/31,25.2,null,debit,Groceries,Woolworths,59ca6841-d258-4b76-8cee-2a9974c898f7,3289.76,WOOLWORTHS 4326 NORTHAM WA AUS Card xx9327 Value Date: 29/12/2025
484225470,2026/5/9 12:42,2420589,1582782,2755538330,4689355,transaction,cba,null,2025/11/20,100,null,debit,External Transfers,Funds Transfer,830f1ded-c079-4382-a4ca-695bd91344d3,2228.27,Transfer To Brittni Tatham-Smith CommBank App dad
484225470,2026/5/9 12:42,2420589,1582782,2755537752,4689355,transaction,cba,null,2026/3/19,34.8,null,debit,Automotive,Automotive,62dd40d1-d64f-46ce-b846-7b1e35f14acf,545.12,DUN DIRECT PTY LTD WONGAN HILLS AU
484225470,2026/5/9 12:42,2420589,1582782,2755537651,4689355,transaction,cba,null,2026/4/10,1134.26,Direct Debit,debit,Non SACC Loans,Wagepay,ff5f6df0-b6bf-403a-a50f-21408ad5e857,538.57,Direct Debit 612057 Wagepay DT.5aswjj 14663547
484225470,2026/5/9 12:42,2420589,1582782,2755537909,4689355,transaction,cba,null,2026/2/13,59.99,null,debit,null,null,2af05996-c735-4266-b909-9f77cba5aa36,-50.95,Google Toon Blast Barangaroo AU AUS Card xx9327 Value Date: 11/02/2026
484225470,2026/5/9 12:42,2420589,1582782,2755537790,4689355,transaction,cba,null,2026/3/12,15,Overdrawn Fees,debit,Overdrawn,null,7a34419d-9d11-4720-bcdf-93d258da0111,1580.46,Overdraw Fee For exceeding available funds on 11 Mar
484225470,2026/5/9 12:42,2420589,1582782,2755537614,4689355,transaction,cba,null,2026/4/23,157.5,Direct Debit,debit,Non SACC Loans,Beforepay,6112c15d-e36b-42a7-89f3-3e9d47e1fde1,1382.09,Direct Debit 616851 Beforepay 026825 DT.5clrtc MP177394
484225470,2026/5/9 12:42,2420589,1582782,2755538104,4689355,transaction,cba,null,2026/1/6,16.96,null,debit,Retail,Red Dot,6c621448-8f96-44e2-85d4-868e3e2f6fcd,897.21,RED DOT STORES MIDLAND AUS Card xx9327 Value Date: 03/01/2026
484225470,2026/5/9 12:42,2420589,1582782,2755538245,4689355,transaction,cba,null,2025/12/6,7,null,debit,Automotive,BP,5027a91d-3114-4832-bc52-d05e01506c5b,859.99,BP THE LAKES 1903 CHIDLOW AU
484225470,2026/5/9 12:42,2420589,1582782,2755538146,4689355,transaction,cba,null,2025/12/30,60,null,debit,Automotive,Miscellaneous Petrol Stations,3ac27883-9347-489e-a70f-477d75b1185e,411.33,GREAT SOUTHERN FUELS NORTHAM AUS Card xx9327 Value Date: 24/12/2025
484225470,2026/5/9 12:42,2420589,1582782,2755537969,4689355,transaction,cba,null,2026/2/1,0.53,Overdrawn Fees,debit,Overdrawn,null,1b5d346b-78a6-47ca-9f9a-2546224eaeca,1857.94,Debit Excess Interest
484225470,2026/5/9 12:42,2420589,1582782,2755537765,4689355,transaction,cba,null,2026/3/17,4.99,null,debit,null,null,9299414f-c806-4fed-8381-735956e9f781,1099.79,Google Toon Blast Barangaroo AU AUS Card xx9327 Value Date: 15/03/2026
484225470,2026/5/9 12:42,2420589,1582782,2755537903,4689355,transaction,cba,null,2026/2/13,840,null,debit,Non SACC Loans,Beforepay,703b95e1-77c1-4629-9454-5964868425dd,670.15,Transfer To Beforepay CommBank App jsmit26099@payid.beforep...
484225470,2026/5/9 12:42,2420589,1582782,2755537564,4689355,transaction,cba,null,2026/5/6,576.76,Direct Debit,debit,Non SACC Loans,MyPayNow,ce8f2180-ba55-4830-add9-8538ecaf0a2c,-557.63,Direct Debit 543958 MyPayNow Payment DT.5ec591 MyPayNow
484225470,2026/5/9 12:42,2420589,1582782,2755537805,4689355,transaction,cba,null,2026/3/10,59.99,null,debit,null,null,c69f99fd-0c55-423a-bd8b-1823b3a838bf,674.63,Google Toon Blast Barangaroo AU AUS Card xx9327 Value Date: 07/03/2026
484225470,2026/5/9 12:42,2420589,1582782,2755538108,4689355,transaction,cba,null,2026/1/3,15,Overdrawn Fees,debit,Overdrawn,null,19726204-d297-49ff-a002-4b48536ccea6,1190.07,Overdraw Fee For exceeding available funds on 02 Jan
484225470,2026/5/9 12:42,2420589,1582782,2755538314,4689355,transaction,cba,null,2025/11/22,545,Inbound Transfer,credit,Non SACC Loans,MyPayNow,085f6089-0363-44c2-b289-0f426ed6ba13,1054.24,Fast Transfer From MyPayNow Advance CT.1l4ne1 MyPayNow Advance CT.1l4ne1
484225470,2026/5/9 12:42,2420589,1582782,2755537599,4689355,transaction,cba,null,2026/4/28,121.01,null,debit,Automotive,Automotive,4b841f65-e35a-444f-9284-bdb000fc6772,1395.99,ATLAS SAWYERS SAWYERS VALLE AUS Card xx9327 Value Date: 25/04/2026
484225470,2026/5/9 12:42,2420589,1582782,2755537819,4689355,transaction,cba,null,2026/3/5,59.99,null,debit,null,null,7fed3580-42eb-443a-bad3-8b8e83f6c301,657.24,Google Toon Blast Barangaroo AU AUS Card xx9327 Value Date: 03/03/2026
484225470,2026/5/9 12:42,2420589,1582782,2755537626,4689355,transaction,cba,null,2026/4/21,163.72,null,debit,Automotive,Miscellaneous Petrol Stations,03a81c3e-61d8-4a53-af70-743b52186d66,141.01,GREAT SOUTHERN FUELS NORTHAM AUS Card xx9327 Value Date: 17/04/2026
484225470,2026/5/9 12:42,2420589,1582782,2755538100,4689355,transaction,cba,null,2026/1/6,4.99,null,debit,null,null,1c2df18f-d000-4f92-b258-8a8c1246db01,746.81,Google Toon Blast Barangaroo AU AUS Card xx9327 Value Date: 03/01/2026
484225470,2026/5/9 12:42,2420589,1582782,2755537693,4689355,transaction,cba,null,2026/4/1,99,null,debit,Automotive,Miscellaneous Petrol Stations,7391b6d6-26c6-4269-94c5-bd1bed35778c,1136.64,GREAT SOUTHERN FUELS NORTHAM AUS Card xx9327 Value Date: 30/03/2026
484225470,2026/5/9 12:42,2420589,1582782,2755537593,4689355,transaction,cba,null,2026/4/28,59.99,null,debit,null,null,0a6cc1b6-0d9c-48fe-a1d8-1e2485a40005,1106.98,Google Toon Blast Barangaroo AU AUS Card xx9327 Value Date: 25/04/2026
484225470,2026/5/9 12:42,2420589,1582782,2755537606,4689355,transaction,cba,null,2026/4/25,12,null,debit,Automotive,Caltex,db277c64-76da-40e8-b2fb-c0e782ac2719,1001.61,CALTEX TAMMIN TAMMIN WA AUS Card xx9327 Value Date: 22/04/2026
484225470,2026/5/9 12:42,2420589,1582782,2755538079,4689355,transaction,cba,null,2026/1/10,16.99,null,debit,null,null,3cf9f19e-6455-4117-8f55-b7bae2a6ee6a,0.64,Google Ginger Barangaroo AU AUS Card xx9327 Value Date: 08/01/2026
484225470,2026/5/9 12:42,2420589,1582782,2755537974,4689355,transaction,cba,null,2026/1/31,5,Unpaid Fees,debit,Dishonours,null,26b79448-c8f2-468b-84d7-3e649f60893b,-370.79,Unpaid Payment Fee Value Date: 30/01/2026
484225470,2026/5/9 12:42,2420589,1582782,2755538140,4689355,transaction,cba,null,2025/12/31,576.76,Direct Debit,debit,Non SACC Loans,MyPayNow,6d98a0db-2b09-47e4-9b5e-91c171120153,1859.33,Direct Debit 543958 MyPayNow Payment DT.4xcwsd MyPayNow
484225470,2026/5/9 12:42,2420589,1582782,2755538174,4689355,transaction,cba,null,2025/12/20,5,Unpaid Fees,debit,Dishonours,null,cfea2c39-d831-4182-8911-f0027ee12c13,281.47,Unpaid Payment Fee Value Date: 19/12/2025
484225470,2026/5/9 12:42,2420589,1582782,2755538011,4689355,transaction,cba,null,2026/1/23,21.9,null,debit,Automotive,Automotive,127c0199-8bb1-4a14-8a4f-d36fab4942c3,678.81,DUNNINGS TOODYAY JUN TOODYAY AU
484225470,2026/5/9 12:42,2420589,1582782,2755537555,4689355,transaction,cba,null,2026/5/7,262.5,Direct Debit,debit,Non SACC Loans,Beforepay,353c7693-b8cf-42fa-8725-802bbf248671,899.9,Direct Debit 616851 Beforepay 026443 DT.5ejcyc MP177730
484225470,2026/5/9 12:42,2420589,1582782,2755538300,4689355,transaction,cba,null,2025/11/26,21.9,null,debit,Automotive,Automotive,fd06b08f-f541-4408-a784-cf4935e9119b,394.23,DUNNINGS TOODYAY JUN TOODYAY AU
484225470,2026/5/9 12:42,2420589,1582782,2755538132,4689355,transaction,cba,null,2026/1/1,9.99,null,debit,null,null,e58ebfd9-a93a-44a8-a70a-235b71db6e53,1339.74,Google Toon Blast Barangaroo AU AUS Card xx9327 Value Date: 30/12/2025
484225470,2026/5/9 12:42,2420589,1582782,2755537643,4689355,transaction,cba,null,2026/4/11,5,Unpaid Fees,debit,Dishonours,null,a2f49171-2f04-44d2-be1c-e36a72491f44,154.46,Unpaid Payment Fee Value Date: 10/04/2026
