rule_name,category,pattern,match_type,confidence,counterparty,source
pokies_gambling,Gambling,POKIES,keyword,0.90,,rule
wagering_gambling,Gambling,WAGERING,keyword,0.90,,rule
art_union_gambling,Gambling,ART UNION,keyword,0.85,,rule
betting_gambling,Gambling,BETTING,keyword,0.85,,rule
greyhound_racing_gambling,Gambling,GREYHOUND RACING,keyword,0.85,,rule
harness_racing_gambling,Gambling,HARNESS RACING,keyword,0.85,,rule
keno_gambling,Gambling,KENO,keyword,0.85,,rule
lottery_gambling,Gambling,LOTTERY,keyword,0.85,,rule
lotto_gambling,Gambling,LOTTO,keyword,0.85,,rule
slots_gambling,Gambling,SLOTS,keyword,0.85,,rule
turf_club_gambling,Gambling,TURF CLUB,keyword,0.85,,rule
jockey_club_gambling,Gambling,JOCKEY CLUB,keyword,0.8,,rule
poker_gambling,Gambling,POKER,keyword,0.8,,rule
racing_club_gambling,Gambling,RACING CLUB,keyword,0.8,,rule
bingo_gambling,Gambling,BINGO,keyword,0.75,,rule
casino_gambling,Gambling,CASINO,keyword,0.7,,rule
Clicktrot Tema,Gambling,CLICKTROT TEMA,keyword,0.95,Clicktrot Tema,institution
VEGASTARSCOM NICOSIA,Gambling,VEGASTARSCOM NICOSIA,keyword,0.95,VEGASTARSCOM NICOSIA,institution
Bingo Cash,Gambling,BINGO CASH|APPLE PAY VISA BINGO CASH|BINGO CASH USFRGN|BINGO CASH BINGO CASH NEW YORK|BINGO CASH MO USA USD|BINGO CASH MO USA|BINGO CASH NEW YORK NY USA USD|BINGO CASH NEW YORK NY USA|BINGO CASH NEW YORK USA FRGN AMT|BINGO CASH NEW YORK USA FRGN AMT U S DOLLAR,keyword,0.95,Bingo Cash,institution
Penrith Rugby League Club,Gambling,PENRITH RUGBY LEAGUE|PENRITH RUGBY LEAGUE CLUB,keyword,0.95,Penrith Rugby League Club,institution
The Palms Bingo,Gambling,THE PALMS BINGO,keyword,0.95,The Palms Bingo,institution
ATW Club Caloundra,Gambling,ATW CLUB CALOUNDRA,keyword,0.95,ATW Club Caloundra,institution
Palmer Bookmaking Pty Ltd,Gambling,PALMER BOOKMAKING|PALMER BOOKMAKING PTY LTD,keyword,0.95,Palmer Bookmaking Pty Ltd,institution
The Star Gold Coast,Gambling,THE STAR ENTERTAINMENT|THE STAR GOLD COAST,keyword,0.95,The Star Gold Coast,institution
Joondalup Lottery Centre,Gambling,JOONDALUP LOTTERY CENTRE|JOONDALUP LOTTERY CTR,keyword,0.95,Joondalup Lottery Centre,institution
Lilydale Market Lotto & News,Gambling,LILYDALE MARKET LOTTO NEWS,keyword,0.95,Lilydale Market Lotto & News,institution
Crown Melbourne,Gambling,CROWN MELBOURNE LIMITED|CROWN MELBOURNE,keyword,0.95,Crown Melbourne,institution
Northern Suburbs Leagues Club,Gambling,NORTHERN SUBURBS LEAGUES|NORTHERN SUBURBS LEAGUES CLUB,keyword,0.95,Northern Suburbs Leagues Club,institution
The Star Brisbane,Gambling,THE STAR BRISBANE,keyword,0.95,The Star Brisbane,institution
Media Lottery Centre,Gambling,MEDIA LOTTERY CENTRE,keyword,0.95,Media Lottery Centre,institution
Queanbeyan RSL Memorial Club,Gambling,QUEANBEYAN R S L MEMORIAL|QUEANBEYAN RSL MEMORIAL CLUB,keyword,0.95,Queanbeyan RSL Memorial Club,institution
Moonee Valley Racing Club,Gambling,MOONEE VALLEY RACING CLUB|MOONEE VALLEY RACING CLUB MOONEE VALLEY RAC MOONEE PONDS,keyword,0.95,Moonee Valley Racing Club,institution
Campbelltown Catholic Club,Gambling,CAMPBELLTOWN CATHOLIC|CAMPBELLTOWN CATHOLIC CLUB,keyword,0.95,Campbelltown Catholic Club,institution
Jackpot Lottery Centre Mirrabooka,Gambling,JACKPOT LOTTERY CENTRE MIRRABOOKA,keyword,0.95,Jackpot Lottery Centre Mirrabooka,institution
Rockhampton Leagues Club,Gambling,ROCKHAMPTON LEAGUES CL|ROCKHAMPTON LEAGUES CLUB|ROCKHAMPTON LEAGUES,keyword,0.95,Rockhampton Leagues Club,institution
Shepparton Plaza Lotto,Gambling,SHEPPARTON PLAZA LOTTO|SHEPPARTON PLAZA LOTTO SHEPPARTON VI,keyword,0.95,Shepparton Plaza Lotto,institution
TSG Jerrabomberra,Gambling,TSG JERRABOMBERRA,keyword,0.95,TSG Jerrabomberra,institution
Ballarto Road News & Lotto,Gambling,BALLARTO ROAD NEWS LOTTO|BALLARTOROAD NEWSLOTTO,keyword,0.95,Ballarto Road News & Lotto,institution
Caboolture Workers' Club,Gambling,CABOOLTURE WORKERS CLUB,keyword,0.95,Caboolture Workers' Club,institution
Murrumbidgee Turf Club,Gambling,MURRUMBIDGEE TURF CLU|MURRUMBIDGEE TURF CLUB|SQ MURRUMBIDGEE TURF CLU,keyword,0.95,Murrumbidgee Turf Club,institution
Wendouree Lotto Agency,Gambling,WENDOUREE LOTTO AGENCY,keyword,0.95,Wendouree Lotto Agency,institution
Junction Lucky Lotto & News,Gambling,JUNCTION LUCKY LOTTO NEWS,keyword,0.95,Junction Lucky Lotto & News,institution
SKYCROWN COM,Gambling,SKYCROWN COM,keyword,0.95,SKYCROWN COM,institution
Springvale White Eagle Club,Gambling,SPRINGVALE WHITE EAGLE CLUB,keyword,0.95,Springvale White Eagle Club,institution
Victoria Amateur Turf Club,Gambling,VICTORIA AMATEUR TURF|VICTORIA AMATEUR TURF CLUB|VICTORIA AMATEUR TURF CAROLINE SPRI|VICTORIA AMATEUR TURF CAULFIELD EAS VI|VICTORIA AMATEUR TURF CLU|VICTORIA AMATEUR TURF FOOTSCRAY|VICTORIA AMATEUR TURF MULGRAVE|VICTORIA AMATEUR TURF POINT COOK,keyword,0.95,Victoria Amateur Turf Club,institution
Murray Bridge Racing Club,Gambling,MURRAY BRIDGE RACING CLUB,keyword,0.95,Murray Bridge Racing Club,institution
Rockingham Central Lotto,Gambling,ROCKINGHAM CNTRL LOTTO|ROCKINGHAM CENTRAL LOTTO,keyword,0.95,Rockingham Central Lotto,institution
Summerfield News & Lotto,Gambling,SUMMERFIELD NEWS LOTTO,keyword,0.95,Summerfield News & Lotto,institution
Mirrabooka Lottery Centre,Gambling,MIRRABOOKA LOTTERY CNT|MIRRABOOKA LOTTERY CENTRE,keyword,0.95,Mirrabooka Lottery Centre,institution
Rockhampton Jockey Club,Gambling,ROCKHAMPTON JOCKEY|ROCKHAMPTON JOCKEY CLUB,keyword,0.95,Rockhampton Jockey Club,institution
Flagstaff News and Lotto,Gambling,FLAGSTAFF NEWS AND LOTTO,keyword,0.95,Flagstaff News and Lotto,institution
Full Hand Lottery Centre,Gambling,FULL HAND LOTTERY CENTRE|FULL HAND LOTTERY CENTRE KARRINYU,keyword,0.95,Full Hand Lottery Centre,institution
Mindil Beach Casino and The Garden,Gambling,MINDIL BEACH CASINO AND RTHE GARDEN|MINDIL BEACH CASINO AND THE GARDEN,keyword,0.95,Mindil Beach Casino and The Garden,institution
Brisbane Greyhound Racing Club,Gambling,BRISBANE GREYHOUND RACINGALBION|BRISBANE GREYHOUND RACING CLUB,keyword,0.95,Brisbane Greyhound Racing Club,institution
Greyhounds Entertainment,Gambling,GREYHOUNDS ENTERTAIN|GREYHOUNDS ENTERTAINMENT,keyword,0.95,Greyhounds Entertainment,institution
Cranbourne Park Lotto,Gambling,CRANBOURNE PARK LOTTO|CRANBOURNE PARK LOTTO CRANBOURNE VI,keyword,0.95,Cranbourne Park Lotto,institution
Mornington News & Lotto,Gambling,MORNINGTON NEWS LOTTO,keyword,0.95,Mornington News & Lotto,institution
Club Central Hurstville,Gambling,CLUB CENTRAL HURSTVILLE,keyword,0.95,Club Central Hurstville,institution
Warrnambool Greyhound Racing Club,Gambling,WARRNAMBOOL GREYHOUND RACING CLUB,keyword,0.95,Warrnambool Greyhound Racing Club,institution
Delacombe Tattslotto,Gambling,DELACOMBE TATTSLOTTO|DELACOMBE TATTSLOT,keyword,0.95,Delacombe Tattslotto,institution
Cashbox Amusements,Gambling,CASHBOX AMUSEMENTS|CASHBOX AMUSEMENTS PTY,keyword,0.95,Cashbox Amusements,institution
Oz Lotteries AutoPlay,Gambling,OZ LOTTERYWES AUTOPLAY|OZ LOTTERIES AUTOPLAY,keyword,0.95,Oz Lotteries AutoPlay,institution
GJS Lottery Centre & News,Gambling,GJS LOTTERY CENTRE NEWS|GJS LOTTERY CENTRENEWS,keyword,0.95,GJS Lottery Centre & News,institution
Carousel Lottery News,Gambling,CAROUSEL LOTTERY NEWS,keyword,0.95,Carousel Lottery News,institution
Tattersalls Hotel Tocumwal,Gambling,TATTERSALLS HOTEL|TATTERSALLS HOTEL TOCUMWAL|SQ TATTERSALLS HOTEL TO CUMWAL|TATTERSALLS HOTEL TO CUMWAL|SQ TATTERSALLS HOTEL TOCUMWAL|SQ TATTERSALLS HOTEL TOCUMWAL NS|TATTERSALLS HOTEL TOCUMWAL NS,keyword,0.95,Tattersalls Hotel Tocumwal,institution
Rutherglen News & Lotto,Gambling,RUTHERGLEN NEWS LOTTO,keyword,0.95,Rutherglen News & Lotto,institution
Springvale Lotto,Gambling,SPRINGVALE LOTTO|SMP SPRINGVALE LOTTO,keyword,0.95,Springvale Lotto,institution
Wangaratta Turf Club,Gambling,WANGARATTA TURF CLUB|SQ WANGARATTA TURF CL|WANGARATTA TURF CL|WANGARATTA TURF CLU|WANGARATTA TURF CLU WANGARATTA AU CASH OUT PURCHASE|WANGARATTA TURF CLUB I,keyword,0.95,Wangaratta Turf Club,institution
Lotto Luck Watergardens,Gambling,LOTTO LUCK WATERGARDENS,keyword,0.95,Lotto Luck Watergardens,institution
Lasseters Hotel Casino,Gambling,LASSETERS HOTEL CASINO,keyword,0.95,Lasseters Hotel Casino,institution
Foxcatcher Betting,Gambling,FOXCATCHER BETTING PTY|FOXCATCHER BETTING,keyword,0.95,Foxcatcher Betting,institution
Maribyrnong News & Lotto,Gambling,MARIBYRNONG NEWS LOTTO,keyword,0.95,Maribyrnong News & Lotto,institution
Bendigo Jockey Club Inc,Gambling,BENDIGO JOCKEY CLUB INC,keyword,0.95,Bendigo Jockey Club Inc,institution
Gladstone Turf Club,Gambling,GLADSTONE TURF CLUB,keyword,0.95,Gladstone Turf Club,institution
Seven Hills RSL Club,Gambling,SEVEN HILLS RSL CLUB LTD|SEVEN HILLS RSL CLUB,keyword,0.95,Seven Hills RSL Club,institution
Bellarine Village Lotto,Gambling,BELLARINE VILLAGELOTTO|BELLARINE VILLAGE LOTTO,keyword,0.95,Bellarine Village Lotto,institution
Oz Lotteries,Gambling,OZ LOTTERIES AUTOPLAY|OZ LOTTERIES,keyword,0.95,Oz Lotteries,institution
POINTSBET AUSTRALIA CREMORNE V,Gambling,POINTSBET AUSTRALIA|POINTSBET AUSTRALIA CREMORNE|POINTSBET AUSTRALIA CREMORNE V,keyword,0.95,POINTSBET AUSTRALIA CREMORNE V,institution
Cowboys Leagues Club Townsville,Gambling,COWBOYS LEAGUES CLUB TOWNSVILLE,keyword,0.95,Cowboys Leagues Club Townsville,institution
Australian Turf Club,Gambling,AUSTRALIAN TURF CLUB CANTERBURY|AUSTRALIAN TURF CLUB|AUSTRALIAN TURF|AUSTRALIAN TURF CLUB L CANTERBURY|AUSTRALIAN TURF CLUB L RANDWICK|AUSTRALIAN TURF CLUB L|AUSTRALIAN TURF CLUB L ROSEHILL|AUSTRALIAN TURF CLUB LIMI CANTERB|AUSTRALIAN TURF CLUB LIMI RANDWIC|AUSTRALIAN TURF CLUB LIMI ROSEHIL|AUSTRALIAN TURF CLUB LRANDWIC|AUSTRALIAN TURF CLUB LTD CANTERBU|AUSTRALIAN TURF CLUB LTD ROSEHILL|AUSTRALIAN TURF CLUB ROSEHILL|AUSTRALIAN TURF CLUB WARWICK FARM,keyword,0.95,Australian Turf Club,institution
Waverley Gardens Lotto,Gambling,WAVERLEY GARDENS LOTTO|WAVERLEY GARDENS LOTTO MULGRAVE|WAVERLEY GARDENS LOTTO MULGRAVE VI,keyword,0.95,Waverley Gardens Lotto,institution
Cranbourne Turf Club,Gambling,CRANBOURNE TURF CLUB CRANBOURNE|CRANBOURNE TURF CLUB|CRANBOURNE TURF CLU|CRANBOURNE TURF|CRANBOURNE TURF CLUB CRANBOURNE VI|CRANBOURNE TURF CLUB FLEMINGTON|CRANBOURNE TURF CLUB INC,keyword,0.95,Cranbourne Turf Club,institution
Vic Market Newsagency & Lotto,Gambling,VIC MARKET NEWSAGENCY LOTTO|VIC MARKET TATTSLOTTO,keyword,0.95,Vic Market Newsagency & Lotto,institution
Melbourne Racing Club,Gambling,MELBOURNE RACING CLU|MELBOURNE RACING CLUB|MELBOURNE RACING CLU CAULFIELD EA|MELBOURNE RACING CLU CAULFIELD EAS|MELBOURNE RACING CLU CAULFIELD EAS VI|MELBOURNE RACING CLU SPRINGVALE VI|MELBOURNE RACING CLUB CAULFIELD|MELBOURNE RACING|MELBOURNE RACING CLUB CAULFIELD EAS|MELBOURNE RACING CLUB CAULFIELD EAS VI|MELBOURNE RACING CLUB CAULFIELD VI,keyword,0.95,Melbourne Racing Club,institution
Victoria Racing Club,Gambling,VICTORIA RACING CLUB|VICTORIA RACING CLUB LTD|VICTORIA RACING CLUB FLEMINGTON|VICTORIA RACING|VICTORIA RACING CLUB FLEMINGTON VI|VICTORIA RACING CLUB L|VICTORIA RACING CLUB L FLEMINGTON|VICTORIA RACING CLUB L FLEMINGTON VI,keyword,0.95,Victoria Racing Club,institution
Warrnambool Racing Club,Gambling,WARRNAMBOOL RACING C|WARRNAMBOOL RACING CLUB,keyword,0.95,Warrnambool Racing Club,institution
Ladbrokes Australia,Gambling,LADBROKES AUSTRALIA,keyword,0.95,Ladbrokes Australia,institution
LADBROKES COM,Gambling,LADBROKES COM|LADBROKES HILLS|LADBROKES COM AU,keyword,0.95,LADBROKES COM,institution
Neds,Gambling,NEDS COM AU|NEDS,keyword,0.95,Neds,institution
Tatts Online (2),Gambling,TATTS ONLINE,keyword,0.95,Tatts Online (2),institution
Tatts Online,Gambling,TATTSONLINE|TATTSONLIN,keyword,0.95,Tatts Online,institution
VEGASTARS NICOSIA,Gambling,VEGASTARS NICOSIA|TCP VEGASTARS COM,keyword,0.95,VEGASTARS NICOSIA,institution
BET365 BERRIMAH,Gambling,BET365 BERRIMAH|BET 365 DARWIN|BET365 COM,keyword,0.95,BET365 BERRIMAH,institution
RSL Art Union,Gambling,RSL ART UNION,keyword,0.95,RSL Art Union,institution
Tewantin RSL Club,Gambling,RSL CLUB|TEWANTIN RSL CLUB,keyword,0.95,Tewantin RSL Club,institution
Dabble Sports,Gambling,DABBLE SPORTS|DABBLE,keyword,0.95,Dabble Sports,institution
LOTTERYWEST WITHDRAWAL PAYPAL LOTTERYWEST WITHDRAWAL,Gambling,LOTTERYWEST WITHDRAWAL PAYPAL LOTTERYWEST WITHDRAWAL|LOTTERYWEST COMMBANK APP BPAY|LOTTERYWEST NETBANK BPAY|POS PAYPAL LOTTERYWEST|PAYPAL LOTTERYWEST|OZ LOTTERYWEST COM VI|PENDING LOTTERYWEST|PENDING LOTTERYWEST SUBIACO AU POS HOLD|PURCHASE OZ LOTTERYWEST COM|OZ LOTTERYWEST COM,keyword,0.95,LOTTERYWEST WITHDRAWAL PAYPAL LOTTERYWEST WITHDRAWAL,institution
SkyCity Adelaide Casino,Gambling,SKYCITY ADELAIDE CASINO,keyword,0.95,SkyCity Adelaide Casino,institution
Midland Gate Lottery,Gambling,MIDLAND GATE LOTTERY|MIDLAND GATE LOTTERY K|MIDLAND GATE LOTTERY KIOS,keyword,0.95,Midland Gate Lottery,institution
Lucky Dreams,Gambling,LUCKYDREAMS COM|LUCKY DREAMS,keyword,0.95,Lucky Dreams,institution
Cashman Slots,Gambling,CASHMAN SLOTS,keyword,0.95,Cashman Slots,institution
The Lottery Office,Gambling,THE LOTTERY OFFICE|THE LOTTERY OFFICE WINNELLIE|THE LOTTERY,keyword,0.95,The Lottery Office,institution
Gold Coast Turf Club,Gambling,GOLD COAST TURF CLUB|GOLD COAST TURF CLUB BUNDALL|GOLD COAST TURF|GOLD COAST TURF CLUB BUNDALL QL|GOLD COAST TURF CLUB L|GOLD COAST TURF CLUB L BUNDALL|GOLD COAST TURF CLUB LBUNDALL,keyword,0.95,Gold Coast Turf Club,institution
Bathurst RSL Club,Gambling,BATHURST R S L CLUB LT|BATHURST RSL CLUB,keyword,0.95,Bathurst RSL Club,institution
Reef Hotel Casino,Gambling,REEF HOTEL CASINO,keyword,0.95,Reef Hotel Casino,institution
Cronulla RSL,Gambling,CRONULLA R S L MEMOR|CRONULLA RSL,keyword,0.95,Cronulla RSL,institution
Brisbane Racing Club,Gambling,BRISBANE RACING CLUB|BRISBANE RACING CLUB ACACIA RIDG|BRISBANE RACING CLUB ACACIA RIDGE|BRISBANE RACING CLUB ACACIA RIDGE QL|BRISBANE RACING CLUB ASCOT|BRISBANE RACING CLUB ASCOT QL|BRISBANE RACING CLUB ASCOT VI,keyword,0.95,Brisbane Racing Club,institution
Mater Lotteries,Gambling,MATER LOTTERIES|MATER LOTTERIES BRISBANE QL,keyword,0.95,Mater Lotteries,institution
Big Cash Legends,Gambling,BIG CASH LEGENDS,keyword,0.95,Big Cash Legends,institution
Waverley RSL,Gambling,WAVERLEY RSL,keyword,0.95,Waverley RSL,institution
Epsom Lotto & Gifts,Gambling,EPSOM LOTTO GIFTS|EPSOM LOTTO GIFTS EPSOM VI,keyword,0.95,Epsom Lotto & Gifts,institution
Score55 Tech B.V.,Gambling,SCORE55 TECH B V,keyword,0.95,Score55 Tech B.V.,institution
SLOTOMANIA COM,Gambling,SLOTOMANIA COM,keyword,0.95,SLOTOMANIA COM,institution
Ipswich RSL Services Club,Gambling,IPSWICH RSL SERVICES|IPSWICH RSL SERVICES CLUB,keyword,0.95,Ipswich RSL Services Club,institution
Tatts & Smoke Centre,Gambling,TATTS SMOKE CENTRE,keyword,0.95,Tatts & Smoke Centre,institution
Carrum Downs Lotto,Gambling,CARRUM DOWNS LOTTO|CARRUM DOWNS LOTTO CARRUM DOWNS|CARRUM DOWNS LOTTO CARRUM DOWNS VI,keyword,0.95,Carrum Downs Lotto,institution
Pakenham Family Lotto,Gambling,PAKENHAM FAMILY LOTTO|PAKENHAM FAMILY LOTTO PAKENHAM VI,keyword,0.95,Pakenham Family Lotto,institution
Darwin Turf Club,Gambling,DARWIN TURF CLUB INC|DARWIN TURF CLUB|DARWIN TURF CLUB FANNIE BAY|DARWIN TURF|DARWIN TURF CLUB INC FANNIE BAY,keyword,0.95,Darwin Turf Club,institution
DIRECT CREDIT KENO QLD P L KENO QLD CSV,Gambling,DIRECT CREDIT KENO|DIRECT CREDIT KENO NSW PTY LTD|DIRECT CREDIT KENO VIC PTY LTD|DIRECT CREDIT KENO QLD P L KENO|DIRECT CREDIT KENO QLD P L KENO QLD CSV|TRANSFER FROM KENO|TRANSFER FROM KENO VIC PTY LTD,keyword,0.95,DIRECT CREDIT KENO QLD P L KENO QLD CSV,institution
Solitaire Cash,Gambling,SOLITAIRE CASH|SOLITAIRE CAS|SOLITAIRE CAS US FCY AMOUNT USD CCY CONV FEE 20|SOLITAIRE CAS US FCY AMOUNT USD CCY CONV FEE 71|SOLITAIRE CAS US FCY AMOUNT USD CCY CONV FEE 21|SOLITAIRE CASH USD AUD|SOLITAIRE CASH NY US|SOLITAIRE CASH USD|SOLITAIRE CASH OF|SOLITAIRE CASH DOVER DE USA|SOLITAIRE CASH DOVER DE USA GBP|SOLITAIRE CASH MO|SOLITAIRE CASH MO US DOLLAR|SOLITAIRE CASH MO USA USD|SOLITAIRE CASH MO USA|SOLITAIRE CASH NEW YORK|SOLITAIRE CASH NEW YORK NY|SOLITAIRE CASH NEW YORK NY 50 US DOLLAR|SOLITAIRE CASH NEW YORK NY US DOLLAR|SOLITAIRE CASH NEW YORK NY USA USD|SOLITAIRE CASH NEW YORK NY USA|SOLITAIRE CASH NEW YORK USA FRGN AMT|SOLITAIRE CASH NEW YORK USA FRGN AMT U S DOLLAR|SOLITAIRE CASH NY|SOLITAIRE CASH NY US DOLLAR|SOLITAIRE CASH NY US USD|SOLITAIRE CASH NY USA USD|SOLITAIRE CASH NY USA|SOLITAIRE CASH USA FRGN AMT|SOLITAIRE CASH USA FRGN AMT U S DOLLAR,keyword,0.95,Solitaire Cash,institution
GRAFTON DISTRICT ANGLERS CLUB,Gambling,GRAFTON DISTRICT ANGLERS CLUB|GRAFTON DISTRICT ANGLERS CLUB LIMITED,keyword,0.95,GRAFTON DISTRICT ANGLERS CLUB,institution
TWEED RIVER JOCKEY CLUB LTD,Gambling,TWEED RIVER JOCKEY CLUB LTD,keyword,0.95,TWEED RIVER JOCKEY CLUB LTD,institution
LADBROKE PTY. LIMITED,Gambling,LADBROKE PTY LIMITED|LADBROKE PTY LTD,keyword,0.95,LADBROKE PTY. LIMITED,institution
888 SERVICES PTY LIMITED,Gambling,888 SERVICES PTY LIMITED,keyword,0.95,888 SERVICES PTY LIMITED,institution
DYNAMICODDS PTY LTD,Gambling,DYNAMICODDS PTY LTD,keyword,0.95,DYNAMICODDS PTY LTD,institution
BINGO PROSPECT PTY LTD,Gambling,BINGO PROSPECT PTY LTD|BINGO 21,keyword,0.95,BINGO PROSPECT PTY LTD,institution
KEVIN MOSES RACING STABLES PTY LTD,Gambling,KEVIN MOSES RACING STABLES PTY LTD,keyword,0.95,KEVIN MOSES RACING STABLES PTY LTD,institution
Kennedy Thoroughbreds Pty Ltd,Gambling,KENNEDY THOROUGHBREDS PTY LTD,keyword,0.95,Kennedy Thoroughbreds Pty Ltd,institution
Inland Gaming Solutions Pty Ltd,Gambling,INLAND GAMING SOLUTIONS PTY LTD|INLAND GAMING SOLUTIONS,keyword,0.95,Inland Gaming Solutions Pty Ltd,institution
ATLAS GAMING PTY LTD,Gambling,ATLAS GAMING PTY LTD,keyword,0.95,ATLAS GAMING PTY LTD,institution
HIGHCLERE THOROUGHBRED RACING (AUSTRALIA) LTD,Gambling,HIGHCLERE THOROUGHBRED RACING AUSTRALIA LTD,keyword,0.95,HIGHCLERE THOROUGHBRED RACING (AUSTRALIA) LTD,institution
PLACE RACECOURSE PTY LTD,Gambling,PLACE RACECOURSE PTY LTD,keyword,0.95,PLACE RACECOURSE PTY LTD,institution
MEGA FORTUNE PTY LTD,Gambling,MEGA FORTUNE PTY LTD,keyword,0.95,MEGA FORTUNE PTY LTD,institution
REAL BOOKIE PTY LTD,Gambling,REAL BOOKIE PTY LTD,keyword,0.95,REAL BOOKIE PTY LTD,institution
DERBY CAULFIELD PTY LTD,Gambling,DERBY CAULFIELD PTY LTD,keyword,0.95,DERBY CAULFIELD PTY LTD,institution
ALL WIN QLD PTY LTD,Gambling,ALL WIN QLD PTY LTD,keyword,0.95,ALL WIN QLD PTY LTD,institution
OPTIMISE GAMING PTY LTD,Gambling,OPTIMISE GAMING PTY LTD,keyword,0.95,OPTIMISE GAMING PTY LTD,institution
BET BROKERS PTY LTD,Gambling,BET BROKERS PTY LTD,keyword,0.95,BET BROKERS PTY LTD,institution
ROACORE GAMING PTY LTD,Gambling,ROACORE GAMING PTY LTD,keyword,0.95,ROACORE GAMING PTY LTD,institution
BINGO SHARK PTY LTD,Gambling,BINGO SHARK PTY LTD,keyword,0.95,BINGO SHARK PTY LTD,institution
SMITH JOINERY (CASINO) PTY LTD,Gambling,SMITH JOINERY CASINO PTY LTD|SMITH S JOINERY,keyword,0.95,SMITH JOINERY (CASINO) PTY LTD,institution
CROWN SYDNEY PROPERTY PTY LTD,Gambling,CROWN SYDNEY PROPERTY PTY LTD|CROWN RESIDENCES SYDNEY|CROWN SPA SYDNEY|CROWN SYDNEY RESORT|CROWN TOWERS SYDNEY|IL CAFFE AT CROWN|ONE BARANGAROO CROWN RESIDENCES SYDNEY|TEAHOUSE AT CROWN,keyword,0.95,CROWN SYDNEY PROPERTY PTY LTD,institution
LUCKY MALVERN LOTTO PTY LTD,Gambling,LUCKY MALVERN LOTTO PTY LTD,keyword,0.95,LUCKY MALVERN LOTTO PTY LTD,institution
"MEDIA, VISION AND WAGERING PTY LTD",Gambling,MEDIA VISION AND WAGERING PTY LTD,keyword,0.95,"MEDIA, VISION AND WAGERING PTY LTD",institution
CASINO TOBACCONIST PTY LTD,Gambling,CASINO TOBACCONIST PTY LTD,keyword,0.95,CASINO TOBACCONIST PTY LTD,institution
CAREEBA PARK PTY LTD,Gambling,CAREEBA PARK PTY LTD|CAREEBA PARK NEWS LOTTO,keyword,0.95,CAREEBA PARK PTY LTD,institution
WAGER'S CARPENTRY PTY LTD,Gambling,WAGER S CARPENTRY PTY LTD,keyword,0.95,WAGER'S CARPENTRY PTY LTD,institution
SLH GLOBAL PTY LTD,Gambling,SLH GLOBAL PTY LTD,keyword,0.95,SLH GLOBAL PTY LTD,institution
HOBART TOBACCO & LOTTO PTY LTD,Gambling,HOBART TOBACCO LOTTO PTY LTD,keyword,0.95,HOBART TOBACCO & LOTTO PTY LTD,institution
V & S LOTTO PTY LTD,Gambling,V S LOTTO PTY LTD,keyword,0.95,V & S LOTTO PTY LTD,institution
BATHURST HARNESS RACING CLUB LTD,Gambling,BATHURST HARNESS RACING CLUB LTD|BATHURST GOLD CROWN,keyword,0.95,BATHURST HARNESS RACING CLUB LTD,institution
Hurford Sawmilling - Casino Pty Ltd,Gambling,HURFORD SAWMILLING CASINO PTY LTD,keyword,0.95,Hurford Sawmilling - Casino Pty Ltd,institution
TSG AUSTRALIA WAGERING PTY LIMITED,Gambling,TSG AUSTRALIA WAGERING PTY LIMITED,keyword,0.95,TSG AUSTRALIA WAGERING PTY LIMITED,institution
BINGO HOLDINGS PTY LTD,Gambling,BINGO HOLDINGS PTY LTD,keyword,0.95,BINGO HOLDINGS PTY LTD,institution
TOFU BETTING PTY LTD,Gambling,TOFU BETTING PTY LTD,keyword,0.95,TOFU BETTING PTY LTD,institution
TAB TERMINAL PTY LTD,Gambling,TAB TERMINAL PTY LTD,keyword,0.95,TAB TERMINAL PTY LTD,institution
LITHGOW GREYHOUND RACING CLUB LTD,Gambling,LITHGOW GREYHOUND RACING CLUB LTD|LITHGOW GREYHOUND RACING CLUB LIMITED,keyword,0.95,LITHGOW GREYHOUND RACING CLUB LTD,institution
CLUB GAMING PTY LTD,Gambling,CLUB GAMING PTY LTD,keyword,0.95,CLUB GAMING PTY LTD,institution
DRAGON BOOKMAKING PTY LTD,Gambling,DRAGON BOOKMAKING PTY LTD,keyword,0.95,DRAGON BOOKMAKING PTY LTD,institution
RED CASINO PTY LTD,Gambling,RED CASINO PTY LTD,keyword,0.95,RED CASINO PTY LTD,institution
EMPIRE TAB PTY. LTD.,Gambling,EMPIRE TAB PTY LTD,keyword,0.95,EMPIRE TAB PTY. LTD.,institution
Australian Poker League - Blue Mountains Pty Limited,Gambling,AUSTRALIAN POKER LEAGUE BLUE MOUNTAINS PTY LIMITED,keyword,0.95,Australian Poker League - Blue Mountains Pty Limited,institution
BRESCO CASINO PTY LTD,Gambling,BRESCO CASINO PTY LTD,keyword,0.95,BRESCO CASINO PTY LTD,institution
TPA NEWSAGENCY PTY LTD,Gambling,TPA NEWSAGENCY PTY LTD|PORT MALL LOTTERIES NEWSAGENCY,keyword,0.95,TPA NEWSAGENCY PTY LTD,institution
MALS LOTTO & NEWS PTY LTD,Gambling,MALS LOTTO NEWS PTY LTD,keyword,0.95,MALS LOTTO & NEWS PTY LTD,institution
TAB LIMITED,Gambling,TAB LIMITED|FOOTY TAB,keyword,0.95,TAB LIMITED,institution
NEDS REO PTY LTD,Gambling,NEDS REO PTY LTD,keyword,0.95,NEDS REO PTY LTD,institution
PTHN PTY LTD,Gambling,PTHN PTY LTD|MELTON LOTTO NEWS TSG,keyword,0.95,PTHN PTY LTD,institution
N NOWRA POST & LOTTO PTY LTD,Gambling,N NOWRA POST LOTTO PTY LTD,keyword,0.95,N NOWRA POST & LOTTO PTY LTD,institution
FOXCATCHER BETTING PTY LTD,Gambling,FOXCATCHER BETTING PTY LTD|FOXCATCHER BETTING,keyword,0.95,FOXCATCHER BETTING PTY LTD,institution
RACING AND WAGERING SA PTY LTD,Gambling,RACING AND WAGERING SA PTY LTD,keyword,0.95,RACING AND WAGERING SA PTY LTD,institution
TATTS NT LOTTERIES PTY LTD,Gambling,TATTS NT LOTTERIES PTY LTD,keyword,0.95,TATTS NT LOTTERIES PTY LTD,institution
XU CHENG INTERNATIONAL INVESTMENT AND TRADE PTY LTD,Gambling,XU CHENG INTERNATIONAL INVESTMENT AND TRADE PTY LTD|TEA TREE PLAZA LOTTO AND GIFTS,keyword,0.95,XU CHENG INTERNATIONAL INVESTMENT AND TRADE PTY LTD,institution
FALCON WAGERING SOLUTIONS PTY LTD,Gambling,FALCON WAGERING SOLUTIONS PTY LTD,keyword,0.95,FALCON WAGERING SOLUTIONS PTY LTD,institution
KENO PTY LTD,Gambling,KENO PTY LTD,keyword,0.95,KENO PTY LTD,institution
N.S.W. POKER MACHINE SUPPLY & SERVICE PTY LTD,Gambling,N S W POKER MACHINE SUPPLY SERVICE PTY LTD,keyword,0.95,N.S.W. POKER MACHINE SUPPLY & SERVICE PTY LTD,institution
ETERLUCK LOTTERY AND NEWS PTY. LTD.,Gambling,ETERLUCK LOTTERY AND NEWS PTY LTD,keyword,0.95,ETERLUCK LOTTERY AND NEWS PTY. LTD.,institution
PHILBIL BINGO CENTRES PTY LTD,Gambling,PHILBIL BINGO CENTRES PTY LTD,keyword,0.95,PHILBIL BINGO CENTRES PTY LTD,institution
RISHI PLENTY VALLEY PTY LTD,Gambling,RISHI PLENTY VALLEY PTY LTD|NEXTRA PLENTY VALLEY|PLENTY VALLEY LOTTERY,keyword,0.95,RISHI PLENTY VALLEY PTY LTD,institution
TORQUAY LOTTO PTY LTD,Gambling,TORQUAY LOTTO PTY LTD|TORQUAY LOTTO GIFTS,keyword,0.95,TORQUAY LOTTO PTY LTD,institution
INDEPENDENT TRADE PROMOTIONS AND LOTTERIES PTY LTD,Gambling,INDEPENDENT TRADE PROMOTIONS AND LOTTERIES PTY LTD,keyword,0.95,INDEPENDENT TRADE PROMOTIONS AND LOTTERIES PTY LTD,institution
THE STAR ENTERTAINMENT BRISBANE HOLDINGS PTY LTD,Gambling,THE STAR ENTERTAINMENT BRISBANE HOLDINGS PTY LTD,keyword,0.95,THE STAR ENTERTAINMENT BRISBANE HOLDINGS PTY LTD,institution
JACKS LOTTO PTY LTD,Gambling,JACKS LOTTO PTY LTD,keyword,0.95,JACKS LOTTO PTY LTD,institution
BOOKMAKER LICENSING ADVISORY PTY LTD,Gambling,BOOKMAKER LICENSING ADVISORY PTY LTD|BOOKMAKER ADVISORY,keyword,0.95,BOOKMAKER LICENSING ADVISORY PTY LTD,institution
WAGERING PTY. LTD.,Gambling,WAGERING PTY LTD,keyword,0.95,WAGERING PTY. LTD.,institution
THE LOTTERY CORPORATION LIMITED,Gambling,THE LOTTERY CORPORATION LIMITED|THE LOTTERY CORPORATION,keyword,0.95,THE LOTTERY CORPORATION LIMITED,institution
AUSTRALIAN WAGERING COMPLIANCE PTY LTD,Gambling,AUSTRALIAN WAGERING COMPLIANCE PTY LTD,keyword,0.95,AUSTRALIAN WAGERING COMPLIANCE PTY LTD,institution
BETTING SERVICES AUSTRALIA PTY LTD,Gambling,BETTING SERVICES AUSTRALIA PTY LTD,keyword,0.95,BETTING SERVICES AUSTRALIA PTY LTD,institution
DARK HORSE CASINO PTY LTD,Gambling,DARK HORSE CASINO PTY LTD,keyword,0.95,DARK HORSE CASINO PTY LTD,institution
CAPALABA GREYHOUND RACING CLUB LTD,Gambling,CAPALABA GREYHOUND RACING CLUB LTD,keyword,0.95,CAPALABA GREYHOUND RACING CLUB LTD,institution
UBET SA PTY LTD,Gambling,UBET SA PTY LTD|SA TAB,keyword,0.95,UBET SA PTY LTD,institution
Bill Reid Racing Pty Ltd,Gambling,BILL REID RACING PTY LTD,keyword,0.95,Bill Reid Racing Pty Ltd,institution
F G RACING PTY LTD,Gambling,F G RACING PTY LTD,keyword,0.95,F G RACING PTY LTD,institution
ADVANCED RACING THERAPIES PTY LTD,Gambling,ADVANCED RACING THERAPIES PTY LTD,keyword,0.95,ADVANCED RACING THERAPIES PTY LTD,institution
ROUND TABLE RACING PTY LTD,Gambling,ROUND TABLE RACING PTY LTD,keyword,0.95,ROUND TABLE RACING PTY LTD,institution
RYAN BALFOUR RACING PTY. LTD.,Gambling,RYAN BALFOUR RACING PTY LTD,keyword,0.95,RYAN BALFOUR RACING PTY. LTD.,institution
SUPERSHOCK RACING NO. 1 PTY LTD,Gambling,SUPERSHOCK RACING NO 1 PTY LTD,keyword,0.95,SUPERSHOCK RACING NO. 1 PTY LTD,institution
BETTING TEAM PTY. LTD.,Gambling,BETTING TEAM PTY LTD,keyword,0.95,BETTING TEAM PTY. LTD.,institution
TRC RACING PTY LTD,Gambling,TRC RACING PTY LTD,keyword,0.95,TRC RACING PTY LTD,institution
RYAN CASHA RACING PTY LTD,Gambling,RYAN CASHA RACING PTY LTD,keyword,0.95,RYAN CASHA RACING PTY LTD,institution
PROFESSIONAL RACING ORGANISATION PTY LTD,Gambling,PROFESSIONAL RACING ORGANISATION PTY LTD,keyword,0.95,PROFESSIONAL RACING ORGANISATION PTY LTD,institution
WINNING WAYS RACING PTY LTD,Gambling,WINNING WAYS RACING PTY LTD,keyword,0.95,WINNING WAYS RACING PTY LTD,institution
MICHAEL MORRISON RACING PTY LIMITED,Gambling,MICHAEL MORRISON RACING PTY LIMITED,keyword,0.95,MICHAEL MORRISON RACING PTY LIMITED,institution
DION LUCIANI RACING PTY LTD,Gambling,DION LUCIANI RACING PTY LTD,keyword,0.95,DION LUCIANI RACING PTY LTD,institution
BAYLISS RACING PTY LTD,Gambling,BAYLISS RACING PTY LTD,keyword,0.95,BAYLISS RACING PTY LTD,institution
JARROD ALCHIN HARNESS RACING PTY LTD,Gambling,JARROD ALCHIN HARNESS RACING PTY LTD,keyword,0.95,JARROD ALCHIN HARNESS RACING PTY LTD,institution
RESPONSIBLE WAGERING AUSTRALIA PTY LTD,Gambling,RESPONSIBLE WAGERING AUSTRALIA PTY LTD,keyword,0.95,RESPONSIBLE WAGERING AUSTRALIA PTY LTD,institution
TODD POLLARD RACING PTY LTD,Gambling,TODD POLLARD RACING PTY LTD,keyword,0.95,TODD POLLARD RACING PTY LTD,institution
MOODY RACING PTY LTD,Gambling,MOODY RACING PTY LTD,keyword,0.95,MOODY RACING PTY LTD,institution
MJW Racing Services Pty Ltd,Gambling,MJW RACING SERVICES PTY LTD,keyword,0.95,MJW Racing Services Pty Ltd,institution
LOVE RACING PTY LTD,Gambling,LOVE RACING PTY LTD,keyword,0.95,LOVE RACING PTY LTD,institution
XXX RACING PTY. LTD.,Gambling,XXX RACING PTY LTD,keyword,0.95,XXX RACING PTY. LTD.,institution
TMR BREEDING & RACING PTY. LTD.,Gambling,TMR BREEDING RACING PTY LTD,keyword,0.95,TMR BREEDING & RACING PTY. LTD.,institution
NORTHERN LOTTO PTY LTD,Gambling,NORTHERN LOTTO PTY LTD|CAMPBELLFIELD LUCKY LOTTO|NORTHERN LOTTO,keyword,0.95,NORTHERN LOTTO PTY LTD,institution
CHRIS BIEG RACING PTY LTD,Gambling,CHRIS BIEG RACING PTY LTD,keyword,0.95,CHRIS BIEG RACING PTY LTD,institution
DREWETT RACING TEAM PTY LTD,Gambling,DREWETT RACING TEAM PTY LTD,keyword,0.95,DREWETT RACING TEAM PTY LTD,institution
OCEAN RESPECT RACING PTY LTD,Gambling,OCEAN RESPECT RACING PTY LTD,keyword,0.95,OCEAN RESPECT RACING PTY LTD,institution
KENNEDY RACING GROUP PTY LTD,Gambling,KENNEDY RACING GROUP PTY LTD,keyword,0.95,KENNEDY RACING GROUP PTY LTD,institution
GS RACING PTY LTD,Gambling,GS RACING PTY LTD,keyword,0.95,GS RACING PTY LTD,institution
ON EDGE RACING PTY LTD,Gambling,ON EDGE RACING PTY LTD,keyword,0.95,ON EDGE RACING PTY LTD,institution
LISLE RACING PTY LTD,Gambling,LISLE RACING PTY LTD,keyword,0.95,LISLE RACING PTY LTD,institution
LUCKY WATERVALE PTY LTD,Gambling,LUCKY WATERVALE PTY LTD|WATERVALE LOTTO NEWS GIFTS,keyword,0.95,LUCKY WATERVALE PTY LTD,institution
DATA WAGER PTY LTD,Gambling,DATA WAGER PTY LTD,keyword,0.95,DATA WAGER PTY LTD,institution
COBY TUCKER RACING PTY LTD,Gambling,COBY TUCKER RACING PTY LTD,keyword,0.95,COBY TUCKER RACING PTY LTD,institution
SPONGEBOB'S LOTTO PTY LTD,Gambling,SPONGEBOB S LOTTO PTY LTD,keyword,0.95,SPONGEBOB'S LOTTO PTY LTD,institution
DJ SMITH RACING PTY LTD,Gambling,DJ SMITH RACING PTY LTD,keyword,0.95,DJ SMITH RACING PTY LTD,institution
BURSWOOD NOMINEES LTD,Gambling,BURSWOOD NOMINEES LTD,keyword,0.95,BURSWOOD NOMINEES LTD,institution
ALL-STATE RACING & BREEDING FARMS PTY LTD,Gambling,ALL STATE RACING BREEDING FARMS PTY LTD,keyword,0.95,ALL-STATE RACING & BREEDING FARMS PTY LTD,institution
Sunshine Coast Racing Pty Ltd,Gambling,SUNSHINE COAST RACING PTY LTD,keyword,0.95,Sunshine Coast Racing Pty Ltd,institution
23 RED RACING PTY LTD,Gambling,23 RED RACING PTY LTD,keyword,0.95,23 RED RACING PTY LTD,institution
AN Racing Pty Ltd,Gambling,AN RACING PTY LTD,keyword,0.95,AN Racing Pty Ltd,institution
BEEJAYVILLE RACING PTY LTD,Gambling,BEEJAYVILLE RACING PTY LTD,keyword,0.95,BEEJAYVILLE RACING PTY LTD,institution
RYAN MCLEOD RACING CARS PTY LTD,Gambling,RYAN MCLEOD RACING CARS PTY LTD,keyword,0.95,RYAN MCLEOD RACING CARS PTY LTD,institution
RACING TEAM (AUST) PTY LTD,Gambling,RACING TEAM AUST PTY LTD|DICK JOHNSON RACING,keyword,0.95,RACING TEAM (AUST) PTY LTD,institution
CC RACING PTY LTD,Gambling,CC RACING PTY LTD,keyword,0.95,CC RACING PTY LTD,institution
PRESTON HIRE RACING PTY LIMITED,Gambling,PRESTON HIRE RACING PTY LIMITED,keyword,0.95,PRESTON HIRE RACING PTY LIMITED,institution
HDD RACING PTY LTD,Gambling,HDD RACING PTY LTD,keyword,0.95,HDD RACING PTY LTD,institution
SELF SPONSORED RACING PTY LTD,Gambling,SELF SPONSORED RACING PTY LTD,keyword,0.95,SELF SPONSORED RACING PTY LTD,institution
MEDLAND RACING PTY LTD,Gambling,MEDLAND RACING PTY LTD,keyword,0.95,MEDLAND RACING PTY LTD,institution
SAPPHIRE RACING PTY LTD,Gambling,SAPPHIRE RACING PTY LTD,keyword,0.95,SAPPHIRE RACING PTY LTD,institution
BTX RACING PTY LTD,Gambling,BTX RACING PTY LTD,keyword,0.95,BTX RACING PTY LTD,institution
RYAL HARRIS RACING PTY LTD,Gambling,RYAL HARRIS RACING PTY LTD,keyword,0.95,RYAL HARRIS RACING PTY LTD,institution
MAY RACING PTY LTD,Gambling,MAY RACING PTY LTD,keyword,0.95,MAY RACING PTY LTD,institution
SUTTON RACING PTY LTD,Gambling,SUTTON RACING PTY LTD,keyword,0.95,SUTTON RACING PTY LTD,institution
BIG RED RACING PTY LTD,Gambling,BIG RED RACING PTY LTD|BIG RED RACING,keyword,0.95,BIG RED RACING PTY LTD,institution
BELCONNEN NEWS AND LOTTO PTY LTD,Gambling,BELCONNEN NEWS AND LOTTO PTY LTD,keyword,0.95,BELCONNEN NEWS AND LOTTO PTY LTD,institution
HAS RACING PTY LTD,Gambling,HAS RACING PTY LTD,keyword,0.95,HAS RACING PTY LTD,institution
E&E RACING PTY LTD,Gambling,E E RACING PTY LTD,keyword,0.95,E&E RACING PTY LTD,institution
BILLABONG RACING PTY LTD,Gambling,BILLABONG RACING PTY LTD,keyword,0.95,BILLABONG RACING PTY LTD,institution
TASMANIAN COUNTRY CLUB-CASINO PROPRIETARY LIMITED,Gambling,TASMANIAN COUNTRY CLUB CASINO PROPRIETARY LIMITED|COUNTRY CLUB CASINO|COUNTRY CLUB RESORT|COUNTRY CLUB VILLAS,keyword,0.95,TASMANIAN COUNTRY CLUB-CASINO PROPRIETARY LIMITED,institution
THE STAR PTY LIMITED,Gambling,THE STAR PTY LIMITED|THE STAR|POP UP AT THE STAR|STAR CITY|STAR CITY APARTMENTS|STAR POKER|THE DARLING HOTEL|THE DARLING SPA|THE STAR EXPRESS|MARQUEE THE STAR SYDNEY,keyword,0.95,THE STAR PTY LIMITED,institution
QUEENSLAND GAMING & WAGERING SUPPLIES PTY. LTD.,Gambling,QUEENSLAND GAMING WAGERING SUPPLIES PTY LTD,keyword,0.95,QUEENSLAND GAMING & WAGERING SUPPLIES PTY. LTD.,institution
RACING SA LTD,Gambling,RACING SA LTD|THOROUGHBRED RACING S A LIMITED,keyword,0.95,RACING SA LTD,institution
Rapisarda Racing Pty Ltd,Gambling,RAPISARDA RACING PTY LTD|RAPISARDA AUTOSPORT INTERNATIONAL,keyword,0.95,Rapisarda Racing Pty Ltd,institution
Empower Racing Pty Ltd,Gambling,EMPOWER RACING PTY LTD,keyword,0.95,Empower Racing Pty Ltd,institution
ENTAIN GROUP PTY LTD,Gambling,ENTAIN GROUP PTY LTD|NEDS AU,keyword,0.95,ENTAIN GROUP PTY LTD,institution
REVERE RACING PTY LTD,Gambling,REVERE RACING PTY LTD,keyword,0.95,REVERE RACING PTY LTD,institution
BOBS LOTTO CLUB PTY LTD,Gambling,BOBS LOTTO CLUB PTY LTD,keyword,0.95,BOBS LOTTO CLUB PTY LTD,institution
GLENN HAVEN RACING PTY LTD,Gambling,GLENN HAVEN RACING PTY LTD,keyword,0.95,GLENN HAVEN RACING PTY LTD,institution
RATTRAY RACING PTY LTD,Gambling,RATTRAY RACING PTY LTD,keyword,0.95,RATTRAY RACING PTY LTD,institution
TONKIN STEWART RACING PTY LTD,Gambling,TONKIN STEWART RACING PTY LTD,keyword,0.95,TONKIN STEWART RACING PTY LTD,institution
CLARKE RACING PTY LTD,Gambling,CLARKE RACING PTY LTD,keyword,0.95,CLARKE RACING PTY LTD,institution
COLLINS 96 RACING PTY LTD,Gambling,COLLINS 96 RACING PTY LTD,keyword,0.95,COLLINS 96 RACING PTY LTD,institution
JD RACING (AUST) PTY LTD,Gambling,JD RACING AUST PTY LTD,keyword,0.95,JD RACING (AUST) PTY LTD,institution
DONKEY RACING ENGINES PTY LTD,Gambling,DONKEY RACING ENGINES PTY LTD,keyword,0.95,DONKEY RACING ENGINES PTY LTD,institution
RACING PUPPET PTY LTD,Gambling,RACING PUPPET PTY LTD,keyword,0.95,RACING PUPPET PTY LTD,institution
RISELEY RACING RANCH PTY LTD,Gambling,RISELEY RACING RANCH PTY LTD,keyword,0.95,RISELEY RACING RANCH PTY LTD,institution
DUNLOP RACING DIVISION (DRD) PTY LTD,Gambling,DUNLOP RACING DIVISION DRD PTY LTD,keyword,0.95,DUNLOP RACING DIVISION (DRD) PTY LTD,institution
VERDE RACING PTY LTD,Gambling,VERDE RACING PTY LTD,keyword,0.95,VERDE RACING PTY LTD,institution
RACING J GLOBAL PTY LTD,Gambling,RACING J GLOBAL PTY LTD,keyword,0.95,RACING J GLOBAL PTY LTD,institution
DOYLE ENTERPRISES (CASINO) PTY LTD,Gambling,DOYLE ENTERPRISES CASINO PTY LTD,keyword,0.95,DOYLE ENTERPRISES (CASINO) PTY LTD,institution
GOSFORD RACE CLUB LIMITED,Gambling,GOSFORD RACE CLUB LIMITED,keyword,0.95,GOSFORD RACE CLUB LIMITED,institution
TABCORP INTERNATIONAL PTY LTD,Gambling,TABCORP INTERNATIONAL PTY LTD|TABCORP INTERNATIONAL,keyword,0.95,TABCORP INTERNATIONAL PTY LTD,institution
JAMEC RACING PTY. LTD.,Gambling,JAMEC RACING PTY LTD|JAMEC RACING,keyword,0.95,JAMEC RACING PTY. LTD.,institution
WIMMERA RACING CLUB LIMITED,Gambling,WIMMERA RACING CLUB LIMITED|WIMMERA RACING CLUB LTD,keyword,0.95,WIMMERA RACING CLUB LIMITED,institution
QUANTUM RACING PTY LTD,Gambling,QUANTUM RACING PTY LTD|QUANTUM RACING PTY LIMITED,keyword,0.95,QUANTUM RACING PTY LTD,institution
Casino Gourmet Meats Pty Ltd,Gambling,CASINO GOURMET MEATS PTY LTD|MADSEN MEATS SMALL GOODS,keyword,0.95,Casino Gourmet Meats Pty Ltd,institution
The Car Warehouse Casino Pty Ltd,Gambling,THE CAR WAREHOUSE CASINO PTY LTD,keyword,0.95,The Car Warehouse Casino Pty Ltd,institution
JENNINGS BROTHERS RACING PTY LTD,Gambling,JENNINGS BROTHERS RACING PTY LTD,keyword,0.95,JENNINGS BROTHERS RACING PTY LTD,institution
SAM HILL RACING PTY LTD,Gambling,SAM HILL RACING PTY LTD,keyword,0.95,SAM HILL RACING PTY LTD,institution
RACING CENTRAL PTY LTD,Gambling,RACING CENTRAL PTY LTD,keyword,0.95,RACING CENTRAL PTY LTD,institution
4D AUST PTY LTD,Gambling,4D AUST PTY LTD|4D CLASSIC|4D JACKPOT|4D LOTTO,keyword,0.95,4D AUST PTY LTD,institution
ATHLETICA RACING AND PERFORMANCE PTY LTD,Gambling,ATHLETICA RACING AND PERFORMANCE PTY LTD,keyword,0.95,ATHLETICA RACING AND PERFORMANCE PTY LTD,institution
ALEXANDER BROTHERS RACING PTY LTD,Gambling,ALEXANDER BROTHERS RACING PTY LTD,keyword,0.95,ALEXANDER BROTHERS RACING PTY LTD,institution
ELLIOTT BROS RACING PTY LTD,Gambling,ELLIOTT BROS RACING PTY LTD,keyword,0.95,ELLIOTT BROS RACING PTY LTD,institution
WANGUR LOTTO PTY LTD,Gambling,WANGUR LOTTO PTY LTD,keyword,0.95,WANGUR LOTTO PTY LTD,institution
DARREN MCLEOD RACING PTY LTD,Gambling,DARREN MCLEOD RACING PTY LTD,keyword,0.95,DARREN MCLEOD RACING PTY LTD,institution
JAKE DUFFY RACING PTY LTD,Gambling,JAKE DUFFY RACING PTY LTD,keyword,0.95,JAKE DUFFY RACING PTY LTD,institution
CLAIRE LEVER RACING PTY LTD,Gambling,CLAIRE LEVER RACING PTY LTD,keyword,0.95,CLAIRE LEVER RACING PTY LTD,institution
PEET RACING PRODUCTS PTY LTD,Gambling,PEET RACING PRODUCTS PTY LTD|PEET RACING PRODUCTS,keyword,0.95,PEET RACING PRODUCTS PTY LTD,institution
BLACKBIRD POWER RACING PTY LTD,Gambling,BLACKBIRD POWER RACING PTY LTD|BLACKBIRD POWER RACING,keyword,0.95,BLACKBIRD POWER RACING PTY LTD,institution
DEGUARA BOOKMAKING PTY LTD,Gambling,DEGUARA BOOKMAKING PTY LTD,keyword,0.95,DEGUARA BOOKMAKING PTY LTD,institution
GRANT GOODRUM RACING PTY LTD,Gambling,GRANT GOODRUM RACING PTY LTD,keyword,0.95,GRANT GOODRUM RACING PTY LTD,institution
RUDDY RACING PTY LTD,Gambling,RUDDY RACING PTY LTD,keyword,0.95,RUDDY RACING PTY LTD,institution
RENITA BEATON RACING PTY LTD,Gambling,RENITA BEATON RACING PTY LTD,keyword,0.95,RENITA BEATON RACING PTY LTD,institution
SOUTHERN CROSS RACING & BLOODSTOCK SERVICES PTY. LTD.,Gambling,SOUTHERN CROSS RACING BLOODSTOCK SERVICES PTY LTD,keyword,0.95,SOUTHERN CROSS RACING & BLOODSTOCK SERVICES PTY. LTD.,institution
SOFI GROUP RACING PTY. LIMITED,Gambling,SOFI GROUP RACING PTY LIMITED,keyword,0.95,SOFI GROUP RACING PTY. LIMITED,institution
PERFORMANCE RACING PTY. LTD.,Gambling,PERFORMANCE RACING PTY LTD,keyword,0.95,PERFORMANCE RACING PTY. LTD.,institution
GOLDEN CASKET LOTTERY CORPORATION LIMITED,Gambling,GOLDEN CASKET LOTTERY CORPORATION LIMITED|GOLDEN CASKET,keyword,0.95,GOLDEN CASKET LOTTERY CORPORATION LIMITED,institution
LEDGER RACING PTY LTD,Gambling,LEDGER RACING PTY LTD,keyword,0.95,LEDGER RACING PTY LTD,institution
MARK FLAHERTY RACING PTY. LTD.,Gambling,MARK FLAHERTY RACING PTY LTD,keyword,0.95,MARK FLAHERTY RACING PTY. LTD.,institution
World Lotto Pty Ltd,Gambling,WORLD LOTTO PTY LTD,keyword,0.95,World Lotto Pty Ltd,institution
Kemp Racing Pty Ltd,Gambling,KEMP RACING PTY LTD,keyword,0.95,Kemp Racing Pty Ltd,institution
J&B Racing Pty Ltd,Gambling,J B RACING PTY LTD,keyword,0.95,J&B Racing Pty Ltd,institution
First Light Racing Pty Ltd,Gambling,FIRST LIGHT RACING PTY LTD|FIRST LIGHT RACING,keyword,0.95,First Light Racing Pty Ltd,institution
WHM Ocean Racing Pty Ltd,Gambling,WHM OCEAN RACING PTY LTD,keyword,0.95,WHM Ocean Racing Pty Ltd,institution
McDonald Racing Syndicate (Aust) Pty Ltd,Gambling,MCDONALD RACING SYNDICATE AUST PTY LTD,keyword,0.95,McDonald Racing Syndicate (Aust) Pty Ltd,institution
NEW SOUTH WALES LOTTERIES CORPORATION PTY LIMITED,Gambling,NEW SOUTH WALES LOTTERIES CORPORATION PTY LIMITED,keyword,0.95,NEW SOUTH WALES LOTTERIES CORPORATION PTY LIMITED,institution
SYNDICATE LOTTO PTY LTD,Gambling,SYNDICATE LOTTO PTY LTD,keyword,0.95,SYNDICATE LOTTO PTY LTD,institution
FOSFIT PTY LTD,Gambling,FOSFIT PTY LTD|FOSFIT CASINO|FOSFIT HEALTH CENTRE,keyword,0.95,FOSFIT PTY LTD,institution
JASON ATTARD RACING PTY LTD,Gambling,JASON ATTARD RACING PTY LTD|AKA RACING PARTNERSHIP,keyword,0.95,JASON ATTARD RACING PTY LTD,institution
TD RACING PTY LTD,Gambling,TD RACING PTY LTD,keyword,0.95,TD RACING PTY LTD,institution
LOTTERY FAMILY PTY LTD,Gambling,LOTTERY FAMILY PTY LTD,keyword,0.95,LOTTERY FAMILY PTY LTD,institution
ROBERT MUNN BOOKMAKING PTY LTD,Gambling,ROBERT MUNN BOOKMAKING PTY LTD,keyword,0.95,ROBERT MUNN BOOKMAKING PTY LTD,institution
PARKHILL LOTTO PTY LTD,Gambling,PARKHILL LOTTO PTY LTD,keyword,0.95,PARKHILL LOTTO PTY LTD,institution
Unibet Australia Pty Ltd,Gambling,UNIBET AUSTRALIA PTY LTD,keyword,0.95,Unibet Australia Pty Ltd,institution
LEEDERVILLE LOTTO & MARKETING PTY LTD,Gambling,LEEDERVILLE LOTTO MARKETING PTY LTD|LEEDERVILLE EXPRESS|LEEDERVILLE LOTTO|LEEDERVILLE MINI MART,keyword,0.95,LEEDERVILLE LOTTO & MARKETING PTY LTD,institution
LADBROKES SECURE PAY PTY LTD,Gambling,LADBROKES SECURE PAY PTY LTD,keyword,0.95,LADBROKES SECURE PAY PTY LTD,institution
BETFAIR PTY LIMITED,Gambling,BETFAIR PTY LIMITED|BETFAIR,keyword,0.95,BETFAIR PTY LIMITED,institution
POKER AS SPORT PTY LTD,Gambling,POKER AS SPORT PTY LTD,keyword,0.95,POKER AS SPORT PTY LTD,institution
KONEKA PTY LTD,Gambling,KONEKA PTY LTD|TSG CALWELL|TSG CHARNWOOD|TSG CHISHOLM|TSG GUNGAHLIN|TSG JAMISON LOTTO|TSG KIPPAX,keyword,0.95,KONEKA PTY LTD,institution
GAJANANA LOTTO PTY LTD,Gambling,GAJANANA LOTTO PTY LTD,keyword,0.95,GAJANANA LOTTO PTY LTD,institution
TAB STAR PTY LTD,Gambling,TAB STAR PTY LTD,keyword,0.95,TAB STAR PTY LTD,institution
CASINOS AUSTRIA INTERNATIONAL LIMITED,Gambling,CASINOS AUSTRIA INTERNATIONAL LIMITED,keyword,0.95,CASINOS AUSTRIA INTERNATIONAL LIMITED,institution
ROMODA PTY. LTD.,Gambling,ROMODA PTY LTD,keyword,0.95,ROMODA PTY. LTD.,institution
MAGIC BEAN LOTTO PTY LTD,Gambling,MAGIC BEAN LOTTO PTY LTD,keyword,0.95,MAGIC BEAN LOTTO PTY LTD,institution
MEGA MILLION LOTTO PTY LTD,Gambling,MEGA MILLION LOTTO PTY LTD|MEGA MILLION LOTTO|TSG MOUNT LAWLEY,keyword,0.95,MEGA MILLION LOTTO PTY LTD,institution
Aeros Casino Pty Ltd,Gambling,AEROS CASINO PTY LTD,keyword,0.95,Aeros Casino Pty Ltd,institution
BETFAIR (DEVELOPMENTS) PTY LIMITED,Gambling,BETFAIR DEVELOPMENTS PTY LIMITED,keyword,0.95,BETFAIR (DEVELOPMENTS) PTY LIMITED,institution
Poker Mania Pty Ltd,Gambling,POKER MANIA PTY LTD,keyword,0.95,Poker Mania Pty Ltd,institution
MODERN WAGERING SYSTEMS PTY. LTD.,Gambling,MODERN WAGERING SYSTEMS PTY LTD,keyword,0.95,MODERN WAGERING SYSTEMS PTY. LTD.,institution
BET CARTEL PTY LTD,Gambling,BET CARTEL PTY LTD,keyword,0.95,BET CARTEL PTY LTD,institution
ELITE POKER SERVICES PTY LTD,Gambling,ELITE POKER SERVICES PTY LTD,keyword,0.95,ELITE POKER SERVICES PTY LTD,institution
EMPTY SLOTS PTY LIMITED,Gambling,EMPTY SLOTS PTY LIMITED,keyword,0.95,EMPTY SLOTS PTY LIMITED,institution
GV LOTTO PTY LTD,Gambling,GV LOTTO PTY LTD,keyword,0.95,GV LOTTO PTY LTD,institution
WU LOTTERY PTY. LTD.,Gambling,WU LOTTERY PTY LTD,keyword,0.95,WU LOTTERY PTY. LTD.,institution
SHREE SAINATH PTY LTD,Gambling,SHREE SAINATH PTY LTD|TSG LOTTO GRIFFIN,keyword,0.95,SHREE SAINATH PTY LTD,institution
ONE LANE LOTTO PTY LTD,Gambling,ONE LANE LOTTO PTY LTD,keyword,0.95,ONE LANE LOTTO PTY LTD,institution
888 DANDENONG JUNCTION LUCKY LOTTO & NEWS PTY LTD,Gambling,888 DANDENONG JUNCTION LUCKY LOTTO NEWS PTY LTD,keyword,0.95,888 DANDENONG JUNCTION LUCKY LOTTO & NEWS PTY LTD,institution
B. & M. SLOTS PTY LTD,Gambling,B M SLOTS PTY LTD,keyword,0.95,B. & M. SLOTS PTY LTD,institution
FNQ POKER LEAGUE PTY LTD,Gambling,FNQ POKER LEAGUE PTY LTD,keyword,0.95,FNQ POKER LEAGUE PTY LTD,institution
WAGERING SOLUTIONS PTY LTD,Gambling,WAGERING SOLUTIONS PTY LTD,keyword,0.95,WAGERING SOLUTIONS PTY LTD,institution
GOLDEN WODEN PTY LTD.,Gambling,GOLDEN WODEN PTY LTD|TSG WRIGHT AND LOTTO,keyword,0.95,GOLDEN WODEN PTY LTD.,institution
PETER ANDERSON BOOKMAKING PTY LTD,Gambling,PETER ANDERSON BOOKMAKING PTY LTD,keyword,0.95,PETER ANDERSON BOOKMAKING PTY LTD,institution
EVERYDAY LOTTO PTY LTD,Gambling,EVERYDAY LOTTO PTY LTD,keyword,0.95,EVERYDAY LOTTO PTY LTD,institution
WINNERS BOOKMAKING PTY LTD,Gambling,WINNERS BOOKMAKING PTY LTD,keyword,0.95,WINNERS BOOKMAKING PTY LTD,institution
RED POCKET LOTTO PTY LTD,Gambling,RED POCKET LOTTO PTY LTD,keyword,0.95,RED POCKET LOTTO PTY LTD,institution
E SPORTS POKER PTY LTD,Gambling,E SPORTS POKER PTY LTD,keyword,0.95,E SPORTS POKER PTY LTD,institution
BROOME HOLDINGS PTY LTD,Gambling,BROOME HOLDINGS PTY LTD|THE BROOME PANTRY|THE BROOME PANTRY AND LOTTERY CENTRE,keyword,0.95,BROOME HOLDINGS PTY LTD,institution
TRYPOD BETTING PTY LTD,Gambling,TRYPOD BETTING PTY LTD,keyword,0.95,TRYPOD BETTING PTY LTD,institution
321 LOTTO SERVICES PTY LTD,Gambling,321 LOTTO SERVICES PTY LTD,keyword,0.95,321 LOTTO SERVICES PTY LTD,institution
LYNCHBET BOOKMAKING PTY LTD,Gambling,LYNCHBET BOOKMAKING PTY LTD,keyword,0.95,LYNCHBET BOOKMAKING PTY LTD,institution
888 LOTTO BURWOOD PTY LTD,Gambling,888 LOTTO BURWOOD PTY LTD,keyword,0.95,888 LOTTO BURWOOD PTY LTD,institution
CASINO PROMOTIONS PTY. LTD.,Gambling,CASINO PROMOTIONS PTY LTD|CASINO PROMOTIONS,keyword,0.95,CASINO PROMOTIONS PTY. LTD.,institution
DALLAS LOTTO PTY LTD,Gambling,DALLAS LOTTO PTY LTD,keyword,0.95,DALLAS LOTTO PTY LTD,institution
Tabcorp Wagering (Vic) Pty Ltd,Gambling,TABCORP WAGERING VIC PTY LTD,keyword,0.95,Tabcorp Wagering (Vic) Pty Ltd,institution
PUNTERS PAGE PTY LTD,Gambling,PUNTERS PAGE PTY LTD,keyword,0.95,PUNTERS PAGE PTY LTD,institution
BETTING KINGZ PTY LTD,Gambling,BETTING KINGZ PTY LTD,keyword,0.95,BETTING KINGZ PTY LTD,institution
THE LOTTERY INITIATIVE PTY LTD,Gambling,THE LOTTERY INITIATIVE PTY LTD,keyword,0.95,THE LOTTERY INITIATIVE PTY LTD,institution
GHANSHYAM PTY LTD,Gambling,GHANSHYAM PTY LTD|TSG LOTTO BROADBEACH WATERS,keyword,0.95,GHANSHYAM PTY LTD,institution
BETTING BROKERS AUSTRALIA PTY LTD,Gambling,BETTING BROKERS AUSTRALIA PTY LTD,keyword,0.95,BETTING BROKERS AUSTRALIA PTY LTD,institution
PORT MACQUARIE POKER MACHINE SALES & SERVICE PTY LTD,Gambling,PORT MACQUARIE POKER MACHINE SALES SERVICE PTY LTD,keyword,0.95,PORT MACQUARIE POKER MACHINE SALES & SERVICE PTY LTD,institution
DBS BETTING PTY LTD,Gambling,DBS BETTING PTY LTD,keyword,0.95,DBS BETTING PTY LTD,institution
AARON SETON RACING PTY LTD,Gambling,AARON SETON RACING PTY LTD,keyword,0.95,AARON SETON RACING PTY LTD,institution
KO & KC THOROUGHBRED RACING GROUP PTY LTD,Gambling,KO KC THOROUGHBRED RACING GROUP PTY LTD,keyword,0.95,KO & KC THOROUGHBRED RACING GROUP PTY LTD,institution
DAN MEAGHER RACING PTY LTD,Gambling,DAN MEAGHER RACING PTY LTD,keyword,0.95,DAN MEAGHER RACING PTY LTD,institution
AURIEMMA KART RACING TEAM PTY LTD,Gambling,AURIEMMA KART RACING TEAM PTY LTD|AK RACING TEAM,keyword,0.95,AURIEMMA KART RACING TEAM PTY LTD,institution
X LOTTO PTY LTD,Gambling,X LOTTO PTY LTD|X LOTTERY,keyword,0.95,X LOTTO PTY LTD,institution
AUSPEV RACING PTY LTD,Gambling,AUSPEV RACING PTY LTD,keyword,0.95,AUSPEV RACING PTY LTD,institution
FULL THROTTLE RACING PTY LTD,Gambling,FULL THROTTLE RACING PTY LTD,keyword,0.95,FULL THROTTLE RACING PTY LTD,institution
NEWMARKET LUCKY LOTTO PTY LTD,Gambling,NEWMARKET LUCKY LOTTO PTY LTD,keyword,0.95,NEWMARKET LUCKY LOTTO PTY LTD,institution
TAMWORTH HARNESS RACING CLUB LTD,Gambling,TAMWORTH HARNESS RACING CLUB LTD,keyword,0.95,TAMWORTH HARNESS RACING CLUB LTD,institution
GREYHOUND RACING SA LIMITED,Gambling,GREYHOUND RACING SA LIMITED|GREYHOUND RACING SA,keyword,0.95,GREYHOUND RACING SA LIMITED,institution
ALAN ESKANDER BOOKMAKING PTY LTD,Gambling,ALAN ESKANDER BOOKMAKING PTY LTD,keyword,0.95,ALAN ESKANDER BOOKMAKING PTY LTD,institution
Queensland Lottery Corporation Pty Ltd,Gambling,QUEENSLAND LOTTERY CORPORATION PTY LTD|QUEENSLAND LOTTERY CORPORATION,keyword,0.95,Queensland Lottery Corporation Pty Ltd,institution
PUNTERSHUB PREMIUM PTY LTD,Gambling,PUNTERSHUB PREMIUM PTY LTD|PUNTERSHUB,keyword,0.95,PUNTERSHUB PREMIUM PTY LTD,institution
HARRIS BOOKMAKING PTY LTD,Gambling,HARRIS BOOKMAKING PTY LTD,keyword,0.95,HARRIS BOOKMAKING PTY LTD,institution
V SAFE LOTTO PTY LTD,Gambling,V SAFE LOTTO PTY LTD,keyword,0.95,V SAFE LOTTO PTY LTD,institution
DEBT FREE LOTTERY PTY LTD,Gambling,DEBT FREE LOTTERY PTY LTD,keyword,0.95,DEBT FREE LOTTERY PTY LTD,institution
888 LOTTO PTY LTD,Gambling,888 LOTTO PTY LTD,keyword,0.95,888 LOTTO PTY LTD,institution
THOMPSON BOOKMAKING PTY LTD,Gambling,THOMPSON BOOKMAKING PTY LTD,keyword,0.95,THOMPSON BOOKMAKING PTY LTD,institution
LEMO'S CASINO PTY LTD,Gambling,LEMO S CASINO PTY LTD,keyword,0.95,LEMO'S CASINO PTY LTD,institution
TATTS LOTTERIES SA PTY LTD,Gambling,TATTS LOTTERIES SA PTY LTD,keyword,0.95,TATTS LOTTERIES SA PTY LTD,institution
TABCORP INTERNATIONAL NO. 4 PTY LTD,Gambling,TABCORP INTERNATIONAL NO 4 PTY LTD,keyword,0.95,TABCORP INTERNATIONAL NO. 4 PTY LTD,institution
O'SHEA BOOKMAKING IP PTY LTD,Gambling,O SHEA BOOKMAKING IP PTY LTD,keyword,0.95,O'SHEA BOOKMAKING IP PTY LTD,institution
KINGS PREMIUM POKER PTY LTD,Gambling,KINGS PREMIUM POKER PTY LTD,keyword,0.95,KINGS PREMIUM POKER PTY LTD,institution
NITRO WAGERING PTY LTD,Gambling,NITRO WAGERING PTY LTD,keyword,0.95,NITRO WAGERING PTY LTD,institution
CASINOS AUSTRIA INTERNATIONAL (CAIRNS) PTY LIMITED,Gambling,CASINOS AUSTRIA INTERNATIONAL CAIRNS PTY LIMITED|CASINOS AUSTRIA INTERNATIONAL CAIRNS PTY LTD,keyword,0.95,CASINOS AUSTRIA INTERNATIONAL (CAIRNS) PTY LIMITED,institution
SOUTH COAST GAMING MACHINES PTY LTD,Gambling,SOUTH COAST GAMING MACHINES PTY LTD,keyword,0.95,SOUTH COAST GAMING MACHINES PTY LTD,institution
Hannas Lotto Pty Ltd,Gambling,HANNAS LOTTO PTY LTD,keyword,0.95,Hannas Lotto Pty Ltd,institution
TABCORP VENTURES AUSTRALIA 1 PTY LTD,Gambling,TABCORP VENTURES AUSTRALIA 1 PTY LTD,keyword,0.95,TABCORP VENTURES AUSTRALIA 1 PTY LTD,institution
CASINO MANAGEMENT SERVICES PTY LTD,Gambling,CASINO MANAGEMENT SERVICES PTY LTD,keyword,0.95,CASINO MANAGEMENT SERVICES PTY LTD,institution
BRIGHTON BEACH NEWSAGENCY POST OFFICE AND LOTTO PTY LTD,Gambling,BRIGHTON BEACH NEWSAGENCY POST OFFICE AND LOTTO PTY LTD|BRIGHTON BEACH NEWSAGENCY,keyword,0.95,BRIGHTON BEACH NEWSAGENCY POST OFFICE AND LOTTO PTY LTD,institution
GOLDFINGER CASINO PTY LTD,Gambling,GOLDFINGER CASINO PTY LTD,keyword,0.95,GOLDFINGER CASINO PTY LTD,institution
CASINO FUN NIGHTS AUSTRALIA PTY LTD,Gambling,CASINO FUN NIGHTS AUSTRALIA PTY LTD,keyword,0.95,CASINO FUN NIGHTS AUSTRALIA PTY LTD,institution
TABCORP TRAINING PTY LTD,Gambling,TABCORP TRAINING PTY LTD,keyword,0.95,TABCORP TRAINING PTY LTD,institution
GOODWIN LOTTO PTY LTD,Gambling,GOODWIN LOTTO PTY LTD,keyword,0.95,GOODWIN LOTTO PTY LTD,institution
betfair australia pty ltd,Gambling,BETFAIR AUSTRALIA PTY LTD,keyword,0.95,betfair australia pty ltd,institution
CASINO TOURNAMENT PROMOTIONS PTY LTD,Gambling,CASINO TOURNAMENT PROMOTIONS PTY LTD,keyword,0.95,CASINO TOURNAMENT PROMOTIONS PTY LTD,institution
VICTORIAN BOOKMAKERS ASSOCIATION LIMITED,Gambling,VICTORIAN BOOKMAKERS ASSOCIATION LIMITED,keyword,0.95,VICTORIAN BOOKMAKERS ASSOCIATION LIMITED,institution
SPORTSBET VIP PTY LTD,Gambling,SPORTSBET VIP PTY LTD,keyword,0.95,SPORTSBET VIP PTY LTD,institution
GOOD LUCK LOTTERY PTY LTD,Gambling,GOOD LUCK LOTTERY PTY LTD,keyword,0.95,GOOD LUCK LOTTERY PTY LTD,institution
BOOKMAKER TRADING SERVICES PTY LTD,Gambling,BOOKMAKER TRADING SERVICES PTY LTD,keyword,0.95,BOOKMAKER TRADING SERVICES PTY LTD,institution
THE ZEN COLLECTIVE PTY LTD,Gambling,THE ZEN COLLECTIVE PTY LTD|LITTLE ZEN MART|ZEN COLLECTIVE|ZEN GAMING LOUNGE,keyword,0.95,THE ZEN COLLECTIVE PTY LTD,institution
LAKESIDE LOTTO PTY LTD,Gambling,LAKESIDE LOTTO PTY LTD,keyword,0.95,LAKESIDE LOTTO PTY LTD,institution
CROWN MELBOURNE LIMITED,Gambling,CROWN MELBOURNE LIMITED|CROWN CASINO|CASA DEL ORO AT CROWN|CROWN THE COMMON ROOM|CROWN CASINO INTERNATIONAL|CROWN CELLAR CO|CROWN CLUB 23|CROWN COLLEGE INSTITUTE OF HIGHER EDUCATION|CROWN COLLEGE INTERNATIONAL|CROWN CONFERENCE CENTRE|CROWN EVENTS|CROWN EVENTS CONFERENCES|CROWN GAMES|CROWN METROPOL|CROWN POKIES|CROWN PROMENADE|CROWN PROMENADE HOTEL|CROWN RESTAURANTS|CROWN SPORTS BAR|CROWN TABLES|CROWN TOWERS|CROWN VIP|CRYSTAL CLUB BAR RESTAURANT AT CROWN|FUSION AT CROWN|GEORGE S AT CROWN|GRADI AT CROWN|ID S AT CROWN|NOBU MELBOURNE|PROMENADE AT CROWN|PROMENADE HOTEL AT CROWN|THE HENLEY AT CROWN MELBOURNE|THE PALMS AT CROWN|THE PUB AT CROWN|TONIC AT CROWN|CROWN LTD,keyword,0.95,CROWN MELBOURNE LIMITED,institution
WAGERCREST ENTERPRISES PTY LTD,Gambling,WAGERCREST ENTERPRISES PTY LTD,keyword,0.95,WAGERCREST ENTERPRISES PTY LTD,institution
HIGH STREET LOTTO PTY LTD,Gambling,HIGH STREET LOTTO PTY LTD,keyword,0.95,HIGH STREET LOTTO PTY LTD,institution
WAGERTECH CAPITAL PTY LTD,Gambling,WAGERTECH CAPITAL PTY LTD,keyword,0.95,WAGERTECH CAPITAL PTY LTD,institution
NARRABEEN LOTTO AND GIFTS PTY LTD,Gambling,NARRABEEN LOTTO AND GIFTS PTY LTD,keyword,0.95,NARRABEEN LOTTO AND GIFTS PTY LTD,institution
GLOBAL BETTING SERVICES PTY. LTD.,Gambling,GLOBAL BETTING SERVICES PTY LTD,keyword,0.95,GLOBAL BETTING SERVICES PTY. LTD.,institution
MPS WAGERING PTY. LTD.,Gambling,MPS WAGERING PTY LTD,keyword,0.95,MPS WAGERING PTY. LTD.,institution
TATTS KENO HOLDINGS PTY LTD,Gambling,TATTS KENO HOLDINGS PTY LTD,keyword,0.95,TATTS KENO HOLDINGS PTY LTD,institution
LUCKY CAT LOTTO PTY LTD,Gambling,LUCKY CAT LOTTO PTY LTD,keyword,0.95,LUCKY CAT LOTTO PTY LTD,institution
AARON BROOKS BOOKMAKING PTY LTD,Gambling,AARON BROOKS BOOKMAKING PTY LTD,keyword,0.95,AARON BROOKS BOOKMAKING PTY LTD,institution
INTERNATIONAL CASINO SERVICES PTY. LTD.,Gambling,INTERNATIONAL CASINO SERVICES PTY LTD,keyword,0.95,INTERNATIONAL CASINO SERVICES PTY. LTD.,institution
SPORTS WAGERING INTEGRITY MONITORING LIMITED,Gambling,SPORTS WAGERING INTEGRITY MONITORING LIMITED,keyword,0.95,SPORTS WAGERING INTEGRITY MONITORING LIMITED,institution
LOCAL LOTTO $ NEWSAGENCY PTY LTD,Gambling,LOCAL LOTTO NEWSAGENCY PTY LTD,keyword,0.95,LOCAL LOTTO $ NEWSAGENCY PTY LTD,institution
O'SHEA BOOKMAKING HOLDINGS PTY LTD,Gambling,O SHEA BOOKMAKING HOLDINGS PTY LTD,keyword,0.95,O'SHEA BOOKMAKING HOLDINGS PTY LTD,institution
WAGERING TECHNOLOGIES PTY LTD,Gambling,WAGERING TECHNOLOGIES PTY LTD,keyword,0.95,WAGERING TECHNOLOGIES PTY LTD,institution
AUTISM LOTTERY PTY. LTD.,Gambling,AUTISM LOTTERY PTY LTD,keyword,0.95,AUTISM LOTTERY PTY. LTD.,institution
LOTTERY CONSULTING SERVICES AUSTRALASIA PTY LTD,Gambling,LOTTERY CONSULTING SERVICES AUSTRALASIA PTY LTD,keyword,0.95,LOTTERY CONSULTING SERVICES AUSTRALASIA PTY LTD,institution
COOLGARDIE RACING CLUB,Gambling,COOLGARDIE RACING CLUB,keyword,0.95,COOLGARDIE RACING CLUB,institution
WISER WAGER PTY LTD,Gambling,WISER WAGER PTY LTD,keyword,0.95,WISER WAGER PTY LTD,institution
PENDLEBURY BOOKMAKING PTY LIMITED,Gambling,PENDLEBURY BOOKMAKING PTY LIMITED,keyword,0.95,PENDLEBURY BOOKMAKING PTY LIMITED,institution
VIP BETTING PTY LTD,Gambling,VIP BETTING PTY LTD,keyword,0.95,VIP BETTING PTY LTD,institution
TOM WATERHOUSE PUNTING PTY LIMITED,Gambling,TOM WATERHOUSE PUNTING PTY LIMITED,keyword,0.95,TOM WATERHOUSE PUNTING PTY LIMITED,institution
GIVE 2 THE KIDS PTY LTD,Gambling,GIVE 2 THE KIDS PTY LTD|THE LUXE LOTTERY,keyword,0.95,GIVE 2 THE KIDS PTY LTD,institution
HANNANS LOTTERY PTY LTD,Gambling,HANNANS LOTTERY PTY LTD,keyword,0.95,HANNANS LOTTERY PTY LTD,institution
PUNTING KINGS PTY. LTD.,Gambling,PUNTING KINGS PTY LTD|PUNTING KINGS,keyword,0.95,PUNTING KINGS PTY. LTD.,institution
SMITHFIELD LOTTERIES PTY LTD,Gambling,SMITHFIELD LOTTERIES PTY LTD,keyword,0.95,SMITHFIELD LOTTERIES PTY LTD,institution
MILDURA NEWS & LOTTO PTY LTD,Gambling,MILDURA NEWS LOTTO PTY LTD,keyword,0.95,MILDURA NEWS & LOTTO PTY LTD,institution
NNDEV AUS PTY LTD,Gambling,NNDEV AUS PTY LTD|NNDEV LOTTO,keyword,0.95,NNDEV AUS PTY LTD,institution
MAITLAND HARNESS RACING CLUB LTD,Gambling,MAITLAND HARNESS RACING CLUB LTD,keyword,0.95,MAITLAND HARNESS RACING CLUB LTD,institution
INVERMAY NEWSAGENCY PTY. LTD.,Gambling,INVERMAY NEWSAGENCY PTY LTD|INVERMAY NEWS LOTTO,keyword,0.95,INVERMAY NEWSAGENCY PTY. LTD.,institution
DELAWARE NORTH DARWIN CASINO PTY LTD,Gambling,DELAWARE NORTH DARWIN CASINO PTY LTD|COVE DELAWARE NORTH|EVOO DELAWARE NORTH|INFINITY DELAWARE NORTH|LAGOON DAY SPA DELAWARE NORTH|MINDIL BEACH CASINO AND RESORT|SANDBAR DELAWARE NORTH,keyword,0.95,DELAWARE NORTH DARWIN CASINO PTY LTD,institution
DEUTSCHER HOLDINGS CORPORATION (QLD) PTY LTD,Gambling,DEUTSCHER HOLDINGS CORPORATION QLD PTY LTD|TSG LOTTO EXPRESS SMOKE SHOP,keyword,0.95,DEUTSCHER HOLDINGS CORPORATION (QLD) PTY LTD,institution
AAA NEWSAGENCY & LOTTO PTY LTD,Gambling,AAA NEWSAGENCY LOTTO PTY LTD,keyword,0.95,AAA NEWSAGENCY & LOTTO PTY LTD,institution
LADBROKES RACING CLUB PTY LTD,Gambling,LADBROKES RACING CLUB PTY LTD,keyword,0.95,LADBROKES RACING CLUB PTY LTD,institution
CASINO RETURNED SERVICEMEN'S MEMORIAL CLUB LTD,Gambling,CASINO RETURNED SERVICEMEN S MEMORIAL CLUB LTD|CASINO RETURNED SERVICEMENSMEMORIAL CLUB LTD|CASINO OPEN EDIBLE GARDEN|CASINO RSM BOWLING CLUB|CASINO RSM CLUB|CASINO YOUTH HUB|THE ROYAL CASINO,keyword,0.95,CASINO RETURNED SERVICEMEN'S MEMORIAL CLUB LTD,institution
DARLING CASINO MANAGEMENT PTY. LIMITED,Gambling,DARLING CASINO MANAGEMENT PTY LIMITED|DARLING CASINO MANAGEMENT PTY LTD,keyword,0.95,DARLING CASINO MANAGEMENT PTY. LIMITED,institution
TABCORP WAGERING ASSETS (VIC) PTY LTD,Gambling,TABCORP WAGERING ASSETS VIC PTY LTD,keyword,0.95,TABCORP WAGERING ASSETS (VIC) PTY LTD,institution
COLAC LOTTO & GIFTS PTY LTD,Gambling,COLAC LOTTO GIFTS PTY LTD|COLAC LUCKY LOTTO GIFTS,keyword,0.95,COLAC LOTTO & GIFTS PTY LTD,institution
TABULAM RACING CLUB LIMITED,Gambling,TABULAM RACING CLUB LIMITED|TABULAM RACING CLUB,keyword,0.95,TABULAM RACING CLUB LIMITED,institution
CRANBOURNE RACING CENTRE PTY LTD,Gambling,CRANBOURNE RACING CENTRE PTY LTD,keyword,0.95,CRANBOURNE RACING CENTRE PTY LTD,institution
CENTRO LOTTO PTY LTD,Gambling,CENTRO LOTTO PTY LTD,keyword,0.95,CENTRO LOTTO PTY LTD,institution
CASINO OPERATIONS PTY LIMITED,Gambling,CASINO OPERATIONS PTY LIMITED,keyword,0.95,CASINO OPERATIONS PTY LIMITED,institution
STABLE OF STARS RACING CLUB PTY LTD,Gambling,STABLE OF STARS RACING CLUB PTY LTD,keyword,0.95,STABLE OF STARS RACING CLUB PTY LTD,institution
TABCORP WAGERING PARTICIPANT (VIC) PTY LTD,Gambling,TABCORP WAGERING PARTICIPANT VIC PTY LTD,keyword,0.95,TABCORP WAGERING PARTICIPANT (VIC) PTY LTD,institution
TABCORP INVESTMENTS NO.6 PTY LTD,Gambling,TABCORP INVESTMENTS NO 6 PTY LTD,keyword,0.95,TABCORP INVESTMENTS NO.6 PTY LTD,institution
WAGER AUSTRALIA GROUP PTY LTD,Gambling,WAGER AUSTRALIA GROUP PTY LTD,keyword,0.95,WAGER AUSTRALIA GROUP PTY LTD,institution
STEPHEN SINGLE BOOKMAKING PTY LIMITED,Gambling,STEPHEN SINGLE BOOKMAKING PTY LIMITED,keyword,0.95,STEPHEN SINGLE BOOKMAKING PTY LIMITED,institution
DURGA LOTTO PTY LTD,Gambling,DURGA LOTTO PTY LTD,keyword,0.95,DURGA LOTTO PTY LTD,institution
LOTTO LOUNGE PTY LTD,Gambling,LOTTO LOUNGE PTY LTD,keyword,0.95,LOTTO LOUNGE PTY LTD,institution
MARK JOHNSTON BOOKMAKING PTY LTD,Gambling,MARK JOHNSTON BOOKMAKING PTY LTD,keyword,0.95,MARK JOHNSTON BOOKMAKING PTY LTD,institution
AUSTRALIAN HOME LOTTERY PTY LTD,Gambling,AUSTRALIAN HOME LOTTERY PTY LTD,keyword,0.95,AUSTRALIAN HOME LOTTERY PTY LTD,institution
LEMON TREE POST & LOTTERIES PTY LTD,Gambling,LEMON TREE POST LOTTERIES PTY LTD|LEMON TREE POST LOTTERIES,keyword,0.95,LEMON TREE POST & LOTTERIES PTY LTD,institution
HOME CO KEYSIE LOTTO PTY LTD,Gambling,HOME CO KEYSIE LOTTO PTY LTD,keyword,0.95,HOME CO KEYSIE LOTTO PTY LTD,institution
THE AUSTRALIAN LOTTERY COMPANY PTY. LTD.,Gambling,THE AUSTRALIAN LOTTERY COMPANY PTY LTD,keyword,0.95,THE AUSTRALIAN LOTTERY COMPANY PTY. LTD.,institution
TATTSLOTTO LILYDALE PTY LTD,Gambling,TATTSLOTTO LILYDALE PTY LTD,keyword,0.95,TATTSLOTTO LILYDALE PTY LTD,institution
CZ BLACKBURN INVESTMENT PTY LTD,Gambling,CZ BLACKBURN INVESTMENT PTY LTD|BLACKBURN SOUTH NEWS POST AND LOTTO,keyword,0.95,CZ BLACKBURN INVESTMENT PTY LTD,institution
TAB TAS PTY LTD,Gambling,TAB TAS PTY LTD,keyword,0.95,TAB TAS PTY LTD,institution
BETTING TECHNOLOGIES AUSTRALIA PTY LTD,Gambling,BETTING TECHNOLOGIES AUSTRALIA PTY LTD,keyword,0.95,BETTING TECHNOLOGIES AUSTRALIA PTY LTD,institution
DUNDASLOTTO PTY LTD,Gambling,DUNDASLOTTO PTY LTD|DUNDAS LOTTO,keyword,0.95,DUNDASLOTTO PTY LTD,institution
SOUTHERN POKER MACHINE SALES & SERVICE PTY LTD,Gambling,SOUTHERN POKER MACHINE SALES SERVICE PTY LTD,keyword,0.95,SOUTHERN POKER MACHINE SALES & SERVICE PTY LTD,institution
NSW ABORIGINAL SAFE GAMBLING PTY LTD,Gambling,NSW ABORIGINAL SAFE GAMBLING PTY LTD,keyword,0.95,NSW ABORIGINAL SAFE GAMBLING PTY LTD,institution
EDP PULTENEY PTY LTD,Gambling,EDP PULTENEY PTY LTD|JACKPOTS ON PULTENEY|PULTENEY POKIES,keyword,0.95,EDP PULTENEY PTY LTD,institution
REEF CORPORATE SERVICES LIMITED,Gambling,REEF CORPORATE SERVICES LIMITED|REEF CORPORATE SERVICES LTD|THE REEF HOTEL CASINO,keyword,0.95,REEF CORPORATE SERVICES LIMITED,institution
TABCORP HOLDINGS LIMITED,Gambling,TABCORP HOLDINGS LIMITED|TABCORP HOLDINGS LTD,keyword,0.95,TABCORP HOLDINGS LIMITED,institution
MULTI MEDIA LOTTERIES PTY LTD,Gambling,MULTI MEDIA LOTTERIES PTY LTD,keyword,0.95,MULTI MEDIA LOTTERIES PTY LTD,institution
RACING CLUB NO 4 LTD,Gambling,RACING CLUB NO 4 LTD,keyword,0.95,RACING CLUB NO 4 LTD,institution
MILLETT BOOKMAKING PTY. LTD.,Gambling,MILLETT BOOKMAKING PTY LTD,keyword,0.95,MILLETT BOOKMAKING PTY. LTD.,institution
4D LOTTERY AUSTRALIA PTY LTD,Gambling,4D LOTTERY AUSTRALIA PTY LTD,keyword,0.95,4D LOTTERY AUSTRALIA PTY LTD,institution
THE BETTING BROKERS PTY LTD,Gambling,THE BETTING BROKERS PTY LTD|THE BETTING BROKERS,keyword,0.95,THE BETTING BROKERS PTY LTD,institution
RICK'S SUPERMARKET & LOTTO PTY LTD,Gambling,RICK S SUPERMARKET LOTTO PTY LTD,keyword,0.95,RICK'S SUPERMARKET & LOTTO PTY LTD,institution
CASINO CANBERRA LIMITED,Gambling,CASINO CANBERRA LIMITED|CASINO CANBERRA,keyword,0.95,CASINO CANBERRA LIMITED,institution
SURF LIFE SAVING AUSTRALIA LIMITED,Gambling,SURF LIFE SAVING AUSTRALIA LIMITED|SURF LIFE SAVING AUSTRALIA LTD|GUARDIANS OF THE SURF|OCEAN THUNDER SURF BOAT SERIES|SURF EDUCATE AUSTRALIA|SURF LIFE SAVING ART UNION|SURF LIFE SAVING GIVING|SURF LIFE SAVING INNOVATION FUND|SURF LIFE SAVING LOTTERIES|SURF LOTTERY|THE LIFE OF THE BEACH,keyword,0.95,SURF LIFE SAVING AUSTRALIA LIMITED,institution
O'SHEA BOOKMAKING PTY LTD,Gambling,O SHEA BOOKMAKING PTY LTD,keyword,0.95,O'SHEA BOOKMAKING PTY LTD,institution
MANAGED WAGERING SERVICES PTY LTD,Gambling,MANAGED WAGERING SERVICES PTY LTD,keyword,0.95,MANAGED WAGERING SERVICES PTY LTD,institution
PAKENHAM LUCKY LOTTO PTY LTD,Gambling,PAKENHAM LUCKY LOTTO PTY LTD,keyword,0.95,PAKENHAM LUCKY LOTTO PTY LTD,institution
PACIFIC BETTING GROUP PTY LTD,Gambling,PACIFIC BETTING GROUP PTY LTD,keyword,0.95,PACIFIC BETTING GROUP PTY LTD,institution
BANJO SMYTH BOOKMAKING PTY LTD,Gambling,BANJO SMYTH BOOKMAKING PTY LTD,keyword,0.95,BANJO SMYTH BOOKMAKING PTY LTD,institution
CONSOLIDATED POKER MACHINES PTY LTD,Gambling,CONSOLIDATED POKER MACHINES PTY LTD|CONSOLIDATED GAMING,keyword,0.95,CONSOLIDATED POKER MACHINES PTY LTD,institution
DUBBO GREYHOUND RACING CLUB LTD,Gambling,DUBBO GREYHOUND RACING CLUB LTD|DUBBO GREYHOUND RACING CLUB,keyword,0.95,DUBBO GREYHOUND RACING CLUB LTD,institution
POKER INVESTMENTS PTY. LTD.,Gambling,POKER INVESTMENTS PTY LTD,keyword,0.95,POKER INVESTMENTS PTY. LTD.,institution
AUSTRALIAN BOOKMAKERS' ASSOCIATION PTY LTD,Gambling,AUSTRALIAN BOOKMAKERS ASSOCIATION PTY LTD,keyword,0.95,AUSTRALIAN BOOKMAKERS' ASSOCIATION PTY LTD,institution
Lottery Marketing.Com Pty Ltd,Gambling,LOTTERY MARKETING COM PTY LTD,keyword,0.95,Lottery Marketing.Com Pty Ltd,institution
BLUE CASINO PTY LTD,Gambling,BLUE CASINO PTY LTD,keyword,0.95,BLUE CASINO PTY LTD,institution
SEAD POKER PTY LTD,Gambling,SEAD POKER PTY LTD,keyword,0.95,SEAD POKER PTY LTD,institution
POINTSBET HOLDINGS LIMITED,Gambling,POINTSBET HOLDINGS LIMITED,keyword,0.95,POINTSBET HOLDINGS LIMITED,institution
BIG BOYZ POKER PTY LTD,Gambling,BIG BOYZ POKER PTY LTD,keyword,0.95,BIG BOYZ POKER PTY LTD,institution
NATIONAL LOTTERIES AND NEWSAGENTS ASSOCIATION LTD,Gambling,NATIONAL LOTTERIES AND NEWSAGENTS ASSOCIATION LTD|NEWSAGENTS GLOBAL,keyword,0.95,NATIONAL LOTTERIES AND NEWSAGENTS ASSOCIATION LTD,institution
AUSTRALIAN PACIFIC WAGERING GROUP PTY LTD,Gambling,AUSTRALIAN PACIFIC WAGERING GROUP PTY LTD,keyword,0.95,AUSTRALIAN PACIFIC WAGERING GROUP PTY LTD,institution
BEE NEWS AND LOTTO PTY LTD,Gambling,BEE NEWS AND LOTTO PTY LTD,keyword,0.95,BEE NEWS AND LOTTO PTY LTD,institution
WOLF BETTING OPERATIONS PTY LTD,Gambling,WOLF BETTING OPERATIONS PTY LTD,keyword,0.95,WOLF BETTING OPERATIONS PTY LTD,institution
COBRAM VILLAGE LOTTO PTY LTD,Gambling,COBRAM VILLAGE LOTTO PTY LTD,keyword,0.95,COBRAM VILLAGE LOTTO PTY LTD,institution
LEADER LOTTO PTY LTD,Gambling,LEADER LOTTO PTY LTD,keyword,0.95,LEADER LOTTO PTY LTD,institution
KILSYTH NEWS & LOTTO PTY LTD,Gambling,KILSYTH NEWS LOTTO PTY LTD,keyword,0.95,KILSYTH NEWS & LOTTO PTY LTD,institution
THE STAR ENTERTAINMENT SYDNEY HOLDINGS LIMITED,Gambling,THE STAR ENTERTAINMENT SYDNEY HOLDINGS LIMITED,keyword,0.95,THE STAR ENTERTAINMENT SYDNEY HOLDINGS LIMITED,institution
ALL IN POKER PTY LTD,Gambling,ALL IN POKER PTY LTD,keyword,0.95,ALL IN POKER PTY LTD,institution
DEBT FREE LOTTERY IP PTY LTD,Gambling,DEBT FREE LOTTERY IP PTY LTD|DEBT FREE ME,keyword,0.95,DEBT FREE LOTTERY IP PTY LTD,institution
KENO (VIC) PTY LTD,Gambling,KENO VIC PTY LTD,keyword,0.95,KENO (VIC) PTY LTD,institution
Kalo Lotteries Pty Ltd,Gambling,KALO LOTTERIES PTY LTD,keyword,0.95,Kalo Lotteries Pty Ltd,institution
LUCKY ST ALBANS LOTTO PTY LTD,Gambling,LUCKY ST ALBANS LOTTO PTY LTD,keyword,0.95,LUCKY ST ALBANS LOTTO PTY LTD,institution
LOTTERY LAND PTY LTD,Gambling,LOTTERY LAND PTY LTD,keyword,0.95,LOTTERY LAND PTY LTD,institution
THRIVE VH NEWS LOTTO PTY LTD,Gambling,THRIVE VH NEWS LOTTO PTY LTD,keyword,0.95,THRIVE VH NEWS LOTTO PTY LTD,institution
NORTHERN LUCKY STAR LOTTO PTY LTD,Gambling,NORTHERN LUCKY STAR LOTTO PTY LTD|ROSEBUD PLAZA LOTTO,keyword,0.95,NORTHERN LUCKY STAR LOTTO PTY LTD,institution
SUPREME POKER MACHINE SALES & SERVICE PTY LTD,Gambling,SUPREME POKER MACHINE SALES SERVICE PTY LTD,keyword,0.95,SUPREME POKER MACHINE SALES & SERVICE PTY LTD,institution
TABCORP ASSETS PTY LTD,Gambling,TABCORP ASSETS PTY LTD,keyword,0.95,TABCORP ASSETS PTY LTD,institution
CASINO ENTERTAINMENT GROUP PTY LTD,Gambling,CASINO ENTERTAINMENT GROUP PTY LTD,keyword,0.95,CASINO ENTERTAINMENT GROUP PTY LTD,institution
BAYSIDE NEWS & LOTTO PTY LTD,Gambling,BAYSIDE NEWS LOTTO PTY LTD,keyword,0.95,BAYSIDE NEWS & LOTTO PTY LTD,institution
MY MONTH LOTTERY PTY LTD,Gambling,MY MONTH LOTTERY PTY LTD,keyword,0.95,MY MONTH LOTTERY PTY LTD,institution
Premium Wagering Service Pty Ltd,Gambling,PREMIUM WAGERING SERVICE PTY LTD,keyword,0.95,Premium Wagering Service Pty Ltd,institution
MATCH POKER ONLINE PTY LTD,Gambling,MATCH POKER ONLINE PTY LTD,keyword,0.95,MATCH POKER ONLINE PTY LTD,institution
FEWSTER BOOKMAKING PTY LTD,Gambling,FEWSTER BOOKMAKING PTY LTD|FEWSTER BOOKMAKING,keyword,0.95,FEWSTER BOOKMAKING PTY LTD,institution
HILLSIDE (AUSTRALIA NEW MEDIA) PTY LIMITED,Gambling,HILLSIDE AUSTRALIA NEW MEDIA PTY LIMITED,keyword,0.95,HILLSIDE (AUSTRALIA NEW MEDIA) PTY LIMITED,institution
ACE HIGH POKER PTY LTD,Gambling,ACE HIGH POKER PTY LTD|ACE HIGH POKER CLUB,keyword,0.95,ACE HIGH POKER PTY LTD,institution
YOUNG TRIBE CREATIONS PTY LTD,Gambling,YOUNG TRIBE CREATIONS PTY LTD|YOUNG TRIBE CREATIONS|YOUNG TRIBE NEWS LOTTO AND GIFTS,keyword,0.95,YOUNG TRIBE CREATIONS PTY LTD,institution
AUSSIE WAGERING 8 PTY LTD,Gambling,AUSSIE WAGERING 8 PTY LTD,keyword,0.95,AUSSIE WAGERING 8 PTY LTD,institution
CASINO BUSTERS SYSTEMS INTERNATIONAL PTY LTD,Gambling,CASINO BUSTERS SYSTEMS INTERNATIONAL PTY LTD,keyword,0.95,CASINO BUSTERS SYSTEMS INTERNATIONAL PTY LTD,institution
JHS WAGERING CONSULTANCY PTY LTD,Gambling,JHS WAGERING CONSULTANCY PTY LTD,keyword,0.95,JHS WAGERING CONSULTANCY PTY LTD,institution
WAGERLY PTY LTD,Gambling,WAGERLY PTY LTD,keyword,0.95,WAGERLY PTY LTD,institution
LOTTO WORLD PTY. LTD.,Gambling,LOTTO WORLD PTY LTD,keyword,0.95,LOTTO WORLD PTY. LTD.,institution
BETFAIR AUSTRALASIA PTY LIMITED,Gambling,BETFAIR AUSTRALASIA PTY LIMITED,keyword,0.95,BETFAIR AUSTRALASIA PTY LIMITED,institution
SIAM WAGERING PTY LTD,Gambling,SIAM WAGERING PTY LTD,keyword,0.95,SIAM WAGERING PTY LTD,institution
GEELONG LOTTO PTY LTD,Gambling,GEELONG LOTTO PTY LTD,keyword,0.95,GEELONG LOTTO PTY LTD,institution
WAGERING CO PTY LTD,Gambling,WAGERING CO PTY LTD,keyword,0.95,WAGERING CO PTY LTD,institution
THE STAR ENTERTAINMENT QLD LIMITED,Gambling,THE STAR ENTERTAINMENT QLD LIMITED|NINETEEN AT THE STAR|RYAN S ON THE PARK|STAR CAFE GOLD COAST|THE QUID BAR|THE STAR CASINO HOTEL BRISBANE|THE STAR GOLD COAST|THE STAR GOLD COAST CASINO|THE STAR HOTEL CASINO GOLD COAST|TREASURY BY THE STAR|TREASURY BY THE STAR BRISBANE,keyword,0.95,THE STAR ENTERTAINMENT QLD LIMITED,institution
JUMBO LOTTERIES PTY LTD,Gambling,JUMBO LOTTERIES PTY LTD|JUMBO INTERACTIVE PTY LTD,keyword,0.95,JUMBO LOTTERIES PTY LTD,institution
BEHRAKIS GROUP LOTTO PTY LTD,Gambling,BEHRAKIS GROUP LOTTO PTY LTD,keyword,0.95,BEHRAKIS GROUP LOTTO PTY LTD,institution
CASINO RACING CLUB LTD,Gambling,CASINO RACING CLUB LTD,keyword,0.95,CASINO RACING CLUB LTD,institution
THE STAR ENTERTAINMENT DBC HOLDINGS PTY LTD,Gambling,THE STAR ENTERTAINMENT DBC HOLDINGS PTY LTD,keyword,0.95,THE STAR ENTERTAINMENT DBC HOLDINGS PTY LTD,institution
BOOKMAKER INVESTMENTS PTY LTD,Gambling,BOOKMAKER INVESTMENTS PTY LTD|BOOKMAKER INVESTMENTS,keyword,0.95,BOOKMAKER INVESTMENTS PTY LTD,institution
WAGERING AND GAMING SERVICES PTY LTD,Gambling,WAGERING AND GAMING SERVICES PTY LTD,keyword,0.95,WAGERING AND GAMING SERVICES PTY LTD,institution
MAILBAG WAGERING PTY LTD,Gambling,MAILBAG WAGERING PTY LTD,keyword,0.95,MAILBAG WAGERING PTY LTD,institution
TATTS 8 LOTTO PTY LTD,Gambling,TATTS 8 LOTTO PTY LTD,keyword,0.95,TATTS 8 LOTTO PTY LTD,institution
WONTHAGGI NEWSAGENCY & LOTTO PTY. LTD.,Gambling,WONTHAGGI NEWSAGENCY LOTTO PTY LTD|WONTHAGGI NEWSAGENCY LOTTO,keyword,0.95,WONTHAGGI NEWSAGENCY & LOTTO PTY. LTD.,institution
ISCOT PTY LTD,Gambling,ISCOT PTY LTD|TSG WANNIASSA LOTTO|TSG YASS,keyword,0.95,ISCOT PTY LTD,institution
REEF CASINO INVESTMENTS PTY LTD,Gambling,REEF CASINO INVESTMENTS PTY LTD,keyword,0.95,REEF CASINO INVESTMENTS PTY LTD,institution
ANAMKO PTY LTD,Gambling,ANAMKO PTY LTD|CLAREMONT LUCKY LOTTO TSG TOBACCONIST|TSG NORTHGATE,keyword,0.95,ANAMKO PTY LTD,institution
TABCORP WAGERING HOLDINGS PTY LTD,Gambling,TABCORP WAGERING HOLDINGS PTY LTD,keyword,0.95,TABCORP WAGERING HOLDINGS PTY LTD,institution
RST TATTSLOTTO PTY LTD,Gambling,RST TATTSLOTTO PTY LTD,keyword,0.95,RST TATTSLOTTO PTY LTD,institution
HEDLAND BLUE PTY LTD,Gambling,HEDLAND BLUE PTY LTD|HEDLAND NEWS LOTTERIES,keyword,0.95,HEDLAND BLUE PTY LTD,institution
MALVERN CENTRAL LUCKY LOTTO PTY LTD,Gambling,MALVERN CENTRAL LUCKY LOTTO PTY LTD,keyword,0.95,MALVERN CENTRAL LUCKY LOTTO PTY LTD,institution
TABCORP WAGERING MANAGER (VIC) PTY LTD,Gambling,TABCORP WAGERING MANAGER VIC PTY LTD,keyword,0.95,TABCORP WAGERING MANAGER (VIC) PTY LTD,institution
WARRAWONG LOTTO AND GIFTS PTY LTD,Gambling,WARRAWONG LOTTO AND GIFTS PTY LTD,keyword,0.95,WARRAWONG LOTTO AND GIFTS PTY LTD,institution
QUAYSIDE NEWS & LOTTO PTY LTD,Gambling,QUAYSIDE NEWS LOTTO PTY LTD,keyword,0.95,QUAYSIDE NEWS & LOTTO PTY LTD,institution
KELLY'S POKER MACHINES PTY LTD,Gambling,KELLY S POKER MACHINES PTY LTD,keyword,0.95,KELLY'S POKER MACHINES PTY LTD,institution
THE STAR ENTERTAINMENT GROUP LIMITED,Gambling,THE STAR ENTERTAINMENT GROUP LIMITED|ECHO ENTERTAINMENT GROUP|THE STAR ENTERTAINMENT GROUP,keyword,0.95,THE STAR ENTERTAINMENT GROUP LIMITED,institution
JEWEL CASINO PTY LTD,Gambling,JEWEL CASINO PTY LTD,keyword,0.95,JEWEL CASINO PTY LTD,institution
BETTING TECHNOLOGIES ASIA PTY LTD,Gambling,BETTING TECHNOLOGIES ASIA PTY LTD,keyword,0.95,BETTING TECHNOLOGIES ASIA PTY LTD,institution
LUCKY CROW LOTTO PTY. LTD.,Gambling,LUCKY CROW LOTTO PTY LTD,keyword,0.95,LUCKY CROW LOTTO PTY. LTD.,institution
AP LOTTO PTY LTD,Gambling,AP LOTTO PTY LTD,keyword,0.95,AP LOTTO PTY LTD,institution
FILIPEK BOOKMAKING PTY LTD,Gambling,FILIPEK BOOKMAKING PTY LTD|SHANE FILIPEK BOOKMAKING PTY LTD,keyword,0.95,FILIPEK BOOKMAKING PTY LTD,institution
PATTON PRICE BOOKMAKING PTY LTD,Gambling,PATTON PRICE BOOKMAKING PTY LTD,keyword,0.95,PATTON PRICE BOOKMAKING PTY LTD,institution
RAMON KARANGIS BOOKMAKING PTY LTD,Gambling,RAMON KARANGIS BOOKMAKING PTY LTD,keyword,0.95,RAMON KARANGIS BOOKMAKING PTY LTD,institution
ZINGER BOOKMAKING PTY LTD,Gambling,ZINGER BOOKMAKING PTY LTD,keyword,0.95,ZINGER BOOKMAKING PTY LTD,institution
SPORTSBET PTY LTD,Gambling,SPORTSBET PTY LTD|SPORTSBET AUSTRALIA,keyword,0.95,SPORTSBET PTY LTD,institution
GREENSBOROUGH PLAZA LOTTO PTY LTD,Gambling,GREENSBOROUGH PLAZA LOTTO PTY LTD|LUCKY LOTTO GREENSBOROUGH,keyword,0.95,GREENSBOROUGH PLAZA LOTTO PTY LTD,institution
SIMON BEASLEY BOOKMAKING PTY LTD,Gambling,SIMON BEASLEY BOOKMAKING PTY LTD|SIMON BEASLEY DRAGONBET,keyword,0.95,SIMON BEASLEY BOOKMAKING PTY LTD,institution
CHURCH STREET LOTTERIES PTY LTD,Gambling,CHURCH STREET LOTTERIES PTY LTD,keyword,0.95,CHURCH STREET LOTTERIES PTY LTD,institution
OZ4D LOTTERY AUSTRALIA PTY LTD,Gambling,OZ4D LOTTERY AUSTRALIA PTY LTD,keyword,0.95,OZ4D LOTTERY AUSTRALIA PTY LTD,institution
CASINO ROYALE PTY. LIMITED,Gambling,CASINO ROYALE PTY LIMITED,keyword,0.95,CASINO ROYALE PTY. LIMITED,institution
DOONER WAGERING CONSULTING PTY LTD,Gambling,DOONER WAGERING CONSULTING PTY LTD,keyword,0.95,DOONER WAGERING CONSULTING PTY LTD,institution
LUCKY WINNER LOTTERY PTY LTD,Gambling,LUCKY WINNER LOTTERY PTY LTD,keyword,0.95,LUCKY WINNER LOTTERY PTY LTD,institution
KENO (QLD) PTY LTD,Gambling,KENO QLD PTY LTD|INSTANT KENO,keyword,0.95,KENO (QLD) PTY LTD,institution
PALMER BOOKMAKING PTY LIMITED,Gambling,PALMER BOOKMAKING PTY LIMITED,keyword,0.95,PALMER BOOKMAKING PTY LIMITED,institution
EDENSOR LOTTO & POST PTY LTD,Gambling,EDENSOR LOTTO POST PTY LTD,keyword,0.95,EDENSOR LOTTO & POST PTY LTD,institution
RESPONSIBLE WAGERING AUSTRALIA HOLDINGS LIMITED,Gambling,RESPONSIBLE WAGERING AUSTRALIA HOLDINGS LIMITED,keyword,0.95,RESPONSIBLE WAGERING AUSTRALIA HOLDINGS LIMITED,institution
CAPEL SOUND NEWS & LOTTO PTY LTD,Gambling,CAPEL SOUND NEWS LOTTO PTY LTD,keyword,0.95,CAPEL SOUND NEWS & LOTTO PTY LTD,institution
Major Wager Pty Ltd,Gambling,MAJOR WAGER PTY LTD,keyword,0.95,Major Wager Pty Ltd,institution
NEDS.COM.AU PTY LTD,Gambling,NEDS COM AU PTY LTD,keyword,0.95,NEDS.COM.AU PTY LTD,institution
ROSHANA NEWS & LOTTO PTY LTD,Gambling,ROSHANA NEWS LOTTO PTY LTD|LOTUS BY ROSHANA,keyword,0.95,ROSHANA NEWS & LOTTO PTY LTD,institution
DEBT FREE LOTTERY HOLDING CO PTY LTD,Gambling,DEBT FREE LOTTERY HOLDING CO PTY LTD,keyword,0.95,DEBT FREE LOTTERY HOLDING CO PTY LTD,institution
TABCORP GAMING HOLDINGS PTY LTD,Gambling,TABCORP GAMING HOLDINGS PTY LTD,keyword,0.95,TABCORP GAMING HOLDINGS PTY LTD,institution
POINTSBET AUSTRALIA PTY LIMITED,Gambling,POINTSBET AUSTRALIA PTY LIMITED,keyword,0.95,POINTSBET AUSTRALIA PTY LIMITED,institution
CONSOLIDATED POKER MACHINES (NSW) PTY LTD,Gambling,CONSOLIDATED POKER MACHINES NSW PTY LTD,keyword,0.95,CONSOLIDATED POKER MACHINES (NSW) PTY LTD,institution
EASY BETTING PUNTERS ASSOCIATION PTY LTD,Gambling,EASY BETTING PUNTERS ASSOCIATION PTY LTD,keyword,0.95,EASY BETTING PUNTERS ASSOCIATION PTY LTD,institution
CRUNCH LOTTO FORM GUIDES AUSTRALIA PTY LTD,Gambling,CRUNCH LOTTO FORM GUIDES AUSTRALIA PTY LTD,keyword,0.95,CRUNCH LOTTO FORM GUIDES AUSTRALIA PTY LTD,institution
THE LOCAL BROTHERS PTY LTD,Gambling,THE LOCAL BROTHERS PTY LTD|THE LOCAL LOTTO SYDNEY,keyword,0.95,THE LOCAL BROTHERS PTY LTD,institution
WALKER WAGERING PTY LTD,Gambling,WALKER WAGERING PTY LTD,keyword,0.95,WALKER WAGERING PTY LTD,institution
GLOBAL WAGERING SOLUTIONS PTY LTD,Gambling,GLOBAL WAGERING SOLUTIONS PTY LTD,keyword,0.95,GLOBAL WAGERING SOLUTIONS PTY LTD,institution
CASINO GREYHOUND RACING CLUB LTD,Gambling,CASINO GREYHOUND RACING CLUB LTD|CASINO GREYHOUND RACING CLUB LIMITED,keyword,0.95,CASINO GREYHOUND RACING CLUB LTD,institution
COFFS HARBOUR RACING CLUB LIMITED,Gambling,COFFS HARBOUR RACING CLUB LIMITED|COFFS HARBOUR RACING CLUB,keyword,0.95,COFFS HARBOUR RACING CLUB LIMITED,institution
CHAMPION RACING CLUB PTY LTD,Gambling,CHAMPION RACING CLUB PTY LTD,keyword,0.95,CHAMPION RACING CLUB PTY LTD,institution
AUSTRALIAN RACING & SPORTS WAGERING CONSULTANTS PTY LIMITED,Gambling,AUSTRALIAN RACING SPORTS WAGERING CONSULTANTS PTY LIMITED,keyword,0.95,AUSTRALIAN RACING & SPORTS WAGERING CONSULTANTS PTY LIMITED,institution
CASINO ENTERTAINMENT HOLDINGS PTY LTD,Gambling,CASINO ENTERTAINMENT HOLDINGS PTY LTD,keyword,0.95,CASINO ENTERTAINMENT HOLDINGS PTY LTD,institution
TABCORP SERVICES PTY LTD,Gambling,TABCORP SERVICES PTY LTD,keyword,0.95,TABCORP SERVICES PTY LTD,institution
INTELLIGENT WAGERING SOLUTIONS PTY LIMITED,Gambling,INTELLIGENT WAGERING SOLUTIONS PTY LIMITED,keyword,0.95,INTELLIGENT WAGERING SOLUTIONS PTY LIMITED,institution
TABCORP INTERNATIONAL NO.5 PTY LTD,Gambling,TABCORP INTERNATIONAL NO 5 PTY LTD|TABCORP INTERNATIONAL SERVICES AND TECHNOLOGY PTY LTD,keyword,0.95,TABCORP INTERNATIONAL NO.5 PTY LTD,institution
ULTRA RACING CLUB PTY LTD,Gambling,ULTRA RACING CLUB PTY LTD|ULTRA TUNE WILSTON,keyword,0.95,ULTRA RACING CLUB PTY LTD,institution
TRIPLE 888 LOTTO PTY LTD,Gambling,TRIPLE 888 LOTTO PTY LTD,keyword,0.95,TRIPLE 888 LOTTO PTY LTD,institution
BUDDYBET SPORTSBOOK PTY LTD,Gambling,BUDDYBET SPORTSBOOK PTY LTD,keyword,0.95,BUDDYBET SPORTSBOOK PTY LTD,institution
VIP CASINO SERVICES PTY LTD,Gambling,VIP CASINO SERVICES PTY LTD,keyword,0.95,VIP CASINO SERVICES PTY LTD,institution
TABCORP VIC PTY LTD,Gambling,TABCORP VIC PTY LTD,keyword,0.95,TABCORP VIC PTY LTD,institution
BETTING SERVICE CO PTY LTD,Gambling,BETTING SERVICE CO PTY LTD,keyword,0.95,BETTING SERVICE CO PTY LTD,institution
CLASSIC CHIMNEY SWEEPS AND GUTTER PROTECTION PTY LTD,Gambling,CLASSIC CHIMNEY SWEEPS AND GUTTER PROTECTION PTY LTD,keyword,0.95,CLASSIC CHIMNEY SWEEPS AND GUTTER PROTECTION PTY LTD,institution
"PARKDALE NEWS, LOTTO & POST PTY. LTD.",Gambling,PARKDALE NEWS LOTTO POST PTY LTD,keyword,0.95,"PARKDALE NEWS, LOTTO & POST PTY. LTD.",institution
TABCORP INVESTMENTS NO.9 PTY LTD,Gambling,TABCORP INVESTMENTS NO 9 PTY LTD,keyword,0.95,TABCORP INVESTMENTS NO.9 PTY LTD,institution
MY BETTING MATE PTY LTD,Gambling,MY BETTING MATE PTY LTD,keyword,0.95,MY BETTING MATE PTY LTD,institution
KANDHA TRADERS PTY LTD,Gambling,KANDHA TRADERS PTY LTD|TSG EDEN S VILLAGE LOTTO,keyword,0.95,KANDHA TRADERS PTY LTD,institution
MERLEHAN BOOKMAKING PTY LTD,Gambling,MERLEHAN BOOKMAKING PTY LTD,keyword,0.95,MERLEHAN BOOKMAKING PTY LTD,institution
WORLDWIDE WAGERING PTY. LTD.,Gambling,WORLDWIDE WAGERING PTY LTD,keyword,0.95,WORLDWIDE WAGERING PTY. LTD.,institution
JY CORPORATION PTY LTD,Gambling,JY CORPORATION PTY LTD|TSG LOTTO AND NEWS ORANA VILLAGE|TSG LOTTO RAMLEGH SPRINGS,keyword,0.95,JY CORPORATION PTY LTD,institution
LUCKY LOTTO PTY LTD,Gambling,LUCKY LOTTO PTY LTD|MALVERN LOTTO,keyword,0.95,LUCKY LOTTO PTY LTD,institution
CASINO INVESTMENTS PTY LTD,Gambling,CASINO INVESTMENTS PTY LTD,keyword,0.95,CASINO INVESTMENTS PTY LTD,institution
RED LOTTERY PTY LTD,Gambling,RED LOTTERY PTY LTD,keyword,0.95,RED LOTTERY PTY LTD,institution
SELENA LOTTO PTY. LTD.,Gambling,SELENA LOTTO PTY LTD,keyword,0.95,SELENA LOTTO PTY. LTD.,institution
TABCORP INVESTMENTS NO.10 PTY LTD,Gambling,TABCORP INVESTMENTS NO 10 PTY LTD,keyword,0.95,TABCORP INVESTMENTS NO.10 PTY LTD,institution
CASINO MANAGEMENT INTERNATIONAL PTY. LTD.,Gambling,CASINO MANAGEMENT INTERNATIONAL PTY LTD|CASINO MANAGEMENT INTERNATIONAL PTY LIMITED,keyword,0.95,CASINO MANAGEMENT INTERNATIONAL PTY. LTD.,institution
TATTERSALL'S SWEEPS PTY LTD,Gambling,TATTERSALL S SWEEPS PTY LTD,keyword,0.95,TATTERSALL'S SWEEPS PTY LTD,institution
THE LOTTO CLUB PTY LTD,Gambling,THE LOTTO CLUB PTY LTD|THE LOTTO CLUB|THE SYNDICATE CLUB,keyword,0.95,THE LOTTO CLUB PTY LTD,institution
TABCORP VENTURES PTY LTD,Gambling,TABCORP VENTURES PTY LTD,keyword,0.95,TABCORP VENTURES PTY LTD,institution
GOLDEN NORTHERN PTY LTD.,Gambling,GOLDEN NORTHERN PTY LTD|TSG SOUTH WEST ROCKS LOTTO,keyword,0.95,GOLDEN NORTHERN PTY LTD.,institution
BETTING BROS GROUP PTY LTD,Gambling,BETTING BROS GROUP PTY LTD,keyword,0.95,BETTING BROS GROUP PTY LTD,institution
South Australian Jockey Club,Gambling,SOUTH AUSTRALIAN JOCKEY CLUB,keyword,0.95,South Australian Jockey Club,institution
Gareton BV,Gambling,GARETON BV|GARETON BV LIMASSOL|GARETON BV LIMASSOL CYP,keyword,0.95,Gareton BV,institution
PLAYTKA Caesars Slots,Gambling,PLAYTKA CAESARS SLOTS|CAESARS SLOTS,keyword,0.95,PLAYTKA Caesars Slots,institution
TCP FRVN,Gambling,TCP FRVN,keyword,0.95,TCP FRVN,institution
TCP SCRN,Gambling,TCP SCRN,keyword,0.95,TCP SCRN,institution
Bet Right,Gambling,BET RIGHT,keyword,0.95,Bet Right,institution
Betr Gambling,Gambling,BETR GAMBLING,keyword,0.95,Betr Gambling,institution
CASINY COM,Gambling,CASINY COM,keyword,0.95,CASINY COM,institution
SURGE AU,Gambling,SURGE AU|SURGE AU AMUSEDGROUP COM,keyword,0.95,SURGE AU,institution
TG TALLINN,Gambling,TG TALLINN,keyword,0.95,TG TALLINN,institution
AVIAGAMES HONG KONG HKG MERCHANT,Gambling,AVIAGAMES HONG KONG HKG MERCHANT,keyword,0.95,AVIAGAMES HONG KONG HKG MERCHANT,institution
AVIAGAMES HONG KONG,Gambling,AVIAGAMES HONG KONG,keyword,0.95,AVIAGAMES HONG KONG,institution
INCEUNION LONDON INCLUDING,Gambling,INCEUNION LONDON INCLUDING,keyword,0.95,INCEUNION LONDON INCLUDING,institution
SCORE55 TECH B.V LIMASSOL,Gambling,SCORE55 TECH B V LIMASSOL|SCORE55 TECH BV LIMASSOL,keyword,0.95,SCORE55 TECH B.V LIMASSOL,institution
SHEFFIELD INCLUDING,Gambling,SHEFFIELD INCLUDING,keyword,0.95,SHEFFIELD INCLUDING,institution
AVIAGAMES SAN MATEO CA USA MERCHANT,Gambling,AVIAGAMES SAN MATEO CA USA MERCHANT,keyword,0.95,AVIAGAMES SAN MATEO CA USA MERCHANT,institution
PUNTIQ COM,Gambling,PUNTIQ COM,keyword,0.95,PUNTIQ COM,institution
AVIAGAMES SAN MATEO,Gambling,AVIAGAMES SAN MATEO,keyword,0.95,AVIAGAMES SAN MATEO,institution
UPG*PAYMENTICO.COM LIMASSOL,Gambling,UPGPAYMENTICOCOM LIMASSOL|UPG PAYMENTICO COM LIMASSOL|UPG PAYMENTICO,keyword,0.95,UPG*PAYMENTICO.COM LIMASSOL,institution
1D3 DIGITECH TALLINN 37 EST MERCHANT,Gambling,1D3 DIGITECH TALLINN 37 EST MERCHANT,keyword,0.95,1D3 DIGITECH TALLINN 37 EST MERCHANT,institution
RODCAH LONDON,Gambling,RODCAH LONDON,keyword,0.95,RODCAH LONDON,institution
SOUTH AUSTRALIAN JOCK MORPHETTVI,Gambling,SOUTH AUSTRALIAN JOCK MORPHETTVI,keyword,0.95,SOUTH AUSTRALIAN JOCK MORPHETTVI,institution
BTZ LIMASSOL,Gambling,BTZ LIMASSOL,keyword,0.95,BTZ LIMASSOL,institution
PUNTIQ.COM NEWPORT,Gambling,PUNTIQCOM NEWPORT|PUNTIQ COM NEWPORT,keyword,0.95,PUNTIQ.COM NEWPORT,institution
UNIBET UNIBET,Gambling,UNIBET UNIBET,keyword,0.95,UNIBET UNIBET,institution
TAB TOUCH OSBORNE PARK,Gambling,TAB TOUCH OSBORNE PARK,keyword,0.95,TAB TOUCH OSBORNE PARK,institution
21bit Casino,Gambling,21BIT CASINO,keyword,0.95,21bit Casino,institution
5th St Ltd,Gambling,5TH ST LTD,keyword,0.95,5th St Ltd,institution
Adelaide Casino,Gambling,ADELAIDE CASINO,keyword,0.95,Adelaide Casino,institution
Amused Group,Gambling,AMUSED GROUP,keyword,0.95,Amused Group,institution
Annexio Limited,Gambling,ANNEXIO LIMITED,keyword,0.95,Annexio Limited,institution
Barrington Bookmaking,Gambling,BARRINGTON BOOKMAKING,keyword,0.95,Barrington Bookmaking,institution
Best Bookies,Gambling,BEST BOOKIES,keyword,0.95,Best Bookies,institution
Bet Deck,Gambling,BET DECK,keyword,0.95,Bet Deck,institution
Bet Nation,Gambling,BET NATION|BETNATION,keyword,0.95,Bet Nation,institution
Bet With Joel,Gambling,BET WITH JOEL,keyword,0.95,Bet With Joel,institution
Betting Club,Gambling,BETTING CLUB,keyword,0.95,Betting Club,institution
Blitz - Win Cash,Gambling,BLITZ WINCASH|BLITZ WIN CASH,keyword,0.95,Blitz - Win Cash,institution
BOOKI COM,Gambling,BOOKI COM,keyword,0.95,BOOKI COM,institution
Boomerang Bet,Gambling,BOOMERANG BET,keyword,0.95,Boomerang Bet,institution
Bulex Enterprises,Gambling,BULEX ENTERPRISES,keyword,0.95,Bulex Enterprises,institution
Buran Casino,Gambling,BURAN CASINO,keyword,0.95,Buran Casino,institution
Canberra Casino,Gambling,CANBERRA CASINO,keyword,0.95,Canberra Casino,institution
Casiny Casino,Gambling,CASINY CASINO,keyword,0.95,Casiny Casino,institution
Christchurch Casino,Gambling,CHRISTCHURCH CASINO,keyword,0.95,Christchurch Casino,institution
Club Marconi,Gambling,CLUB MARCONI,keyword,0.95,Club Marconi,institution
CROWN Casinos,Gambling,CROWN CASINOS,keyword,0.95,CROWN Casinos,institution
Crusino Casino,Gambling,CRUSINO CASINO,keyword,0.95,Crusino Casino,institution
Dazard Casino,Gambling,DAZARD CASINO,keyword,0.95,Dazard Casino,institution
Dbl Down Casino,Gambling,DBL DOWN CASINO,keyword,0.95,Dbl Down Casino,institution
DCX Technology,Gambling,DCX TECHNOLOGY,keyword,0.95,DCX Technology,institution
Digimedia TaXbiex,Gambling,DIGIMEDIA TAXBIEX,keyword,0.95,Digimedia TaXbiex,institution
Digital Entertainment,Gambling,DIGITAL ENTERTAINMENT,keyword,0.95,Digital Entertainment,institution
Dolly Casino,Gambling,DOLLY CASINO,keyword,0.95,Dolly Casino,institution
DSP TALLINN ES EST,Gambling,DSP TALLINN ES EST,keyword,0.95,DSP TALLINN ES EST,institution
Electraworks Limited,Gambling,ELECTRAWORKS LIMITED,keyword,0.95,Electraworks Limited,institution
Endeavour Lotteries,Gambling,ENDEAVOUR LOTTERIES,keyword,0.95,Endeavour Lotteries,institution
Entain Group,Gambling,ENTAIN GROUP,keyword,0.95,Entain Group,institution
Estolio Limited,Gambling,ESTOLIO LIMITED,keyword,0.95,Estolio Limited,institution
Fastpay Casino,Gambling,FASTPAY CASINO,keyword,0.95,Fastpay Casino,institution
Friolion Ltd,Gambling,FRIOLION LTD,keyword,0.95,Friolion Ltd,institution
Frumzi Casino,Gambling,FRUMZI CASINO,keyword,0.95,Frumzi Casino,institution
FunID Casinos,Gambling,FUNID CASINOS,keyword,0.95,FunID Casinos,institution
Golden Casket,Gambling,GOLDEN CASKET,keyword,0.95,Golden Casket,institution
Green Feather Online,Gambling,GREEN FEATHER ONLINE,keyword,0.95,Green Feather Online,institution
Harness Racing,Gambling,HARNESS RACING,keyword,0.95,Harness Racing,institution
Highroller Casino,Gambling,HIGHROLLER CASINO,keyword,0.95,Highroller Casino,institution
HOT Bet,Gambling,HOT BET,keyword,0.95,HOT Bet,institution
Imperial Limassol,Gambling,IMPERIAL LIMASSOL,keyword,0.95,Imperial Limassol,institution
JCM Global,Gambling,JCM GLOBAL,keyword,0.95,JCM Global,institution
Kas Casino,Gambling,KAS CASINO,keyword,0.95,Kas Casino,institution
L and L Europe,Gambling,L LEUROPE|L L EUROPE|L AND L EUROPE,keyword,0.95,L and L Europe,institution
TCP LDM LIMASSOL CYP,Gambling,LDM LIMASSOL CY|LDM LIMASSOL CYP|LDM TALLINN ES EST|TCP LDM LIMASSOL CYP,keyword,0.95,TCP LDM LIMASSOL CYP,institution
LetsLucky Casino,Gambling,LETSLUCKY CASINO,keyword,0.95,LetsLucky Casino,institution
LH Nicosia,Gambling,LH NICOSIA,keyword,0.95,LH Nicosia,institution
TCP LKM LIMASSOL CYP,Gambling,LKM LIMASSOL CYP|LKM TALLINN ES EST|TCP LKM LIMASSOL CYP,keyword,0.95,TCP LKM LIMASSOL CYP,institution
LLM Nicosia,Gambling,LLM NICOSIA,keyword,0.95,LLM Nicosia,institution
TCP LOM LIMASSOL CYP,Gambling,LOM LIMASSOL CYP|LOM TALLINN ES EST|TCP LOM LIMASSOL CYP,keyword,0.95,TCP LOM LIMASSOL CYP,institution
LOTTERY OFF WITHDRAWAL PAYPAL LOTTERY OFF WITHDRAWAL,Gambling,LOTTERY OFF WITHDRAWAL PAYPAL LOTTERY OFF WITHDRAWAL|VISA PAYPAL LOTTERY OFF|CUSC PAYPAL LOTTERY OFF|WDL PAYPAL LOTTERY OFF|LOTTERY OFF AU AUD|PAYPAL LOTTERY OFF|LOTTERY OFF,keyword,0.95,LOTTERY OFF WITHDRAWAL PAYPAL LOTTERY OFF WITHDRAWAL,institution
Lucky Day Entertainment,Gambling,LUCKY DAY ENTERTAINMENT,keyword,0.95,Lucky Day Entertainment,institution
Lucky Elf Casino,Gambling,LUCKY ELF CASINO,keyword,0.95,Lucky Elf Casino,institution
Luckycircus Casino,Gambling,LUCKYCIRCUS CASINO,keyword,0.95,Luckycircus Casino,institution
Luckyones Casino,Gambling,LUCKYONES CASINO,keyword,0.95,Luckyones Casino,institution
Lukki Casino,Gambling,LUKKI CASINO,keyword,0.95,Lukki Casino,institution
Masse Foundation,Gambling,MASSE FOUNDATION,keyword,0.95,Masse Foundation,institution
Merlehan Bookmaking,Gambling,MERLEHAN BOOKMAKING,keyword,0.95,Merlehan Bookmaking,institution
Mgr Nicosia,Gambling,MGR NICOSIA,keyword,0.95,Mgr Nicosia,institution
Mntch Tallinn,Gambling,MNTCH TALLINN,keyword,0.95,Mntch Tallinn,institution
Mr Green,Gambling,MR GREEN,keyword,0.95,Mr Green,institution
Mr Vegas Casino,Gambling,MR VEGAS CASINO,keyword,0.95,Mr Vegas Casino,institution
MSWA Lottery,Gambling,MSWA LOTTERY,keyword,0.95,MSWA Lottery,institution
MyEmpire Casino,Gambling,MYEMPIRE CASINO,keyword,0.95,MyEmpire Casino,institution
N1BET TALLINN ES EST,Gambling,N1BET TALLINN ES EST,keyword,0.95,N1BET TALLINN ES EST,institution
Naale Limited,Gambling,NAALE LIMITED,keyword,0.95,Naale Limited,institution
NetPlay Malta,Gambling,NETPLAY MALTA,keyword,0.95,NetPlay Malta,institution
New Zealand Racing,Gambling,NEW ZEALAND RACING,keyword,0.95,New Zealand Racing,institution
Noisy Betting,Gambling,NOISY BETTING,keyword,0.95,Noisy Betting,institution
NovaForge Ltd,Gambling,NOVAFORGE LTD,keyword,0.95,NovaForge Ltd,institution
Onisac LTD,Gambling,ONISAC LTD,keyword,0.95,Onisac LTD,institution
Oshi Casino,Gambling,OSHI CASINO,keyword,0.95,Oshi Casino,institution
Panda Media,Gambling,PANDA MEDIA,keyword,0.95,Panda Media,institution
Partners Hyper Gate,Gambling,PARTNERS HYPER GATE,keyword,0.95,Partners Hyper Gate,institution
Pendlebury Bet,Gambling,PENDLEBURY BET,keyword,0.95,Pendlebury Bet,institution
PlayUp Interactive,Gambling,PLAYUP INTERACTIVE,keyword,0.95,PlayUp Interactive,institution
Pointsbet Australia,Gambling,POINTSBET AUSTRALIA,keyword,0.95,Pointsbet Australia,institution
Pokie Surf Casino,Gambling,POKIE SURF CASINO,keyword,0.95,Pokie Surf Casino,institution
PUNTERS CLUB JOSH TRANSFER TO DEBBIE,Gambling,PUNTERS CLUB JOSH TRANSFER TO DEBBIE|PUNTERS CLUB TRANSFER TO|PUNTERS CLUB,keyword,0.95,PUNTERS CLUB JOSH TRANSFER TO DEBBIE,institution
RaceUp Casino,Gambling,RACEUP CASINO,keyword,0.95,RaceUp Casino,institution
Racing Clubs,Gambling,RACING CLUBS,keyword,0.95,Racing Clubs,institution
Rewards Casino,Gambling,REWARDS CASINO,keyword,0.95,Rewards Casino,institution
Rob Waterhouse,Gambling,ROB WATERHOUSE,keyword,0.95,Rob Waterhouse,institution
Rocket Riches,Gambling,ROCKET RICHES,keyword,0.95,Rocket Riches,institution
RollXO Casino,Gambling,ROLLXO CASINO,keyword,0.95,RollXO Casino,institution
Rooli Casino,Gambling,ROOLI CASINO,keyword,0.95,Rooli Casino,institution
Rooster Bet,Gambling,ROOSTER BET,keyword,0.95,Rooster Bet,institution
S ACE,Gambling,S ACE,keyword,0.95,S ACE,institution
Santeda BV,Gambling,SANTEDA BV,keyword,0.95,Santeda BV,institution
Scarlet Casino,Gambling,SCARLET CASINO,keyword,0.95,Scarlet Casino,institution
Sensei Casino,Gambling,SENSEI CASINO,keyword,0.95,Sensei Casino,institution
Shambala Casino,Gambling,SHAMBALA CASINO,keyword,0.95,Shambala Casino,institution
Skycity Casinos,Gambling,SKYCITY CASINOS,keyword,0.95,Skycity Casinos,institution
SkyCrown Casino,Gambling,SKYCROWN CASINO,keyword,0.95,SkyCrown Casino,institution
Slotlords Casino,Gambling,SLOTLORDS CASINO,keyword,0.95,Slotlords Casino,institution
Slots Palace,Gambling,SLOTS PALACE,keyword,0.95,Slots Palace,institution
Southern Cross Bet,Gambling,SOUTHERN CROSS BET,keyword,0.95,Southern Cross Bet,institution
Spinfever Casino,Gambling,SPINFEVER CASINO,keyword,0.95,Spinfever Casino,institution
Spinz Casino,Gambling,SPINZ CASINO,keyword,0.95,Spinz Casino,institution
Spirit Casino,Gambling,SPIRIT CASINO,keyword,0.95,Spirit Casino,institution
Sterling Parker,Gambling,STERLING PARKER,keyword,0.95,Sterling Parker,institution
Strukin Ltd,Gambling,STRUKIN LTD,keyword,0.95,Strukin Ltd,institution
Surf Life Saving Lottery,Gambling,SURF LIFE SAVING LOTTERY,keyword,0.95,Surf Life Saving Lottery,institution
Swift Bet,Gambling,SWIFT BET,keyword,0.95,Swift Bet,institution
Syndicate Gambling,Gambling,SYNDICATE GAMBLING,keyword,0.95,Syndicate Gambling,institution
Tatts Group and The Lott,Gambling,TATTSGROUP THELOTT|TATTS GROUP THE LOTT|TATTS GROUP AND THE LOTT,keyword,0.95,Tatts Group and The Lott,institution
Techsolutions Group,Gambling,TECHSOLUTIONS GROUP,keyword,0.95,Techsolutions Group,institution
The Punters Pal,Gambling,THE PUNTERS PAL,keyword,0.95,The Punters Pal,institution
The Star Casinos,Gambling,THE STAR CASINOS,keyword,0.95,The Star Casinos,institution
The Ville Resort Casino,Gambling,THE VILLE RESORT CASINO,keyword,0.95,The Ville Resort Casino,institution
Thoroughbred Payments,Gambling,THOROUGHBRED PAYMENTS,keyword,0.95,Thoroughbred Payments,institution
Toyl Rewards,Gambling,TOYL REWARDS,keyword,0.95,Toyl Rewards,institution
Trips Casino,Gambling,TRIPS CASINO,keyword,0.95,Trips Casino,institution
Trotting Club,Gambling,TROTTING CLUB,keyword,0.95,Trotting Club,institution
TTL Larnaca,Gambling,TTL LARNACA,keyword,0.95,TTL Larnaca,institution
Turf Club,Gambling,TURF CLUB,keyword,0.95,Turf Club,institution
Two Shepherds,Gambling,TWO SHEPHERDS,keyword,0.95,Two Shepherds,institution
UDM Uno,Gambling,UDM UNO,keyword,0.95,UDM Uno,institution
Vegas Now,Gambling,VEGAS NOW,keyword,0.95,Vegas Now,institution
VIP Betting Services,Gambling,VIP BETTING SERVICES,keyword,0.95,VIP Betting Services,institution
Wanted Win Casino,Gambling,WANTED WIN CASINO,keyword,0.95,Wanted Win Casino,institution
Wheelz Casino,Gambling,WHEELZ CASINO,keyword,0.95,Wheelz Casino,institution
White Hat Gaming,Gambling,WHITE HAT GAMING,keyword,0.95,White Hat Gaming,institution
White London,Gambling,WHITE LONDON,keyword,0.95,White London,institution
Wildz Casino,Gambling,WILDZ CASINO,keyword,0.95,Wildz Casino,institution
Winners Bookmaking,Gambling,WINNERS BOOKMAKING,keyword,0.95,Winners Bookmaking,institution
WinSpirit Casino,Gambling,WINSPIRIT CASINO,keyword,0.95,WinSpirit Casino,institution
Winz Casino,Gambling,WINZ CASINO,keyword,0.95,Winz Casino,institution
Woodcock Racing,Gambling,WOODCOCK RACING,keyword,0.95,Woodcock Racing,institution
Yourtown Art Union,Gambling,YOURTOWN ART UNION,keyword,0.95,Yourtown Art Union,institution
Zentoria Limited,Gambling,ZENTORIA LIMITED,keyword,0.95,Zentoria Limited,institution
Zoome Casino,Gambling,ZOOME CASINO,keyword,0.95,Zoome Casino,institution
THE STAR HOTEL,Gambling,THE STAR HOTEL|THE STAR HOTEL MACKSVIL|THE STAR,keyword,0.95,THE STAR HOTEL,institution
HAWKESBURY RACE CLUB,Gambling,HAWKESBURY RACE CLUB|HAWKESBURY RACE CLUB CLARENDON|HAWKESBURY RACE CLUB CLARENDON NS,keyword,0.95,HAWKESBURY RACE CLUB,institution
SCONE RACE CLUB,Gambling,SCONE RACE CLUB|SQ SCONE RACE CLUB SCONE|SCONE RACE CLUB SCONE|SQ SCONE RACE CLUB SCONE NS|SCONE RACE CLUB SCONE NS,keyword,0.95,SCONE RACE CLUB,institution
WYONG RACE CLUB,Gambling,WYONG RACE CLUB|WYONG RACE CLUB WYONG NS,keyword,0.95,WYONG RACE CLUB,institution
4DLOTTO PORT MELBOURN,Gambling,4DLOTTO PORT MELBOURN|4DLOTTO PORT MELBOURN VI,keyword,0.95,4DLOTTO PORT MELBOURN,institution
A TO Z LOTTO,Gambling,A TO Z LOTTO,keyword,0.95,A TO Z LOTTO,institution
AA LUCKY LOTTO,Gambling,AA LUCKY LOTTO|NXT AA LUCKY LOTTO C|NXT AA LUCKY LOTTO CO|NXT AA LUCKY LOTTO CO SEVEN HILLS NS,keyword,0.95,AA LUCKY LOTTO,institution
AA LUCKY LOTTO COSEVEN HILLSNS,Gambling,AA LUCKY LOTTO COSEVEN HILLSNS|NXT AA LUCKY LOTTO COSEVEN HILLSNS,keyword,0.95,AA LUCKY LOTTO COSEVEN HILLSNS,institution
AAA LOTTO,Gambling,AAA LOTTO|AAA LOTTO NOBLE PARK|AAA LOTTO NOBLE PARK VI,keyword,0.95,AAA LOTTO,institution
ABOCASINO NICOSIA CY CYP,Gambling,ABOCASINO NICOSIA CY CYP,keyword,0.95,ABOCASINO NICOSIA CY CYP,institution
ALBANY LOTTERY NEWS,Gambling,ALBANY LOTTERY NEWS A|ALBANY LOTTERY NEWS,keyword,0.95,ALBANY LOTTERY NEWS,institution
ALBANY RACING CLUB,Gambling,SQ ALBANY RACING CLUB|ALBANY RACING CLUB|SQ ALBANY RACING CLUB ROBINSON|ALBANY RACING CLUB ROBINSON,keyword,0.95,ALBANY RACING CLUB,institution
ALBANY RACING CLUB TORNDIRRUP,Gambling,SQ ALBANY RACING CLUB TO RNDIRRUP|ALBANY RACING CLUB TO RNDIRRUP|SQ ALBANY RACING CLUB TORNDIRRUP|ALBANY RACING CLUB TORNDIRRUP,keyword,0.95,ALBANY RACING CLUB TORNDIRRUP,institution
ALBURY HARNESS RACING,Gambling,SQ ALBURY HARNESS RACING|ALBURY HARNESS RACING,keyword,0.95,ALBURY HARNESS RACING,institution
ALBURY RACING CLUB,Gambling,SQ ALBURY RACING CL UBNORTH ALBURY|SQ ALBURY RACING CL UBNORTH|SQ ALBURY RACING CLUB|ALBURY RACING CLUB|SQ ALBURY RACING CLUB NORTH|SQ ALBURY RACING CLUB NORTH ALBURY NS|ALBURY RACING CLUB NORTH ALBURY NS,keyword,0.95,ALBURY RACING CLUB,institution
ALFCASINO NICOSIA CYP,Gambling,ALFCASINO NICOSIA CYP,keyword,0.95,ALFCASINO NICOSIA CYP,institution
ALICE SPRINGS CASINO,Gambling,ALICE SPRINGS CASINO|ALICE SPRINGS CASINO O|ALICE SPRINGS CASINO OALICE SPRINGS,keyword,0.95,ALICE SPRINGS CASINO,institution
ALICE SPRINGS TURF CLUB,Gambling,ALICE SPRINGS TURF CLUB|ALICE SPRINGS TURF C|ALICE SPRINGS TURF C ALICE SPRINGS,keyword,0.95,ALICE SPRINGS TURF CLUB,institution
ALLBETS COM,Gambling,ALLBETS COM|ALLBETS COM AU PTY LTD HEATHERTON|ALLBETS COM AU|ALLBETS COM AU PTY LTD,keyword,0.95,ALLBETS COM,institution
ALTONA GATE LUCKYLOTTO,Gambling,ALTONA GATE LUCKYLOTTO|ALTONA GATE LUCKYLOTTO ALTONA NORTH VI,keyword,0.95,ALTONA GATE LUCKYLOTTO,institution
ANGLESEA NEWS & LOTTO,Gambling,ANGLESEA NEWS LOTTO|ANGLESEA NEWS LOTTO ANGLESEA VI,keyword,0.95,ANGLESEA NEWS & LOTTO,institution
PAYPAL ANNEXIOAUST,Gambling,PAYPAL ANNEXIOAUST,keyword,0.95,PAYPAL ANNEXIOAUST,institution
AQUEDUCT NEWS LOTTO ST HELENA,Gambling,AQUEDUCT NEWS LOTTO ST HELENA|AQUEDUCT NEWS LOTTO ST HELENA VIC AU CASH OUT PURCHASE,keyword,0.95,AQUEDUCT NEWS LOTTO ST HELENA,institution
ARARAT LOTTO NEWS,Gambling,ARARAT LOTTO NEWS|ARARAT LOTTO NEWS ARARAT VI,keyword,0.95,ARARAT LOTTO NEWS,institution
ARARAT TURF CLUB,Gambling,ARARAT TURF CLUB|SQ ARARAT TURF CLUB INC|ARARAT TURF CLUB INC,keyword,0.95,ARARAT TURF CLUB,institution
ARENA LUCKY LOTTO,Gambling,ARENA LUCKY LOTTO|ARENA LUCKY LOTTO OFFICER SOUTH|ARENA LUCKY LOTTO OFFICER SOUTH VI,keyword,0.95,ARENA LUCKY LOTTO,institution
ARENA LUCKY LOTTO OFFICER SOUT,Gambling,ARENA LUCKY LOTTO OFFICER SOUT,keyword,0.95,ARENA LUCKY LOTTO OFFICER SOUT,institution
ARMADALE CITY LOTTERIES,Gambling,ARMADALE CITY LOTTERIES,keyword,0.95,ARMADALE CITY LOTTERIES,institution
ARMIDALE JOCKEY CLARMIDALE,Gambling,ARMIDALE JOCKEY CLARMIDALE|SQ ARMIDALE JOCKEY CLARMIDALE,keyword,0.95,ARMIDALE JOCKEY CLARMIDALE,institution
ARMIDALE JOCKEY CLUB I,Gambling,ARMIDALE JOCKEY CLUB I,keyword,0.95,ARMIDALE JOCKEY CLUB I,institution
ARTISTRY GIFTS LOTTO,Gambling,ARTISTRY GIFTS LOTTO|ARTISTRY GIFTS LOTTO SOUTH YARRA|ARTISTRY GIFTS LOTTO SOUTH YARRA VI,keyword,0.95,ARTISTRY GIFTS LOTTO,institution
ASCOTVALE LOTTERY CARD,Gambling,ASCOTVALE LOTTERY CARD|ASCOTVALE LOTTERY CA RDASCOT VALE,keyword,0.95,ASCOTVALE LOTTERY CARD,institution
ASHBURTON LOTTO,Gambling,ASHBURTON LOTTO|ASHBURTON LOTTO ST ASHBURTON VI,keyword,0.95,ASHBURTON LOTTO,institution
ASHLEY LUCKY,Gambling,ASHLEY LUCKY|ZLR ASHLEY LUCKY,keyword,0.95,ASHLEY LUCKY,institution
ASHLEY LUCKY LOTTO BRAYBROOK,Gambling,ASHLEY LUCKY LOTTO BRAYBROOK|ZLR ASHLEY LUCKY LOTTO BRAYBROOK,keyword,0.95,ASHLEY LUCKY LOTTO BRAYBROOK,institution
ATC CY,Gambling,ATC CY,keyword,0.95,ATC CY,institution
ATC LARNACA,Gambling,ATC LARNACA|ATC LARNACA CY CYP,keyword,0.95,ATC LARNACA,institution
AUCKLAND RACING CLUB,Gambling,AUCKLAND RACING CLUB AUCKLAND|AUCKLAND RACING CLUB,keyword,0.95,AUCKLAND RACING CLUB,institution
AURORA VILLAGE LOTTO,Gambling,AURORA VILLAGE LOTTO|AURORA VILLAGE|AURORA VILLAGE LOTTO EPPING VI,keyword,0.95,AURORA VILLAGE LOTTO,institution
AUSSIE PRO PUNTERS,Gambling,AUSSIE PRO PUNTERS|AUSSIE PRO PUNTERS TRARALGON VI,keyword,0.95,AUSSIE PRO PUNTERS,institution
AUSTRALIAN POKER,Gambling,AUSTRALIAN POKER|AUSTRALIAN POKER TOU MOONEE PONDS VI,keyword,0.95,AUSTRALIAN POKER,institution
AUSTRALIAN POKER TOU EATONS HILL,Gambling,AUSTRALIAN POKER TOU EATONS HILL,keyword,0.95,AUSTRALIAN POKER TOU EATONS HILL,institution
AUSTRALIAN POKER TOUR PRA VENHA,Gambling,AUSTRALIAN POKER TOUR PRA VENHA,keyword,0.95,AUSTRALIAN POKER TOUR PRA VENHA,institution
AUSTRALIAN POKER TOUR PTY RAVENHA,Gambling,AUSTRALIAN POKER TOUR PTY RAVENHA,keyword,0.95,AUSTRALIAN POKER TOUR PTY RAVENHA,institution
AUSTRALIAN POKER TOUR RAVENHALL,Gambling,AUSTRALIAN POKER TOUR RAVENHALL|AUSTRALIAN POKER,keyword,0.95,AUSTRALIAN POKER TOUR RAVENHALL,institution
AXECASINO TALLINN ES EST,Gambling,AXECASINO LIMASSOL CY|AXECASINO TALLINN ES EST,keyword,0.95,AXECASINO TALLINN ES EST,institution
AXECASINO KING SW,Gambling,AXECASINO KING SW|AXECASINO KING SW ES EST,keyword,0.95,AXECASINO KING SW,institution
B MEADOWS LUCKY LOTTO,Gambling,B MEADOWS LUCKY LOTTO|B MEADOWS LUCKY LOTTO BROADMEADOWS VI,keyword,0.95,B MEADOWS LUCKY LOTTO,institution
B MEADOWS LUCKY LOTTO O BROADMEADOW,Gambling,B MEADOWS LUCKY LOTTO O BROADMEADOW,keyword,0.95,B MEADOWS LUCKY LOTTO O BROADMEADOW,institution
BACCHUS MARSH LOTTO,Gambling,BACCHUS MARSH LOTTO BACCHUS MARSH|BACCHUS MARSH LOTTO|BACCHUS MARSH LOTTO BACCHUS MARSH VI,keyword,0.95,BACCHUS MARSH LOTTO,institution
BAIRNSDALE LOTTO,Gambling,BAIRNSDALE LOTTO|BAIRNSDALE LOTTO BAIRNSDALE VI,keyword,0.95,BAIRNSDALE LOTTO,institution
BAIRNSDALE RACING CLUB,Gambling,BAIRNSDALE RACING CLUB,keyword,0.95,BAIRNSDALE RACING CLUB,institution
BALLARAT GREYHOUNDS,Gambling,BALLARAT GREYHOUNDS,keyword,0.95,BALLARAT GREYHOUNDS,institution
BALLARAT GREYHOUNDS REDAN,Gambling,BALLARAT GREYHOUNDS REDAN|BALLARAT GREYHOUNDS REDAN VI,keyword,0.95,BALLARAT GREYHOUNDS REDAN,institution
BALLARAT TROTTING,Gambling,BALLARAT TROTTING,keyword,0.95,BALLARAT TROTTING,institution
BALLARAT TROTTING REDAN,Gambling,BALLARAT TROTTING REDAN|BALLARAT TROTTING REDAN VI,keyword,0.95,BALLARAT TROTTING REDAN,institution
BALLARAT TURF CLUB,Gambling,BALLARAT TURF CLUB|SQ BALLARAT TURF CLUB MINERS REST VI|BALLARAT TURF CLUB MINERS REST VI,keyword,0.95,BALLARAT TURF CLUB,institution
BALLARTOROAD NEWSLOTTO,Gambling,BALLARTOROAD NEWSLOTTO|BALLARTOROAD NEWSLOTTO CARRUM DOWNS VI,keyword,0.95,BALLARTOROAD NEWSLOTTO,institution
BALLARTOROAD NEWSLOTTO CARRUM DOW,Gambling,BALLARTOROAD NEWSLOTTO CARRUM DOW|BALLARTOROAD NEWSLOTTO CARRUM DOW VIC AU CASH OUT PURCHASE,keyword,0.95,BALLARTOROAD NEWSLOTTO CARRUM DOW,institution
BALLINA JOCKEY CLUB BALLINA,Gambling,BALLINA JOCKEY CLUB BALLINA,keyword,0.95,BALLINA JOCKEY CLUB BALLINA,institution
BANYO LOTTO & 3D GIF BANYO,Gambling,BANYO LOTTO 3D GIF BANYO,keyword,0.95,BANYO LOTTO & 3D GIF BANYO,institution
BANYO LOTTO & 3D GIFT,Gambling,BANYO LOTTO 3D GIFT|BANYO LOTTO 3D GIFT BANYO QL|BANYO LOTTO 3D GIFT BANYO,keyword,0.95,BANYO LOTTO & 3D GIFT,institution
BARCALDINE RACING CLUB,Gambling,BARCALDINE RACING CLUB|SQ BARCALDINE RACING CLU|BARCALDINE RACING CLU,keyword,0.95,BARCALDINE RACING CLUB,institution
BAYSWATER LOTTO NEWS,Gambling,BAYSWATER LOTTO NEWS|BAYSWATER LOTTO NEWS BAYSWATER|BAYSWATER LOTTO NEWS BAYSWATER VI,keyword,0.95,BAYSWATER LOTTO NEWS,institution
BAYSWATER NEWS & LOTTER,Gambling,BAYSWATER NEWS LOTTER|BAYSWATER NEWS AND LOTTER,keyword,0.95,BAYSWATER NEWS & LOTTER,institution
BEAUMARIS NEWS LOTTO,Gambling,BEAUMARIS NEWS LOTTO|BEAUMARIS NEWS LOTTO A BEAUMARIS VI,keyword,0.95,BEAUMARIS NEWS LOTTO,institution
BEE NEWS LOTTO,Gambling,BEE NEWS LOTTO|BEE NEWS LOTTO FINLEY NS,keyword,0.95,BEE NEWS LOTTO,institution
BEHRAKIS GROUP LOTTO P,Gambling,BEHRAKIS GROUP LOTTO P|BEHRAKIS GROUP LOTTO PHUONVILL|BEHRAKIS GROUP LOTTO PTY HUONVILL,keyword,0.95,BEHRAKIS GROUP LOTTO P,institution
BELLARINE VILLAGELOTTO,Gambling,BELLARINE VILLAGELOTTO|BELLARINE VILLAGELOTTO NE WCOMB|BELLARINE VILLAGELOTTO NEWCOMB|BELLARINE VILLAGELOTTO NEWCOMB VI,keyword,0.95,BELLARINE VILLAGELOTTO,institution
BELLMERE LOTTO N GIFTS,Gambling,BELLMERE LOTTO N GIF TSBELLMERE|BELLMERE LOTTO N GIFTS|BELLMERE LOTTO N GIFTS BE LLMERE|BELLMERE LOTTO N GIFTS BELLMERE|BELLMERE LOTTO N|BELLMERE LOTTO N GIFTS BELLMERE QL,keyword,0.95,BELLMERE LOTTO N GIFTS,institution
BELLPOST LOTTO NEWS,Gambling,BELLPOST LOTTO NEWS|BELLPOST LOTTO NEWS NORLANE VI,keyword,0.95,BELLPOST LOTTO NEWS,institution
BELMONT LUCKY LOTTO,Gambling,BELMONT LUCKY LOTTO|BELMONT LUCKY LOTTO BELMONT VI,keyword,0.95,BELMONT LUCKY LOTTO,institution
BELMORE AUTHORISED NEWSAGENCY,Gambling,BELMORE AUTHORISED NEWSAGENCY|BELMORE AUTHORISED NEWSAGENCY BELMORE NEWS LOTTO,keyword,0.95,BELMORE AUTHORISED NEWSAGENCY,institution
BELMORE NEWS & LOTTO,Gambling,BELMORE NEWS LOTTO|BELMORE NEWS LOTTO BALWYN VI,keyword,0.95,BELMORE NEWS & LOTTO,institution
BELVEDERE LOTTO,Gambling,BELVEDERE LOTTO|BELVEDERE LOTTO SE AFORD|BELVEDERE LOTTO SEAFORD VI,keyword,0.95,BELVEDERE LOTTO,institution
BENALLA RACING CLUB,Gambling,BENALLA RACING CLUB|BENALLA RACING CLUB BENALLA VI|SEC BENALLA RACING CLU FLEMINGTON VI,keyword,0.95,BENALLA RACING CLUB,institution
BENDIGO GREYHOUND RAC,Gambling,BENDIGO GREYHOUND RAC|BENDIGO GREYHOUND RAC JUNORTOUN|BENDIGO GREYHOUND RAC JUNORTOUN VI,keyword,0.95,BENDIGO GREYHOUND RAC,institution
BENDIGO HARNESS RACING,Gambling,BENDIGO HARNESS RACING|BENDIGO HARNESS,keyword,0.95,BENDIGO HARNESS RACING,institution
BENDIGO JOCKEY CLUB,Gambling,BENDIGO JOCKEY CLUB|BENDIGO JOCKEY CLUB EPSOM VI|SQ BENDIGO JOCKEY CLU WHITE HILLS VI|BENDIGO JOCKEY CLU WHITE HILLS VI|SQ BENDIGO JOCKEY CLUB,keyword,0.95,BENDIGO JOCKEY CLUB,institution
BEROWRA PO LOTTERIES,Gambling,BEROWRA PO LOTTERIES|BEROWRA PO LOTTERIES BEROWRA NS,keyword,0.95,BEROWRA PO LOTTERIES,institution
BERWICK LUCKY LOTTO,Gambling,BERWICK LUCKY LOTTO|BERWICK LUCKY LOTTO BERWICK VI,keyword,0.95,BERWICK LUCKY LOTTO,institution
BERWICK SPRINGS LOTTO,Gambling,BERWICK SPRINGS LOTTO|BERWICK SPRINGS LOTTO BE RWICK|BERWICK SPRINGS LOTTO BERWICK VI,keyword,0.95,BERWICK SPRINGS LOTTO,institution
BERWICK VILLAGE LOTTO,Gambling,BERWICK VILLAGE LOTTO|BERWICK VILLAGE LOTTO BERWICK VI,keyword,0.95,BERWICK VILLAGE LOTTO,institution
BET DASH MACQUAR,Gambling,BET DASH MACQUAR,keyword,0.95,BET DASH MACQUAR,institution
BET LEGENDS,Gambling,BET LEGENDS,keyword,0.95,BET LEGENDS,institution
BET LEGENDS MACQ MONT ALBERT,Gambling,BET LEGENDS MACQ MONT ALBERT|BET LEGENDS MACQ MONT ALBERT VI,keyword,0.95,BET LEGENDS MACQ MONT ALBERT,institution
BET LEGENDS MACQUAR,Gambling,BET LEGENDS MACQUAR,keyword,0.95,BET LEGENDS MACQUAR,institution
BET SUPREME MACQ MELBOURNE,Gambling,BET SUPREME MACQ MELBOURNE|BET SUPREME MACQ MELBOURNE VI,keyword,0.95,BET SUPREME MACQ MELBOURNE,institution
BET SUPREME MACQUAR,Gambling,BET SUPREME MACQUAR,keyword,0.95,BET SUPREME MACQUAR,institution
BETALPHA DARWIN CITY,Gambling,BETALPHA DARWIN CITY,keyword,0.95,BETALPHA DARWIN CITY,institution
BETAUS MACQ BENTLEIGH EAS,Gambling,BETAUS MACQ BENTLEIGH EAS|BETAUS MACQ BENTLEIGH EAS VI,keyword,0.95,BETAUS MACQ BENTLEIGH EAS,institution
BETAUS MACQUAR,Gambling,BETAUS MACQUAR,keyword,0.95,BETAUS MACQUAR,institution
BETBLITZ MIDDLE PARK,Gambling,BETBLITZ MIDDLE PARK|BETBLITZ,keyword,0.95,BETBLITZ MIDDLE PARK,institution
BETIT MACQ ZETLAND,Gambling,BETIT MACQ ZETLAND|BETIT MACQ ZETLAND NS,keyword,0.95,BETIT MACQ ZETLAND,institution
BETIT MACQUAR,Gambling,BETIT MACQUAR,keyword,0.95,BETIT MACQUAR,institution
BETJET MELBOURNE,Gambling,BETJET MELBOURNE|BETJET MELBOURNE VI,keyword,0.95,BETJET MELBOURNE,institution
BETMAX CROWS NEST,Gambling,BETMAX CROWS NEST,keyword,0.95,BETMAX CROWS NEST,institution
BETVISTA BULLI,Gambling,BETVISTA BULLI|BETVISTA PTY LTD BULLI|BETVISTA,keyword,0.95,BETVISTA BULLI,institution
BETZOOKA MACQ GOSFORD,Gambling,BETZOOKA MACQ GOSFORD|BETZOOKA MACQ GOSFORD NS,keyword,0.95,BETZOOKA MACQ GOSFORD,institution
BETZOOKA MACQUAR,Gambling,BETZOOKA MACQUAR,keyword,0.95,BETZOOKA MACQUAR,institution
BIBRA LAKE NEWS LOTTO BIBRA LAKE,Gambling,BIBRA LAKE NEWS LOTTO BIBRA LAKE,keyword,0.95,BIBRA LAKE NEWS LOTTO BIBRA LAKE,institution
BIBRA LAKE NEWS LOTTO O BIBRA LAKE,Gambling,BIBRA LAKE NEWS LOTTO O BIBRA LAKE,keyword,0.95,BIBRA LAKE NEWS LOTTO O BIBRA LAKE,institution
BINGO GOLDEN LAS VEGAS NV,Gambling,BINGO GOLDEN LAS VEGAS NV|BINGO GOLDEN LAS VEGAS NV US DOLLAR|BINGO GOLDEN LAS VEGAS NV USA USD|BINGO GOLDEN LAS VEGAS NV USA,keyword,0.95,BINGO GOLDEN LAS VEGAS NV,institution
BINGO WINNER,Gambling,BINGO WINNER,keyword,0.95,BINGO WINNER,institution
BINGO WINNER LAS VEGAS NV,Gambling,BINGO WINNER LAS VEGAS NV|BINGO WINNER LAS VEGAS NV USA USD|BINGO WINNER LAS VEGAS NV USA,keyword,0.95,BINGO WINNER LAS VEGAS NV,institution
BITENC MAREE ANN,Gambling,BITENC MAREE ANN|BITENC MAREE ANN MAREE LOTTO X WEEKS|BITENC MAREE ANN MAREE LOTTO X 2|BITENC MAREE ANN MAREE LOTTO X,keyword,0.95,BITENC MAREE ANN,institution
BITKINGZ TALLINN ES EST,Gambling,BITKINGZ TALLINN ES EST,keyword,0.95,BITKINGZ TALLINN ES EST,institution
BITSTARZ TALLINN ES EST,Gambling,BITSTARZ LIMASSOL CY|BITSTARZ TALLINN ES EST,keyword,0.95,BITSTARZ TALLINN ES EST,institution
BITSTARZ KING SW,Gambling,BITSTARZ KING SW|BITSTARZ KING SW ES EST,keyword,0.95,BITSTARZ KING SW,institution
BIZCASINO NICOSIA CYP,Gambling,BIZCASINO NICOSIA|BIZCASINO NICOSIA CYP,keyword,0.95,BIZCASINO NICOSIA CYP,institution
BIZCASINO GERMASOGEIA,Gambling,BIZCASINO GERMASOGEIA|BIZCASINO GERMASOGEIA CYP,keyword,0.95,BIZCASINO GERMASOGEIA,institution
BLACK OPAL,Gambling,BLACK OPAL|ZLR BLACK OPAL,keyword,0.95,BLACK OPAL,institution
BLACK OPAL TABARET,Gambling,BLACK OPAL TABARET|ZLR BLACK OPAL TABARET,keyword,0.95,BLACK OPAL TABARET,institution
BLACKBURN SQUARE LOTTO,Gambling,BLACKBURN SQUARE LOTTO|BLACKBURN SQUARE LOTTO BLACKBURN VI,keyword,0.95,BLACKBURN SQUARE LOTTO,institution
BLACKROCK LOTTO NEWS,Gambling,BLACKROCK LOTTO NEWS|BLACKROCK LOTTO NEWS BLACK ROCK|BLACKROCK LOTTO NEWS BLACK ROCK VI,keyword,0.95,BLACKROCK LOTTO NEWS,institution
BOHOCASINO NICOSIA CY CYP,Gambling,BOHOCASINO NICOSIA CY|BOHOCASINO NICOSIA CY CYP,keyword,0.95,BOHOCASINO NICOSIA CY CYP,institution
BONDILOTTO BONDI JUNCTIO,Gambling,BONDILOTTO BONDI JUNCTIO|BONDILOTTO BONDI JUNCTIO NS,keyword,0.95,BONDILOTTO BONDI JUNCTIO,institution
BONNYRIGG LOTTO BONNYRIGG,Gambling,BONNYRIGG LOTTO BONNYRIGG|LIV BONNYRIGG LOTTO BONNYRIGG,keyword,0.95,BONNYRIGG LOTTO BONNYRIGG,institution
BONNYRIGG LOTTO NEWS,Gambling,BONNYRIGG LOTTO NEWS|BONNYRIGG LOTTO NEWS BONNYRIGG|BONNYRIGG LOTTO NEWS BONNYRIGG NS,keyword,0.95,BONNYRIGG LOTTO NEWS,institution
BOOMBET PTY LTD,Gambling,BOOMBET PTY LTD,keyword,0.95,BOOMBET PTY LTD,institution
BOOMBET WINNELLIE,Gambling,BOOMBET WINNELLIE|BOOMBET PTY LTD WINNELLIE,keyword,0.95,BOOMBET WINNELLIE,institution
BOORT HARNESS RACING BOORT,Gambling,BOORT HARNESS RACING BOORT,keyword,0.95,BOORT HARNESS RACING BOORT,institution
BORRACK SQUARE LOTTO A ALTONA NORTH,Gambling,BORRACK SQUARE LOTTO A ALTONA NORTH,keyword,0.95,BORRACK SQUARE LOTTO A ALTONA NORTH,institution
BORRACK SQUARE LOTTO ALTONA NORTH,Gambling,BORRACK SQUARE LOTTO ALTONA NORTH,keyword,0.95,BORRACK SQUARE LOTTO ALTONA NORTH,institution
BOULDER NEWS,Gambling,BOULDER NEWS|BOULDER NEWS BOULDER NEWS AND LOTTO BOULDER,keyword,0.95,BOULDER NEWS,institution
BOULDER NEWS & LOTTO,Gambling,BOULDER NEWS LOTTO|BOULDER NEWS AND LOTTO|BOULDER NEWS AND LOTTO BO ULDER|BOULDER NEWS AND LOTTO BO ULDER WA EFTPOS PURCHASE WITH|BOULDER NEWS AND LOTTO BOULDER|BOULDER NEWS AND LOTTO BOULDER WA AU CASH OUT PURCHASE,keyword,0.95,BOULDER NEWS & LOTTO,institution
BOULEVARD LOTTERY CENTRE,Gambling,BOULEVARD LOTTERY CENTRE|BOULEVARD LOTTERY CENTRE NEWSAGENCY BOULEVARD NEWS ESPER ESPERAN,keyword,0.95,BOULEVARD LOTTERY CENTRE,institution
BOURKE ST LOTTO & NEWS,Gambling,BOURKE ST LOTTO NEWS|BOURKE ST LOTTO AMP NEWS,keyword,0.95,BOURKE ST LOTTO & NEWS,institution
BOURKE STREET LOTTO,Gambling,BOURKE STREET LOTTO MELBOURNE|BOURKE STREET LOTTO|BOURKE STREET|BOURKE STREET LOTTO MELBOURNE VI,keyword,0.95,BOURKE STREET LOTTO,institution
BOWEN TURF CLUB,Gambling,BOWEN TURF CLUB|SQ BOWEN TURF CLUB PT BOWEN QL|BOWEN TURF CLUB PT|SQ BOWEN TURF CLUB PTY L|BOWEN TURF CLUB PTY L,keyword,0.95,BOWEN TURF CLUB,institution
BOX HILL CENTRAL LOTTO,Gambling,BOX HILL CENTRAL LOTTO|BOX HILL CENTRAL LOTTO BOX HILL VI,keyword,0.95,BOX HILL CENTRAL LOTTO,institution
BRANDON PARK LOTTO,Gambling,BRANDON PARK LOTTO WHEELERS HILL|BRANDON PARK LOTTO|BRANDON PARK LOTTO WHEELERS HILL VI,keyword,0.95,BRANDON PARK LOTTO,institution
BRAYBROOK NEWS N LOTTO,Gambling,BRAYBROOK NEWS N LOTTO|BRAYBROOK NEWS N LOTTO BRAYBROOK|BRAYBROOK NEWS N|BRAYBROOK NEWS N LOTTO BRAYBROOK VI,keyword,0.95,BRAYBROOK NEWS N LOTTO,institution
BRIMBANK CENTRAL LOTTO,Gambling,BRIMBANK CENTRAL LOTTO,keyword,0.95,BRIMBANK CENTRAL LOTTO,institution
BRIMBANK LUCKY LOTTER,Gambling,BRIMBANK LUCKY LOTTER|BRIMBANK LUCKY LOTTER DEER PARK|BRIMBANK LUCKY LOTTER DEER PARK VI,keyword,0.95,BRIMBANK LUCKY LOTTER,institution
BRISBANE GREYHOUND RAC ALBION,Gambling,BRISBANE GREYHOUND RAC ALBION,keyword,0.95,BRISBANE GREYHOUND RAC ALBION,institution
BROADMEADOWSLUCKYLOTTO BROADMEADOWS,Gambling,BROADMEADOWSLUCKYLOTTO BROADMEADOWS|BROADMEADOWSLUCKYLOTTO BROADMEADOWS VI,keyword,0.95,BROADMEADOWSLUCKYLOTTO BROADMEADOWS,institution
BROADWAY NEWS & LOTTO,Gambling,BROADWAY NEWS LOTTO|BROADWAY NEWS LOTTO BROADWAY|BROADWAY NEWS AMP LOTTO BROADWAY,keyword,0.95,BROADWAY NEWS & LOTTO,institution
BROOME LOTTERY CENTRE,Gambling,BROOME LOTTERY CENTRE|BROOME LOTTERY CENTRE DJUGUN,keyword,0.95,BROOME LOTTERY CENTRE,institution
BROOME TURF CLUB,Gambling,SQ BROOME TURF CLUB BROOME|BROOME TURF CLUB|SQ BROOME TURF CLUB MINYIRR|BROOME TURF CLUB MINYIRR,keyword,0.95,BROOME TURF CLUB,institution
BROOME TURF CLUB WEDGEFIELD,Gambling,SQ BROOME TURF CLUB WEDGEFIELD|BROOME TURF CLUB WEDGEFIELD,keyword,0.95,BROOME TURF CLUB WEDGEFIELD,institution
BRUNSWICK W POST LOTTO,Gambling,BRUNSWICK W POST LOTTO|BRUNSWICK W POST LOTTO BRUNSWICK WES VI,keyword,0.95,BRUNSWICK W POST LOTTO,institution
BUNBURY TROTTING CLU CAREY PARK,Gambling,BUNBURY TROTTING CLU CAREY PARK,keyword,0.95,BUNBURY TROTTING CLU CAREY PARK,institution
BUNBURY TURF CLUB,Gambling,SQ BUNBURY TURF CLU B BUNBURY|SQ BUNBURY TURF CLU B|SQ BUNBURY TURF CLU B CAREY PARK|SQ BUNBURY TURF CLUB|BUNBURY TURF CLUB|SQ BUNBURY TURF CLUB CA REY PARK|BUNBURY TURF CLUB CA REY PARK|SQ BUNBURY TURF CLUB CAREY PARK|BUNBURY TURF CLUB CAREY PARK,keyword,0.95,BUNBURY TURF CLUB,institution
BUNDABERG CEN,Gambling,BUNDABERG CEN|BUNDABERG CEN QL|LS KEPNOCK LOTTO TO BUNDABERG CEN,keyword,0.95,BUNDABERG CEN,institution
BURNIE NEWS & LOTTO,Gambling,BURNIE NEWS LOTTO|APPLE VISA BURNIE NEWS AND LOTTO|BURNIE NEWS AND LOTTO|BURNIE NEWS AND LOTTO BURNIE TAS AU CASH OUT PURCHASE|BURNIE NEWS AND LOTTO BUR NIE|BURNIE NEWS AND LOTTO BUR NIE TAS EFTPOS PURCHASE WITH|BURNIE NEWS AND LOTTO BURNIE TA,keyword,0.95,BURNIE NEWS & LOTTO,institution
BURNSIDE LOTTO & NEWS,Gambling,BURNSIDE LOTTO NEWS|BURNSIDE LOTTO NEW S BURNSIDE|BURNSIDE LOTTO NEW S|BURNSIDE LOTTO NEWS BURNSIDE VI,keyword,0.95,BURNSIDE LOTTO & NEWS,institution
BURWOOD ONE LOTTO,Gambling,BURWOOD ONE LOTTO|BURWOOD ONE LOTTO BURWOOD EAST VI,keyword,0.95,BURWOOD ONE LOTTO,institution
BURWOODONELOTTOTOBAC COBURWOOD EA,Gambling,BURWOODONELOTTOTOBAC COBURWOOD EA,keyword,0.95,BURWOODONELOTTOTOBAC COBURWOOD EA,institution
BURWOODONELOTTOTOBACCO BURWOOD EAST,Gambling,BURWOODONELOTTOTOBACCO BURWOOD EAST|BURWOODONELOTTOTOBACCO BURWOOD EAST VI,keyword,0.95,BURWOODONELOTTOTOBACCO BURWOOD EAST,institution
BUSPORT LOTTERIES &,Gambling,BUSPORT LOTTERIES|BUSPORT LOTTERIES AMP,keyword,0.95,BUSPORT LOTTERIES &,institution
BUSY BEE LOTTERIES,Gambling,BUSY BEE LOTTERIES,keyword,0.95,BUSY BEE LOTTERIES,institution
CABRA LOTTO & GIFTS PT CABRAMATTA,Gambling,CABRA LOTTO GIFTS PT CABRAMATTA,keyword,0.95,CABRA LOTTO & GIFTS PT CABRAMATTA,institution
CAIRNS JOCKEY CLUB,Gambling,CAIRNS JOCKEY CLUB|CAIRNS JOCKEY CLUB EARLVILLE|CAIRNS JOCKEY CLUB EARLVILLE QL,keyword,0.95,CAIRNS JOCKEY CLUB,institution
CALWELL POST & LOTTO CALWELL AC,Gambling,CALWELL POST LOTTO CALWELL AC|CALWELL POST AND LOTTO CALWELL AC,keyword,0.95,CALWELL POST & LOTTO CALWELL AC,institution
CAMBERWELL LOTTO,Gambling,CAMBERWELL LOTTO|CAMBERWELL LOTTO MOB ILCAMBERWELL|CAMBERWELL LOTTO MOBIL CAMBERWELL VI,keyword,0.95,CAMBERWELL LOTTO,institution
CAMBERWELL LOTTO MOBIL,Gambling,CAMBERWELL LOTTO MOBIL,keyword,0.95,CAMBERWELL LOTTO MOBIL,institution
CANBERRA HARNESS RAC MITCHELL AC,Gambling,CANBERRA HARNESS RAC MITCHELL AC,keyword,0.95,CANBERRA HARNESS RAC MITCHELL AC,institution
CANBERRA RACING CLUB I,Gambling,CANBERRA RACING CLUB I|CANBERRA RACING CLUB I LYNEHAM|CANBERRA RACING CLUB INCO LYNEHAM,keyword,0.95,CANBERRA RACING CLUB I,institution
CANTEBURYGARDENS LOTTO,Gambling,CANTEBURYGARDENS LOTTO|CANTEBURYGARDENS LOTTO BAYSWATER NOR VI,keyword,0.95,CANTEBURYGARDENS LOTTO,institution
CAPALABA GREYHOUND,Gambling,CAPALABA GREYHOUND|CAPALABA GREYHOUND CAPALABA AU CASH OUT PURCHASE|CAPALABA GREYHOUND CAPALABA QL,keyword,0.95,CAPALABA GREYHOUND,institution
CAPEL SOUND NEWS LOTTO,Gambling,CAPEL SOUND NEWS LOTTO|CAPEL SOUND NEWS LOTTO CAPEL SOUND VI,keyword,0.95,CAPEL SOUND NEWS LOTTO,institution
CARNARVON LOTTERY NEWS,Gambling,CARNARVON LOTTERY NEWS|CARNARVON LOTTERY NEWS CARNARVON,keyword,0.95,CARNARVON LOTTERY NEWS,institution
CARNEGIE CENTRAL LOTTO,Gambling,CARNEGIE CENTRAL LOTTO|CARNEGIE CENTRAL LOTTO CA RNEGIE|CARNEGIE CENTRAL LOTTO CARNEGIE|CARNEGIE CENTRAL LOTTO CARNEGIE VI,keyword,0.95,CARNEGIE CENTRAL LOTTO,institution
CAROUSEL LOTTERY NEWS CANNINGTON,Gambling,CAROUSEL LOTTERY NEW S CANNINGTON|CAROUSEL LOTTERY NEWS CANNINGTON,keyword,0.95,CAROUSEL LOTTERY NEWS CANNINGTON,institution
CARRAMAR LOTTERY CTR,Gambling,CARRAMAR LOTTERY CTR,keyword,0.95,CARRAMAR LOTTERY CTR,institution
CARRUM DOWNS LOTTO CA RRUM DOWNS V,Gambling,CARRUM DOWNS LOTTO CA RRUM DOWNS V,keyword,0.95,CARRUM DOWNS LOTTO CA RRUM DOWNS V,institution
CARSELDINE NEWS & LOTTO,Gambling,CARSELDINE NEWS LOTTO,keyword,0.95,CARSELDINE NEWS & LOTTO,institution
CASEY NEWS & LOTTO,Gambling,CASEY NEWS LOTTO|CASEY NEWS LOTTO NARRE WARREN|CASEY NEWS LOTTO NARRE WARREN VI,keyword,0.95,CASEY NEWS & LOTTO,institution
CASEY NEWS & LOTTO NARRE WARREN S,Gambling,CASEY NEWS LOTTO NARRE WARREN S|CASEY NEWS LOTTO NA RRE WARREN S,keyword,0.95,CASEY NEWS & LOTTO NARRE WARREN S,institution
CASHBOX AMUSEMENTS PTY FOOTSCRAY,Gambling,CASHBOX AMUSEMENTS P TYFOOTSCRAY|CASHBOX AMUSEMENTS PTY FOOTSCRAY|CASHBOX AMUSEMENTS,keyword,0.95,CASHBOX AMUSEMENTS PTY FOOTSCRAY,institution
CASHBOX AMUSEMENTS PTY L FOOTSCRAY,Gambling,CASHBOX AMUSEMENTS PTY L FOOTSCRAY,keyword,0.95,CASHBOX AMUSEMENTS PTY L FOOTSCRAY,institution
CASINO GREYHOUND RA CASIN O,Gambling,CASINO GREYHOUND RA CASIN O,keyword,0.95,CASINO GREYHOUND RA CASIN O,institution
CASINO GREYHOUND RAC CASINO,Gambling,CASINO GREYHOUND RAC CASINO|CASINO GREYHOUND RAC CASINO NS,keyword,0.95,CASINO GREYHOUND RAC CASINO,institution
CASINO NOUMEA NELLE FR FRA XPF,Gambling,CASINO NOUMEA NELLE FR FRA XPF|CASINO NOUMEA NELLE FR FRA,keyword,0.95,CASINO NOUMEA NELLE FR FRA XPF,institution
CASINO RACING CLUB LTD CA SINO,Gambling,CASINO RACING CLUB LTD CA SINO,keyword,0.95,CASINO RACING CLUB LTD CA SINO,institution
CASINO4U TALLINN ES EST,Gambling,CASINO4U TALLINN ES EST,keyword,0.95,CASINO4U TALLINN ES EST,institution
CASINOCHAN LIMASSOL CY,Gambling,CASINOCHAN LIMASSOL CY,keyword,0.95,CASINOCHAN LIMASSOL CY,institution
CASINOJAX NICOSIA CY CYP,Gambling,CASINOJAX NICOSIA CY|CASINOJAX NICOSIA CY CYP,keyword,0.95,CASINOJAX NICOSIA CY CYP,institution
CASINONIC TALLINN ES EST,Gambling,CASINONIC LIMASSOL CY|CASINONIC TALLINN ES EST,keyword,0.95,CASINONIC TALLINN ES EST,institution
CASINOROCKET NICOSIA CY CYP,Gambling,CASINOROCKET NICOSIA CY|CASINOROCKET NICOSIA CY CYP,keyword,0.95,CASINOROCKET NICOSIA CY CYP,institution
CASITSU TALLINN ES EST,Gambling,CASITSU TALLINN ES EST,keyword,0.95,CASITSU TALLINN ES EST,institution
CASTLE PLAZA LOTTERY EDWARDSTOWN,Gambling,CASTLE PLAZA LOTTERY EDWARDSTOWN|CASTLE PLAZA,keyword,0.95,CASTLE PLAZA LOTTERY EDWARDSTOWN,institution
CAT & FIDDLE LOTTO,Gambling,CAT FIDDLE LOTTO,keyword,0.95,CAT & FIDDLE LOTTO,institution
CAULFIELD PARK LOTTO,Gambling,CAULFIELD PARK LOTTO|CAULFIELD PARK LOTTO CAULFIELD NO|CAULFIELD PARK LOTTO CAULFIELD NOR VI,keyword,0.95,CAULFIELD PARK LOTTO,institution
CAULFIELD VILLAGE LOTTO,Gambling,CAULFIELD VILLAGE LOTTO,keyword,0.95,CAULFIELD VILLAGE LOTTO,institution
CCL BARS CHRISTCHURCH,Gambling,CCL BARS CHRISTCHURCH,keyword,0.95,CCL BARS CHRISTCHURCH,institution
CENTRAL DAIRY,Gambling,CENTRAL DAIRY|CENTRAL DAIRY LOTTO MANGERE NZ,keyword,0.95,CENTRAL DAIRY,institution
CENTRAL DAIRY & LOTTO MANGERE,Gambling,CENTRAL DAIRY LOTTO MANGERE,keyword,0.95,CENTRAL DAIRY & LOTTO MANGERE,institution
CENTRAL LOTTO,Gambling,CENTRAL LOTTO,keyword,0.95,CENTRAL LOTTO,institution
CENTRAL LOTTO ALTONA MEADOW,Gambling,CENTRAL LOTTO ALTONA MEADOW|CENTRAL LOTTO ALTONA MEADOW VI,keyword,0.95,CENTRAL LOTTO ALTONA MEADOW,institution
CENTRE ROAD LOTTO &,Gambling,CENTRE ROAD LOTTO|CENTRE ROAD LOTTO AND,keyword,0.95,CENTRE ROAD LOTTO &,institution
CENTREPOINT LOTTERY,Gambling,CENTREPOINT LOTTERY,keyword,0.95,CENTREPOINT LOTTERY,institution
CENTREPOINT LOTTERY MIDLA ND,Gambling,CENTREPOINT LOTTERY MIDLA ND,keyword,0.95,CENTREPOINT LOTTERY MIDLA ND,institution
CENTREWAY NEWS N LOTTO,Gambling,CENTREWAY NEWS N LOTTO|CENTREWAY NEWS N LOTTO KEILOR EAST VI,keyword,0.95,CENTREWAY NEWS N LOTTO,institution
CENTRO MILDURA LOTTO,Gambling,CENTRO MILDURA LOTTO|CENTRO MILDURA LOTTO MILDURA VI,keyword,0.95,CENTRO MILDURA LOTTO,institution
CHADSTONE LUCKY LOTTO,Gambling,CHADSTONE LUCKY LOTTO|CHADSTONE LUCKY LOTTO CHADSTONE|CHADSTONE LUCKY LOTTO CHADSTONE VIC AU CASH OUT PURCHASE|CHADSTONE LUCKY LOTTO CHADSTONE VI,keyword,0.95,CHADSTONE LUCKY LOTTO,institution
CHAMPIONS LOTTO,Gambling,CHAMPIONS LOTTO|CHAMPIONS LOTTO EBONYWAVE PTY LTD LONG,keyword,0.95,CHAMPIONS LOTTO,institution
CHATHAM LOTTO,Gambling,CHATHAM LOTTO|CHATHAM LOTTO TAREE NS,keyword,0.95,CHATHAM LOTTO,institution
CHINATOWN LOTTERIES ADELAIDE,Gambling,CHINATOWN LOTTERIES ADELAIDE|CHINATOWN LOTTERIES,keyword,0.95,CHINATOWN LOTTERIES ADELAIDE,institution
CHIRNSIDE LOTTO,Gambling,CHIRNSIDE LOTTO|CHIRNSIDE LOTTO CHIRNSIDE PAR|CHIRNSIDE LOTTO CHIRNSIDE PAR VI,keyword,0.95,CHIRNSIDE LOTTO,institution
CHIRNSIDE LOTTO CHIRNSIDE PARK,Gambling,CHIRNSIDE LOTTO CHIRNSIDE PARK,keyword,0.95,CHIRNSIDE LOTTO CHIRNSIDE PARK,institution
CIRCLE CONVENIEN CEALTONA NORTH,Gambling,CIRCLE CONVENIEN CEALTONA NORTH|ZLR CIRCLE CONVENIEN CEALTONA NORTH,keyword,0.95,CIRCLE CONVENIEN CEALTONA NORTH,institution
CIRCLE NEWS & LOTTO,Gambling,CIRCLE NEWS LOTTO|CIRCLE NEWS AND LOTTO|CIRCLE NEWS AND LOTTO ALTONA NORTH VI,keyword,0.95,CIRCLE NEWS & LOTTO,institution
CITY CROSS LOTTERIEQPS,Gambling,CITY CROSS LOTTERIEQPS,keyword,0.95,CITY CROSS LOTTERIEQPS,institution
CITY CROSS LOTTERIES ADELAIDE,Gambling,CITY CROSS LOTTERIES ADELAIDE|CITY CROSS LOTTERIES,keyword,0.95,CITY CROSS LOTTERIES ADELAIDE,institution
CITY OF DUBBO TURF,Gambling,CITY OF DUBBO TURF|CITY OF DUBBO TURF DUBBO NS,keyword,0.95,CITY OF DUBBO TURF,institution
CITY OF DUBBO TURF CLUB,Gambling,CITY OF DUBBO TURF CLUB|CITY OF DUBBO TURF CLU DUBBO NS,keyword,0.95,CITY OF DUBBO TURF CLUB,institution
CLA MARSHALL,Gambling,CLA MARSHALL|CLA MARSHALL PTY LTD,keyword,0.95,CLA MARSHALL,institution
CLAREMONT LUCKY LOTTO,Gambling,CLAREMONT LUCKY LOTTO,keyword,0.95,CLAREMONT LUCKY LOTTO,institution
CLARENCE RIVER JOC GRAFTON,Gambling,CLARENCE RIVER JOC GRAFTON|SQ CLARENCE RIVER J OCGRAFTON|SQ CLARENCE RIVER JOC GRAFTON NS|CLARENCE RIVER JOC GRAFTON NS,keyword,0.95,CLARENCE RIVER JOC GRAFTON,institution
CLARINDA LOTTO POST,Gambling,CLARINDA LOTTO POST|CLARINDA LOTTO POST CLARINDA|CLARINDA LOTTO POST CLARINDA VI,keyword,0.95,CLARINDA LOTTO POST,institution
CLARKSON LUCKY LOTTERY,Gambling,CLARKSON LUCKY LOTTERY|CLARKSON LUCKY LOTTERY CL ARKSON|CLARKSON LUCKY LOTTERY CLARKSON,keyword,0.95,CLARKSON LUCKY LOTTERY,institution
CLAUDIA ROAD LOTTERY TOONGABBIE,Gambling,CLAUDIA ROAD LOTTERY TOONGABBIE|CLAUDIA ROAD,keyword,0.95,CLAUDIA ROAD LOTTERY TOONGABBIE,institution
CLEOPATRA CASINO TALLINN ES EST,Gambling,CLEOPATRA CASINO TALLINN ES EST,keyword,0.95,CLEOPATRA CASINO TALLINN ES EST,institution
CLIFTON HILL LOTTO FITZROY NORTH,Gambling,CLIFTON HILL LOTTO FITZROY NORTH,keyword,0.95,CLIFTON HILL LOTTO FITZROY NORTH,institution
CLUB HOUSE HOTEL,Gambling,CLUB HOUSE HOTEL|CLUB HOUSE HOTEL GOLDEN CROWN PTY LTD YASS,keyword,0.95,CLUB HOUSE HOTEL,institution
CLYDE NEWS LOTTO & CLYDE,Gambling,CLYDE NEWS LOTTO CLYDE|CLYDE NEWS LOTTO AND CLYDE,keyword,0.95,CLYDE NEWS LOTTO & CLYDE,institution
CLYDE NEWS LOTTO & GI,Gambling,CLYDE NEWS LOTTO GI|CLYDE NEWS LOTTO GI CLYDE|CLYDE NEWS LOTTO AND GI,keyword,0.95,CLYDE NEWS LOTTO & GI,institution
CLYDE NEWS LOTTO & GSHOP T2 B,Gambling,CLYDE NEWS LOTTO GSHOP T2 B|CLYDE NEWS LOTTO AND GSHOP T2 B,keyword,0.95,CLYDE NEWS LOTTO & GSHOP T2 B,institution
COBBERCASINO TALLINN ES EST,Gambling,COBBERCASINO TALLINN ES EST,keyword,0.95,COBBERCASINO TALLINN ES EST,institution
COBRACASINO TALLINN ES EST,Gambling,COBRACASINO TALLINN ES EST,keyword,0.95,COBRACASINO TALLINN ES EST,institution
COBRAM LOTTO,Gambling,COBRAM LOTTO,keyword,0.95,COBRAM LOTTO,institution
COBRAM LOTTO COBRAM,Gambling,COBRAM LOTTO COBRAM,keyword,0.95,COBRAM LOTTO COBRAM,institution
COBURG HUB LOTTO & DEL COBURG,Gambling,COBURG HUB LOTTO DEL COBURG|COBURG HUB LOTTO DEL COBURG VI,keyword,0.95,COBURG HUB LOTTO & DEL COBURG,institution
COBURG HUB LOTTO COBURG,Gambling,COBURG HUB LOTTO COBURG|COBURG HUB LOTTO COBURG VI,keyword,0.95,COBURG HUB LOTTO COBURG,institution
COBURG NORTH LOTTO,Gambling,COBURG NORTH LOTTO|COBURG NORTH LOTTO COBURG VI,keyword,0.95,COBURG NORTH LOTTO,institution
COBURG NTH LOTTO SMOKE,Gambling,COBURG NTH LOTTO SMO KECOBURG|COBURG NTH LOTTO SMOKE|COBURG NTH LOTTO SMOKE COBURG VI,keyword,0.95,COBURG NTH LOTTO SMOKE,institution
COLAC LOTTO,Gambling,COLAC LOTTO|COLAC LOTTO COLAC VI,keyword,0.95,COLAC LOTTO,institution
COLLINS NEW & LOTTO,Gambling,COLLINS NEW LOTTO|COLLINS NEW LOTTO KYNET ON,keyword,0.95,COLLINS NEW & LOTTO,institution
COLONNADES LOTTERY NOARLUNGA CEN,Gambling,COLONNADES LOTTERY NOARLUNGA CEN|COLONNADES LOTTERY,keyword,0.95,COLONNADES LOTTERY NOARLUNGA CEN,institution
CORIO LUCKY LOTTO,Gambling,CORIO LUCKY LOTTO|CORIO LUCKY LOTTO CORIO|CORIO LUCKY|CORIO LUCKY LOTTO CORIO VI,keyword,0.95,CORIO LUCKY LOTTO,institution
CORNER EXCHANGE LOTTO BELL PARK,Gambling,CORNER EXCHANGE LOTTO BELL PARK,keyword,0.95,CORNER EXCHANGE LOTTO BELL PARK,institution
CORNER EXCHANGE LOTTO O BELL PARK,Gambling,CORNER EXCHANGE LOTTO O BELL PARK,keyword,0.95,CORNER EXCHANGE LOTTO O BELL PARK,institution
CORRIMAL LOTTO & GIF CORRIMAL,Gambling,CORRIMAL LOTTO GIF CORRIMAL|CORRIMAL LOTTO AND GIF CORRIMAL,keyword,0.95,CORRIMAL LOTTO & GIF CORRIMAL,institution
CRAIGIE LOTTERIES NEWS,Gambling,CRAIGIE LOTTERIES NE WSCRAIGIE|CRAIGIE LOTTERIES NEWS|CRAIGIE LOTTERIES NEWS CR AIGIE|CRAIGIE LOTTERIES NEWS CRAIGIE,keyword,0.95,CRAIGIE LOTTERIES NEWS,institution
CRAIGIEBURN LOTTO,Gambling,CRAIGIEBURN LOTTO CRAIGIEBURN|CRAIGIEBURN LOTTO|CRAIGIEBURN LOTTO CRAIGIEBURN VI,keyword,0.95,CRAIGIEBURN LOTTO,institution
CRANBOURNE TURF,Gambling,CRANBOURNE TURF|SEC CRANBOURNE TURF CL FLEMINGTON VI,keyword,0.95,CRANBOURNE TURF,institution
CRANBOURNE W LUCK GIFT,Gambling,CRANBOURNE W LUCK GI FTCRANBOURNE|CRANBOURNE W LUCK GIFT,keyword,0.95,CRANBOURNE W LUCK GIFT,institution
CROSSWAYS NEWS LOTTERY,Gambling,CROSSWAYS NEWS LOTTERY,keyword,0.95,CROSSWAYS NEWS LOTTERY,institution
CROWN BACCARAT ROOM,Gambling,CROWN BACCARAT ROOM|CROWN BACCARAT ROOM BURSWOOD|CROWN BACCARAT,keyword,0.95,CROWN BACCARAT ROOM,institution
CROWN SYD MAHOGANY,Gambling,CROWN SYD MAHOGANY|CROWN SYD MAHOGANY RES,keyword,0.95,CROWN SYD MAHOGANY,institution
CROWN SYDNEY MAHOGANY,Gambling,CROWN SYDNEY MAHOGANY,keyword,0.95,CROWN SYDNEY MAHOGANY,institution
CROYDON LOTTO,Gambling,CROYDON LOTTO|CROYDON LOTTO CROYDON VI,keyword,0.95,CROYDON LOTTO,institution
CS SQUARE LOTTO & NEWS,Gambling,CS SQUARE LOTTO NEWS|CS SQUARE LOTTO NE WSCAROLINE S|CS SQUARE LOTTO NEWS CA ROLINE S|CS SQUARE LOTTO NEWS CAROLINE SPRI VI,keyword,0.95,CS SQUARE LOTTO & NEWS,institution
CURRAMBINE LOTTERY,Gambling,CURRAMBINE LOTTERY,keyword,0.95,CURRAMBINE LOTTERY,institution
CURRAMBINE LOTTERY CURRAM BINE,Gambling,CURRAMBINE LOTTERY CURRAM BINE,keyword,0.95,CURRAMBINE LOTTERY CURRAM BINE,institution
DALLAS NEWS & LOTTO,Gambling,DALLAS NEWS LOTTO|DALLAS NEWS AND LOTTO DALLAS|DALLAS NEWS AND LOTTO DALLAS VIC AU CASH OUT PURCHASE|DALLAS NEWS AND LOTTO DALLAS VI,keyword,0.95,DALLAS NEWS & LOTTO,institution
DANDE LOTTO,Gambling,DANDE LOTTO|DANDE LOTTO DANDENONG VIC AU CASH OUT PURCHASE|DANDE LOTTO DANDENONG VI,keyword,0.95,DANDE LOTTO,institution
DANDENONG LOTTO,Gambling,DANDENONG LOTTO|DANDENONG LOTTO AND NE DA NDENONG|DANDENONG LOTTO AND NE DANDENONG|DANDENONG LOTTO AND NE|DANDENONG LOTTO AND|DANDENONG LOTTO AND NE DANDENONG VI|DANDENONG LOTTO AND NEDANDENONG,keyword,0.95,DANDENONG LOTTO,institution
DANDENONG MARKET LOTTO,Gambling,DANDENONG MARKET LOTTO|DANDENONG MARKET LOTTO DA NDENONG|DANDENONG MARKET LOTTO DANDENONG VI,keyword,0.95,DANDENONG MARKET LOTTO,institution
DANDENONG NORTH LOTTO & N DANDENO,Gambling,DANDENONG NORTH LOTTO N DANDENO,keyword,0.95,DANDENONG NORTH LOTTO & N DANDENO,institution
DANDENONG NORTH LOTTO DANDENONG NOR,Gambling,DANDENONG NORTH LOTTO DANDENONG NOR,keyword,0.95,DANDENONG NORTH LOTTO DANDENONG NOR,institution
DANDENONG PLAZA LOTTO,Gambling,DANDENONG PLAZA LOTTO,keyword,0.95,DANDENONG PLAZA LOTTO,institution
DARRA LOTTO & TOBACCO,Gambling,DARRA LOTTO TOBACCO|DARRA LOTTO TOBACCO DARRA|DARRA LOTTO TOBACCO DARRA QLD AU CASH OUT PURCHASE|DARRA LOTTO TOBACCO DARRA QL,keyword,0.95,DARRA LOTTO & TOBACCO,institution
DELAHEY VILLAGE LOTTO DELAHEY,Gambling,DELAHEY VILLAGE LOTTO DELAHEY|DELAHEY VILLAGE|DELAHEY VILLAGE LOTTO DELAHEY VI,keyword,0.95,DELAHEY VILLAGE LOTTO DELAHEY,institution
DELAHEY VILLAGE LOTTO O DELAHEY,Gambling,DELAHEY VILLAGE LOTTO O DELAHEY,keyword,0.95,DELAHEY VILLAGE LOTTO O DELAHEY,institution
DELAHEY VILLAGE LOTTO O TARNEIT,Gambling,DELAHEY VILLAGE LOTTO O TARNEIT,keyword,0.95,DELAHEY VILLAGE LOTTO O TARNEIT,institution
DELAHEY VILLAGE LOTTO TARNEIT,Gambling,DELAHEY VILLAGE LOTTO TARNEIT|DELAHEY VILLAGE|DELAHEY VILLAGE LOTTO TARNEIT VI,keyword,0.95,DELAHEY VILLAGE LOTTO TARNEIT,institution
DELORAINE NEWS & LOTTO,Gambling,DELORAINE NEWS LOTTO|DELORAINE NEWS LOTTO DELORAINE TA,keyword,0.95,DELORAINE NEWS & LOTTO,institution
DEXTA S NEWS & LOTTO,Gambling,DEXTA S NEWS LOTTO|DEXTA S NEWS AND LOTTO|DEXTA 39 S NEWS AMP LOTTO,keyword,0.95,DEXTA S NEWS & LOTTO,institution
DIAMOND VILLAGE LOTTO,Gambling,DIAMOND VILLAGE LOTTO,keyword,0.95,DIAMOND VILLAGE LOTTO,institution
DIST DOCKLANDS LOTTO,Gambling,DIST DOCKLANDS LOTTO|DIST DOCKLANDS LOTTO DOCKLANDS|DIST DOCKLANDS LOTTO DOCKLANDS VI,keyword,0.95,DIST DOCKLANDS LOTTO,institution
DONCASTER LOTTO,Gambling,DONCASTER LOTTO|DONCASTER LOTTO DONCASTER VI,keyword,0.95,DONCASTER LOTTO,institution
DOOGUES LUCKYLOTTERI ESPERTH,Gambling,DOOGUES LUCKYLOTTERI ESPERTH,keyword,0.95,DOOGUES LUCKYLOTTERI ESPERTH,institution
DOOGUES LUCKYLOTTERIES,Gambling,DOOGUES LUCKYLOTTERIES,keyword,0.95,DOOGUES LUCKYLOTTERIES,institution
DOVETON NEWS & LOTTO,Gambling,DOVETON NEWS LOTTO|DOVETON NEWS LOTTO DOVETON|DOVETON NEWS|DOVETON NEWS LOTTO DOVETON VI|DOVETON NEWS AND LOTTO DOVETON,keyword,0.95,DOVETON NEWS & LOTTO,institution
DREAM DAY LOTTERIES,Gambling,DREAM DAY LOTTERIES|DREAM DAY LOTTERIES BUN BURY,keyword,0.95,DREAM DAY LOTTERIES,institution
DROUIN LOTTO & CARDS DROU IN,Gambling,DROUIN LOTTO CARDS DROU IN,keyword,0.95,DROUIN LOTTO & CARDS DROU IN,institution
DRURY LOTTO SUPERETTE DRURY,Gambling,DRURY LOTTO SUPERETTE DRURY,keyword,0.95,DRURY LOTTO SUPERETTE DRURY,institution
DRYSDALE LOTTO,Gambling,DRYSDALE LOTTO|DRYSDALE LOTTO DRYSDALE VI,keyword,0.95,DRYSDALE LOTTO,institution
DRYSDALE LOTTO DRYSDALE V IC,Gambling,DRYSDALE LOTTO DRYSDALE V IC,keyword,0.95,DRYSDALE LOTTO DRYSDALE V IC,institution
DSP KING SW,Gambling,DSP KING SW|DSP KING SW ES EST,keyword,0.95,DSP KING SW,institution
DUBBO GREYHOUND RACING,Gambling,DUBBO GREYHOUND RACING,keyword,0.95,DUBBO GREYHOUND RACING,institution
DUBBO GREYHOUND RACING CLUB,Gambling,DUBBO GREYHOUND RACING CLUB|DUBBO GREYHOUND RACING CL,keyword,0.95,DUBBO GREYHOUND RACING CLUB,institution
DUBBO HARNESS RACING C,Gambling,DUBBO HARNESS RACING C,keyword,0.95,DUBBO HARNESS RACING C,institution
DUBBO TURF CLUB,Gambling,DUBBO TURF CLUB,keyword,0.95,DUBBO TURF CLUB,institution
DUNDEESLOTS TALLINN ES EST,Gambling,DUNDEESLOTS TALLINN ES EST,keyword,0.95,DUNDEESLOTS TALLINN ES EST,institution
DUNEDIN CASINOS LTD F & DUNEDIN,Gambling,DUNEDIN CASINOS LTD F DUNEDIN,keyword,0.95,DUNEDIN CASINOS LTD F & DUNEDIN,institution
DUNKELD RACING CLUB FLEMINGTON,Gambling,DUNKELD RACING CLUB FLEMINGTON|SEC DUNKELD RACING CLU FLEMINGTON VI,keyword,0.95,DUNKELD RACING CLUB FLEMINGTON,institution
DUNKELD RACING CLUB SWAN HILL,Gambling,DUNKELD RACING CLUB SWAN HILL|SQ DUNKELD RACING CLU SWAN HILL VI|DUNKELD RACING CLU SWAN HILL VI,keyword,0.95,DUNKELD RACING CLUB SWAN HILL,institution
DURGA LOTTO,Gambling,DURGA LOTTO,keyword,0.95,DURGA LOTTO,institution
DURGA LOTTO BYFORD,Gambling,DURGA LOTTO BYFORD,keyword,0.95,DURGA LOTTO BYFORD,institution
E VICPARK CONV & LOTTO EAST VICTORIA,Gambling,E VICPARK CONV LOTTO EAST VICTORIA,keyword,0.95,E VICPARK CONV & LOTTO EAST VICTORIA,institution
EARLYCROW BET MACQ ZETLAND,Gambling,EARLYCROW BET MACQ ZETLAND|EARLYCROW BET MACQ ZETLAND NS,keyword,0.95,EARLYCROW BET MACQ ZETLAND,institution
EARLYCROW BET MACQUAR,Gambling,EARLYCROW BET MACQUAR,keyword,0.95,EARLYCROW BET MACQUAR,institution
EAST DPORT NEWS LOTTO,Gambling,EAST DPORT NEWS LOTTO|EAST DPORT NEWS LOTTO EAST DEVONPOR TA,keyword,0.95,EAST DPORT NEWS LOTTO,institution
EAST END LOTTO,Gambling,EAST END LOTTO,keyword,0.95,EAST END LOTTO,institution
EASTERN HILL LOTTO,Gambling,EASTERN HILL LOTTO|EASTERN HILL LOTTO FITZROY VI,keyword,0.95,EASTERN HILL LOTTO,institution
EASTLANDS LOTTO,Gambling,EASTLANDS LOTTO|EASTLANDS LOTTO ROSNY PAR K|EASTLANDS LOTTO ROSNY PARK|EASTLANDS LOTTO ROSNY PARK TA,keyword,0.95,EASTLANDS LOTTO,institution
EATON FAIR LOTTERY,Gambling,EATON FAIR LOTTERY|EATON FAIR LOTTERY EATON,keyword,0.95,EATON FAIR LOTTERY,institution
ECHOSTATE CROWN MELBO,Gambling,ECHOSTATE CROWN MELBO|ECHOSTATE CROWN,keyword,0.95,ECHOSTATE CROWN MELBO,institution
ECHUCA HARNESS,Gambling,ECHUCA HARNESS|SQ ECHUCA HARNESS RAC ECHUCA VI|ECHUCA HARNESS RAC ECHUCA VI,keyword,0.95,ECHUCA HARNESS,institution
ECHUCA HARNESS RACING,Gambling,SQ ECHUCA HARNESS RACING|ECHUCA HARNESS RACING,keyword,0.95,ECHUCA HARNESS RACING,institution
ECHUCA LUCKY LOTTO,Gambling,ECHUCA LUCKY LOTTO|ECHUCA LUCKY LOTTO ECHUCA VI,keyword,0.95,ECHUCA LUCKY LOTTO,institution
ECHUCA RACING CLUB,Gambling,ECHUCA RACING CLUB ECHUCA VI|SQ ECHUCA RACING CLUB|ECHUCA RACING CLUB,keyword,0.95,ECHUCA RACING CLUB,institution
ECHUCA RACING CLUB UBECHUCA VILLAG,Gambling,ECHUCA RACING CLUB UBECHUCA VILLAG|SQ ECHUCA RACING CL UBECHUCA VILLAG,keyword,0.95,ECHUCA RACING CLUB UBECHUCA VILLAG,institution
ECHUCA SQUARE LOTTO,Gambling,ECHUCA SQUARE LOTTO|ECHUCA SQUARE LOTTO ECHUCA VI,keyword,0.95,ECHUCA SQUARE LOTTO,institution
EDENSOR LOTTO A POS,Gambling,EDENSOR LOTTO A POS|EDENSOR LOTTO A POS EDENSOR PARK|EDENSOR LOTTO A POST EDENSOR PARK|EDENSOR LOTTO A POST EDENSOR PARK NS,keyword,0.95,EDENSOR LOTTO A POS,institution
EDGECLIFF RAILWAY STAT EDGECLIFF,Gambling,EDGECLIFF RAILWAY STAT EDGECLIFF,keyword,0.95,EDGECLIFF RAILWAY STAT EDGECLIFF,institution
ELIZABETH ARCADE LOTTO,Gambling,ELIZABETH ARCADE LOTTO|ELIZABETH ARCADE LOTTO MELBOURNE VI,keyword,0.95,ELIZABETH ARCADE LOTTO,institution
ELSTERNWICK NEWS LOTTO,Gambling,ELSTERNWICK NEWS LOTTO|ELSTERNWICK NEWS LOT TOELSTERNWIC|ELSTERNWICK NEWS LOTTO ELSTERNWICK|ELSTERNWICK NEWS LOTTO ELSTERNWICK VI,keyword,0.95,ELSTERNWICK NEWS LOTTO,institution
ELTHAM LOTTO,Gambling,ELTHAM LOTTO|ELTHAM LOTTO ELTHAM VI,keyword,0.95,ELTHAM LOTTO,institution
EMERALD JOCKEY CLUB IN,Gambling,EMERALD JOCKEY CLUB IN,keyword,0.95,EMERALD JOCKEY CLUB IN,institution
EPAYMENT FROM RACING,Gambling,EPAYMENT FROM RACING|EPAYMENT FROM RACING QLD REF,keyword,0.95,EPAYMENT FROM RACING,institution
EPIC ODDS,Gambling,EPIC ODDS,keyword,0.95,EPIC ODDS,institution
EPPING PLAZA LOTTO,Gambling,EPPING PLAZA LOTTO|EPPING PLAZA LOTTO EPPING VI|SQ EPPING PLAZA LOTTO EPPING VI,keyword,0.95,EPPING PLAZA LOTTO,institution
ERSKINE LOTTERIES NE WSERSKINE,Gambling,ERSKINE LOTTERIES NE WSERSKINE|ERSKINE LOTTERIES NEWS ERSKINE,keyword,0.95,ERSKINE LOTTERIES NE WSERSKINE,institution
ESEM MANAGEMENT PTY LT,Gambling,ESEM MANAGEMENT PTY LT,keyword,0.95,ESEM MANAGEMENT PTY LT,institution
ESPERANCE BAY TURF C BANDY CREEK,Gambling,ESPERANCE BAY TURF C BANDY CREEK,keyword,0.95,ESPERANCE BAY TURF C BANDY CREEK,institution
ESPERANCE BAY TURF C LUESPERANCE,Gambling,ESPERANCE BAY TURF C LUESPERANCE,keyword,0.95,ESPERANCE BAY TURF C LUESPERANCE,institution
ESPERANCE BAY TURF CLUB,Gambling,ESPERANCE BAY TURF CLUB|ESPERANCE BAY TURF CLU|ESPERANCE BAY TURF|ESPERANCE BAY,keyword,0.95,ESPERANCE BAY TURF CLUB,institution
ETERLUCK LOTTERY,Gambling,ETERLUCK LOTTERY|ETERLUCK LOTTERY AND LYNBROOK|ETERLUCK LOTTERY AND LYNBROOK VI,keyword,0.95,ETERLUCK LOTTERY,institution
ETERLUCK LOTTERY & N LYNBROOK,Gambling,ETERLUCK LOTTERY N LYNBROOK|ETERLUCK LOTTERY AND N LYNBROOK,keyword,0.95,ETERLUCK LOTTERY & N LYNBROOK,institution
ETTALONG BEACH LOTTO,Gambling,ETTALONG BEACH LOTTO|ETTALONG BEACH LOTTO ETTALONG BEA,keyword,0.95,ETTALONG BEACH LOTTO,institution
EVERTON PK LOTTO,Gambling,EVERTON PK LOTTO|EVERTON PK LOTTO TOB ACEVERTON PA|EVERTON PK LOTTO TOBAC EVERTON PARK|EVERTON PK LOTTO TOBAC EVERTON PARK QL,keyword,0.95,EVERTON PK LOTTO,institution
EVERTON PK LOTTO TOBACCO,Gambling,EVERTON PK LOTTO TOBACCO,keyword,0.95,EVERTON PK LOTTO TOBACCO,institution
FATBET COM AU MACQ GOSFORD,Gambling,FATBET COM AU MACQ GOSFORD|FATBET COM AU MACQ GOSFORD NS,keyword,0.95,FATBET COM AU MACQ GOSFORD,institution
FATBET COM AU MACQUAR,Gambling,FATBET COM AU MACQUAR,keyword,0.95,FATBET COM AU MACQUAR,institution
FBU STARFISH LAS VEGAS NV,Gambling,FBU STARFISH LAS VEGAS NV|FBU STARFISH LAS VEGAS NV US DOLLAR|FBU STARFISH LAS VEGAS NV USA USD|FBU STARFISH LAS VEGAS NV USA,keyword,0.95,FBU STARFISH LAS VEGAS NV,institution
FIONA STANLEY NEWS GIFTS,Gambling,FIONA STANLEY NEWS GIFTS|FIONA STANLEY NEWS GIFTS AND LOTTERY CENTRE FIONA STANLEY NEWS GIF MURDOCH|FIONA STANLEY NEWS GIFTS AND LOTTERY CENTRE FIONA STANLEY NEWS GIF MURD|FIONA STANLEY NEWS GIFTS AND LOTTERY CENTRE FIONA STANLEY,keyword,0.95,FIONA STANLEY NEWS GIFTS,institution
FLEMINGTON LOTTO,Gambling,FLEMINGTON LOTTO,keyword,0.95,FLEMINGTON LOTTO,institution
FLEMINGTON LOTTO FLEMINGTON,Gambling,FLEMINGTON LOTTO FLEMINGTON,keyword,0.95,FLEMINGTON LOTTO FLEMINGTON,institution
FLEMINGTON RACECOURSE,Gambling,FLEMINGTON RACECOURSE|FLEMINGTON RACECOURSE VICTORIA RACING CLU FLEMINGTON,keyword,0.95,FLEMINGTON RACECOURSE,institution
FLINDERS SQ LUCKYLOT TOYOKINE,Gambling,FLINDERS SQ LUCKYLOT TOYOKINE,keyword,0.95,FLINDERS SQ LUCKYLOT TOYOKINE,institution
FLORDELIZA HUDSON OZLOTTO,Gambling,FLORDELIZA HUDSON OZLOTTO|FLORDELIZA HUDSON OZLOTTO TRANSFER TO,keyword,0.95,FLORDELIZA HUDSON OZLOTTO,institution
FOOT ST NEWS & LOTTO,Gambling,FOOT ST NEWS LOTTO|FOOT ST NEWS AND LOTTO|FOOT ST NEWS AND LOTTO FRANKSTON VIC AU CASH OUT PURCHASE|FOOT ST NEWS AND LOTTO FRANKSTON VI,keyword,0.95,FOOT ST NEWS & LOTTO,institution
FOOTSCRAY LOTTERY CE FOOTSCRAY,Gambling,FOOTSCRAY LOTTERY CE FOOTSCRAY,keyword,0.95,FOOTSCRAY LOTTERY CE FOOTSCRAY,institution
FOOTSCRAY LUCKY LOTTO,Gambling,FOOTSCRAY LUCKY LOTTO|FOOTSCRAY LUCKY LOTTO FOOTSCRAY|FOOTSCRAY LUCKY|FOOTSCRAY LUCKY LOTTO FOOTSCRAY VI,keyword,0.95,FOOTSCRAY LUCKY LOTTO,institution
FOOTSCRAY PLAZA LOTTO,Gambling,FOOTSCRAY PLAZA LOTTO|FOOTSCRAY PLAZA LOTTO FOO TSCRAY|FOOTSCRAY PLAZA LOTTO FOOTSCRAY|FOOTSCRAY PLAZA LOTTO FOOTSCRAY VI,keyword,0.95,FOOTSCRAY PLAZA LOTTO,institution
FOREST HILLS LOTTERI FOREST HILL,Gambling,FOREST HILLS LOTTERI FOREST HILL,keyword,0.95,FOREST HILLS LOTTERI FOREST HILL,institution
FORTUNE KINGDOM PTYLTD,Gambling,FORTUNE KINGDOM PTYLTD,keyword,0.95,FORTUNE KINGDOM PTYLTD,institution
FOUNTAIN GATE BINGO,Gambling,FOUNTAIN GATE BINGO|FOUNTAIN GATE BINGO NAR RE WARREN VI|FOUNTAIN GATE BINGO NARRE WARR|FOUNTAIN GATE BINGO NARRE WARREN VI,keyword,0.95,FOUNTAIN GATE BINGO,institution
FOUNTAIN GATE LOTTO,Gambling,FOUNTAIN GATE LOTTO|FOUNTAIN GATE LOTTO NARRE WARREN|FOUNTAIN GATE LOTTO NARRE WARREN VI,keyword,0.95,FOUNTAIN GATE LOTTO,institution
FOUNTAIN GATE LOTTO NA RRE WARREN V,Gambling,FOUNTAIN GATE LOTTO NA RRE WARREN V,keyword,0.95,FOUNTAIN GATE LOTTO NA RRE WARREN V,institution
FOUNTAIN LOTTO,Gambling,FOUNTAIN LOTTO|FOUNTAIN LOTTO DREAM S NARRE WARRE|FOUNTAIN LOTTO DREAMS NA RRE WARRE VI|FOUNTAIN LOTTO DREAMS NARRE WARREN VI,keyword,0.95,FOUNTAIN LOTTO,institution
FOUNTAIN LOTTO DREAMS,Gambling,FOUNTAIN LOTTO DREAMS,keyword,0.95,FOUNTAIN LOTTO DREAMS,institution
FOURWAYS LOTTO CARD,Gambling,FOURWAYS LOTTO CARD,keyword,0.95,FOURWAYS LOTTO CARD,institution
FOURWAYS LOTTO TOBACCO,Gambling,FOURWAYS LOTTO TOBACCO|FOURWAYS LOTTO TOBACCO DE VONPORT|FOURWAYS LOTTO TOBACCO DEVONPORT TA,keyword,0.95,FOURWAYS LOTTO TOBACCO,institution
FREECHOICE & LOTTO O SYDNEY,Gambling,FREECHOICE LOTTO O SYDNEY|FREECHOICE AND LOTTO O SYDNEY|FREECHOICE AND LOTTO O,keyword,0.95,FREECHOICE & LOTTO O SYDNEY,institution
FREMANTLE LOTTERY CTR,Gambling,FREMANTLE LOTTERY CT R FREMANTLE|FREMANTLE LOTTERY CT R|FREMANTLE LOTTERY CTR|FREMANTLE LOTTERY,keyword,0.95,FREMANTLE LOTTERY CTR,institution
FULL HAND LOTTERY CE NTKARRINYU,Gambling,FULL HAND LOTTERY CE NTKARRINYU|FULL HAND LOTTERY CENT KARRINYUP,keyword,0.95,FULL HAND LOTTERY CE NTKARRINYU,institution
G P MARANTELLI & P G COTTLES BRIDG,Gambling,G P MARANTELLI P G COTTLES BRIDG|G P MARANTELLI AND P G COTTLES BRIDG,keyword,0.95,G P MARANTELLI & P G COTTLES BRIDG,institution
GAIJIN GAMES,Gambling,GAIJIN GAMES|GAIJIN GAMES NICOSIA CY CYP,keyword,0.95,GAIJIN GAMES,institution
GALLERIA LOTTERY CEN,Gambling,GALLERIA LOTTERY CEN,keyword,0.95,GALLERIA LOTTERY CEN,institution
GAMMA SERVICES,Gambling,GAMMA SERVICES|GAMMA SERVICES GB GBR|GAMMA SERVICES GB GBR USD,keyword,0.95,GAMMA SERVICES,institution
GARDEN CITY LOTTERY BOORAGOON,Gambling,GARDEN CITY LOTTERY BO ORAGOON|GARDEN CITY LOTTERY BOORA GOON|GARDEN CITY LOTTERY BOORAGOON,keyword,0.95,GARDEN CITY LOTTERY BOORAGOON,institution
GAWLER GREYHOUND GAWLER,Gambling,GAWLER GREYHOUND GAWLER|GAWLER GREYHOUND,keyword,0.95,GAWLER GREYHOUND GAWLER,institution
GEELONG GREYHOUND RC,Gambling,GEELONG GREYHOUND RC|GEELONG GREYHOUND RC CORIO VI,keyword,0.95,GEELONG GREYHOUND RC,institution
GEELONG HARNESS RACING,Gambling,GEELONG HARNESS RACING,keyword,0.95,GEELONG HARNESS RACING,institution
GEELONG RACING CLUB,Gambling,GEELONG RACING CLUB|GEELONG RACING CLUB BREAKWATER|GEELONG RACING CLUB BREAKWATER VI|SEC GEELONG RACING CLU FLEMINGTON VI,keyword,0.95,GEELONG RACING CLUB,institution
GEELONG RACING CLUB IN BREAKWATER,Gambling,GEELONG RACING CLUB IN BREAKWATER,keyword,0.95,GEELONG RACING CLUB IN BREAKWATER,institution
GERALDTON TURF C LUUTAKARRA,Gambling,GERALDTON TURF C LUUTAKARRA|SQ GERALDTON TURF C LUUTAKARRA,keyword,0.95,GERALDTON TURF C LUUTAKARRA,institution
GERALDTON TURF CLUB,Gambling,GERALDTON TURF CLUB IN|SQ GERALDTON TURF CLU|GERALDTON TURF CLU|SQ GERALDTON TURF CLU UTAKARRA|GERALDTON TURF CLU UTAKARRA|SQ GERALDTON TURF CLUB|GERALDTON TURF CLUB,keyword,0.95,GERALDTON TURF CLUB,institution
GETSLOTS TALLINN ES EST,Gambling,GETSLOTS TALLINN ES EST,keyword,0.95,GETSLOTS TALLINN ES EST,institution
GETSLOTS KING SW,Gambling,GETSLOTS KING SW|GETSLOTS KING SW ES EST,keyword,0.95,GETSLOTS KING SW,institution
GGPOKER DOUGLAS IM,Gambling,GGPOKER DOUGLAS IM|GGPOKER DOUGLAS IM GBR USD|GGPOKER DOUGLAS IM GBR,keyword,0.95,GGPOKER DOUGLAS IM,institution
GGPOKER LONDON IM,Gambling,GGPOKER LONDON IM|GGPOKER LONDON IM GBR USD|GGPOKER LONDON IM GBR,keyword,0.95,GGPOKER LONDON IM,institution
GILBERT LOTTERY,Gambling,GILBERT LOTTERY,keyword,0.95,GILBERT LOTTERY,institution
GILBERTONNEWSLOTTOPOST PRESTON,Gambling,GILBERTONNEWSLOTTOPOST PRESTON|GILBERTONNEWSLOTTOPOST PRESTON VI,keyword,0.95,GILBERTONNEWSLOTTOPOST PRESTON,institution
GJS LOTTERY CENTRENEWS,Gambling,GJS LOTTERY CENTRENEWS,keyword,0.95,GJS LOTTERY CENTRENEWS,institution
GLADSTONE PARK LOTTO,Gambling,GLADSTONE PARK LOTTO|GLADSTONE PARK LOTTO GL ADSTONE PA V|GLADSTONE PARK LOTTO GLADSTONE PA|GLADSTONE PARK LOTTO GLADSTONE PAR VI,keyword,0.95,GLADSTONE PARK LOTTO,institution
GLEN GALA LOTTO,Gambling,GLEN GALA LOTTO|GLEN GALA LOTTO SU SUNSHINE VI,keyword,0.95,GLEN GALA LOTTO,institution
GLENGALA LOTTO & NEWS,Gambling,GLENGALA LOTTO NEWS|GLENGALA LOTTO NEW S SUNSHINE WE|GLENGALA LOTTO NEWS SUNSHINE WE|GLENGALA LOTTO NEWS SUNSHINE WE VIC AU CASH OUT PURCHASE|GLENGALA LOTTO NEWS SUNSHINE WEST VI,keyword,0.95,GLENGALA LOTTO & NEWS,institution
GLENGARRY LOTTO NEWS DUNCRAIG,Gambling,GLENGARRY LOTTO NEWS DUNCRAIG,keyword,0.95,GLENGARRY LOTTO NEWS DUNCRAIG,institution
GLENMORE PARK LOTTO,Gambling,GLENMORE PARK LOTTO|GLENMORE PARK LOTTO GLENMORE PARK NS,keyword,0.95,GLENMORE PARK LOTTO,institution
GLENVIEW LOTTERY CEN TRBALLAJURA,Gambling,GLENVIEW LOTTERY CEN TRBALLAJURA,keyword,0.95,GLENVIEW LOTTERY CEN TRBALLAJURA,institution
GLENVIEW LOTTERY CENTRE BALLAJURA,Gambling,GLENVIEW LOTTERY CENTRE BALLAJURA,keyword,0.95,GLENVIEW LOTTERY CENTRE BALLAJURA,institution
GOLDEN CROWN AREA,Gambling,GOLDEN CROWN AREA|GOLDEN CROWN AREA PTY,keyword,0.95,GOLDEN CROWN AREA,institution
GOLDEN CROWN AREA PT Y GRIFFITH,Gambling,GOLDEN CROWN AREA PT Y GRIFFITH|GOLDEN CROWN AREA PT Y,keyword,0.95,GOLDEN CROWN AREA PT Y GRIFFITH,institution
GOLDEN CROWN BARB,Gambling,SMP GOLDEN CROWN BARB MILL PARK|GOLDEN CROWN BARB MILL PARK|GOLDEN CROWN BARB,keyword,0.95,GOLDEN CROWN BARB,institution
GOLDEN CROWN BYO BALLARAT NORT,Gambling,GOLDEN CROWN BYO BALLARAT NORT|EZI GOLDEN CROWN BYO BALLARAT NORT,keyword,0.95,GOLDEN CROWN BYO BALLARAT NORT,institution
GOLDEN CROWN CAKE CAMPSIE,Gambling,GOLDEN CROWN CAKE CAMPSIE|SQ GOLDEN CROWN CAK E CAMPSIE|SQ GOLDEN CROWN CAKE CAMPSIE NS|GOLDEN CROWN CAKE CAMPSIE NS,keyword,0.95,GOLDEN CROWN CAKE CAMPSIE,institution
GOLDEN CROWN CHINESE,Gambling,GOLDEN CROWN CHINESE|GOLDEN CROWN CHINESE BALLARAT VI,keyword,0.95,GOLDEN CROWN CHINESE,institution
GOLDEN CROWN LEETON,Gambling,GOLDEN CROWN LEETON|GOLDEN CROWN PTY LTD LEETON,keyword,0.95,GOLDEN CROWN LEETON,institution
GOLDEN CROWN URANQUINTY,Gambling,GOLDEN CROWN URANQUINTY|GOLDEN CROWN PTY LTD URANQUINTY,keyword,0.95,GOLDEN CROWN URANQUINTY,institution
GOLDEN CROWN WHITTON,Gambling,GOLDEN CROWN WHITTON|GOLDEN CROWN PTY LTD WHITTON,keyword,0.95,GOLDEN CROWN WHITTON,institution
GOLDEN CROWN YANCO,Gambling,GOLDEN CROWN YANCO|GOLDEN CROWN PTY LTD YANCO,keyword,0.95,GOLDEN CROWN YANCO,institution
GOLDEN CROWN YENDA,Gambling,GOLDEN CROWN YENDA|GOLDEN CROWN PTY LTD YENDA,keyword,0.95,GOLDEN CROWN YENDA,institution
GOLDENSTAR CASINO,Gambling,GOLDENSTAR CASINO|GOLDENSTAR CASINO TALLINN ES EST,keyword,0.95,GOLDENSTAR CASINO,institution
GOOD LUCK LOTTERIES,Gambling,GOOD LUCK LOTTERIES|GOOD LUCK LOTTERIES HI LLARYS|GOOD LUCK LOTTERIES HILLA RYS,keyword,0.95,GOOD LUCK LOTTERIES,institution
GOOD LUCK LOTTERY,Gambling,GOOD LUCK LOTTERY|GOOD LUCK LOTTERY FAIRFIELD NSWAU CASH OUT PURCHASE|GOOD LUCK LOTTERY FAIRFIELD NSWAU|GOOD LUCK LOTTERY FAIRFIELD NS,keyword,0.95,GOOD LUCK LOTTERY,institution
GOSNELLS LOTTO,Gambling,GOSNELLS LOTTO|GOSNELLS LOTTO NEWS GOSN OF,keyword,0.95,GOSNELLS LOTTO,institution
GOSNELLS LOTTO & NEWS,Gambling,GOSNELLS LOTTO NEWS|GOSNELLS LOTTO NEW S GOSNELLS|GOSNELLS LOTTO NEW S|GOSNELLS LOTTO AMP NEWS,keyword,0.95,GOSNELLS LOTTO & NEWS,institution
GRAFTON GREYHOUND RACI GRAFTON,Gambling,GRAFTON GREYHOUND RACI GRAFTON,keyword,0.95,GRAFTON GREYHOUND RACI GRAFTON,institution
GRAFTON LOTTO,Gambling,GRAFTON LOTTO|GRAFTON LOTTO PLUS GRAFTON NS,keyword,0.95,GRAFTON LOTTO,institution
GRAND BLVD LOTTERIES,Gambling,GRAND BLVD LOTTERIES|GRAND BLVD LOTTERIES JO ONDALUP|GRAND BLVD LOTTERIES JOON DALUP,keyword,0.95,GRAND BLVD LOTTERIES,institution
GRAND GAMING LABRADOR,Gambling,GRAND GAMING LABRADOR,keyword,0.95,GRAND GAMING LABRADOR,institution
GRAND LOTTO MCLAREN VALE,Gambling,GRAND LOTTO MCLAREN VALE|GRAND LOTTO PTY LTD MCLAREN VALE,keyword,0.95,GRAND LOTTO MCLAREN VALE,institution
GREENSPIN BET,Gambling,GREENSPIN BET|GREENSPIN BET TALLINN ES EST,keyword,0.95,GREENSPIN BET,institution
GREENVALE LOTTO,Gambling,GREENVALE LOTTO|GREENVALE LOTTO GREENVALE VI,keyword,0.95,GREENVALE LOTTO,institution
GREYHOUND RACING,Gambling,GREYHOUND RACING|GREYHOUND RACING VIC WEST MELBOURN,keyword,0.95,GREYHOUND RACING,institution
GREYHOUND RACING NEWS,Gambling,GREYHOUND RACING NEWS|GREYHOUND RACING NEW S,keyword,0.95,GREYHOUND RACING NEWS,institution
GREYHOUND RACING NEWS BIRMINGHAM GA,Gambling,GREYHOUND RACING NEWS BIRMINGHAM GA|GREYHOUND RACING NEW S BIRMINGHAM GA|GREYHOUND RACING NEW S BIRMINGHAM GAAU,keyword,0.95,GREYHOUND RACING NEWS BIRMINGHAM GA,institution
GREYHOUND RACING SA ANGLE PARK,Gambling,GREYHOUND RACING SA ANGLE PARK,keyword,0.95,GREYHOUND RACING SA ANGLE PARK,institution
GREYHOUND RACING WEST END,Gambling,GREYHOUND RACING WEST END,keyword,0.95,GREYHOUND RACING WEST END,institution
GRSBET KINGSTON AC,Gambling,GRSBET KINGSTON AC,keyword,0.95,GRSBET KINGSTON AC,institution
GUNSBET TALLINN ES EST,Gambling,GUNSBET TALLINN ES EST,keyword,0.95,GUNSBET TALLINN ES EST,institution
GYMPIE TURF CLUB,Gambling,GYMPIE TURF CLUB GYMPIE QL|GYMPIE TURF CLUB,keyword,0.95,GYMPIE TURF CLUB,institution
HALLAM SQUARE LOTTO HALLAM,Gambling,HALLAM SQUARE LOTTO HALLAM,keyword,0.95,HALLAM SQUARE LOTTO HALLAM,institution
HAMILTON RACING,Gambling,HAMILTON RACING|SEC HAMILTON RACING CL FLEMINGTON VI,keyword,0.95,HAMILTON RACING,institution
HAMILTON RACING CLUB,Gambling,SQ HAMILTON RACING CLUB|HAMILTON RACING CLUB,keyword,0.95,HAMILTON RACING CLUB,institution
HAMPTON PARK LOTTO,Gambling,HAMPTON PARK LOTTO|HAMPTON PARK LOTTO HAM PTON PARK VI|HAMPTON PARK LOTTO HAMPTON PA|HAMPTON PARK LOTTO HAMPTON PARK|HAMPTON PARK LOTTO HAMPTON PARK VI,keyword,0.95,HAMPTON PARK LOTTO,institution
HARNESS RACING NEW SOU,Gambling,HARNESS RACING NEW SOU|HARNESS RACING NEW SOUTH,keyword,0.95,HARNESS RACING NEW SOU,institution
HARNESS RACING VICTORI FLEMINGTON,Gambling,HARNESS RACING VICTORI FLEMINGTON|HARNESS RACING,keyword,0.95,HARNESS RACING VICTORI FLEMINGTON,institution
HARPLEY NEWS & LOTTO,Gambling,HARPLEY NEWS LOTTO|HARPLEY NEWS LOTTO POINT COOK|HARPLEY NEWS LOTTO POINT COOK VI,keyword,0.95,HARPLEY NEWS & LOTTO,institution
HEDLAND LOTTERIES,Gambling,HEDLAND LOTTERIES,keyword,0.95,HEDLAND LOTTERIES,institution
HEIGHTS LOTTERY C4 ALEXANDER HEI,Gambling,SMP HEIGHTS LOTTERY C4 ALEXANDER HEI|HEIGHTS LOTTERY C4 ALEXANDER HEI,keyword,0.95,HEIGHTS LOTTERY C4 ALEXANDER HEI,institution
HEIGHTS LOTTERY CENTRE ALEXANDER HE,Gambling,HEIGHTS LOTTERY CENTRE ALEXANDER HE,keyword,0.95,HEIGHTS LOTTERY CENTRE ALEXANDER HE,institution
HERDSMAN LOTTERY CHURCHLAND,Gambling,HERDSMAN LOTTERY CHURCHLAND,keyword,0.95,HERDSMAN LOTTERY CHURCHLAND,institution
HERES LUCK LOTTERY,Gambling,HERES LUCK LOTTERY,keyword,0.95,HERES LUCK LOTTERY,institution
HERES LUCK LOTTERY CLOVERDALE,Gambling,HERES LUCK LOTTERY CLO VERDALE|HERES LUCK LOTTERY CLOVERDALE,keyword,0.95,HERES LUCK LOTTERY CLOVERDALE,institution
HERNE HILL VILLAGE LOTTER HERNE H,Gambling,HERNE HILL VILLAGE LOTTER HERNE H,keyword,0.95,HERNE HILL VILLAGE LOTTER HERNE H,institution
HIGHETT LOTTO & TOBA HIGHETT,Gambling,HIGHETT LOTTO TOBA HIGHETT|HIGHETT LOTTO AND TOBA HIGHETT,keyword,0.95,HIGHETT LOTTO & TOBA HIGHETT,institution
HIGHGATE LOTTO NEWS,Gambling,HIGHGATE LOTTO NEWS|HIGHGATE LOTTO NEWS HIGHGATE,keyword,0.95,HIGHGATE LOTTO NEWS,institution
HIGHLAND NEWS LOTTO,Gambling,HIGHLAND NEWS LOTTO|HIGHLAND NEWS LOTTO CRAIGIEBURN VI,keyword,0.95,HIGHLAND NEWS LOTTO,institution
HIGHLANDS NEWS & LOTTO,Gambling,HIGHLANDS NEWS LOTTO|HIGHLANDS NEWS LOTTO CRAIGIEBURN VI,keyword,0.95,HIGHLANDS NEWS & LOTTO,institution
HIGHTON LOTTO,Gambling,HIGHTON LOTTO|HIGHTON LOTTO HIGHTON|HIGHTON LOTTO HIGHTON VI,keyword,0.95,HIGHTON LOTTO,institution
HILTON PLAZA LOTTERY HILTON,Gambling,HILTON PLAZA LOTTERY HILTON,keyword,0.95,HILTON PLAZA LOTTERY HILTON,institution
HILTONPLAZALOTTER PLYMPTON,Gambling,HILTONPLAZALOTTER PLYMPTON|ZLR HILTONPLAZALOTTER PLYMPTON,keyword,0.95,HILTONPLAZALOTTER PLYMPTON,institution
HILTONPLAZALOTTERY PLYMPTON,Gambling,HILTONPLAZALOTTERY PLYMPTON|ZLR HILTONPLAZALOTTERY PLYMPTON,keyword,0.95,HILTONPLAZALOTTERY PLYMPTON,institution
HOLLYWOOD LOTTO & G,Gambling,HOLLYWOOD LOTTO G|HOLLYWOOD LOTTO AND G|HOLLYWOOD LOTTO AND GI,keyword,0.95,HOLLYWOOD LOTTO & G,institution
HOME KEYSBOROUGH LOTTO,Gambling,HOME KEYSBOROUGH LOTTO|HOME KEYSBOROUGH LOTTO KEYSBOROUGH VI,keyword,0.95,HOME KEYSBOROUGH LOTTO,institution
HOTHAM HILL POST LOTTO,Gambling,HOTHAM HILL POST LOTTO|HOTHAM HILL POST LOTTO NORTH MELBOUR VI,keyword,0.95,HOTHAM HILL POST LOTTO,institution
HUDSON LOTTO,Gambling,HUDSON LOTTO|HUDSON LOTTO DRY C LNWERRIBEE|HUDSON LOTTO DRY CLN WE RRIBEE|HUDSON LOTTO DRY CLN WERRIBEE VI,keyword,0.95,HUDSON LOTTO,institution
HUDSON LOTTO & DRY CLN,Gambling,HUDSON LOTTO DRY CLN,keyword,0.95,HUDSON LOTTO & DRY CLN,institution
HUNT CLUB LOTTO,Gambling,HUNT CLUB LOTTO|HUNT CLUB LOTTO CRANBOURNE EA|HUNT CLUB LOTTO CRANBOURNE EA VI,keyword,0.95,HUNT CLUB LOTTO,institution
HUSSLERS TRL CROWS NEST,Gambling,HUSSLERS TRL CROWS NEST|HUSSLERS TRL CROWS NEST NS,keyword,0.95,HUSSLERS TRL CROWS NEST,institution
HUTTON ST LOTTERY CENT,Gambling,HUTTON ST LOTTERY CENT,keyword,0.95,HUTTON ST LOTTERY CENT,institution
HUTTON ST LOTTERY NEWS,Gambling,HUTTON ST LOTTERY NEWS,keyword,0.95,HUTTON ST LOTTERY NEWS,institution
IL SALOTTO,Gambling,IL SALOTTO|SQ IL SALOTTO MANSFIELD VI|IL SALOTTO MANSFIELD VI,keyword,0.95,IL SALOTTO,institution
IL SALOTTO BADUNG,Gambling,IL SALOTTO BADUNG|IL SALOTTO BADUNG KAB IDN,keyword,0.95,IL SALOTTO BADUNG,institution
IL SALOTTO BALI,Gambling,IL SALOTTO BALI,keyword,0.95,IL SALOTTO BALI,institution
IL SALOTTO BALI BADUNG ID IDN IDR,Gambling,IL SALOTTO BALI BADUNG ID IDN IDR|IL SALOTTO BALI BADUNG ID IDN,keyword,0.95,IL SALOTTO BALI BADUNG ID IDN IDR,institution
ILLAWARRA TURF,Gambling,ILLAWARRA TURF|ILLAWARRA TURF CLB KEMBLA GRANGE NS,keyword,0.95,ILLAWARRA TURF,institution
ILLAWARRA TURF CLUB,Gambling,ILLAWARRA TURF CLUB|ILLAWARRA TURF CLUB KEMBLA GRANGE|ILLAWARRA TURF CLUB KEMBLA GRANGE NS|SQ ILLAWARRA TURF C LUKEMBLA GRANGE|SQ ILLAWARRA TURF CLU KEMBLA GRANGE NS|ILLAWARRA TURF CLU KEMBLA GRANGE NS|SQ ILLAWARRA TURF CLUB,keyword,0.95,ILLAWARRA TURF CLUB,institution
ILLAWARRA TURF CLUB KEMBLA GRANG,Gambling,ILLAWARRA TURF CLUB KEMBLA GRANG,keyword,0.95,ILLAWARRA TURF CLUB KEMBLA GRANG,institution
INGLE FARM LOTTERIES,Gambling,INGLE FARM LOTTERIES|INGLE FARM LOTTERIES INGLE FARM|INGLE FARM LOTTERIES KKIOSK|INGLE FARM LOTTERIES KKIOSK 04,keyword,0.95,INGLE FARM LOTTERIES,institution
INNALOO LOTTERY CENT,Gambling,INNALOO LOTTERY CENT|INNALOO LOTTERY CENT INNALOO,keyword,0.95,INNALOO LOTTERY CENT,institution
INNALOO LOTTERY CENTRE,Gambling,INNALOO LOTTERY CENTRE|INNALOO LOTTERY CENTRE IN NALOO|INNALOO LOTTERY CENTRE INNALOO,keyword,0.95,INNALOO LOTTERY CENTRE,institution
INVERELL JOCKEY,Gambling,INVERELL JOCKEY|SQ INVERELL JOCKEY CL INVERELL NS|INVERELL JOCKEY CL INVERELL NS,keyword,0.95,INVERELL JOCKEY,institution
IPSWICH GREYHOUND RAC,Gambling,IPSWICH GREYHOUND RAC|IPSWICH GREYHOUND|IPSWICH GREYHOUND RAC IPSWICH QL,keyword,0.95,IPSWICH GREYHOUND RAC,institution
IPSWICH TURF CLUB,Gambling,IPSWICH TURF CLUB|IPSWICH TURF CLUB INC|IPSWICH TURF|IPSWICH TURF CLUB INC BUNDAMBA QL|IPSWICH TURF CLUB INC BUNDAMBA|IPSWICH TURF CLUB INCO,keyword,0.95,IPSWICH TURF CLUB,institution
IPSWICH TURF CLUB IN COBUNDAMBA,Gambling,IPSWICH TURF CLUB IN COBUNDAMBA|IPSWICH TURF CLUB INCO BU NDAMBA Q|IPSWICH TURF CLUB INCO BUNDAMBA,keyword,0.95,IPSWICH TURF CLUB IN COBUNDAMBA,institution
JACKPOT LOTTERY CENTRE,Gambling,JACKPOT LOTTERY CENTRE,keyword,0.95,JACKPOT LOTTERY CENTRE,institution
JACKPOTY TALLINN ES EST,Gambling,JACKPOTY TALLINN ES EST,keyword,0.95,JACKPOTY TALLINN ES EST,institution
JASON HORNE,Gambling,JASON HORNE|JASON HORNE TRANSFER TO,keyword,0.95,JASON HORNE,institution
JEETCITY TALLINN ES EST,Gambling,JEETCITY LIMASSOL CY|JEETCITY TALLINN ES EST,keyword,0.95,JEETCITY TALLINN ES EST,institution
JEETCITY KING SW,Gambling,JEETCITY KING SW|JEETCITY KING SW ES EST,keyword,0.95,JEETCITY KING SW,institution
JOHNVEGASCASINO NICOSIA CY CYP,Gambling,JOHNVEGASCASINO NICOSIA CY CYP,keyword,0.95,JOHNVEGASCASINO NICOSIA CY CYP,institution
JOOCASINO TALLINN ES EST,Gambling,JOOCASINO LIMASSOL CY|JOOCASINO TALLINN ES EST|JOOCASINO TALLINN,keyword,0.95,JOOCASINO TALLINN ES EST,institution
JOONDALUP LOTTERY CTR,Gambling,JOONDALUP LOTTERY CT R JOONDALUP|JOONDALUP LOTTERY CT R|JOONDALUP LOTTERY CTR|JOONDALUP LOTTERY CTR JOO NDALUP,keyword,0.95,JOONDALUP LOTTERY CTR,institution
JOONDALUPLOTTERYCENT REJOONDALUP,Gambling,JOONDALUPLOTTERYCENT REJOONDALUP,keyword,0.95,JOONDALUPLOTTERYCENT REJOONDALUP,institution
JOYWEST PTY LTD,Gambling,JOYWEST PTY LTD,keyword,0.95,JOYWEST PTY LTD,institution
JP SUNSHINE PTY LT D KEILOR EAST,Gambling,JP SUNSHINE PTY LT D KEILOR EAST,keyword,0.95,JP SUNSHINE PTY LT D KEILOR EAST,institution
JULIA CREEK TURF CLUB,Gambling,SQ JULIA CREEK TURF CLUB|JULIA CREEK TURF CLUB,keyword,0.95,JULIA CREEK TURF CLUB,institution
JUNCTIONLUCKYLOTTONEWS DANDENONG,Gambling,JUNCTIONLUCKYLOTTONEWS DANDENONG|JUNCTIONLUCKYLOTTONEWS DA NDENONG|JUNCTIONLUCKYLOTTONEWS DANDENONG VI,keyword,0.95,JUNCTIONLUCKYLOTTONEWS DANDENONG,institution
JUNGLEBET PORT MELBOURN,Gambling,JUNGLEBET PORT MELBOURN,keyword,0.95,JUNGLEBET PORT MELBOURN,institution
JUNGLES NEWS & LOTTO,Gambling,JUNGLES NEWS LOTTO|JUNGLES NEWS LOTTO WONTHELLA|JUNGLES NEWS AMP LOTTO WONTHELLA,keyword,0.95,JUNGLES NEWS & LOTTO,institution
K V LOTTO & GIFTS,Gambling,K V LOTTO GIFTS|K V LOTTO GIFTS OCEAN GROVE VI,keyword,0.95,K V LOTTO & GIFTS,institution
KALAMUNDA LOTTERY NEWS KALAMUNDA,Gambling,KALAMUNDA LOTTERY NEWS KALAMUNDA,keyword,0.95,KALAMUNDA LOTTERY NEWS KALAMUNDA,institution
KAPUNDA HARNESS RACI KAPUNDA,Gambling,KAPUNDA HARNESS RACI KAPUNDA,keyword,0.95,KAPUNDA HARNESS RACI KAPUNDA,institution
KAPUNDA HARNESS RACING,Gambling,KAPUNDA HARNESS RACING,keyword,0.95,KAPUNDA HARNESS RACING,institution
KARINGAL LOTTERIES FRA,Gambling,KARINGAL LOTTERIES F RAFRANKSTON|KARINGAL LOTTERIES FRA,keyword,0.95,KARINGAL LOTTERIES FRA,institution
KARINGAL LOTTO NEWS,Gambling,KARINGAL LOTTO NEWS FR ANKSTON|KARINGAL LOTTO NEWS FRANK STON|KARINGAL LOTTO NEWS FRANKSTON|KARINGAL LOTTO NEWS|KARINGAL LOTTO NEWS FRANKSTON VI,keyword,0.95,KARINGAL LOTTO NEWS,institution
KATHERINE TURF C LUKATHERINE SOU,Gambling,KATHERINE TURF C LUKATHERINE SOU|SQ KATHERINE TURF C LUKATHERINE SOU,keyword,0.95,KATHERINE TURF C LUKATHERINE SOU,institution
KATHERINE TURF CLUB KATHERINE SOU,Gambling,KATHERINE TURF CLUB KATHERINE SOU|SQ KATHERINE TURF CLU KATHERINE SOU|KATHERINE TURF CLU KATHERINE SOU,keyword,0.95,KATHERINE TURF CLUB KATHERINE SOU,institution
KATSUBET TALLINN ES EST,Gambling,KATSUBET TALLINN ES EST,keyword,0.95,KATSUBET TALLINN ES EST,institution
KATSUBET KING SW,Gambling,KATSUBET KING SW|KATSUBET KING SW ES EST,keyword,0.95,KATSUBET KING SW,institution
KENO ACT DOCKLANDS,Gambling,KENO ACT DOCKLANDS|KENO ACT PTY LTD DOCKLANDS,keyword,0.95,KENO ACT DOCKLANDS,institution
KENO BRISBANE,Gambling,KENO BRISBANE|KENO ACT COMMBANK APP BPAY KENO|KENO VIC PTY LTD DOCKLANDS|KENO VIC PTY LTD,keyword,0.95,KENO BRISBANE,institution
KENO ONLINE,Gambling,EFT DEP KENO ONLINE KONLN|EFT KENO ONLINE LODG REF KONLN|KENO ONLINE|KENO ONLINE COMMBANK APP BPAY KENO|KENO ONLINE COMMBANK APP BPAY,keyword,0.95,KENO ONLINE,institution
POS PAYPAL KENOONLINEP,Gambling,POS PAYPAL KENOONLINEP|PAYPAL KENOONLINEP,keyword,0.95,POS PAYPAL KENOONLINEP,institution
KEPNOCK LOTTO & NEWS,Gambling,KEPNOCK LOTTO NEWS|KEPNOCK LOTTO NEWS KEPNOCK QL|KEPNOCK LOTTO NEWS KEPNOCK,keyword,0.95,KEPNOCK LOTTO & NEWS,institution
KERRIE LOTTO NEWS,Gambling,KERRIE LOTTO NEWS|KERRIE LOTTO NEWS GLEN WAVERLEY VI,keyword,0.95,KERRIE LOTTO NEWS,institution
KEYSBOROUGH LOTTO KEYSBOROUGH,Gambling,KEYSBOROUGH LOTTO KEYSBOROUGH,keyword,0.95,KEYSBOROUGH LOTTO KEYSBOROUGH,institution
KILKENNY LOTTERY KIO SKKILKENNY,Gambling,KILKENNY LOTTERY KIO SKKILKENNY|KILKENNY LOTTERY KIOSK KILKENNY|KILKENNY LOTTERY,keyword,0.95,KILKENNY LOTTERY KIO SKKILKENNY,institution
KILMORE RACING CLUB,Gambling,KILMORE RACING CLUB|KILMORE RACING CLUB KILMORE|KILMORE RACING|KILMORE RACING CLUB KILMORE VI,keyword,0.95,KILMORE RACING CLUB,institution
KILSYTH NEWS & LOTTO,Gambling,KILSYTH NEWS LOTTO,keyword,0.95,KILSYTH NEWS & LOTTO,institution
KILSYTH NEWS N LOTTO,Gambling,KILSYTH NEWS N LOTTO|KILSYTH NEWS N LOTTO KILSYTH|KILSYTH NEWS N LOTTO KILSYTH VI,keyword,0.95,KILSYTH NEWS N LOTTO,institution
KING BILLY,Gambling,KING BILLY|KING BILLY LIMASSOL CY|KING BILLY TALLINN ES EST,keyword,0.95,KING BILLY,institution
KING BILLY COFFEE,Gambling,KING BILLY COFFEE|KING BILLY COFFEE MURCHISON VI,keyword,0.95,KING BILLY COFFEE,institution
KINGDOMCASINO TALLINN ES EST,Gambling,KINGDOMCASINO TALLINN ES EST,keyword,0.95,KINGDOMCASINO TALLINN ES EST,institution
KINGSWAY CITY LOTTO,Gambling,KINGSWAY CITY LOTTO|KINGSWAY CITY LOTTO MA DELEY|KINGSWAY CITY LOTTO MADEL EY|KINGSWAY CITY LOTTO MADELEY,keyword,0.95,KINGSWAY CITY LOTTO,institution
KINGSWIN ONLINE OU,Gambling,KINGSWIN ONLINE OU|KINGSWIN ONLINE OU TALLINN EE|KINGSWIN ONLINE OU TALLINN ES EST,keyword,0.95,KINGSWIN ONLINE OU,institution
KINROSS NEWS & LOTTO,Gambling,KINROSS NEWS LOTTO|KINROSS NEWS AND LOTTO|KINROSS NEWS AND LOTTO KI NROSS|KINROSS NEWS AND LOTTO KINROSS,keyword,0.95,KINROSS NEWS & LOTTO,institution
KIRWAN NEWS & LOTTO,Gambling,KIRWAN NEWS LOTTO|KIRWAN NEWS AND LOTTO|KIRWAN NEWS AND LOTTO KIRWAN|KIRWAN NEWS AND LOTTO KIRWAN QL,keyword,0.95,KIRWAN NEWS & LOTTO,institution
KNOX CENTRAL LOTTO,Gambling,KNOX CENTRAL LOTTO,keyword,0.95,KNOX CENTRAL LOTTO,institution
KNOX CENTRAL LOTTO WANTIRNA SOU,Gambling,KNOX CENTRAL LOTTO WANTIRNA SOU|KNOX CENTRAL LOTTO WANTIRNA SOUT,keyword,0.95,KNOX CENTRAL LOTTO WANTIRNA SOU,institution
KNOX CITY LOTTO & NE WS24 KOONUNG ST,Gambling,KNOX CITY LOTTO NE WS24 KOONUNG ST|KNOX CITY LOTTO NE WS24,keyword,0.95,KNOX CITY LOTTO & NE WS24 KOONUNG ST,institution
KNOX CITY LOTTO & NEW BALWYN NORTH,Gambling,KNOX CITY LOTTO NEW BALWYN NORTH,keyword,0.95,KNOX CITY LOTTO & NEW BALWYN NORTH,institution
KNOX CITY LOTTO & NEWS,Gambling,KNOX CITY LOTTO NEWS|KNOX CITY LOTTO NEWS WANTIRNA SOUT VI,keyword,0.95,KNOX CITY LOTTO & NEWS,institution
KNUCKLEBET MACQ ZETLAND,Gambling,KNUCKLEBET MACQ ZETLAND|KNUCKLEBET MACQ ZETLAND NS,keyword,0.95,KNUCKLEBET MACQ ZETLAND,institution
KNUCKLEBET MACQUAR,Gambling,KNUCKLEBET MACQUAR,keyword,0.95,KNUCKLEBET MACQUAR,institution
KOORINGAL LPO LOTTERY,Gambling,KOORINGAL LPO LOTTERY|KOORINGAL LPO LOTTERY KOORINGAL NS,keyword,0.95,KOORINGAL LPO LOTTERY,institution
KOSMONAUTCASINO TALLINN ES EST,Gambling,KOSMONAUTCASINO TALLINN ES EST,keyword,0.95,KOSMONAUTCASINO TALLINN ES EST,institution
KWINANA HUB LOTTERY CENTRE,Gambling,KWINANA HUB LOTTERY CENTRE|KWINANA HUB LOTTERY CENTRE NEWSAGENCY KWINANA LOTTERY NEWS,keyword,0.95,KWINANA HUB LOTTERY CENTRE,institution
KWINANA LOTTERY NEWS,Gambling,KWINANA LOTTERY NEWS|KWINANA LOTTERY NEWS KW INANA,keyword,0.95,KWINANA LOTTERY NEWS,institution
LADYHAMMER TALLINN ES EST,Gambling,LADYHAMMER TALLINN ES EST,keyword,0.95,LADYHAMMER TALLINN ES EST,institution
LALOR LUCKY LOTTO,Gambling,LALOR LUCKY LOTTO|LALOR LUCKY LOTTO LALOR VI,keyword,0.95,LALOR LUCKY LOTTO,institution
LANGWARRIN LOTTO,Gambling,LANGWARRIN LOTTO|LANGWARRIN LOTTO LANGWARRIN|LANGWARRIN LOTTO LANGWARRIN VI,keyword,0.95,LANGWARRIN LOTTO,institution
LANSELL LUCKY LOTTO,Gambling,LANSELL LUCKY LOTTO|LANSELL LUCKY LOTTO KANG|LANSELL LUCKY LOTTO KANGAROO FLAT VI,keyword,0.95,LANSELL LUCKY LOTTO,institution
LANSELL SQUARE LOTTO,Gambling,LANSELL SQUARE LOTTO|LANSELL SQUARE LOTTO KANGAROO FLAT VI,keyword,0.95,LANSELL SQUARE LOTTO,institution
LARA LOTTO CARDS GIFTS,Gambling,LARA LOTTO CARDS GIFTS,keyword,0.95,LARA LOTTO CARDS GIFTS,institution
LAUNCESTON GREYHOUND R MOWBRAY,Gambling,LAUNCESTON GREYHOUND R MOWBRAY,keyword,0.95,LAUNCESTON GREYHOUND R MOWBRAY,institution
LAURIMAR NEWS N LOTTO,Gambling,LAURIMAR NEWS N LOTTO|LAURIMAR NEWS N LOTTO DOREEN VI,keyword,0.95,LAURIMAR NEWS N LOTTO,institution
LAVRICKS LOTTO OLYMPIC DAM,Gambling,LAVRICKS LOTTO OLYMPIC DAM,keyword,0.95,LAVRICKS LOTTO OLYMPIC DAM,institution
LDM KING SW,Gambling,LDM KING SW|LDM KING SW ES EST,keyword,0.95,LDM KING SW,institution
LEADER LOTTERY KIOSK,Gambling,LEADER LOTTERY KIOSK|LEADER LOTTERY KIOSK CANN INGVALE|LEADER LOTTERY KIOSK CANNINGVALE,keyword,0.95,LEADER LOTTERY KIOSK,institution
LEDA LOTTERY CENTRE &,Gambling,LEDA LOTTERY CENTRE|LEDA LOTTERY CENTRE LEDA AU CASH OUT PURCHASE|LEDA LOTTERY CENTRE LEDA|LEDA LOTTERY CENTRE AMP LEDA,keyword,0.95,LEDA LOTTERY CENTRE &,institution
LEEDERVILLE LOTTO,Gambling,LEEDERVILLE LOTTO,keyword,0.95,LEEDERVILLE LOTTO,institution
LEEDERVILLE LOTTO LEEDERVILLE,Gambling,LEEDERVILLE LOTTO LEEDERVILLE,keyword,0.95,LEEDERVILLE LOTTO LEEDERVILLE,institution
LEEMING LOTTERY CENTRE,Gambling,LEEMING LOTTERY CENTRE|LEEMING LOTTERY CENTRE LEEMING,keyword,0.95,LEEMING LOTTERY CENTRE,institution
LEGANA NEWS LOTTO,Gambling,LEGANA NEWS LOTTO|LEGANA NEWS LOTTO LEGANA TA,keyword,0.95,LEGANA NEWS LOTTO,institution
LEOPOLD NEWS & LOTTO GA TEWAY PLAZA,Gambling,LEOPOLD NEWS LOTTO GA TEWAY PLAZA|LEOPOLD NEWS AND LOTTO GA TEWAY PLAZA,keyword,0.95,LEOPOLD NEWS & LOTTO GA TEWAY PLAZA,institution
LEVELUPCASINO TALLINN ES EST,Gambling,LEVELUPCASINO LIMASSOL CY|LEVELUPCASINO TALLINN ES EST,keyword,0.95,LEVELUPCASINO TALLINN ES EST,institution
LIBERGOS LIMITED VISA DIRECT FUNDS TRANSFER ORIG AUD,Gambling,LIBERGOS LIMITED|LIBERGOS LIMITED VISA DIRECT FUNDS TRANSFER ORIG AUD|LIBERGOS LIMITED CY CYP|LIBERGOS LIMITED NICOSIA|LIBERGOS LIMITED NICOSIA CY|LIBERGOS LIMITED NICOSIA CY CYP|LIBERGOS LIMITED NICOSIA CYP|LIBERGOS LIMITED NICOSIA CYP EURO NATL CURR UNI|LIBERGOS LIMITED NICOSIA EUR,keyword,0.95,LIBERGOS LIMITED VISA DIRECT FUNDS TRANSFER ORIG AUD,institution
LIBERGOS LIMITED REYK,Gambling,LIBERGOS LIMITED REYK|LIBERGOS LIMITED REYK REPAYMENT OF|LIBERGOS LIMITED REYK OF|LIBERGOS LIMITED REYKJAVIK CY|LIBERGOS LIMITED|LIBERGOS LIMITED REYKJAVIK CY CYP,keyword,0.95,LIBERGOS LIMITED REYK,institution
LILYDALE VILLAGE LOTTO,Gambling,LILYDALE VILLAGE LOTTO|LILYDALE VILLAGE LOTTO 59 ANDERSON|LILYDALE VILLAGE LOTTO 51 59 ANDERSON,keyword,0.95,LILYDALE VILLAGE LOTTO,institution
LILYDALEMARKETLOTTONEW LILYDALE,Gambling,LILYDALEMARKETLOTTONEW LILYDALE|LILYDALEMARKETLOTTONEW LILYDALE VI,keyword,0.95,LILYDALEMARKETLOTTONEW LILYDALE,institution
LILYDALEMARKETLOTTONEWS L ILYDALE,Gambling,LILYDALEMARKETLOTTONEWS L ILYDALE,keyword,0.95,LILYDALEMARKETLOTTONEWS L ILYDALE,institution
LINFIELD LOTTO,Gambling,LINFIELD LOTTO|LINFIELD LOTTO CONV SYDENHAM NS,keyword,0.95,LINFIELD LOTTO,institution
LIQUOR STAX & LOTTO,Gambling,LIQUOR STAX LOTTO|LIQUOR STAX LOTTO CAROLINE SPRI|LIQUOR STAX LOTTO CAROLINE SPRI VI,keyword,0.95,LIQUOR STAX & LOTTO,institution
LISMORE TURF CLUB,Gambling,LISMORE TURF CLUB|SQ LISMORE TURF CLUB|LISMORE TURF CLUB LTD|SQ LISMORE TURF CLUB NORTH LISMORE NS|LISMORE TURF CLUB NORTH LISMORE NS,keyword,0.95,LISMORE TURF CLUB,institution
LITSA KOUGIOUMZOGLOU LITSA,Gambling,LITSA KOUGIOUMZOGLOU LITSA|LITSA KOUGIOUMZOGLOU LITSA LOTTO DEPOSIT,keyword,0.95,LITSA KOUGIOUMZOGLOU LITSA,institution
LKM KING SW,Gambling,LKM KING SW|LKM KING SW ES EST,keyword,0.95,LKM KING SW,institution
LOCAL LOTTO,Gambling,LOCAL LOTTO|LOCAL LOTTO LOCAL VIL CARRUM DOWNS VI,keyword,0.95,LOCAL LOTTO,institution
LOCAL LOTTO LOCAL VI L CARRUM DOWN,Gambling,LOCAL LOTTO LOCAL VI L CARRUM DOWN,keyword,0.95,LOCAL LOTTO LOCAL VI L CARRUM DOWN,institution
LOM KING SW,Gambling,LOM KING SW|LOM KING SW ES EST,keyword,0.95,LOM KING SW,institution
LONDON COURT NEWSLOTTO,Gambling,LONDON COURT NEWSLOTTO|LONDON COURT NEWSLOTTO PE RTH|LONDON COURT NEWSLOTTO PE RTH WA EFTPOS PURCHASE WITH,keyword,0.95,LONDON COURT NEWSLOTTO,institution
LONGREACH JOCKEY CLUB,Gambling,LONGREACH JOCKEY CLUB|LONGREACH JOCKEY CLU LONGREACH QL|LONGREACH JOCKEY CLU LONGREACH,keyword,0.95,LONGREACH JOCKEY CLUB,institution
LOTSA SLOTS CA,Gambling,LOTSA SLOTS CA,keyword,0.95,LOTSA SLOTS CA,institution
LOTTERIES BEDFORD PARK,Gambling,LOTTERIES BEDFORD PARK,keyword,0.95,LOTTERIES BEDFORD PARK,institution
LOTTERIES KIOSK ARNDA KILKENNY,Gambling,LOTTERIES KIOSK ARNDA KILKENNY,keyword,0.95,LOTTERIES KIOSK ARNDA KILKENNY,institution
LOTTERIES KIOSK ARNDAL,Gambling,LOTTERIES KIOSK ARNDAL|LOTTERIES KIOSK ARNDAL KILKENNY,keyword,0.95,LOTTERIES KIOSK ARNDAL,institution
LOTTERY OFF,Gambling,LOTTERY OFF|LOTTERY OFF COMMBANK APP BPAY LOTTO|LOTTERY OFF COMMBANK APP BPAY RENT|LOTTERY OFF COMMBANK APP BPAY C|LOTTERY OFF COMMBANK APP BPAY|PAYPAL LOTTERY OFF,keyword,0.95,LOTTERY OFF,institution
LOTTERY OFFICE,Gambling,LOTTERY OFFICE|EFT DEP FROM LOTTERY OFFICE CT QZDMC PAYOUT TO|EFT DEP FROM LOTTERY OFFICE PAYOUT TO|EFT DEP FROM LOTTERY OFFICE PAYOUT T|EFT DEP TRANSFERRED FROM LOTTERY OFFICE REF PAYOUT TO KIM HEADINGTON|EFT DEP TRANSFERRED FROM LOTTERY OFFICE PAYOUT TO KIM HEADINGTON,keyword,0.95,LOTTERY OFFICE,institution
LOTTO ADM,Gambling,LOTTO ADM|LOTTO ADM CY CYP,keyword,0.95,LOTTO ADM,institution
LOTTO DONCASTER KIOSK,Gambling,LOTTO DONCASTER KIOSK|LOTTO DONCASTER KIOSK DONCASTER VI,keyword,0.95,LOTTO DONCASTER KIOSK,institution
LOTTO EXPRESS KIOSK,Gambling,LOTTO EXPRESS KIOSK,keyword,0.95,LOTTO EXPRESS KIOSK,institution
LOTTO EXPRESS KIOSK COOLANGATTA,Gambling,LOTTO EXPRESS KIOSK COOLANGATTA|LOTTO EXPRESS KIOSK COOLANGATTA QL,keyword,0.95,LOTTO EXPRESS KIOSK COOLANGATTA,institution
LOTTO EXPRESS MIAMI,Gambling,LOTTO EXPRESS MIAMI|LOTTO EXPRESS MIAMI MIAMI,keyword,0.95,LOTTO EXPRESS MIAMI,institution
LOTTO GIFTS & CONVENIE FITZROY,Gambling,LOTTO GIFTS CONVENIE FITZROY|LOTTO GIFTS CONVENIE FITZROY VI,keyword,0.95,LOTTO GIFTS & CONVENIE FITZROY,institution
LOTTO KIOSK ROSEBUD ROSEBUD,Gambling,LOTTO KIOSK ROSEBUD ROSEBUD|LOTTO KIOSK ROSEBUD,keyword,0.95,LOTTO KIOSK ROSEBUD ROSEBUD,institution
LOTTO LIDCOMBE,Gambling,LOTTO LIDCOMBE|LOTTO TFD,keyword,0.95,LOTTO LIDCOMBE,institution
LOTTO LIDCOMBE LIDCOMBE,Gambling,LOTTO LIDCOMBE LIDCOMBE|LOTTO LIDCOMBE LIDCOMBE NS,keyword,0.95,LOTTO LIDCOMBE LIDCOMBE,institution
LOTTO LUCK WATERGARDEN,Gambling,LOTTO LUCK WATERGARDEN|LOTTO LUCK WATERGARDEN TA YLORS LA|LOTTO LUCK WATERGARDEN TAYL|LOTTO LUCK WATERGARDEN TAYL XXXX XX 17 OF TRANSFER DEBIT|LOTTO LUCK WATERGARDEN TAYLORS LAKES VI,keyword,0.95,LOTTO LUCK WATERGARDEN,institution
LOTTO MASSAGE CENTRE P,Gambling,LOTTO MASSAGE CENTRE P,keyword,0.95,LOTTO MASSAGE CENTRE P,institution
LOTTO N GIFTS TOP RYDE,Gambling,LOTTO N GIFTS TOP RYDE,keyword,0.95,LOTTO N GIFTS TOP RYDE,institution
LOTTO SACKVILLE ST,Gambling,LOTTO SACKVILLE ST|LOTTO SACKVILLE ST PORT FAIRY VI,keyword,0.95,LOTTO SACKVILLE ST,institution
LOTTO SOCIAL,Gambling,LOTTO SOCIAL|LOTTOSOCIAL LONDON GB|LOTTOSOCIAL LONDON GBR,keyword,0.95,LOTTO SOCIAL,institution
LOTTO VAPE TOBACCO,Gambling,LOTTO VAPE TOBACCO|LOTTO VAPE TOBACCO LV FITZROY|LOTTO VAPE TOBACCO LV FITZROY VI|LOTTO VAPE TOBACCO LVT,keyword,0.95,LOTTO VAPE TOBACCO,institution
LOTTOGO SYDNEY N,Gambling,LOTTOGO SYDNEY N,keyword,0.95,LOTTOGO SYDNEY N,institution
LOTTOPIA PTY LTD,Gambling,LOTTOPIA PTY LTD,keyword,0.95,LOTTOPIA PTY LTD,institution
LOTTOPREDIC AU AUD,Gambling,LOTTOPREDIC AU AUD|LOTTOPREDIC GB GBR|LOTTOPREDIC GBR,keyword,0.95,LOTTOPREDIC AU AUD,institution
LOTTOSTAR ROSEBANKBURG ZAF ZAR,Gambling,LOTTOSTAR ROSEBANKBURG ZAF ZAR|LOTTOSTAR ROSEBANKBURG ZAF,keyword,0.95,LOTTOSTAR ROSEBANKBURG ZAF ZAR,institution
LS GRAFTON GREYHOUND R GRAFTON,Gambling,LS GRAFTON GREYHOUND R GRAFTON,keyword,0.95,LS GRAFTON GREYHOUND R GRAFTON,institution
LS KEPNOCK LOTTO & T O BUNDABERG CEN,Gambling,LS KEPNOCK LOTTO T O BUNDABERG CEN|LS KEPNOCK LOTTO T O,keyword,0.95,LS KEPNOCK LOTTO & T O BUNDABERG CEN,institution
LS TASMANIAN TURF CLUB MOWBRAY,Gambling,LS TASMANIAN TURF CLUB MOWBRAY|LS TASMANIAN TURF,keyword,0.95,LS TASMANIAN TURF CLUB MOWBRAY,institution
LUCK LOTTO BEACONSFIEL BEACONSFIELD,Gambling,LUCK LOTTO BEACONSFIEL BEACONSFIELD,keyword,0.95,LUCK LOTTO BEACONSFIEL BEACONSFIELD,institution
LUCKY CORNER LOTTO,Gambling,LUCKY CORNER LOTTO|LUCKY CORNER LOTTO KEYSBOROUGH|LUCKY CORNER LOTTO KEYSBOROUGH VI,keyword,0.95,LUCKY CORNER LOTTO,institution
LUCKY CROW LOTTO,Gambling,LUCKY CROW LOTTO|LUCKY CROW LOTTO MP|LUCKY CROW LOTTO MP WAGGA WAGGA|LUCKY CROW LOTTO MP WAGGA WAGGA NS|LUCKY CROW LOTTO SM|LUCKY CROW LOTTO SM WAGGA WAGGA|LUCKY CROW LOTTO SM WAGGA WAGGA NS|LUCKY CROW LOTTO STU R WAGGA WAGGA|LUCKY CROW LOTTO STU R|LUCKY CROW LOTTO STUR|LUCKY CROW LOTTO STUR WAGGA WAGGA NS,keyword,0.95,LUCKY CROW LOTTO,institution
LUCKY FLEMINGTON CIG FLEMINGTON,Gambling,LUCKY FLEMINGTON CIG FLEMINGTON|LUCKY FLEMINGTON CIG FLEMINGTON VI,keyword,0.95,LUCKY FLEMINGTON CIG FLEMINGTON,institution
LUCKY LEN LOTTERIES,Gambling,LUCKY LEN LOTTERIES|LUCKY LEN LOTTERIES RIVERWOOD|LUCKY LEN LOTTERIES RIVERWOOD NS,keyword,0.95,LUCKY LEN LOTTERIES,institution
LUCKY LOTTERIES GIFTS,Gambling,LUCKY LOTTERIES GIFTS|LUCKY LOTTERIES GIFTS CHARLEMONT VI,keyword,0.95,LUCKY LOTTERIES GIFTS,institution
LUCKY LOTTO,Gambling,LUCKY LOTTO,keyword,0.95,LUCKY LOTTO,institution
LUCKY LOTTO & NEWS,Gambling,LUCKY LOTTO NEWS|LUCKY LOTTO NEWS HASTINGS VI|LUCKY LOTTO AMP NEWS HASTINGS VI,keyword,0.95,LUCKY LOTTO & NEWS,institution
LUCKY LOTTO BEACONSFLD BEACONSFIELD,Gambling,LUCKY LOTTO BEACONSFLD BEACONSFIELD|LUCKY LOTTO BEACONSFLD BEACONSFIELD VI,keyword,0.95,LUCKY LOTTO BEACONSFLD BEACONSFIELD,institution
LUCKY LOTTO LANGWARR INLANGWARRIN,Gambling,LUCKY LOTTO LANGWARR INLANGWARRIN,keyword,0.95,LUCKY LOTTO LANGWARR INLANGWARRIN,institution
LUCKY LOTTO MARKET SHEPPARTON,Gambling,LUCKY LOTTO MARKET SHEPPARTON|LUCKY LOTTO MARKET SHEPPARTON VI,keyword,0.95,LUCKY LOTTO MARKET SHEPPARTON,institution
LUCKY LOTTO P L EPPING,Gambling,LUCKY LOTTO P L EPPING|LUCKY LOTTO P L EPPING VI,keyword,0.95,LUCKY LOTTO P L EPPING,institution
LUCKY LOTTO SPRINGVALE,Gambling,LUCKY LOTTO SPRINGVALE|LUCKY LOTTO SPRINGVALE VI,keyword,0.95,LUCKY LOTTO SPRINGVALE,institution
LUCKY LOTTO WONTH WONTHAGGI,Gambling,SMP LUCKY LOTTO WONTH WONTHAGGI|LUCKY LOTTO WONTH WONTHAGGI,keyword,0.95,LUCKY LOTTO WONTH WONTHAGGI,institution
LUCKY LOTTO WONTHA WONTHAGGI,Gambling,LUCKY LOTTO WONTHA WONTHAGGI,keyword,0.95,LUCKY LOTTO WONTHA WONTHAGGI,institution
LUCKY LOTTO WONTHAGGI WONTHAGGI,Gambling,LUCKY LOTTO WONTHAGGI WONTHAGGI,keyword,0.95,LUCKY LOTTO WONTHAGGI WONTHAGGI,institution
LUCKY ST ALBANS LOTTO,Gambling,LUCKY ST ALBANS LOTTO|LUCKY ST ALBANS LOTTO ST ALBANS VI,keyword,0.95,LUCKY ST ALBANS LOTTO,institution
LUCKY TOUCH LOTTO,Gambling,LUCKY TOUCH LOTTO MORDIALLOC|LUCKY TOUCH LOTTO|LUCKY TOUCH LOTTO MORDIALLOC VI,keyword,0.95,LUCKY TOUCH LOTTO,institution
MACKAY TURF CLUB,Gambling,MACKAY TURF CLUB MACKAY QL|MACKAY TURF CLUB,keyword,0.95,MACKAY TURF CLUB,institution
MACKAY TURF CLUB INC OORALEA,Gambling,MACKAY TURF CLUB INC OORALEA,keyword,0.95,MACKAY TURF CLUB INC OORALEA,institution
MADDINGTON LOTTERY MADDINGTON,Gambling,MADDINGTON LOTTERY MADDIN GTON|MADDINGTON LOTTERY MADDINGTON,keyword,0.95,MADDINGTON LOTTERY MADDINGTON,institution
MAGIC LOTTO,Gambling,MAGIC LOTTO|MAGIC LOTTO AND GIFTS MAGIC LOTTO GIFT TAYLORS LAKES|MAGIC LOTTO AND GIFTS MAGIC LOTTO GIFTS TAYLORS,keyword,0.95,MAGIC LOTTO,institution
MAGIC LOTTO & GIF,Gambling,MAGIC LOTTO GIF|MAGIC LOTTO AND GIF|MAGIC LOTTO AND GIF TAYLORS LAKES|MAGIC LOTTO GIFTS|MAGIC LOTTO GIFTS TAYLORS LAKES|MAGIC LOTTO GIFTS TAYLORS LAKES VI,keyword,0.95,MAGIC LOTTO & GIF,institution
MAJOR LUCK LOTTERY,Gambling,MAJOR LUCK LOTTERY|MAJOR LUCK LOTTERY CL ARKSON|MAJOR LUCK LOTTERY CLARKS ON|MAJOR LUCK LOTTERY CLARKSON,keyword,0.95,MAJOR LUCK LOTTERY,institution
MALAGA NEWS LOTTO LPO MALAGA,Gambling,MALAGA NEWS LOTTO LP O MALAGA|MALAGA NEWS LOTTO LPO MALAGA,keyword,0.95,MALAGA NEWS LOTTO LPO MALAGA,institution
MALIBU CLUB,Gambling,MALIBU CLUB|MUKL MALIBU CLUB|MUKL MALIBU CLUB GB|MUKL MALIBU CLUB NICOSIA CY CYP,keyword,0.95,MALIBU CLUB,institution
MALIBU CLUB HUNTINGDON,Gambling,MALIBU CLUB HUNTINGDON|MUKL MALIBU CLUB HUNTINGDON GB GBR,keyword,0.95,MALIBU CLUB HUNTINGDON,institution
MALVERN LOTTO,Gambling,MALVERN LOTTO|MALVERN LOTTO MALVERN|MALVERN LOTTO MALVERN VI,keyword,0.95,MALVERN LOTTO,institution
MANOR LAKES NEWS LOTTO,Gambling,MANOR LAKES NEWS LOTTO|MANOR LAKES NEWS LOTTO MANOR LAKES|MANOR LAKES NEWS LOTTO MANOR LAKES VI,keyword,0.95,MANOR LAKES NEWS LOTTO,institution
MANSFIELD LOTTO CENTRE MANSFIELD,Gambling,MANSFIELD LOTTO CENTRE MANSFIELD|MANSFIELD LOTTO CENTRE MANSFIELD VI,keyword,0.95,MANSFIELD LOTTO CENTRE MANSFIELD,institution
MARINA LOTTERY,Gambling,MARINA LOTTERY|MARINA LOTTERY WENTWORTH POI NS,keyword,0.95,MARINA LOTTERY,institution
MARKET CITY LOTTO NEWS CANNING VAL,Gambling,MARKET CITY LOTTO NEWS CANNING VAL,keyword,0.95,MARKET CITY LOTTO NEWS CANNING VAL,institution
MARKET LOTTO & NEWS,Gambling,MARKET LOTTO NEWS|MARKET LOTTO AND NEWS|MARKET LOTTO AND NEWS SOUTH MELBOUR VI,keyword,0.95,MARKET LOTTO & NEWS,institution
MARKET SQUARE LOTTO,Gambling,MARKET SQUARE LOTTO|MARKET SQUARE LOTTO GEELONG VI,keyword,0.95,MARKET SQUARE LOTTO,institution
MARKETPLACE LOTTO,Gambling,MARKETPLACE LOTTO|MARKETPLACE LOTTO BENDIGO VI,keyword,0.95,MARKETPLACE LOTTO,institution
MAYLANDS PARK,Gambling,MAYLANDS PARK|MAYLANDS PARK MAYLANDS PARK LOTTER MAYLANDS|MAYLANDS PARK NEWS MAYLANDS,keyword,0.95,MAYLANDS PARK,institution
MAYLANDS PARK LOTTER,Gambling,MAYLANDS PARK LOTTER|MAYLANDS PARK LOTTER MAYLANDS,keyword,0.95,MAYLANDS PARK LOTTER,institution
MCFADZEAN SUPER LOTTO,Gambling,MCFADZEAN SUPER LOTTO|MCFADZEAN SUPER LOTTO RESERVOIR|MCFADZEAN SUPER LOTTO RESERVOIR VI,keyword,0.95,MCFADZEAN SUPER LOTTO,institution
MEADOW HEIGHTS LOTTO MEADOW HEIGH,Gambling,MEADOW HEIGHTS LOTTO MEADOW HEIGH,keyword,0.95,MEADOW HEIGHTS LOTTO MEADOW HEIGH,institution
MEDIA LOTTERY CENTRE & NEWS,Gambling,MEDIA LOTTERY CENTRE NEWS|MEDIA LOTTERY CENTRE A CANNINGTON|MEDIA LOTTERY CENTRE ACANNINGTON|MEDIA LOTTERY CENTRE AND|MEDIA LOTTERY CTRE|MEDIA LOTTERY CTRE CANNINGTON|MEDIA LOTTERY CTRE 65CANNINGTON|MEDIA LOTTERY CTRE 9CANNINGTON,keyword,0.95,MEDIA LOTTERY CENTRE & NEWS,institution
MEGA MILLION LOTTO MOUNT LAWLEY,Gambling,MEGA MILLION LOTTO MOUNT LAWLEY,keyword,0.95,MEGA MILLION LOTTO MOUNT LAWLEY,institution
MEGASLOT IO,Gambling,MEGASLOT IO LIMASSOL CY|MEGASLOT IO|MEGASLOT IO TALLINN ES EST,keyword,0.95,MEGASLOT IO,institution
MEGASLOT IO KING SW,Gambling,MEGASLOT IO KING SW|MEGASLOT IO KING SW ES EST,keyword,0.95,MEGASLOT IO KING SW,institution
MELTON LOTTO NEWS,Gambling,MELTON LOTTO NEWS|MELTON LOTTO NEWS TS G MELTON|MELTON LOTTO NEWS TS G|MELTON LOTTO NEWS TSG MELTON VI,keyword,0.95,MELTON LOTTO NEWS,institution
MELTON STATION LOTTO,Gambling,MELTON STATION LOTTO|MELTON STATION LOTTO MELTON SOUTH|MELTON STATION LOTTO MELTON SOUTH VI|MELTON STATION LOTTO UNIT STA,keyword,0.95,MELTON STATION LOTTO,institution
MENTONE NEWS & LOTTO,Gambling,MENTONE NEWS LOTTO|MENTONE NEWS LOTTO MENTONE VI,keyword,0.95,MENTONE NEWS & LOTTO,institution
MERNDA JUNC LOTTO NEWS,Gambling,MERNDA JUNC LOTTO NEWS|MERNDA JUNC LOTTO NE WSMERNDA|MERNDA JUNC LOTTO NEWS ME RNDA|MERNDA JUNC LOTTO NEWS MERNDA|MERNDA JUNC LOTTO NEWS MERNDA VI,keyword,0.95,MERNDA JUNC LOTTO NEWS,institution
MGM GRAND CASINO EXPRE,Gambling,MGM GRAND CASINO EXPRE|MGM GRAND CASINO EXPRE LAS VEGAS NV USA USD|MGM GRAND CASINO EXPRE LAS VEGAS NV USA,keyword,0.95,MGM GRAND CASINO EXPRE,institution
MICHELLE ROCHE,Gambling,MICHELLE ROCHE|MICHELLE ROCHE NESS PUNTERS CLUB|MICHELLE ROCHE NESS,keyword,0.95,MICHELLE ROCHE,institution
MIDVALLEY LOTTO,Gambling,MIDVALLEY LOTTO|MIDVALLEY LOTTO MORWELL MIDVALLEY LOTTO|MIDVALLEY LOTTO MO RWELL|MIDVALLEY LOTTO MORWELL VI,keyword,0.95,MIDVALLEY LOTTO,institution
MIDVALLEY LOTTO MORWELL V IC,Gambling,MIDVALLEY LOTTO MORWELL V IC,keyword,0.95,MIDVALLEY LOTTO MORWELL V IC,institution
MIGHTYBET MELBOURNE,Gambling,MIGHTYBET MELBOURNE|MIGHTYBET MELBOURNE VI,keyword,0.95,MIGHTYBET MELBOURNE,institution
MILDURA HARNESS RACING,Gambling,MILDURA HARNESS RACING|MILDURA HARNESS,keyword,0.95,MILDURA HARNESS RACING,institution
MILDURA NEWS & LOTTO,Gambling,MILDURA NEWS LOTTO|MILDURA NEWS LOTTO MILDURA VI,keyword,0.95,MILDURA NEWS & LOTTO,institution
MILLEARA MALL LOTTO,Gambling,MILLEARA MALL LOTTO|MILLEARA MALL LOTTO KEILOR EAST|MILLEARA MALL LOTTO KEILOR EAST VI,keyword,0.95,MILLEARA MALL LOTTO,institution
MILLENNIALBET KOGARAH,Gambling,MILLENNIALBET KOGARAH,keyword,0.95,MILLENNIALBET KOGARAH,institution
MILLER JUNCTION LOTTO,Gambling,MILLER JUNCTION LOTTO|MILLER JUNCTION LOTTO ALT ONA NORT|MILLER JUNCTION LOTTO ALTONA NORTH VI,keyword,0.95,MILLER JUNCTION LOTTO,institution
MILLION DOLLAR LOTTO,Gambling,MILLION DOLLAR LOTTO|MILLION DOLLAR LOTTO KEYS BOROUGH|MILLION DOLLAR LOTTO KEYSBOROUGH|MILLION DOLLAR LOTTO KEYSBOROUGH VI,keyword,0.95,MILLION DOLLAR LOTTO,institution
MILTON PO & LOTTO,Gambling,MILTON PO LOTTO|MILTON PO AND LOTTO MILTON QL|MILTON PO AND LOTTO MILTON,keyword,0.95,MILTON PO & LOTTO,institution
MINERVA ROAD LOTTO AN,Gambling,MINERVA ROAD LOTTO AN|MINERVA ROAD LOTTO AN HERNE HILL,keyword,0.95,MINERVA ROAD LOTTO AN,institution
MINTSPORTS PTY LTD,Gambling,MINTSPORTS PTY LTD,keyword,0.95,MINTSPORTS PTY LTD,institution
MIRAXCASINO NICOSIA CY CYP,Gambling,MIRAXCASINO NICOSIA CY CYP,keyword,0.95,MIRAXCASINO NICOSIA CY CYP,institution
MIRRABOOKA LOTTERY CNT,Gambling,MIRRABOOKA LOTTERY C NTMIRRABOOKA|MIRRABOOKA LOTTERY CNT|MIRRABOOKA LOTTERY CNT MI RRABOOKA,keyword,0.95,MIRRABOOKA LOTTERY CNT,institution
MIRRABOOKA LOTTERY MIRRABOOKA,Gambling,MIRRABOOKA LOTTERY MIRRABOOKA|MIRRABOOKA LOTTERY,keyword,0.95,MIRRABOOKA LOTTERY MIRRABOOKA,institution
MIRRABOOKA MILLIONS,Gambling,MIRRABOOKA MILLIONS,keyword,0.95,MIRRABOOKA MILLIONS,institution
MIRRABOOKA MILLIONS MIRRA BOOKA,Gambling,MIRRABOOKA MILLIONS MIRRA BOOKA,keyword,0.95,MIRRABOOKA MILLIONS MIRRA BOOKA,institution
MISS RACHAEL LOUISE FOLEY LOTTO,Gambling,MISS RACHAEL LOUISE FOLEY LOTTO|MISS RACHAEL LOUISE FOLEY LOTTO DEPOSIT,keyword,0.95,MISS RACHAEL LOUISE FOLEY LOTTO,institution
MOE RACING CLUB,Gambling,MOE RACING CLUB|MOE RACING CLUB MOE RACING CLUB MOE|MOE RACING CLUB MOE|MOE RACING CLUB MOE VI,keyword,0.95,MOE RACING CLUB,institution
MONASH CITY LOTTO,Gambling,MONASH CITY LOTTO|MONASH CITY LOTTO CLAYTON VI,keyword,0.95,MONASH CITY LOTTO,institution
MOONEE VALLEY RACING,Gambling,MOONEE VALLEY RACING,keyword,0.95,MOONEE VALLEY RACING,institution
MOONEE VALLEY RACING C MOONEE PONDS,Gambling,MOONEE VALLEY RACING C MOONEE PONDS|MOONEE VALLEY RACING C MOONEE PONDS VI,keyword,0.95,MOONEE VALLEY RACING C MOONEE PONDS,institution
MOONEE VALLEY RACING FROM MVRC ACCOUNT REF,Gambling,MOONEE VALLEY RACING FROM MVRC ACCOUNT REF|MOONEE VALLEY RACING FROM MVRC ACCOUNT REF CASPAY,keyword,0.95,MOONEE VALLEY RACING FROM MVRC ACCOUNT REF,institution
MOONEE VALLEY RACING MOONEE PONDS,Gambling,MOONEE VALLEY RACING MOONEE PONDS|MOONEE VALLEY RACING MOONEE PONDS VI,keyword,0.95,MOONEE VALLEY RACING MOONEE PONDS,institution
MOONEY NEWS & LOTTO,Gambling,MOONEY NEWS LOTTO|MOONEY NEWS LOTTO GULLIVER QL|MOONEY NEWS LOTTO GULLIVER|MOONEY NEWS AND LOTTO GULLIVER|MOONEY NEWS AND|MOONEY NEWS AND LOTTO GULLIVER QL,keyword,0.95,MOONEY NEWS & LOTTO,institution
MOORABBIN HUB LOTTO,Gambling,MOORABBIN HUB LOTTO,keyword,0.95,MOORABBIN HUB LOTTO,institution
MOOROOLBARK LOTTO,Gambling,MOOROOLBARK LOTTO|MOOROOLBARK LOTTO MO OROOLBARK VI|MOOROOLBARK LOTTO MOOROOLBARK|MOOROOLBARK LOTTO MOOROOLBARK VI,keyword,0.95,MOOROOLBARK LOTTO,institution
MOOROOLBARK LOTTO CE NTUNIT BR,Gambling,MOOROOLBARK LOTTO CE NTUNIT BR,keyword,0.95,MOOROOLBARK LOTTO CE NTUNIT BR,institution
MOOROOLBARK LOTTO CEN MOOROOLBARK,Gambling,MOOROOLBARK LOTTO CEN MOOROOLBARK,keyword,0.95,MOOROOLBARK LOTTO CEN MOOROOLBARK,institution
MOREIRAS MAGIC,Gambling,MOREIRAS MAGIC|MOREIRAS MAGIC PTY LTD,keyword,0.95,MOREIRAS MAGIC,institution
MORNINGTON NEWS LOTTO,Gambling,MORNINGTON NEWS LOTTO|MORNINGTON NEWS LOTTO MOR NINGTON|MORNINGTON NEWS LOTTO MORNINGTON VI,keyword,0.95,MORNINGTON NEWS LOTTO,institution
MORNINGTON RACECOURS E MORNINGTON,Gambling,MORNINGTON RACECOURS E MORNINGTON|MORNINGTON RACECOURS E,keyword,0.95,MORNINGTON RACECOURS E MORNINGTON,institution
MORNINGTON RACECOURSE,Gambling,MORNINGTON RACECOURSE,keyword,0.95,MORNINGTON RACECOURSE,institution
MORUYA JOCKEY CLUB,Gambling,MORUYA JOCKEY CLUB|SQ MORUYA JOCKEY CLUB MORUYA NS|MORUYA JOCKEY CLUB MORUYA NS,keyword,0.95,MORUYA JOCKEY CLUB,institution
MOUNT DUNEED,Gambling,MOUNT DUNEED,keyword,0.95,MOUNT DUNEED,institution
MOUNT WAVERLEY LOTTO,Gambling,MOUNT WAVERLEY LOTTO,keyword,0.95,MOUNT WAVERLEY LOTTO,institution
MR DALE CHEYNE BUNNEY PUNTERS,Gambling,MR DALE CHEYNE BUNNEY PUNTERS|MR DALE CHEYNE BUNNEY PUNTERS DALE DEPOSIT|MR DALE CHEYNE BUNNEY PUNTERS DEPOSIT,keyword,0.95,MR DALE CHEYNE BUNNEY PUNTERS,institution
MR DANIEL JOHN THOMAS PUNTERS,Gambling,MR DANIEL JOHN THOMAS PUNTERS|MR DANIEL JOHN THOMAS PUNTERS CLUB DEPOSIT|MR DANIEL JOHN THOMAS PUNTERS BETS DEPOSIT|MR DANIEL JOHN THOMAS PUNTERS DEPOSIT,keyword,0.95,MR DANIEL JOHN THOMAS PUNTERS,institution
MR TIMOTHY PETER CAMPBELL LOTTO,Gambling,MR TIMOTHY PETER CAMPBELL LOTTO|MR TIMOTHY PETER CAMPBELL LOTTO DEPOSIT,keyword,0.95,MR TIMOTHY PETER CAMPBELL LOTTO,institution
MRS CODY MAE POWELL PUNTERS,Gambling,MRS CODY MAE POWELL PUNTERS|MRS CODY MAE POWELL PUNTERS CLUB DEPOSIT,keyword,0.95,MRS CODY MAE POWELL PUNTERS,institution
MS GAME CHANGER LOTTER,Gambling,MS GAME CHANGER LOTTER|MS GAME,keyword,0.95,MS GAME CHANGER LOTTER,institution
MT KURING GAI LOTTER Y,Gambling,MT KURING GAI LOTTER Y|MT KURING GAI LOTTER Y PACIFIC,keyword,0.95,MT KURING GAI LOTTER Y,institution
MULLALOO NEWS LOTTERY,Gambling,MULLALOO NEWS LOTTERY|MULLALOO NEWS LOTTERY MULLALOO,keyword,0.95,MULLALOO NEWS LOTTERY,institution
MUNDARING LOTTO GIFT,Gambling,MUNDARING LOTTO GIFT|MUNDARING LOTTO GIFT MUND ARING,keyword,0.95,MUNDARING LOTTO GIFT,institution
MY BET DARWIN CITY,Gambling,MY BET DARWIN CITY,keyword,0.95,MY BET DARWIN CITY,institution
MYCHANCE TALLINN ES EST,Gambling,MYCHANCE LIMASSOL CY|MYCHANCE TALLINN ES EST,keyword,0.95,MYCHANCE TALLINN ES EST,institution
N NOWRA POST & LOTTO,Gambling,N NOWRA POST LOTTO|N NOWRA POST AND LOTTO NORTH NOWRA NS,keyword,0.95,N NOWRA POST & LOTTO,institution
NAGAMBIE NEWSLOTTO,Gambling,NAGAMBIE NEWSLOTTO|NAGAMBIE NEWSLOTTO NAGAMBIE VI,keyword,0.95,NAGAMBIE NEWSLOTTO,institution
NARRABEEN LOTTO,Gambling,NARRABEEN LOTTO|SMP NARRABEEN LOTTO A3 NARRABEEN NS|NARRABEEN LOTTO A3 NARRABEEN NS,keyword,0.95,NARRABEEN LOTTO,institution
NCSTLE JOCKEY CLUB,Gambling,NCSTLE JOCKEY CLUB|NCSTLE JOCKEY CLUB BROADMEADOW NS,keyword,0.95,NCSTLE JOCKEY CLUB,institution
NCSTLE JOCKEYCLUB BROADMEADOW,Gambling,NCSTLE JOCKEYCLUB BROADMEADOW|NCSTLE JOCKEYCLUB BROADMEADOW NS,keyword,0.95,NCSTLE JOCKEYCLUB BROADMEADOW,institution
NELSON BAY LOTTERIES,Gambling,NELSON BAY LOTTERIES|NELSON BAY,keyword,0.95,NELSON BAY LOTTERIES,institution
NEW SUPER LUCKYLOTTERY MT LAWLEY,Gambling,NEW SUPER LUCKYLOTTERY MT LAWLEY,keyword,0.95,NEW SUPER LUCKYLOTTERY MT LAWLEY,institution
NEWC JOCKEY CLUB,Gambling,NEWC JOCKEY CLUB|NEWC JOCKEY CLUB LTD BROADMEADOW NS,keyword,0.95,NEWC JOCKEY CLUB,institution
NEWCASTLE HARNESS,Gambling,NEWCASTLE HARNESS|NEWCASTLE HARNESS RACI BROADMEADOW NS,keyword,0.95,NEWCASTLE HARNESS,institution
NEWCASTLE HARNESS RACING,Gambling,NEWCASTLE HARNESS RACING,keyword,0.95,NEWCASTLE HARNESS RACING,institution
NEWCASTLE JOCKEY CLUB,Gambling,NEWCASTLE JOCKEY CL|NEWCASTLE JOCKEY CLUB|NEWCASTLE JOCKEY CLUB BROADMEADOW NS,keyword,0.95,NEWCASTLE JOCKEY CLUB,institution
NEWCASTLE RACECOURCE,Gambling,NEWCASTLE RACECOURCE,keyword,0.95,NEWCASTLE RACECOURCE,institution
NEWCASTLE RACECOURCE BROADMEADOW,Gambling,NEWCASTLE RACECOURCE BROADMEADOW|NEWCASTLE RACECOURCE BROADMEADOW NS,keyword,0.95,NEWCASTLE RACECOURCE BROADMEADOW,institution
NEWCOMB CENTRAL LOTTO,Gambling,NEWCOMB CENTRAL LOTTO|NEWCOMB CENTRAL LOTTO NEWCOMB LOTTO NEWCOMB,keyword,0.95,NEWCOMB CENTRAL LOTTO,institution
NEWCOMB LOTTO,Gambling,NEWCOMB LOTTO|NEWCOMB LOTTO NEWCOMB|NEWCOMB LOTTO NEWCOMB VI,keyword,0.95,NEWCOMB LOTTO,institution
NEWPARK LOTTERY CENT R GIRRAWHEEN,Gambling,NEWPARK LOTTERY CENT R GIRRAWHEEN,keyword,0.95,NEWPARK LOTTERY CENT R GIRRAWHEEN,institution
NEWPARK LOTTERY CENTRE,Gambling,NEWPARK LOTTERY CENTRE|NEWPARK LOTTERY,keyword,0.95,NEWPARK LOTTERY CENTRE,institution
NEWSAGENCY LOTTO GAILES,Gambling,NEWSAGENCY LOTTO GAILES,keyword,0.95,NEWSAGENCY LOTTO GAILES,institution
NEWSTIME LOTTERY CEN TRPERTH,Gambling,NEWSTIME LOTTERY CEN TRPERTH,keyword,0.95,NEWSTIME LOTTERY CEN TRPERTH,institution
NEWSTIME LOTTERY CENTRE,Gambling,NEWSTIME LOTTERY CENTRE|NEWSTIME LOTTERY CENTRE P ERTH,keyword,0.95,NEWSTIME LOTTERY CENTRE,institution
NEXTBET,Gambling,NEXTBET,keyword,0.95,NEXTBET,institution
NEXTBET BRISBANE CITY,Gambling,NEXTBET BRISBANE CITY,keyword,0.95,NEXTBET BRISBANE CITY,institution
NICHOLSON ST LOTTO BRUNSWICK EA,Gambling,NICHOLSON ST LOTTO BR UNSWICK EASV|NICHOLSON ST LOTTO BRUNSWICK EA|NICHOLSON ST LOTTO BRUNSWICK EAS,keyword,0.95,NICHOLSON ST LOTTO BRUNSWICK EA,institution
NIDDRIE CENTRAL LOTTO ESSENDON,Gambling,NIDDRIE CENTRAL LOTTO ESSENDON|NIDDRIE CENTRAL LOTTO ESSENDON VI,keyword,0.95,NIDDRIE CENTRAL LOTTO ESSENDON,institution
NIDDRIE CENTRAL LOTTO NIDDRIE,Gambling,NIDDRIE CENTRAL LOTTO NIDDRIE|NIDDRIE CENTRAL LOTTO NIDDRIE VI,keyword,0.95,NIDDRIE CENTRAL LOTTO NIDDRIE,institution
NIDDRIE CENTRAL LOTTO O ESSENDON,Gambling,NIDDRIE CENTRAL LOTTO O ESSENDON,keyword,0.95,NIDDRIE CENTRAL LOTTO O ESSENDON,institution
NNDEV LOTTO,Gambling,NNDEV LOTTO|NNDEV LOTTO SCHOFIELDS NS,keyword,0.95,NNDEV LOTTO,institution
NORFOLK LOTTO,Gambling,NORFOLK LOTTO|NORFOLK LOTTO WARRNAMBOOL VI,keyword,0.95,NORFOLK LOTTO,institution
NORTH ESSENDON LOTTO,Gambling,NORTH ESSENDON LOTTO|NORTH ESSENDON LOTTO ESSENDON NOR,keyword,0.95,NORTH ESSENDON LOTTO,institution
NORTH MELBOURNE LOTTO,Gambling,NORTH MELBOURNE LOTTO,keyword,0.95,NORTH MELBOURNE LOTTO,institution
NORTHCASINO NICOSIA CY CYP,Gambling,NORTHCASINO NICOSIA CY CYP,keyword,0.95,NORTHCASINO NICOSIA CY CYP,institution
NORTHCOTE LUCKY LOTTO,Gambling,NORTHCOTE LUCKY LOTTO|NORTHCOTE LUCKY LOTTO NORTHCOTE VI,keyword,0.95,NORTHCOTE LUCKY LOTTO,institution
NORTHERN LOTTO,Gambling,NORTHERN LOTTO|NORTHERN LOTTO PTY L CAMPBELLFIELD VI,keyword,0.95,NORTHERN LOTTO,institution
NORTHERN LOTTO CAMPBELLFIELD,Gambling,NORTHERN LOTTO CAMPBELLFIELD|NORTHERN LOTTO PTY LTD CAMPBELLFIELD,keyword,0.95,NORTHERN LOTTO CAMPBELLFIELD,institution
NORTHERN LOTTO PTY L,Gambling,NORTHERN LOTTO PTY L,keyword,0.95,NORTHERN LOTTO PTY L,institution
NORTHERN LOTTO PTY L CAMPBELLFIEL,Gambling,NORTHERN LOTTO PTY L CAMPBELLFIEL,keyword,0.95,NORTHERN LOTTO PTY L CAMPBELLFIEL,institution
NORTHERN POKIES RC BRUNSWICK,Gambling,NORTHERN POKIES RC BRUNSWICK,keyword,0.95,NORTHERN POKIES RC BRUNSWICK,institution
NORTHGATE SHOPPING CENTRE,Gambling,NORTHGATE SHOPPING CENTRE|NORTHGATE SHOPPING CENTRE GJS LOTTERY CENTRENEWS GERALDT,keyword,0.95,NORTHGATE SHOPPING CENTRE,institution
NORTHLAND LOTTO,Gambling,NORTHLAND LOTTO|NORTHLAND LOTTO PRESTON VI,keyword,0.95,NORTHLAND LOTTO,institution
NORTHLANDLOTTO & NEWS,Gambling,NORTHLANDLOTTO NEWS|NORTHLANDLOTTO NEWS PRESTON VI,keyword,0.95,NORTHLANDLOTTO & NEWS,institution
NORTHPOINTLOTTOGIFTS WARRNAMBOOL,Gambling,NORTHPOINTLOTTOGIFTS WARRNAMBOOL|NORTHPOINTLOTTOGIFTS WARRNAMBOOL VI,keyword,0.95,NORTHPOINTLOTTOGIFTS WARRNAMBOOL,institution
NOTORIOUS PUNTERS CLUB,Gambling,NOTORIOUS PUNTERS CLUB PIMPAMA QL|NOTORIOUS PUNTERS CLUB,keyword,0.95,NOTORIOUS PUNTERS CLUB,institution
NSW LOTTERIES,Gambling,NSW LOTTERIES|DIRECT CREDIT NSW LOTTERIES|EFT DEP NSW LOTTERIES|TRANSFER FROM NSW LOTTERIES,keyword,0.95,NSW LOTTERIES,institution
NTHBRIGHTONNEWS & LOTTO,Gambling,NTHBRIGHTONNEWS LOTTO|NTHBRIGHTONNEWS LOTTO BRIGHTON VI,keyword,0.95,NTHBRIGHTONNEWS & LOTTO,institution
OAKLEIGH CENTRAL LOTTO,Gambling,OAKLEIGH CENTRAL LOTTO|OAKLEIGH CENTRAL LOTTO OAKLEIGH VI,keyword,0.95,OAKLEIGH CENTRAL LOTTO,institution
OCEAN GROVE KINGSTON,Gambling,OCEAN GROVE KINGSTON|OCEAN GROVE KINGSTON VI|OCEAN GROVE,keyword,0.95,OCEAN GROVE KINGSTON,institution
OCEAN GROVE LOTTO,Gambling,OCEAN GROVE LOTTO|OCEAN GROVE LOTTO OCEAN GROVE|OCEAN GROVE LOTTO OCEAN GROVE VI,keyword,0.95,OCEAN GROVE LOTTO,institution
OLSEN PLACE LOTTO,Gambling,OLSEN PLACE LOTTO|OLSEN PLACE LOTTO BROADMEADOWS VI,keyword,0.95,OLSEN PLACE LOTTO,institution
ORMOND NEWS LOTTO,Gambling,ORMOND NEWS LOTTO|ORMOND NEWS LOTTO ORMOND VI,keyword,0.95,ORMOND NEWS LOTTO,institution
OSHI LIMASSOL CY,Gambling,OSHI LIMASSOL CY,keyword,0.95,OSHI LIMASSOL CY,institution
OZ LOTTERYWES,Gambling,OZ LOTTERYWES|OZ LOTTERYWES AUTOPLAY VI,keyword,0.95,OZ LOTTERYWES,institution
P GARDENS LOTTERY KIO PARAFIELD GAR,Gambling,P GARDENS LOTTERY KI O PARAFIELD GAR|P GARDENS LOTTERY KI O|P GARDENS LOTTERY KIO PARAFIELD GAR|P GARDENS LOTTERY KIO,keyword,0.95,P GARDENS LOTTERY KIO PARAFIELD GAR,institution
PAKENHAM LOTTO & GIFTS,Gambling,PAKENHAM LOTTO GIFTS|PAKENHAM LOTTO GIF TSPAKENHAM|PAKENHAM LOTTO GIFTS PA KENHAM|PAKENHAM LOTTO GIFTS PAKENHAM VI,keyword,0.95,PAKENHAM LOTTO & GIFTS,institution
PAKENHAM RACING,Gambling,PAKENHAM RACING|SEC PAKENHAM RACING CL FLEMINGTON|SEC PAKENHAM RACING CL FLEMINGTON VI,keyword,0.95,PAKENHAM RACING,institution
PAKENHAM RACING CLUB,Gambling,PAKENHAM RACING CLUB|PAKENHAM RACING CLUB OFFICER|PAKENHAM RACING CLUB OFFICER VI|PAKENHAM RACING CLUB TYNONG|PAKENHAM RACING|PAKENHAM RACING CLUB TYNONG VI,keyword,0.95,PAKENHAM RACING CLUB,institution
PAKENHAMPLACELOTTOGIFT PAKENHAM,Gambling,PAKENHAMPLACELOTTOGIFT PAKENHAM|PAKENHAMPLACELOTTOGIFT PAKENHAM VI,keyword,0.95,PAKENHAMPLACELOTTOGIFT PAKENHAM,institution
PAKO ST NEWS & LOTTO,Gambling,PAKO ST NEWS LOTTO|PAKO ST NEWS LOTTO GEEL ONG WEST|PAKO ST NEWS LOTTO GEELONG WEST|PAKO ST NEWS LOTTO GEELONG WEST VI,keyword,0.95,PAKO ST NEWS & LOTTO,institution
PALM PLAZA LOTTO,Gambling,PALM PLAZA LOTTO|PALM PLAZA LOTTO DANDENONG VI,keyword,0.95,PALM PLAZA LOTTO,institution
PALM PLAZA NEWS LOTTO,Gambling,PALM PLAZA NEWS LOTTO|PALM PLAZA NEWS LOTTO DANDENONG VI,keyword,0.95,PALM PLAZA NEWS LOTTO,institution
PARALOWIE PLAZA LOTTER,Gambling,PARALOWIE PLAZA LOTTER|PARALOWIE PLAZA LOTTER PARALOWIE,keyword,0.95,PARALOWIE PLAZA LOTTER,institution
PARIMATCHWIN NICOSIA CY CYP,Gambling,PARIMATCHWIN NICOSIA CY|PARIMATCHWIN NICOSIA CY CYP,keyword,0.95,PARIMATCHWIN NICOSIA CY CYP,institution
PARKDALE NEWS LOTTO,Gambling,PARKDALE NEWS LOTTO|PARKDALE NEWS LOTTO L|PARKDALE NEWS LOTTO L PARKDALE VI,keyword,0.95,PARKDALE NEWS LOTTO,institution
PARKES HARNESS RACING CLUB PARK,Gambling,PARKES HARNESS RACING CLUB PARK,keyword,0.95,PARKES HARNESS RACING CLUB PARK,institution
PARKES HARNESS RACING PARKES,Gambling,PARKES HARNESS RACING PARKES,keyword,0.95,PARKES HARNESS RACING PARKES,institution
PARKHILL LOTTO PTY LT,Gambling,PARKHILL LOTTO PTY LT|PARKHILL LOTTO PTY LTBERWICK,keyword,0.95,PARKHILL LOTTO PTY LT,institution
PARKLANDS LOTTO,Gambling,PARKLANDS LOTTO|PARKLANDS LOTTO CURRIMUNDI|PARKLANDS LOTTO CURRIMUNDI QL,keyword,0.95,PARKLANDS LOTTO,institution
PARKMORE LOTTO,Gambling,PARKMORE LOTTO|PARKMORE LOTTO KEYSBOROUGH VI,keyword,0.95,PARKMORE LOTTO,institution
PCF LOTTERY,Gambling,PCF LOTTERY,keyword,0.95,PCF LOTTERY,institution
PCF LOTTERY TWEED HEADS,Gambling,PCF LOTTERY TWEED HEADS,keyword,0.95,PCF LOTTERY TWEED HEADS,institution
PENDING GAMMA SERVICES,Gambling,PENDING GAMMA SERVICES|PENDING GAMMA SERVICES POS HOLD,keyword,0.95,PENDING GAMMA SERVICES,institution
PERTH RACING,Gambling,PERTH RACING|PERTH RACING PERTH RACING ASCOT,keyword,0.95,PERTH RACING,institution
PERTH RACING ASCOT,Gambling,PERTH RACING ASCOT,keyword,0.95,PERTH RACING ASCOT,institution
PHOENIX LOTTERIES,Gambling,PHOENIX LOTTERIES,keyword,0.95,PHOENIX LOTTERIES,institution
PHOENIX LOTTERIES SPEARWO OD,Gambling,PHOENIX LOTTERIES SPEARWO OD,keyword,0.95,PHOENIX LOTTERIES SPEARWO OD,institution
PIMPAMA LOTTO & NEWS,Gambling,PIMPAMA LOTTO NEWS|PIMPAMA LOTTO NEWS PI MPAMA|PIMPAMA LOTTO NEWS PIMPAMA QL|PIMPAMA LOTTO AMP NEWS PIMPAMA QL|PIMPAMA LOTTO AMP NEWS,keyword,0.95,PIMPAMA LOTTO & NEWS,institution
PINES LOTTO & NEWS,Gambling,PINES LOTTO NEWS|PINES LOTTO AND NEWS DONCASTER EAS VI,keyword,0.95,PINES LOTTO & NEWS,institution
PINES LOTTO & NEWS DONCASTER EA,Gambling,PINES LOTTO NEWS DONCASTER EA|PINES LOTTO AND NEWS DONC ASTER EA|PINES LOTTO AND NEWS DONCASTER EA,keyword,0.95,PINES LOTTO & NEWS DONCASTER EA,institution
PINJARRA HARNESS RAC PINJARRA,Gambling,PINJARRA HARNESS RAC PINJARRA,keyword,0.95,PINJARRA HARNESS RAC PINJARRA,institution
PLAY2WIN WHANGANUI WHANGANUI,Gambling,PLAY2WIN WHANGANUI WHANGANUI,keyword,0.95,PLAY2WIN WHANGANUI WHANGANUI,institution
PLAYAMO TALLINN ES EST,Gambling,PLAYAMO LIMASSOL CY|PLAYAMO TALLINN ES EST,keyword,0.95,PLAYAMO TALLINN ES EST,institution
PLAZA LOTTERIES,Gambling,PLAZA LOTTERIES,keyword,0.95,PLAZA LOTTERIES,institution
PLAZA LOTTO,Gambling,PLAZA LOTTO|PLAZA LOTTO PLAZA LOTTO TRARALG,keyword,0.95,PLAZA LOTTO,institution
PLAZA LOTTO TRARALGON,Gambling,PLAZA LOTTO TRARALGON|PLAZA LOTTO TRARALGON VI,keyword,0.95,PLAZA LOTTO TRARALGON,institution
PN POST OFFICCE LOTTO PORT NOARLUNG,Gambling,PN POST OFFICCE LOTTO PORT NOARLUNG,keyword,0.95,PN POST OFFICCE LOTTO PORT NOARLUNG,institution
POINT COOK LOTTO,Gambling,POINT COOK LOTTO|POINT COOK LOTTO POINT CO OK|POINT COOK LOTTO POINT COOK|POINT COOK LOTTO POINT COOK VI,keyword,0.95,POINT COOK LOTTO,institution
PORT ADL PLAZA LOTTO PORT ADELAIDE,Gambling,PORT ADL PLAZA LOTTO PORT ADELAIDE|PORT ADL PLAZA LOTTO PORT,keyword,0.95,PORT ADL PLAZA LOTTO PORT ADELAIDE,institution
PORT HEDLAND TURF,Gambling,SQ PORT HEDLAND TURF|PORT HEDLAND TURF,keyword,0.95,PORT HEDLAND TURF,institution
PORT HEDLAND TURF CLUB,Gambling,PORT HEDLAND TURF CLUB|SQ PORT HEDLAND TURF CLU|PORT HEDLAND TURF CLU,keyword,0.95,PORT HEDLAND TURF CLUB,institution
PORT MACQUARIE RACE CL PORT MACQUAR,Gambling,PORT MACQUARIE RACE CL PORT MACQUAR,keyword,0.95,PORT MACQUARIE RACE CL PORT MACQUAR,institution
PORTSIDE LOTTO & LIQUOR,Gambling,PORTSIDE LOTTO LIQUOR|PORTSIDE LOTTO AND L|PORTSIDE LOTTO AND L PORT MELBOUR|PORTSIDE LOTTO AND L PORT MELBOURN VI|PORTSIDE LOTTO LIQOU R PORT MELBOU|PORTSIDE LOTTO LIQOUR|PORTSIDE LOTTO LIQOUR PORT MELBOURN VI,keyword,0.95,PORTSIDE LOTTO & LIQUOR,institution
POT OF GOLD LOTTO NEWS,Gambling,POT OF GOLD LOTTO NEWS,keyword,0.95,POT OF GOLD LOTTO NEWS,institution
PRAHRAN LOTTO,Gambling,PRAHRAN LOTTO|PRAHRAN LOTTO PRAHRAN VI,keyword,0.95,PRAHRAN LOTTO,institution
PRINCESS RD NEWS,Gambling,PRINCESS RD NEWS|PRINCESS RD NEWS LOTTO PRINCESS RD NEWS LOTTO BALGA W,keyword,0.95,PRINCESS RD NEWS,institution
PRINCESS RD NEWS LOTTO,Gambling,PRINCESS RD NEWS LOTTO|PRINCESS RD NEWS LOTTO BALGA WA AU CASH OUT PURCHASE|PRINCESS RD NEWS LOTTO BA LGA,keyword,0.95,PRINCESS RD NEWS LOTTO,institution
PROSPECT MP LOTTO,Gambling,PROSPECT MP LOTTO|PROSPECT MP LOTTO PROSPECT VALE|PROSPECT MP LOTTO PROSPECT VALE TAS AU CASH OUT PURCHASE|PROSPECT MP LOTTO PROSPECT VALE TA,keyword,0.95,PROSPECT MP LOTTO,institution
PUNTCLUB LUTWYCHE,Gambling,PUNTCLUB LUTWYCHE,keyword,0.95,PUNTCLUB LUTWYCHE,institution
PUNTERS BAR & B,Gambling,PUNTERS BAR B|PUNTERS BAR B S,keyword,0.95,PUNTERS BAR & B,institution
PUNTERS BAR & B S DARWIN CITY,Gambling,PUNTERS BAR B S DARWIN CITY|PUNTERS BAR B S DARWIN CITY AU CASH OUT PURCHASE|PUNTERS BAR B S|PUNTERS BAR AMP B S DARWIN CITY|PUNTERS BAR AMP B S,keyword,0.95,PUNTERS BAR & B S DARWIN CITY,institution
PUNTERS CLUB,Gambling,PUNTERS CLUB|SQ PUNTERS CLUB FITZR FITZROY VI|PUNTERS CLUB FITZR FITZROY VI,keyword,0.95,PUNTERS CLUB,institution
PUNTERS CLUB FITZROY,Gambling,PUNTERS CLUB FITZROY|PUNTERS CLUB FITZROY FITZROY,keyword,0.95,PUNTERS CLUB FITZROY,institution
PUNTERS GOLF,Gambling,SP PUNTERS GOLF|PUNTERS GOLF,keyword,0.95,PUNTERS GOLF,institution
PUNTERS GOLF KIRWAN,Gambling,PUNTERS GOLF KIRWAN QL|PUNTERS GOLF KIRWAN,keyword,0.95,PUNTERS GOLF KIRWAN,institution
PUNTERS GOLF NEWTOWN,Gambling,PUNTERS GOLF NEWTOWN,keyword,0.95,PUNTERS GOLF NEWTOWN,institution
PUNTERSHUB PREMIUM BRIGHTON,Gambling,PUNTERSHUB PREMIUM BRIGHTON|PUNTERSHUB PREMIUM BRIGHTON VI,keyword,0.95,PUNTERSHUB PREMIUM BRIGHTON,institution
PUNTX MACQ CARRARA,Gambling,PUNTX MACQ CARRARA QL|PUNTX MACQ CARRARA,keyword,0.95,PUNTX MACQ CARRARA,institution
PUNTX MACQUAR,Gambling,PUNTX MACQUAR,keyword,0.95,PUNTX MACQUAR,institution
QUEENS ROAD LOTTO,Gambling,QUEENS ROAD LOTTO|QUEENS ROAD LOTTO MELBOURNE VI,keyword,0.95,QUEENS ROAD LOTTO,institution
QUEENSPINS TALLINN ES EST,Gambling,QUEENSPINS TALLINN ES EST,keyword,0.95,QUEENSPINS TALLINN ES EST,institution
R SIDEPOSTNEWS & LOTTO,Gambling,R SIDEPOSTNEWS LOTTO|R SIDEPOSTNEWS LOTTO RIVERSIDE TA,keyword,0.95,R SIDEPOSTNEWS & LOTTO,institution
RABONA NICOSIA CYP,Gambling,RABONA NICOSIA CYP,keyword,0.95,RABONA NICOSIA CYP,institution
RACECOURSE LOTTO,Gambling,RACECOURSE LOTTO|RACECOURSE LOTTO FLEMINGT ON|RACECOURSE LOTTO FLEMINGTON VI,keyword,0.95,RACECOURSE LOTTO,institution
RACECOURSE LUCKY LOTTO,Gambling,RACECOURSE LUCKY LOTTO,keyword,0.95,RACECOURSE LUCKY LOTTO,institution
RACING NSW SPSRACINGNSW,Gambling,RACING NSW SPSRACINGNSW|RACING NSW|TRANSFER FROM RACING,keyword,0.95,RACING NSW SPSRACINGNSW,institution
RACING NSW,Gambling,RACING NSW|DIRECT CREDIT RACING NSW SPSRACINGNSW,keyword,0.95,RACING NSW,institution
RACING QUEENSLAND BOAR DEAGON,Gambling,RACING QUEENSLAND BOAR DEAGON QL|RACING QUEENSLAND BOAR DEAGON,keyword,0.95,RACING QUEENSLAND BOAR DEAGON,institution
RACING VICTORIA,Gambling,RACING VICTORIA|RACING VICTORIA FLEMINGTON VI|TRANSFER TO RACING VIC LTD COMMBANK APP JASON CHANDLER|TRANSFER TO RACING VIC LTD COMMBANK APP CHANDLER|TRANSFER TO RACING VIC LTD COMMBANK APP,keyword,0.95,RACING VICTORIA,institution
RAIDERS BINGO,Gambling,RAIDERS BINGO|RAIDERS BINGO BREAKWATER|RAIDERS BINGO BREAKWATER VI,keyword,0.95,RAIDERS BINGO,institution
RAYMOND STREET LOTTO,Gambling,RAYMOND STREET LOTTO|RAYMOND STREET LOTTO SALE VI,keyword,0.95,RAYMOND STREET LOTTO,institution
REGGIES TATTERSALLS HOTEL BARADIN,Gambling,REGGIES TATTERSALLS HOTEL BARADIN|REGGIES TATTERSALLS HOTEL BARADIN NSW AU CASH OUT PURCHASE,keyword,0.95,REGGIES TATTERSALLS HOTEL BARADIN,institution
RETAIL PURCHASE KENO,Gambling,RETAIL PURCHASE KENO|KENO VIC PTY LTD DOCKLANDS,keyword,0.95,RETAIL PURCHASE KENO,institution
RICHARDCASINO NICOSIA CY CYP,Gambling,RICHARDCASINO NICOSIA CY|RICHARDCASINO NICOSIA CY CYP,keyword,0.95,RICHARDCASINO NICOSIA CY CYP,institution
RINGWOOD SQUARE LOTTO,Gambling,RINGWOOD SQUARE LOTTO|RINGWOOD SQUARE LOTTO RINGWOOD VI,keyword,0.95,RINGWOOD SQUARE LOTTO,institution
RIVERTON FORUM LOTTERY,Gambling,RIVERTON FORUM LOTTERY|RIVERTON FORUM LOTTERY RIVERTON,keyword,0.95,RIVERTON FORUM LOTTERY,institution
RIVERTON LOTTO KIOS,Gambling,RIVERTON LOTTO KIOS|RIVERTON LOTTO KIOS RIVERTON,keyword,0.95,RIVERTON LOTTO KIOS,institution
RMH HOME LOTTERY,Gambling,RMH HOME LOTTERY|RMH HOME LOTTERY MELBOURNE VI,keyword,0.95,RMH HOME LOTTERY,institution
ROCKINGHAM CENTRAL LOTTER,Gambling,ROCKINGHAM CENTRAL LOTTER,keyword,0.95,ROCKINGHAM CENTRAL LOTTER,institution
ROCKINGHAM CNTRL LOTTO,Gambling,ROCKINGHAM CNTRL LOTTO|ROCKINGHAM CNTRL LOTTO RO CKINGHAM,keyword,0.95,ROCKINGHAM CNTRL LOTTO,institution
ROCKINGHAM LOTTERY,Gambling,ROCKINGHAM LOTTERY,keyword,0.95,ROCKINGHAM LOTTERY,institution
ROCKINGHAM LOTTERY ROCKING,Gambling,ROCKINGHAM LOTTERY ROCKING,keyword,0.95,ROCKINGHAM LOTTERY ROCKING,institution
ROCKWIN IO WILLEMSTAD,Gambling,ROCKWIN IO WILLEMSTAD,keyword,0.95,ROCKWIN IO WILLEMSTAD,institution
ROGERS FAMILY LOTTER,Gambling,ROGERS FAMILY LOTTER|ROGERS FAMILY LOTTER PAKENHAM VI,keyword,0.95,ROGERS FAMILY LOTTER,institution
ROMA TURF CLUB,Gambling,ROMA TURF CLUB|SQ ROMA TURF CLUB ROMA|ROMA TURF CLUB ROMA|SQ ROMA TURF CLUB ROMA QL,keyword,0.95,ROMA TURF CLUB,institution
ROSAVILLE LOTTERIES MOUNT GAMB,Gambling,ROSAVILLE LOTTERIES MOUNT GAMB|ROSAVILLE LOTTERIES,keyword,0.95,ROSAVILLE LOTTERIES MOUNT GAMB,institution
ROSEBUD PLAZA LOTTO,Gambling,ROSEBUD PLAZA LOTTO|ROSEBUD PLAZA LOTTO ROSEBUD VI,keyword,0.95,ROSEBUD PLAZA LOTTO,institution
ROSEBUD PLAZZA LOTTO,Gambling,ROSEBUD PLAZZA LOTTO|ROSEBUD PLAZZA LOTTO ROSEBUD VI,keyword,0.95,ROSEBUD PLAZZA LOTTO,institution
ROXBURGHPARK NEWSLOTTO,Gambling,ROXBURGHPARK NEWSLOTTO|ROXBURGHPARK NEWSLOTTO ROXBURGH PARK VI,keyword,0.95,ROXBURGHPARK NEWSLOTTO,institution
ROYAL HEIGHTS LOTTO,Gambling,ROYAL HEIGHTS LOTTO,keyword,0.95,ROYAL HEIGHTS LOTTO,institution
ROYAL PANDA SLIEMA ML MLT,Gambling,ROYAL PANDA SLIEMA ML MLT,keyword,0.95,ROYAL PANDA SLIEMA ML MLT,institution
ROZY LOTTO,Gambling,ROZY LOTTO|ROZY LOTTO TRANSFER TO DAN BALCHAND,keyword,0.95,ROZY LOTTO,institution
RUTHERGLEN NEWS & LOTTO RUTHERGLEN,Gambling,RUTHERGLEN NEWS LOTTO RUTHERGLEN,keyword,0.95,RUTHERGLEN NEWS & LOTTO RUTHERGLEN,institution
RZ RH,Gambling,RZ RH|RZ RH PTY LTD,keyword,0.95,RZ RH,institution
RZ RH SYDNEY,Gambling,RZ RH SYDNEY|RZ RH SYD NEY NS|RZ RH PTY LTD SYD NEY NS|RZ RH SYDNEY NS|RZ RH PTY LTD SYDNEY NS|RZ RH SYDNEY NSWAU|RZ RH PTY LTD SYDNEY NSWAU,keyword,0.95,RZ RH SYDNEY,institution
S & J LOTTO & GIFTS,Gambling,S J LOTTO GIFTS|S J LOTTO GIFTS COLLINGWOOD VI,keyword,0.95,S & J LOTTO & GIFTS,institution
SA HARNESS RACING CLUB GLOBE DERBY,Gambling,SA HARNESS RACING CLUB GLOBE DERBY|SA HARNESS RACING CL GLOBE DERBY|SA HARNESS RACING CL GLOBE DERBY P,keyword,0.95,SA HARNESS RACING CLUB GLOBE DERBY,institution
SAC DOUGLAS,Gambling,SAC DOUGLAS|SAC DOUGLAS GB GBR,keyword,0.95,SAC DOUGLAS,institution
SALE CENTRE LOTTO,Gambling,SALE CENTRE LOTTO|SALE CENTRE LOTTO SALE VI,keyword,0.95,SALE CENTRE LOTTO,institution
SALE GREYHOUND RACING CLUB,Gambling,SALE GREYHOUND RACING CLUB|SALE GREYHOUND RACING CLUB SALE GREYHOUND CLUB,keyword,0.95,SALE GREYHOUND RACING CLUB,institution
SALE GREYHOUND RACING G SALE03,Gambling,SALE GREYHOUND RACING G SALE03,keyword,0.95,SALE GREYHOUND RACING G SALE03,institution
SALE TURF CLUB,Gambling,SALE TURF CLUB|SALE TURF CLUB SALE VI,keyword,0.95,SALE TURF CLUB,institution
SAMI PTY LTD,Gambling,SAMI PTY LTD,keyword,0.95,SAMI PTY LTD,institution
SANCTUARY LAKES LOTTO,Gambling,SANCTUARY LAKES LOTTO|SANCTUARY LAKES LOTTO POI NT COOK|SANCTUARY LAKES LOTTO POINT COOK|SANCTUARY LAKES LOTTO POINT COOK VI,keyword,0.95,SANCTUARY LAKES LOTTO,institution
SANDOWN GREYHOUND RA,Gambling,SANDOWN GREYHOUND RA|SANDOWN GREYHOUND RA SPRINGVALE VI,keyword,0.95,SANDOWN GREYHOUND RA,institution
SANDOWN GREYHOUND RC,Gambling,SANDOWN GREYHOUND RC,keyword,0.95,SANDOWN GREYHOUND RC,institution
SANDY BAY LOTTERIES,Gambling,SANDY BAY LOTTERIES|SANDY BAY LOTTERIES SANDY BAY TA,keyword,0.95,SANDY BAY LOTTERIES,institution
SCOLE LOTTO & NEWS,Gambling,SCOLE LOTTO NEWS|SCOLE LOTTO AND NEWS BRUNSWICK|SCOLE LOTTO AND NEWS BRUNSWICK VI,keyword,0.95,SCOLE LOTTO & NEWS,institution
SCRUMMY LTD SPINBIT NICOSIA N CYP,Gambling,SCRUMMY LTD SPINBIT NICOSIA N CYP,keyword,0.95,SCRUMMY LTD SPINBIT NICOSIA N CYP,institution
SEAFORD LOTTERY KIOSK SEAFORD,Gambling,SEAFORD LOTTERY KIOSK SE AFORD|SEAFORD LOTTERY KIOSK SEAFORD|SEAFORD LOTTERY KIOSK,keyword,0.95,SEAFORD LOTTERY KIOSK SEAFORD,institution
SEAFORD NEWS & LOTTO,Gambling,SEAFORD NEWS LOTTO|SEAFORD NEWS AND LOTTO|SEAFORD NEWS AND LOTTO SEAFORD VI,keyword,0.95,SEAFORD NEWS & LOTTO,institution
SEAFORD NEWS & LOTTO GLADSTONE R,Gambling,SEAFORD NEWS LOTTO GLADSTONE R,keyword,0.95,SEAFORD NEWS & LOTTO GLADSTONE R,institution
SEDDON NEWS & LOTTO,Gambling,SEDDON NEWS LOTTO|SEDDON NEWS LOTTO SEDDON VI,keyword,0.95,SEDDON NEWS & LOTTO,institution
SERAGLIO LOTTO,Gambling,SERAGLIO LOTTO|SERAGLIO LOTTO SOUTH MELBOUR VI,keyword,0.95,SERAGLIO LOTTO,institution
SEVEN MILE AROMA PTY L SUNNYBANK,Gambling,SEVEN MILE AROMA PTY L SUNNYBANK,keyword,0.95,SEVEN MILE AROMA PTY L SUNNYBANK,institution
SEYMOUR RACING CLUB I,Gambling,SQ SEYMOUR RACING CLUB I|SEYMOUR RACING CLUB I,keyword,0.95,SEYMOUR RACING CLUB I,institution
SEYMOUR RACING CLUB SEYMOUR,Gambling,SEYMOUR RACING CLUB SEYMOUR|SQ SEYMOUR RACING CLU SEYMOUR VI|SEYMOUR RACING CLU SEYMOUR VI,keyword,0.95,SEYMOUR RACING CLUB SEYMOUR,institution
SEYMOUR RACING CLUB YARRA GLEN,Gambling,SEYMOUR RACING CLUB YARRA GLEN|SQ SEYMOUR RACING CLU YARRA GLEN VI|SEYMOUR RACING CLU YARRA GLEN VI,keyword,0.95,SEYMOUR RACING CLUB YARRA GLEN,institution
SHAMROCK NEWS & LOTTO,Gambling,SHAMROCK NEWS LOTTO|SHAMROCK NEWS LOTTO SOUTHPORT QL,keyword,0.95,SHAMROCK NEWS & LOTTO,institution
SHARK POKER AUSTRALIA,Gambling,SHARK POKER AUSTRALIA,keyword,0.95,SHARK POKER AUSTRALIA,institution
SHEPPARTON GREYHOUND R,Gambling,SHEPPARTON GREYHOUND R|SHEPPARTON GREYHOUND R KIALLA,keyword,0.95,SHEPPARTON GREYHOUND R,institution
SHERWOOD NEWS LOTTO & SHERW,Gambling,SHERWOOD NEWS LOTTO SHERW,keyword,0.95,SHERWOOD NEWS LOTTO & SHERW,institution
SHOALHAVEN CITY TURF C SOUTH,Gambling,SHOALHAVEN CITY TURF C SOUTH,keyword,0.95,SHOALHAVEN CITY TURF C SOUTH,institution
SHOPPINGTOWN LOTTO,Gambling,SHOPPINGTOWN LOTTO DONCASTER|SHOPPINGTOWN LOTTO|SHOPPINGTOWN LOTTO DONCASTER VI,keyword,0.95,SHOPPINGTOWN LOTTO,institution
SINGLETON LOTTERIES,Gambling,SINGLETON LOTTERIES,keyword,0.95,SINGLETON LOTTERIES,institution
SINGLETON LOTTERIES KARNUP,Gambling,PURCHASE SINGLETON LOTTERIES KARNUP|SINGLETON LOTTERIES KARNUP,keyword,0.95,SINGLETON LOTTERIES KARNUP,institution
SKYCITY NUMBER,Gambling,SKYCITY NUMBER,keyword,0.95,SKYCITY NUMBER,institution
SKYCITY WILD THYME QUEENSTOWN,Gambling,SKYCITY WILD THYME QUEENSTOWN,keyword,0.95,SKYCITY WILD THYME QUEENSTOWN,institution
SLOTS HEART,Gambling,SLOTS HEART|SLOTS HEART OF,keyword,0.95,SLOTS HEART,institution
SLOTSGALLERY NICOSIA CY CYP,Gambling,SLOTSGALLERY NICOSIA CY|SLOTSGALLERY NICOSIA CY CYP,keyword,0.95,SLOTSGALLERY NICOSIA CY CYP,institution
SLOTSGALLERY COM WILLEMST,Gambling,SLOTSGALLERY COM WILLEMST,keyword,0.95,SLOTSGALLERY COM WILLEMST,institution
SLOTUM TALLINN ES EST,Gambling,SLOTUM TALLINN ES EST,keyword,0.95,SLOTUM TALLINN ES EST,institution
SMITHFIELD LOTTERIES,Gambling,SMITHFIELD LOTTERIES|SMITHFIELD LOTTERIES SMITHFIELD|SMITHFIELD LOTTERIES SMITHFIELD NS,keyword,0.95,SMITHFIELD LOTTERIES,institution
SORELL LOTTO,Gambling,SORELL LOTTO|SORELL LOTTO HUB SO RELL|SORELL LOTTO HUB SORELL TA,keyword,0.95,SORELL LOTTO,institution
SORELL LOTTO HUB,Gambling,SORELL LOTTO HUB,keyword,0.95,SORELL LOTTO HUB,institution
SORELL LOTTO HUB SORELL T AS,Gambling,SORELL LOTTO HUB SORELL T AS,keyword,0.95,SORELL LOTTO HUB SORELL T AS,institution
SOUTH MELBOURNE LOTTO,Gambling,SOUTH MELBOURNE LOTTO,keyword,0.95,SOUTH MELBOURNE LOTTO,institution
SOUTHERN HARMONY PTY L SEAFORD,Gambling,SOUTHERN HARMONY PTY L SEAFORD|SOUTHERN HARMONY PTY L,keyword,0.95,SOUTHERN HARMONY PTY L SEAFORD,institution
SOUTHERN POKER TOUR BARMERA,Gambling,SOUTHERN POKER TOUR BARMERA,keyword,0.95,SOUTHERN POKER TOUR BARMERA,institution
SOUTHLAND LOTTERIES,Gambling,SOUTHLAND LOTTERIES|SOUTHLAND LOTTERIES CHELTENHAM VI,keyword,0.95,SOUTHLAND LOTTERIES,institution
SOUTHSIDE BINGO UPPER,Gambling,SOUTHSIDE BINGO UPPER|SOUTHSIDE BINGO UPPER MOUNT G,keyword,0.95,SOUTHSIDE BINGO UPPER,institution
SOUTHSIDE RACING,Gambling,SOUTHSIDE RACING|SOUTHSIDE RACING CRANBOURNE CRANBOURNE TURF CLUB CRAN|SOUTHSIDE RACING CRANBOURNE CRANBOURNE TURF CLU,keyword,0.95,SOUTHSIDE RACING,institution
SPENCER ST LOTTO,Gambling,SPENCER ST LOTTO|SPENCER ST LOTTO MELBOURNE VI,keyword,0.95,SPENCER ST LOTTO,institution
SPINAGO TALLINN ES EST,Gambling,SPINAGO LIMASSOL CY|SPINAGO TALLINN ES EST|SPINAGO TALLINN,keyword,0.95,SPINAGO TALLINN ES EST,institution
SPINSAMURAI TALLINN ES EST,Gambling,SPINSAMURAI LIMASSOL CY|SPINSAMURAI TALLINN ES EST|SPINSAMURAI TALLINN,keyword,0.95,SPINSAMURAI TALLINN ES EST,institution
SPINSAMURAI KING SW,Gambling,SPINSAMURAI KING SW|SPINSAMURAI KING SW ES EST,keyword,0.95,SPINSAMURAI KING SW,institution
SPOTLIGHTLOTTOCARNEGIE CARNEGIE,Gambling,SPOTLIGHTLOTTOCARNEGIE CARNEGIE|SPOTLIGHTLOTTOCARNEGIE CARNEGIE VI,keyword,0.95,SPOTLIGHTLOTTOCARNEGIE CARNEGIE,institution
SPRINGBANK LOTTO KIOSK,Gambling,SPRINGBANK LOTTO KIO SKBURTON|SPRINGBANK LOTTO KIOSK|SPRINGBANK LOTTO KIOSK BURTON,keyword,0.95,SPRINGBANK LOTTO KIOSK,institution
SPRINGVALE JUNCT LOTTO,Gambling,SPRINGVALE JUNCT LOTTO|SPRINGVALE JUNCT LOTTO SPRINGVALE VI,keyword,0.95,SPRINGVALE JUNCT LOTTO,institution
SPRINGVALE LOTTO A,Gambling,SMP SPRINGVALE LOTTO A|SPRINGVALE LOTTO A,keyword,0.95,SPRINGVALE LOTTO A,institution
SPRINGVALE NEWS LOTTO,Gambling,SPRINGVALE NEWS LOTTO|SPRINGVALE NEWS LOTTO SPRINGVALE VI,keyword,0.95,SPRINGVALE NEWS LOTTO,institution
SSSALAN HOLDINGS PTY RESERVOIR,Gambling,SSSALAN HOLDINGS PTY RESERVOIR|SSSALAN HOLDINGS PTY RESERVOIR VI,keyword,0.95,SSSALAN HOLDINGS PTY RESERVOIR,institution
ST ALBANS LOTTO & NEWS,Gambling,ST ALBANS LOTTO NEWS|ST ALBANS LOTTO NE WSST ALBANS|ST ALBANS LOTTO NEWS ST ALBANS VI,keyword,0.95,ST ALBANS LOTTO & NEWS,institution
ST GERMAIN NEW LOTTO,Gambling,ST GERMAIN NEW LOTTO|ST GERMAIN NEW LOTTO CLYDE NORTH|ST GERMAIN NEW LOTTO L CLYDE NORT|ST GERMAIN NEW LOTTO L CLYDE NORTH,keyword,0.95,ST GERMAIN NEW LOTTO,institution
STABLEBET MACQ MIDDLE PARK,Gambling,STABLEBET MACQ MIDDLE PARK|STABLEBET MACQ MIDDLE PARK VI,keyword,0.95,STABLEBET MACQ MIDDLE PARK,institution
STABLEBET MACQUAR,Gambling,STABLEBET MACQUAR,keyword,0.95,STABLEBET MACQUAR,institution
STANTHORPE JOCKEY CLUB,Gambling,STANTHORPE JOCKEY CLUB|STANTHORPE JOCKEY CL,keyword,0.95,STANTHORPE JOCKEY CLUB,institution
STARS LUCKY LOTTO,Gambling,STARS LUCKY LOTTO,keyword,0.95,STARS LUCKY LOTTO,institution
STARS LUCKY LOTTO SOMERVILLE,Gambling,STARS LUCKY LOTTO SOMERVILLE,keyword,0.95,STARS LUCKY LOTTO SOMERVILLE,institution
STATION STREET LOTTO,Gambling,STATION STREET LOTTO|STATION STREET LOTTO THORNBURY VI,keyword,0.95,STATION STREET LOTTO,institution
STAWELL HARNESS RACING,Gambling,STAWELL HARNESS RACING,keyword,0.95,STAWELL HARNESS RACING,institution
STAYCASINO NICOSIA CY CYP,Gambling,STAYCASINO NICOSIA CY|STAYCASINO NICOSIA CY CYP,keyword,0.95,STAYCASINO NICOSIA CY CYP,institution
STRATH LOTTERIES,Gambling,STRATH LOTTERIES|STRATH LOTTERIES KE NNINGTON|STRATH LOTTERIES KENNINGT ON|STRATH LOTTERIES KENNINGTON|STRATH LOTTERIES KENNINGTON VI,keyword,0.95,STRATH LOTTERIES,institution
STUD PARK LOTTO,Gambling,STUD PARK LOTTO|STUD PARK LOTTO RO WVILLE|STUD PARK LOTTO ROWVILLE VI,keyword,0.95,STUD PARK LOTTO,institution
SUBIACO LOTTO N NEWS,Gambling,SUBIACO LOTTO N NEWS,keyword,0.95,SUBIACO LOTTO N NEWS,institution
SUBIACO LOTTO PLUS,Gambling,SUBIACO LOTTO PLUS,keyword,0.95,SUBIACO LOTTO PLUS,institution
SUMMERFIELD NEWS LOTTO,Gambling,SUMMERFIELD NEWS LOTTO|SUMMERFIELD NEWS LOTTO GIRRAWHEEN|SUMMERFIELD NEWS LOTTO GIRRAWHEEN WA AU CASH OUT PURCHASE,keyword,0.95,SUMMERFIELD NEWS LOTTO,institution
SUMMERHILL POST LOTTO,Gambling,SUMMERHILL POST LOTTO|SUMMERHILL POST LOTTO RESERVOIR|SUMMERHILL POST LOTTO RESERVOIR VI,keyword,0.95,SUMMERHILL POST LOTTO,institution
SUNBURY SQUARE LOTTO &,Gambling,SUNBURY SQUARE LOTTO|SUNBURY SQUARE LOTTO A|SUNBURY SQUARE LOTTO AND|SUNBURY SQUARE LOTTO ASUNBURY,keyword,0.95,SUNBURY SQUARE LOTTO &,institution
SUNSET NEWS,Gambling,SUNSET NEWS|SUNSET NEWS AND LOTTERY CENTRE SUNSET NEWS GLENFIELD|SUNSET NEWS AND LOTTERY CENTRE SUNSET NEWS GLENFIE,keyword,0.95,SUNSET NEWS,institution
SUNSHINE COAST TURF CLUB,Gambling,SQ SUNSHINE COAST TURF C|SUNSHINE COAST TURF C|SUNSHINE COAST TURF CL|SUNSHINE COAST TURF CLUB|SUNSHINE COAST TURF CLUB SUNSHINECOASTTURFCLUB CALO|SUNSHINECOASTTURFCLU B CALOUNDRA|SUNSHINECOASTTURFCLU B|SUNSHINECOASTTURFCLUB CALOUNDRA QL,keyword,0.95,SUNSHINE COAST TURF CLUB,institution
SUPER LOTTO,Gambling,SUPER LOTTO,keyword,0.95,SUPER LOTTO,institution
SUPER LOTTO HOPPERS CROSS,Gambling,SUPER LOTTO HOPPERS CROSS|SUPER LOTTO HOPPERS CROSS ING|SUPER LOTTO HOPPERS CROSS VI,keyword,0.95,SUPER LOTTO HOPPERS CROSS,institution
SUPERSTAR LUCKY LOTTO,Gambling,SUPERSTAR LUCKY LOTTO|SUPERSTAR LUCKY LOTTO SUPER STAR LUCKY LO CRANBOU|SUPERSTAR LUCKY LOTTO SUPER STAR LUCKY CRANBOU|SUPERSTAR LUCKY LOTTO SUPER STAR LUCKY LO|SUPERSTAR LUCKY LOTTO SUPER STAR LUCKY,keyword,0.95,SUPERSTAR LUCKY LOTTO,institution
SUPREME PLAYERS PTY CARLTON,Gambling,SUPREME PLAYERS PTY CARLTON|SUPREME PLAYERS PTY CARLTON VI,keyword,0.95,SUPREME PLAYERS PTY CARLTON,institution
SWAN HILL JOCKEY,Gambling,SWAN HILL JOCKEY|SEC SWAN HILL JOCKEY C FLEMINGTON VI,keyword,0.95,SWAN HILL JOCKEY,institution
SWANBOURNE LOTTERY LPO SWANBOURNE,Gambling,SWANBOURNE LOTTERY LPO SWANBOURNE,keyword,0.95,SWANBOURNE LOTTERY LPO SWANBOURNE,institution
SYDNEY RD LUCKY LOTTO,Gambling,SYDNEY RD LUCKY LOTTO|SYDNEY RD LUCKY LOTTO BRUNSWICK|SYDNEY RD LUCKY LOTTO BRUNSWICK VI,keyword,0.95,SYDNEY RD LUCKY LOTTO,institution
SYNDICATE TALLINN ES EST,Gambling,SYNDICATE TALLINN ES EST,keyword,0.95,SYNDICATE TALLINN ES EST,institution
SYNDICATE KING SW,Gambling,SYNDICATE KING SW|SYNDICATE KING SW ES EST,keyword,0.95,SYNDICATE KING SW,institution
TAB LTD RT OUTLETS,Gambling,TAB LTD RT OUTLETS|TAB LTD RT OUTLETS SYDNEY AU CASH OUT,keyword,0.95,TAB LTD RT OUTLETS,institution
TAB NEW ZEALAND,Gambling,TAB NEW ZEALAND|TAB NEW ZEALAND ROTORUA,keyword,0.95,TAB NEW ZEALAND,institution
TAB NZ PETONE,Gambling,TAB NZ PETONE|TAB NZ PETONE NZ,keyword,0.95,TAB NZ PETONE,institution
TAMWORTH HARNESS RACING CLUB,Gambling,TAMWORTH HARNESS RACING CLUB|SMP TAMWORTH HARNESS|TAMWORTH HARNESS,keyword,0.95,TAMWORTH HARNESS RACING CLUB,institution
TAMWORTH JOCKEY CLUB,Gambling,SQ TAMWORTH JOCKEY CLUB|TAMWORTH JOCKEY CLUB|TAMWORTH JOCKEY CLUB TAMINDA NS,keyword,0.95,TAMWORTH JOCKEY CLUB,institution
TAMWORTH JOCKEY CLWEST,Gambling,TAMWORTH JOCKEY CLWEST|SQ TAMWORTH JOCKEY CLWEST TAMWORTH|SQ TAMWORTH JOCKEY CLWEST,keyword,0.95,TAMWORTH JOCKEY CLWEST,institution
TAREE LOTTO,Gambling,TAREE LOTTO,keyword,0.95,TAREE LOTTO,institution
TARGET LOTTO & NEWS,Gambling,TARGET LOTTO NEWS|TARGET LOTTO|TARGET LOTTO AMP NEWS HOPPERS CROSAUS|TARGET LOTTO AMP NEWS HOPPERS CROSSAU|TARGET LOTTO NEWS HOPPERS CROSSAU|TARGET LOTTO NEWS HOPPERS CROSAUS|TARGET LOTTO NEWS HOPPERS CR|TARGET LOTTO NEWS HOPPERS CRO|TARGET LOTTO NEWS HOPPERS CROS|TARGET LOTTO NEWS HOPPERS CROSS|TARGET LOTTO NEWS HOPPERS CROSS VI|TARGET LOTTO AND NEW|TARGET LOTTO AND NEW HOPPERS CRO|TARGET LOTTO AND NEW HOPPERS CROS|TARGET LOTTO AND NEW HOPPERS CROSS VI,keyword,0.95,TARGET LOTTO & NEWS,institution
TARNEIT GARDENS LOTTO,Gambling,TARNEIT GARDENS LOTTO|TARNEIT GARDENS LOTTO TAR NEIT|TARNEIT GARDENS LOTTO TARNEIT|TARNEIT GARDENS LOTTO TARNEIT VI,keyword,0.95,TARNEIT GARDENS LOTTO,institution
TASMANIAN RACING CLUB,Gambling,TASMANIAN RACING CLU B GLENORCHY|TASMANIAN RACING CLU B|TASMANIAN RACING CLUB|TASMANIAN RACING CLUB ELWICK TA|TASMANIAN RACING CLUB GLEN,keyword,0.95,TASMANIAN RACING CLUB,institution
TASMANIAN TURF CLUB,Gambling,TASMANIAN TURF CLUB IN|TASMANIAN TURF CLUB|TASMANIAN TURF CLUB IN MOWBRAY|TASMANIAN TURF CLUB INC MOWBRAY|TASMANIAN TURF CLUB MOWBRAY|TASMANIAN TURF CLUB MOWBRAY TA,keyword,0.95,TASMANIAN TURF CLUB,institution
TATTERSALLS HOTEL,Gambling,SQ TATTERSALLS HOTEL|TATTERSALLS HOTEL,keyword,0.95,TATTERSALLS HOTEL,institution
TATTERSALLS HOTEL BOT,Gambling,SQ TATTERSALLS HOTEL BOT|TATTERSALLS HOTEL BOT,keyword,0.95,TATTERSALLS HOTEL BOT,institution
TATTERSALLS HOTEL BUNDABERG,Gambling,TATTERSALLS HOTEL BUNDABERG,keyword,0.95,TATTERSALLS HOTEL BUNDABERG,institution
TATTERSALLS HOTEL CASINO,Gambling,TATTERSALLS HOTEL CASINO|TATTERSALLS HOTEL CASINO NS,keyword,0.95,TATTERSALLS HOTEL CASINO,institution
TATTERSALLS HOTEL GOUL,Gambling,SQ TATTERSALLS HOTEL GOULBURN NS|TATTERSALLS HOTEL GOULBURN NS|TATTERSALLS HOTEL GO ULGOULBURN|TATTERSALLS HOTEL GOUL,keyword,0.95,TATTERSALLS HOTEL GOUL,institution
TATTERSALLS HOTEL PENRITH,Gambling,TATTERSALLS HOTEL PENRITH|TATTERSALLS HOTEL|TATTERSALLS HOTEL PENRITH NS,keyword,0.95,TATTERSALLS HOTEL PENRITH,institution
TERANG HARNESS RACI TERAN G,Gambling,TERANG HARNESS RACI TERAN G,keyword,0.95,TERANG HARNESS RACI TERAN G,institution
THE GLEN LOTTO,Gambling,THE GLEN LOTTO|THE GLEN LOTTO GLEN WAVERLEY VI,keyword,0.95,THE GLEN LOTTO,institution
THE ILLAWARRA TURF CLUB,Gambling,THE ILLAWARRA TURF CLUB|THE ILLAWARRA TURF CLU KEMBLA GRANGE NS,keyword,0.95,THE ILLAWARRA TURF CLUB,institution
THE LEG UP AUSTRALIA ROBINA,Gambling,THE LEG UP AUSTRALIA ROBINA QL|THE LEG UP AUSTRALIA ROBINA,keyword,0.95,THE LEG UP AUSTRALIA ROBINA,institution
THE LINKS LUCKY LOTTO OAKLEIGH SOU,Gambling,THE LINKS LUCKY LOTTO OAKLEIGH SOU,keyword,0.95,THE LINKS LUCKY LOTTO OAKLEIGH SOU,institution
THE LOTTER,Gambling,THE LOTTER|THE LOTTER BARANGAROO NS,keyword,0.95,THE LOTTER,institution
THE LUCKY LOTTERY,Gambling,THE LUCKY LOTTERY|THE LUCKY LOTTERY BOORAGO ON|THE LUCKY LOTTERY BOORAGOON,keyword,0.95,THE LUCKY LOTTERY,institution
THE LUCKY PLACE RHOD ES14 WALKER STR,Gambling,THE LUCKY PLACE RHOD ES14 WALKER STR|THE LUCKY PLACE RHOD ES14,keyword,0.95,THE LUCKY PLACE RHOD ES14 WALKER STR,institution
THE LUCKY PLACE RHODE RHODES,Gambling,THE LUCKY PLACE RHODE RHODES,keyword,0.95,THE LUCKY PLACE RHODE RHODES,institution
THE NOR WEST JOCKE,Gambling,SQ THE NOR WEST JOCKE|THE NOR WEST JOCKE|SQ THE NOR WEST JOCKE PEGS CREEK|THE NOR WEST JOCKE PEGS CREEK,keyword,0.95,THE NOR WEST JOCKE,institution
THE PALMS BINGO & CLMAIDSTONE03,Gambling,THE PALMS BINGO CLMAIDSTONE03|THE PALMS BINGO AND CLMAIDSTONE03,keyword,0.95,THE PALMS BINGO & CLMAIDSTONE03,institution
THE PALMS BINGO & CLU MAIDSTONE03,Gambling,THE PALMS BINGO CLU MAIDSTONE03|THE PALMS BINGO AND CLU MAIDSTONE03|THE PALMS BINGO AND CLU MAIDSTONE03 AU CASH OUT,keyword,0.95,THE PALMS BINGO & CLU MAIDSTONE03,institution
THE PINES LOTTO,Gambling,THE PINES LOTTO|THE PINES LOTTO ELANORA,keyword,0.95,THE PINES LOTTO,institution
THE PINES LOTTO NEWS,Gambling,THE PINES LOTTO NEW S ELANORA|THE PINES LOTTO NEWS|THE PINES LOTTO NEWS ELANORA|THE PINES LOTTO,keyword,0.95,THE PINES LOTTO NEWS,institution
THECLUBHOUSECASINO TALLINN ES EST,Gambling,THECLUBHOUSECASINO LIMASSOL CY|THECLUBHOUSECASINO TALLINN ES EST,keyword,0.95,THECLUBHOUSECASINO TALLINN ES EST,institution
THECLUBHOUSECASINO KING SW,Gambling,THECLUBHOUSECASINO KING SW|THECLUBHOUSECASINO KING SW ES EST,keyword,0.95,THECLUBHOUSECASINO KING SW,institution
THOMPSON NEWS LOTTO,Gambling,THOMPSON NEWS LOTTO|THOMPSON NEWS LOTTO CRANBOURNE NO|THOMPSON NEWS LOTTO CRANBOURNE NO VI,keyword,0.95,THOMPSON NEWS LOTTO,institution
THOROUGHBETS DONVALE,Gambling,THOROUGHBETS DONVALE|THOROUGHBETS DONVALE VI|THOROUGHBETS PTY LTD DONVALE VI,keyword,0.95,THOROUGHBETS DONVALE,institution
THRIFT PARK LOTTO SHOP,Gambling,THRIFT PARK LOTTO SHOP|THRIFT PARK LOTTO SHOP NE,keyword,0.95,THRIFT PARK LOTTO SHOP,institution
TMS GS LIFEFLIGHTLOT MILTON,Gambling,TMS GS LIFEFLIGHTLOT MILTON,keyword,0.95,TMS GS LIFEFLIGHTLOT MILTON,institution
TMS GS PARALOTTERY,Gambling,TMS GS PARALOTTERY,keyword,0.95,TMS GS PARALOTTERY,institution
TMS GS RSPCA LOTTERY MELBOURNE,Gambling,TMS GS RSPCA LOTTERY MELBOURNE|TMS GS RSPCA LOTTERY,keyword,0.95,TMS GS RSPCA LOTTERY MELBOURNE,institution
TMSGS COMMBANK APP BPAY KBAATEN,Gambling,TMSGS COMMBANK APP BPAY KBAATEN|TMSGS COMMBANK APP BPAY MONEY|TMSGS COMMBANK APP BPAY,keyword,0.95,TMSGS COMMBANK APP BPAY KBAATEN,institution
TOM W,Gambling,TOM W|TOM W PTY LTD,keyword,0.95,TOM W,institution
TOORAK NEWS & LOTTO,Gambling,TOORAK NEWS LOTTO|TOORAK NEWS LOTTO TOORAK|TOORAK NEWS LOTTO TOORAK VI,keyword,0.95,TOORAK NEWS & LOTTO,institution
TORQUAY LOTTO & GIFT,Gambling,TORQUAY LOTTO GIFT|TORQUAY LOTTO AND GIFT,keyword,0.95,TORQUAY LOTTO & GIFT,institution
TOWN & COUNTRY LOTTO,Gambling,TOWN COUNTRY LOTTO|TOWN COUNTRY LOTTO WAUR N PONDS|TOWN COUNTRY LOTTO WAURN PONDS|TOWN COUNTRY LOTTO WAURN PONDS VI,keyword,0.95,TOWN & COUNTRY LOTTO,institution
TOWN HALL LOTTO,Gambling,TOWN HALL LOTTO|TOWN HALL LOTTO PRESTON VI,keyword,0.95,TOWN HALL LOTTO,institution
TOWNSVILLE TURF CLUB,Gambling,SQ TOWNSVILLE TURF CLUB|TOWNSVILLE TURF CLUB|TOWNSVILLE TURF CLUB CLUDEN QL|TOWNSVILLE TURF CLUB CLUDEN,keyword,0.95,TOWNSVILLE TURF CLUB,institution
TRUEBET OCEAN GROVE,Gambling,TRUEBET OCEAN GROVE|TRUEBET PTY LTD OCEAN GROVE,keyword,0.95,TRUEBET OCEAN GROVE,institution
TRUGANINA NEWS LOTTO,Gambling,TRUGANINA NEWS LOTTO|TRUGANINA NEWS LOTTO TRUGANINA|TRUGANINA NEWS AMP LOTTO TRUGANINA|TRUGANINA NEWS LOTTO TRUG ANINA|TRUGANINA NEWS LOTTO TRUGANINA VI,keyword,0.95,TRUGANINA NEWS LOTTO,institution
TUNSTALL NEWS N LOTTO,Gambling,TUNSTALL NEWS N LOTTO|TUNSTALL NEWS N LOTTO DONCASTER EAS VI,keyword,0.95,TUNSTALL NEWS N LOTTO,institution
TURA BEACH LOTTO A,Gambling,SMP TURA BEACH LOTTO A|TURA BEACH LOTTO A,keyword,0.95,TURA BEACH LOTTO A,institution
TURA BEACH LOTTO A A3TURA BEACH,Gambling,SMP TURA BEACH LOTTO A A3TURA BEACH|TURA BEACH LOTTO A A3TURA BEACH,keyword,0.95,TURA BEACH LOTTO A A3TURA BEACH,institution
TURA LOTTO & GIFTS TURA BEACH,Gambling,TURA LOTTO GIFTS TURA BEACH|TURA LOTTO AND GIFTS TURA BEACH|TURA LOTTO AND GIFTS,keyword,0.95,TURA LOTTO & GIFTS TURA BEACH,institution
ULLADULLA LOTTERIES,Gambling,ULLADULLA LOTTERIES,keyword,0.95,ULLADULLA LOTTERIES,institution
ULVERSTONE LUCKY LOTTO,Gambling,ULVERSTONE LUCKY LOTTO|ULVERSTONE LUCKY LOTTO ULVERSTONE TA,keyword,0.95,ULVERSTONE LUCKY LOTTO,institution
V N R ENTERPRISES POINT COOK,Gambling,V N R ENTERPRISES POINT COOK|V N R ENTERPRISES POINT COOK VI,keyword,0.95,V N R ENTERPRISES POINT COOK,institution
VEGASHERO B KARA BKR ML MLT,Gambling,VEGASHERO B KARA BKR ML MLT,keyword,0.95,VEGASHERO B KARA BKR ML MLT,institution
VERMONY LIMITED LIMASSOL CY CYP,Gambling,VERMONY LIMITED LIMASSOL CY|VERMONY LIMITED|VERMONY LIMITED LIMASSOL CY CYP,keyword,0.95,VERMONY LIMITED LIMASSOL CY CYP,institution
VGZ LARNACA,Gambling,VGZ LARNACA|VGZ LARNACA CY CYP,keyword,0.95,VGZ LARNACA,institution
VGZRL CY,Gambling,VGZRL CY,keyword,0.95,VGZRL CY,institution
VIC GAMB & CASINO CTRL,Gambling,VIC GAMB CASINO CTRL,keyword,0.95,VIC GAMB & CASINO CTRL,institution
VIC MARKET LOTTO,Gambling,VIC MARKET LOTTO,keyword,0.95,VIC MARKET LOTTO,institution
VICTORIA GARDENS LOTTO,Gambling,VICTORIA GARDENS LOT TORICHMOND|VICTORIA GARDENS LOTTO|VICTORIA GARDENS LOTTO RICHMOND VI,keyword,0.95,VICTORIA GARDENS LOTTO,institution
VICTORIA ST NEWS LOTTO,Gambling,VICTORIA ST NEWS LOTTO,keyword,0.95,VICTORIA ST NEWS LOTTO,institution
VICTORIA ST NEWS LOTTO BALLARAT,Gambling,VICTORIA ST NEWS LOTTO BALLARAT|VICTORIA ST NEWS LOTTO BA LLARAT E|VICTORIA ST NEWS LOTTO BALLARAT EAST VI|VICTORIA ST NEWS LOTTO BALLARAT VI,keyword,0.95,VICTORIA ST NEWS LOTTO BALLARAT,institution
VILLAGE LOTTO,Gambling,VILLAGE LOTTO,keyword,0.95,VILLAGE LOTTO,institution
VILLAGE LOTTO DANDENONG SOU,Gambling,VILLAGE LOTTO DANDENONG SOU|VILLAGE LOTTO DA NDENONG SOUT|VILLAGE LOTTO DANDENONG SOU VI,keyword,0.95,VILLAGE LOTTO DANDENONG SOU,institution
VILLAGE LOTTO TOBA,Gambling,VILLAGE LOTTO TOBA|VILLAGE LOTTO TOBA MOUNT GRAVATT,keyword,0.95,VILLAGE LOTTO TOBA,institution
VILLAGE LOTTO TOBA MOUNT GRAVATT,Gambling,VILLAGE LOTTO TOBA MOUNT GRAVATT|VILLAGE LOTTO TOBA MOUNT GRAVATT QL,keyword,0.95,VILLAGE LOTTO TOBA MOUNT GRAVATT,institution
VILLAGE LOTTO UPPER MOUNT G,Gambling,SQ VILLAGE LOTTO UPPER MOUNT G|VILLAGE LOTTO UPPER MOUNT G|SQ VILLAGE LOTTO UPPER MOUNT G QL,keyword,0.95,VILLAGE LOTTO UPPER MOUNT G,institution
VIRGINIA LOTTERY KIO SKVIRGINIA,Gambling,VIRGINIA LOTTERY KIO SKVIRGINIA|VIRGINIA LOTTERY KIOSK VIRGINIA,keyword,0.95,VIRGINIA LOTTERY KIO SKVIRGINIA,institution
WALLAN NEWS & LOTTO,Gambling,WALLAN NEWS LOTTO|WALLAN NEWS AND LOTTO,keyword,0.95,WALLAN NEWS & LOTTO,institution
WANG LUCKY LOTTO,Gambling,WANG LUCKY LOTTO|WANG LUCKY|WANG LUCKY LOTTO WANGARATTA VI,keyword,0.95,WANG LUCKY LOTTO,institution
WANGARATTA LOTTO,Gambling,WANGARATTA LOTTO,keyword,0.95,WANGARATTA LOTTO,institution
WANGARATTA LOTTO CA,Gambling,WANGARATTA LOTTO CA,keyword,0.95,WANGARATTA LOTTO CA,institution
WARRAGUL LOTTO GIFTS,Gambling,WARRAGUL LOTTO GIFTS|WARRAGUL LOTTO GIF TSWARRAGUL|WARRAGUL LOTTO GIFTS WA RRAGUL|WARRAGUL LOTTO GIFTS WARRAGUL VI|WARRAGUL LOTTO GIFTS WARRAGUL|WARRAGUL LOTTO,keyword,0.95,WARRAGUL LOTTO GIFTS,institution
WARRAWONG LOTTO N GIFT,Gambling,WARRAWONG LOTTO N GI FTWARRAWONG|WARRAWONG LOTTO N GIFT|WARRAWONG LOTTO N GIFT WARRAWONG|WARRAWONG LOTTO N GIFT WARRAWONG NS,keyword,0.95,WARRAWONG LOTTO N GIFT,institution
WARRINGAL LOTTERIES,Gambling,WARRINGAL LOTTERIES|WARRINGAL LOTTERIES HEIDELBERG VI,keyword,0.95,WARRINGAL LOTTERIES,institution
WARRINGAL LOTTO,Gambling,WARRINGAL LOTTO,keyword,0.95,WARRINGAL LOTTO,institution
WARRINGAL LOTTO HEIDELBERG,Gambling,WARRINGAL LOTTO HEIDELBERG,keyword,0.95,WARRINGAL LOTTO HEIDELBERG,institution
WARRNAMBOOL RACING,Gambling,SQ WARRNAMBOOL RACING|WARRNAMBOOL RACING,keyword,0.95,WARRNAMBOOL RACING,institution
WARRNAMBOOL RACING C,Gambling,SQ WARRNAMBOOL RACING CL|WARRNAMBOOL RACING CL|WARRNAMBOOL RACING C|WARRNAMBOOL RACING C WARRNAMBOOL VI,keyword,0.95,WARRNAMBOOL RACING C,institution
WARRNAMBOOL RACING FLEMINGTON,Gambling,WARRNAMBOOL RACING FLEMINGTON|SEC WARRNAMBOOL RACING FLEMINGTON,keyword,0.95,WARRNAMBOOL RACING FLEMINGTON,institution
WARRNAMBOOL RACING WARRNAMBOOL,Gambling,WARRNAMBOOL RACING WARRNAMBOOL|SQ WARRNAMBOOL RACING WARRNAMBOOL VI|WARRNAMBOOL RACING WARRNAMBOOL VI,keyword,0.95,WARRNAMBOOL RACING WARRNAMBOOL,institution
WARWICK TURF CLUB,Gambling,SQ WARWICK TURF CLU B WARWICK|SQ WARWICK TURF CLU B|SQ WARWICK TURF CLUB INC|WARWICK TURF CLUB INC|SQ WARWICK TURF CLUB WARWICK QL|WARWICK TURF CLUB|WARWICK TURF CLUB INC WARWICK QL,keyword,0.95,WARWICK TURF CLUB,institution
WATERVALE LOTTO NEWS,Gambling,WATERVALE LOTTO NEWS|WATERVALE LOTTO NEWS TAYLORS HILL|WATERVALE LOTTO NEWS TAYLORS HILL VI,keyword,0.95,WATERVALE LOTTO NEWS,institution
WBOOL GREYHOUND RACING,Gambling,WBOOL GREYHOUND RACING,keyword,0.95,WBOOL GREYHOUND RACING,institution
WENDOUREE LOTTO,Gambling,WENDOUREE LOTTO|WENDOUREE LOTTO AGEN CYWENDOUREE|WENDOUREE LOTTO AGENCY WE NDOUREE|WENDOUREE LOTTO AGENCY WENDOUREE|WENDOUREE LOTTO AGENCY WENDOUREE VI,keyword,0.95,WENDOUREE LOTTO,institution
WENDOUREEVILLAGE LOTTO,Gambling,WENDOUREEVILLAGE LOTTO|WENDOUREEVILLAGE LOTTO WENDOUREE VI,keyword,0.95,WENDOUREEVILLAGE LOTTO,institution
WERRIBEE BINGO,Gambling,SQ WERRIBEE BINGO|WERRIBEE BINGO,keyword,0.95,WERRIBEE BINGO,institution
WERRIBEE PLAZA BINGO,Gambling,WERRIBEE PLAZA BINGO|WERRIBEE PLAZA BINGO HOPPERS CROSS VI,keyword,0.95,WERRIBEE PLAZA BINGO,institution
WERRIBEE PLAZA BINGO HOPPE RS CROSSING,Gambling,WERRIBEE PLAZA BINGO HOPPE RS CROSSING,keyword,0.95,WERRIBEE PLAZA BINGO HOPPE RS CROSSING,institution
WERRIBEE PLAZA LOTTO,Gambling,WERRIBEE PLAZA LOTTO|WERRIBEE PLAZA LOTTO HO PPERS CROS V|WERRIBEE PLAZA LOTTO HOPP ERS CROS|WERRIBEE PLAZA LOTTO HOPPERS CROS|WERRIBEE PLAZA LOTTO HOPPERS CROSS VI,keyword,0.95,WERRIBEE PLAZA LOTTO,institution
WERRIBEE RACING CLUB,Gambling,SEC WERRIBEE RACING CL FLEMINGTON VI|SQ WERRIBEE RACING CL WERRIBEE|WERRIBEE RACING CL|SQ WERRIBEE RACING CL WERRIBEE VI|WERRIBEE RACING CL WERRIBEE VI|SQ WERRIBEE RACING CLUB|WERRIBEE RACING CLUB,keyword,0.95,WERRIBEE RACING CLUB,institution
WEST LAKES LOTTERIES WEST LAKES,Gambling,WEST LAKES LOTTERIES WEST LAKES,keyword,0.95,WEST LAKES LOTTERIES WEST LAKES,institution
WESTALL LUCKY LOTTO,Gambling,WESTALL LUCKY LOTTO|WESTALL LUCKY LOTTO CLAYTON SOUTH|WESTALL LUCKY LOTTO CLAYTON SOUTH VI,keyword,0.95,WESTALL LUCKY LOTTO,institution
WESTEND LOTTO & WOOL,Gambling,WESTEND LOTTO WOOL,keyword,0.95,WESTEND LOTTO & WOOL,institution
WESTLAKES LOTTERIES K WEST LAKES,Gambling,WESTLAKES LOTTERIES K WEST LAKES,keyword,0.95,WESTLAKES LOTTERIES K WEST LAKES,institution
WHITE MALTA,Gambling,WHITE MALTA|WHITE MALTA CY CYP,keyword,0.95,WHITE MALTA,institution
WILDBLASTER NICOSIA CY CYP,Gambling,WILDBLASTER NICOSIA CY CYP,keyword,0.95,WILDBLASTER NICOSIA CY CYP,institution
WILDTORNADO TALLINN ES EST,Gambling,WILDTORNADO TALLINN ES EST,keyword,0.95,WILDTORNADO TALLINN ES EST,institution
WILLIAM HILL,Gambling,WILLIAM HILL,keyword,0.95,WILLIAM HILL,institution
WINNERS CIRCLE LOTTERY,Gambling,WINNERS CIRCLE LOTTERY|WINNERS CIRCLE LOTTERY CL OVERDALE|WINNERS CIRCLE LOTTERY CLOVERDALE,keyword,0.95,WINNERS CIRCLE LOTTERY,institution
WINNING EDGE LOTTO,Gambling,WINNING EDGE LOTTO|WINNING EDGE LOTTO DANDENONG VI,keyword,0.95,WINNING EDGE LOTTO,institution
WINNING LOTTERIES,Gambling,WINNING LOTTERIES|WINNING LOTTERIES ST ALBANS|WINNING LOTTERIES ST ALBANS VI,keyword,0.95,WINNING LOTTERIES,institution
WINNING LOTTERIES ST ALBA ST ALBA,Gambling,WINNING LOTTERIES ST ALBA ST ALBA,keyword,0.95,WINNING LOTTERIES ST ALBA ST ALBA,institution
WINNING STREAK LOTTERY,Gambling,WINNING STREAK LOTTERY,keyword,0.95,WINNING STREAK LOTTERY,institution
WINNINGDAYS TALLINN ES EST,Gambling,WINNINGDAYS LIMASSOL CY|WINNINGDAYS TALLINN ES EST,keyword,0.95,WINNINGDAYS TALLINN ES EST,institution
WINNINGS NEWS & LOTTO,Gambling,WINNINGS NEWS LOTTO,keyword,0.95,WINNINGS NEWS & LOTTO,institution
WINTELLIGENCE COM AU SINNAMON PARK,Gambling,WINTELLIGENCE COM AU SINNAMON PARK QL|WINTELLIGENCE COM AU SINNAMON PARK,keyword,0.95,WINTELLIGENCE COM AU SINNAMON PARK,institution
WODONGA LUCKY LOTTO,Gambling,WODONGA LUCKY LOTTO|WODONGA LUCKY LOTTO WODONGA VI,keyword,0.95,WODONGA LUCKY LOTTO,institution
WOOCASINO TALLINN ES EST,Gambling,WOOCASINO LIMASSOL CY|WOOCASINO TALLINN ES EST,keyword,0.95,WOOCASINO TALLINN ES EST,institution
WOODGROVE LOTTO TOBA CCWOODGROVE SHO,Gambling,WOODGROVE LOTTO TOBA CCWOODGROVE SHO,keyword,0.95,WOODGROVE LOTTO TOBA CCWOODGROVE SHO,institution
WOODGROVE LOTTO TOBACCO,Gambling,WOODGROVE LOTTO TOBACCO,keyword,0.95,WOODGROVE LOTTO TOBACCO,institution
WOODLANDS NEWS & LOTTO WOODLANDS,Gambling,WOODLANDS NEWS LOTTO WOODLANDS,keyword,0.95,WOODLANDS NEWS & LOTTO WOODLANDS,institution
WOODLEA LOTTO & NEWS,Gambling,WOODLEA LOTTO NEWS|WOODLEA LOTTO AND NE WSAINTREE|WOODLEA LOTTO AND NEWS|WOODLEA LOTTO AND NEWS AI NTREE|WOODLEA LOTTO AND NEWS AINTREE|WOODLEA LOTTO AND NEWS AINTREE VI,keyword,0.95,WOODLEA LOTTO & NEWS,institution
WOODLEYS NEWS & LOTTER,Gambling,WOODLEYS NEWS LOTTER|WOODLEYS NEWS AMP LOTTER,keyword,0.95,WOODLEYS NEWS & LOTTER,institution
WOODLEYS NEWS & LOTTERY,Gambling,WOODLEYS NEWS LOTTERY,keyword,0.95,WOODLEYS NEWS & LOTTERY,institution
WREST POINT CASINO SANDY BAY,Gambling,WREST POINT CASINO SANDY BAY|WREST POINT CASINO,keyword,0.95,WREST POINT CASINO SANDY BAY,institution
WWW ALOTTOPLAY COM E COMMERCE TU TUR,Gambling,WWW ALOTTOPLAY COM E COMMERCE TU TUR|WWW ALOTTOPLAY COM E COMMERCE TU TUR USD,keyword,0.95,WWW ALOTTOPLAY COM E COMMERCE TU TUR,institution
WWWLOTTERYO ON CAN,Gambling,WWWLOTTERYO ON CAN,keyword,0.95,WWWLOTTERYO ON CAN,institution
YARRA VALLEY RACING I,Gambling,SQ YARRA VALLEY RACING I|YARRA VALLEY RACING I,keyword,0.95,YARRA VALLEY RACING I,institution
YESBET MELBOURNE,Gambling,YESBET MELBOURNE|YESBET MELBOURNE VI|YESBET,keyword,0.95,YESBET MELBOURNE,institution
YOJU CASINO,Gambling,YOJU CASINO|YOJU CASINO TALLINN ES EST,keyword,0.95,YOJU CASINO,institution
YOJU CASINO KING SW,Gambling,YOJU CASINO KING SW|YOJU CASINO KING SW ES EST,keyword,0.95,YOJU CASINO KING SW,institution
YOKINE LOTTERY CENTRE,Gambling,YOKINE LOTTERY CENTRE,keyword,0.95,YOKINE LOTTERY CENTRE,institution
YVONNE A PICKFORD & MILLICENT,Gambling,YVONNE A PICKFORD MILLICENT|YVONNE A PICKFORD AND MILLICENT,keyword,0.95,YVONNE A PICKFORD & MILLICENT,institution
Z LOTTO,Gambling,Z LOTTO|Z LOTTO CHELTENHAM VI|A TO Z LOTTO CHELTENHAM VI,keyword,0.95,Z LOTTO,institution
ZACHARY J BRENTNA TO EMAIL,Gambling,ZACHARY J BRENTNA TO EMAIL|ZACHARY J BRENTNA,keyword,0.95,ZACHARY J BRENTNA TO EMAIL,institution
THE STAR,Gambling,THE STAR|THE STAR BRISBANE LO CK33 WILLIAM ST|THE STAR BRISBANE LO CK33|THE STAR BRISBANE LOCK BRISBANE CITY QL|THE STAR BRISBANE LOCK BRISBANE CITY|THE STAR BRISBANE LOCKERS|THE STAR GRAND|THE STAR GRAND BRISBAN BRISBANE CITY QL|THE STAR GRAND BRISBAN BRISBANE CITY|THE STAR GRAND BRISBANE BRISBANE CITY,keyword,0.95,THE STAR,institution
Sportsbet,Gambling,SPORTSBET,keyword,0.95,Sportsbet,institution
Kenogo,Gambling,KENOGO,keyword,0.95,Kenogo,institution
Ladbrokes,Gambling,LADBROKES,keyword,0.95,Ladbrokes,institution
VegasStars,Gambling,VEGASTARS COM,keyword,0.95,VegasStars,institution
Bet365 (2),Gambling,BET365,keyword,0.95,Bet365 (2),institution
Bet365,Gambling,BET 365,keyword,0.95,Bet365,institution
BoostBet,Gambling,BOOSTBET,keyword,0.95,BoostBet,institution
Lotterywest,Gambling,LOTTERYWEST,keyword,0.95,Lotterywest,institution
Picklebet,Gambling,PICKLEBET,keyword,0.95,Picklebet,institution
VGM,Gambling,VGM,keyword,0.95,VGM,institution
Betr,Gambling,BETR,keyword,0.95,Betr,institution
FRVN,Gambling,FRIOVIN,keyword,0.95,FRVN,institution
GoldBet,Gambling,GOLDBET,keyword,0.95,GoldBet,institution
SpinBet,Gambling,SPINBET,keyword,0.95,SpinBet,institution
Unibet,Gambling,UNIBET,keyword,0.95,Unibet,institution
VXTRX,Gambling,VXTRX,keyword,0.95,VXTRX,institution
Betdeluxe,Gambling,BETDELUXE,keyword,0.95,Betdeluxe,institution
Mooncash,Gambling,MOONCASH,keyword,0.95,Mooncash,institution
MGR,Gambling,MGR,keyword,0.95,MGR,institution
ACWD Malta,Gambling,ACWD MALTA|ACWD,keyword,0.95,ACWD Malta,institution
CrownBet,Gambling,CROWNBET,keyword,0.95,CrownBet,institution
PointsBet,Gambling,POINTSBET,keyword,0.95,PointsBet,institution
Ponybet,Gambling,PONYBET,keyword,0.95,Ponybet,institution
OnlyBets,Gambling,ONLYBETS,keyword,0.95,OnlyBets,institution
RWWA,Gambling,RWWA,keyword,0.95,RWWA,institution
MSWA,Gambling,MSWA,keyword,0.95,MSWA,institution
Dashbet,Gambling,DASHBET,keyword,0.95,Dashbet,institution
PulseBet,Gambling,PULSE BET|PULSEBET,keyword,0.95,PulseBet,institution
Topbet,Gambling,TOPBET,keyword,0.95,Topbet,institution
Betbuzz,Gambling,BETBUZZ,keyword,0.95,Betbuzz,institution
ClubBet,Gambling,CLUBBET,keyword,0.95,ClubBet,institution
Starsports,Gambling,STARSPORTS,keyword,0.95,Starsports,institution
Mintbet,Gambling,MINTBET,keyword,0.95,Mintbet,institution
FatBet,Gambling,FATBET,keyword,0.95,FatBet,institution
Kurocasino,Gambling,KUROCASINO,keyword,0.95,Kurocasino,institution
NOISY,Gambling,NOISY,keyword,0.95,NOISY,institution
Tabcorp,Gambling,TABCORP|TAB TOUCH,keyword,0.95,Tabcorp,institution
Palmerbet,Gambling,PALMERBET,keyword,0.95,Palmerbet,institution
Pinnacle,Gambling,PINNACLE PAY|BETPINNACLE,keyword,0.95,Pinnacle,institution
BigBet,Gambling,BIGBET,keyword,0.95,BigBet,institution
MaterLottery,Gambling,MATERLOTT,keyword,0.95,MaterLottery,institution
SkyCity,Gambling,SKYCITY,keyword,0.95,SkyCity,institution
Betfocus,Gambling,BETFOCUS,keyword,0.95,Betfocus,institution
TABtouch,Gambling,TABTOUCH,keyword,0.95,TABtouch,institution
Bossbet,Gambling,BOSSBET,keyword,0.95,Bossbet,institution
UBET,Gambling,UBET|UBET QLD LIMITED,keyword,0.95,UBET,institution
WinnersBet,Gambling,WINNERSBET,keyword,0.95,WinnersBet,institution
Bet Supreme,Gambling,BET SUPREME,keyword,0.95,Bet Supreme,institution
PBET,Gambling,PBET,keyword,0.95,PBET,institution
Vegastars,Gambling,VEGASTARS,keyword,0.95,Vegastars,institution
TMS Global Services,Gambling,TMS GLOBAL,keyword,0.95,TMS Global Services,institution
Wallan News and Lotto,Gambling,WALLAN NEWS|WALLAN NEWS AND LOTT O,keyword,0.95,Wallan News and Lotto,institution
Crown Sydney Gaming,Gambling,CROWN SYDNEY GAMING,keyword,0.95,Crown Sydney Gaming,institution
