merchant_name,keywords,link,category,keyword_updated_at,category_updated_at
Cairns Gateway Shopping Centre,CAIRNS GATEWAY | Cairns Gateway Shopping Centre,https://www.cairnsgateway.com.au/,Retail,2026-07-08T17:14:05+08:00,
Bunzl Brands,BUNZL BRANDS,https://www.bunzl.com/,Retail,2026-07-08T17:14:05+08:00,
Pizza Hut,Pizzahut | Pizza Hut Delivery | Pizza Hut,https://www.pizzahut.com,Dining Out,2026-07-08T17:14:05+08:00,
Steeline Roofing,STEELINE | Steeline Roofing,https://www.steeline.com.au,Home Improvement,2026-07-08T17:14:05+08:00,
Next Gen Foods,NEXT GEN FOODS,https://www.nextgenfoods.com,Dining Out,2026-07-08T17:09:20+08:00,
KOA Construction,KOA CONSTRUCTION,https://www.google.com/maps/search/KOA+CONSTRUCTION,Home Improvement,2026-07-08T17:09:20+08:00,
Cavanough Racing,Cavanough Racing,https://www.google.com/search?q=Cavanough+Racing,Entertainment,2026-07-08T17:09:20+08:00,
Beenleigh Wreck,BEENLEIGH WRECK,https://www.google.com/maps/search/Beenleigh+Wreck,Automotive,2026-07-08T17:09:20+08:00,
Life Choice Solutions,LIFE CHOICE SOL | Life Choice Solutions,https://www.google.com/search?q=Life+Choice+Solutions,Health,2026-07-08T17:09:20+08:00,
Aspen Pumps,Aspen Pumps,https://www.aspenpumps.com,Home Improvement,2026-07-08T17:09:20+08:00,
LJ Hooker,LJ Hooker,https://www.ljhooker.com.au,Rent,2026-07-08T17:09:20+08:00,
BJ Vidler Construction,BJ Vidler Constr | BJ Vidler Construction,https://www.google.com/maps/search/?api=1&query=BJ+Vidler+Construction,Home Improvement,2026-07-08T17:09:20+08:00,
St Albans Endoscopy,ST ALBANS ENDOSC | St Albans Endoscopy,https://www.google.com/maps/search/?api=1&query=St+Albans+Endoscopy,Health,2026-07-08T17:09:20+08:00,
La Royale Patisserie,LA ROYAL PATISSE | La Royale Patisserie,https://www.google.com/maps/search/?api=1&query=La+Royale+Patisserie,Dining Out,2026-07-08T17:09:20+08:00,
The Hot Bird,THE HOT BIRD,https://www.google.com/maps/search/?api=1&query=The+Hot+Bird,Dining Out,2026-07-08T17:09:20+08:00,
Tattersalls Club,Tattersalls Club,https://www.tattersallsclub.com.au,Entertainment,2026-07-08T17:09:20+08:00,
Scotty's The Movers,SCOTTYSTHEMOVERS | Scotty's The Movers,https://scottysthemovers.com,Transport,2026-07-08T17:09:20+08:00,
Apache Wholesale Tyres,APACHEWHOLETYSP | Apache Wholesale Tyres,https://www.apachewholesaletyres.com.au,Automotive,2026-07-08T17:09:20+08:00,
Your Choice Mattress,Your Choice Matt | Your Choice Mattress,https://yourchoicemattress.com.au,Home Improvement,2026-07-08T17:09:20+08:00,
York Street Furniture,York St Furnitur | York Street Furniture,https://yorkstreetfurniture.com.au,Home Improvement,2026-07-08T17:09:20+08:00,
Western Bulk Haulage,Western Bulk Hau | Western Bulk Haulage,https://westernbulkhaulage.com.au,Transport,2026-07-08T17:09:20+08:00,
Vuly Play Group,VULY PLAY GROUP,https://vulyplay.com,Retail,2026-07-08T17:09:20+08:00,
Urban Kitchens,URBAN KITCHENS,https://urbankitchens.com.au,Home Improvement,2026-07-08T17:09:20+08:00,
Unique Metals,Unique Metals La | Unique Metals,https://uniquemetals.com.au,Home Improvement,2026-07-08T17:09:20+08:00,
Total Precast Systems,Total Precast Sy | Total Precast Systems,https://totalprecastsystems.com.au,Home Improvement,2026-07-08T17:09:20+08:00,
Armstrong Bricklaying,Armstrong Brickl | Armstrong Bricklaying,https://www.google.com/maps/search/?api=1&query=Armstrong+Bricklaying,Home Improvement,2026-07-08T17:01:11+08:00,
Procycles Hornsby,PROCYCLES HORNSB | Procycles Hornsby | PROCYCLES HORNSBY PTY LTD | Procycles | Procycles ST Peters,https://www.google.com/maps/search/?api=1&query=Procycles+Hornsby,Automotive,2026-07-10T09:39:48+08:00,
Facade Management,FACADE MANAGEMEN | Facade Management,https://www.google.com/maps/search/?api=1&query=Facade+Management,Home Improvement,2026-07-08T17:01:11+08:00,
Condellos Liquor,CONDELLOS LIQUOR,https://www.google.com/maps/search/?api=1&query=Condellos+Liquor,Retail,2026-07-08T17:01:11+08:00,
Heathcote Hotel,Heathcote Hotel,https://www.google.com/maps/search/Heathcote+Hotel,Travel,2026-07-08T16:55:24+08:00,
Forlico Excavati,FORLICO EXCAVATI,https://www.google.com/maps/search/Forlico+Excavati,Home Improvement,2026-07-08T16:55:24+08:00,
Elite Elevators,Elite Elevators,https://www.google.com/maps/search/Elite+Elevators,Home Improvement,2026-07-08T16:55:24+08:00,
Stellarossa,STELLAROSSA,https://www.stellarossa.com.au,Dining Out,2026-07-08T16:55:24+08:00,
Hazelbrook Bowling Club,HAZELBROOK BOWLI | Hazelbrook Bowling Club,https://www.google.com/maps/search/Hazelbrook+Bowling+Club,Entertainment,2026-07-08T16:55:24+08:00,
Bonfire Bread,BONFIRE BREAD,https://bonfirebread.com.au,Dining Out,2026-07-08T16:55:24+08:00,
Bridgestone,BRIDGESTONE,https://www.bridgestone.com.au,Automotive,2026-07-08T16:46:38+08:00,
DDH1 Drilling,DDH1 Drilling,https://www.ddh1.com.au,Home Improvement,2026-07-08T16:46:38+08:00,
Ipswich RSL,Ipswich R S L | Ipswich RSL,https://www.ipswichrsl.com.au,Entertainment,2026-07-08T16:46:38+08:00,
B&D Group,B&D Group | B AND D GROUP AND CO PTY LTD | B And D Group And,https://www.bnd.com.au,Home Improvement,2026-07-10T09:51:20+08:00,
Haigh's Chocolates,HAIGH AUSTRALIA | Haigh's Chocolates,https://www.haighschocolates.com.au/,Retail,2026-07-08T16:46:38+08:00,
Gladstone Area Water Board,GLADSTONE WATER | Gladstone Area Water Board,https://www.gladstone.qld.gov.au/water-and-wastewater,Utilities,2026-07-08T16:46:38+08:00,
Gidgee Healing,GIDGEE HEALING,https://gidgeehealing.com/,Health,2026-07-08T16:46:38+08:00,
Furnx Warehouse,FURNX WAREHOUSE,https://maps.google.com/?q=Furnx+Warehouse,Retail,2026-07-08T16:46:38+08:00,
Essential Coffee Cafe,Essential Coffee Cafe,https://maps.google.com/?q=Essential+Coffee+Cafe,Dining Out,2026-07-08T16:46:38+08:00,
Ray White,RAY WHITE,https://www.raywhite.com/,Rent,2026-07-08T16:41:47+08:00,
Coco & Rye,Coco & Rye,https://www.cocoandrye.com.au,Dining Out,2026-07-08T16:41:47+08:00,
ONGC,ONGC,https://www.ongcindia.com,Utilities,2026-07-08T16:36:16+08:00,
Direct Imports,DIRECT IMPORTS,https://www.google.com/search?q=DIRECT+IMPORTS,Retail,2026-07-08T16:36:16+08:00,
Benno Civil Plumbing,BENNO CIVIL PLUM | Benno Civil Plumbing,https://www.google.com/search?q=BENNO+CIVIL+PLUM,Home Improvement,2026-07-08T16:36:16+08:00,
Amcal Aspley,AMCAL ASPLEY,https://www.google.com/search?q=AMCAL+ASPLEY,Health,2026-07-08T16:36:16+08:00,
Allan's Pool Shop,ALLANS POOL SHOP | Allan's Pool Shop,https://www.google.com/search?q=ALLANS+POOL+SHOP,Home Improvement,2026-07-08T16:36:16+08:00,
South Tweed Sports,South Tweed Spor | South Tweed Sports,https://www.google.com/search?q=South+Tweed+Spor,Entertainment,2026-07-08T16:36:16+08:00,
Surfers Paradise Surf Life Saving Club,SPSLSCSC | Surfers Paradise Surf Life Saving Club,https://www.google.com/search?q=SPSLSCSC,Entertainment,2026-07-08T16:36:16+08:00,
Blue Bungalow,Blue Bungalow,https://www.bluebungalow.com.au/,Retail,2026-07-08T16:36:16+08:00,
The Reject Shop,The Reject Shop,https://www.rejectshop.com.au/,Department Stores,2026-07-08T16:36:16+08:00,
Becson Furniture,BECSON FURNITURE,https://www.google.com/maps/search/BECSON+FURNITURE,Home Improvement,2026-07-08T16:36:16+08:00,
Angliss,ANGLISS,https://www.angliss.com.au,Groceries,2026-07-08T16:36:16+08:00,
Allegra School,ALLEGRA SCHOOLCH | Allegra School,https://www.google.com/maps/search/ALLEGRA+SCHOOLCH,Education,2026-07-08T16:36:16+08:00,
Coast2Coast Group,Coast2Coast | Coast2Coast Group,https://www.google.com/maps/search/Coast2Coast,Travel,2026-07-08T16:36:16+08:00,
Think Convenience,THINK CONVENIENC | Think Convenience,https://www.google.com/maps/search/THINK+CONVENIENC,Groceries,2026-07-08T16:36:16+08:00,
Achieve Cafe Pro,ACHIEVE CAFE PRO,https://www.google.com/maps/search/Achieve+Cafe+Pro,Dining Out,2026-07-08T16:01:20+08:00,
The Bridge Hotel,THE BRIDGE HOTEL,https://www.google.com/maps/search/The+Bridge+Hotel,Travel,2026-07-08T16:01:20+08:00,
Basement Barbers,Basement Barbers,https://www.google.com/maps/search/Basement+Barbers,Personal Care,2026-07-08T16:01:20+08:00,
Dynamic Door Services,DYNAMIC DOOR SERVI | Dynamic Door Services,https://www.google.com/maps/search/Dynamic+Door+Services,Home Improvement,2026-07-08T16:01:20+08:00,
Roses Only,Roses Only Pty Ltd | Roses Only,https://www.rosesonly.com.au/,Retail,2026-07-08T16:01:20+08:00,
Racing NSW,RACING NSW,https://www.racingnsw.com.au,Entertainment,2026-07-08T16:01:20+08:00,
Fortress Collision,Fortress Collision,https://maps.google.com/?q=Fortress+Collision,Automotive,2026-07-08T16:01:20+08:00,
Platinum Products,PLATINUMPRODUCTS | Platinum Products,https://maps.google.com/?q=Platinum+Products,Retail,2026-07-08T16:01:20+08:00,2026-07-13T21:11:56+08:00
The Fish Factory,THE FISH FACTORY,https://maps.google.com/?q=The+Fish+Factory,Groceries,2026-07-08T16:01:20+08:00,
Redcape Hotel,REDCAPE HOTEL,https://www.redcapehotel.com.au,Travel,2026-07-08T16:01:20+08:00,
iTransport Pty Ltd,iTransport | iTransport Pty Ltd,https://www.itransport.com.au,Transport,2026-07-08T15:56:10+08:00,
Curlewis Golf Club,CURLEWIS GOLF CLUB,https://www.curlewisgolfclub.com.au,Entertainment,2026-07-08T15:56:10+08:00,
Bueno Hospitality,Bueno Hospitalit | Bueno Hospitality,https://www.buenohospitality.com.au,Dining Out,2026-07-08T15:56:10+08:00,
Ash Refrigeration,Ash Refrigeratio | Ash Refrigeration,https://www.ashrefrigeration.com.au,Home Improvement,2026-07-08T15:56:10+08:00,
Odum Food Group,ODUM FOOD GROUP,https://www.odumfoodgroup.com,Groceries,2026-07-08T15:56:10+08:00,
Dandy Exhaust,Dandy Exhaust,https://www.dandyexhaust.com.au,Automotive,2026-07-08T15:56:10+08:00,
Titanium Management,TITANIUM MANAGEM | Titanium Management,https://www.titaniummanagement.com.au,Rent,2026-07-08T15:56:10+08:00,
Little Miracles,LITTLE MIRACLES,https://www.google.com/maps/search/Little+Miracles,Education,2026-07-08T15:56:10+08:00,
Ethical Nursing,ETHICAL NURSING,https://www.google.com/maps/search/Ethical+Nursing,Health,2026-07-08T15:56:10+08:00,
Castles Slipform,CASTLES SLIPFORM,https://www.google.com/maps/search/Castles+Slipform,Home Improvement,2026-07-08T15:56:10+08:00,2026-07-13T21:31:14+08:00
CAB Plumbing Pty Ltd,CAB PLUMBING | CAB Plumbing Pty Ltd,https://www.google.com/maps/search/CAB+Plumbing+Pty+Ltd,Home Improvement,2026-07-08T15:56:10+08:00,
Aertex Group Pty Ltd,AERTEX GROUP | Aertex Group Pty Ltd,https://www.google.com/maps/search/Aertex+Group+Pty+Ltd,Home Improvement,2026-07-08T15:56:10+08:00,
Resinject Pty Ltd,RESINJECT | Resinject Pty Ltd,https://www.google.com/maps/search/Resinject+Pty+Ltd,Home Improvement,2026-07-08T15:56:10+08:00,
Aesop,AESOP,https://www.aesop.com,Personal Care,2026-07-08T15:56:10+08:00,
Shore Beach Club,SHORE BEACH CLUB,https://www.google.com/search?q=Shore+Beach+Club,Entertainment,2026-07-08T15:56:10+08:00,
Local Plant Hire,LOCAL PLANT HIRE,https://www.google.com/search?q=Local+Plant+Hire,Home Improvement,2026-07-08T15:56:10+08:00,2026-07-13T21:31:14+08:00
Todd Devine Homes,Todd Devine Homes,https://www.google.com/search?q=Todd+Devine+Homes,Home Improvement,2026-07-08T15:56:10+08:00,
Brown Davis Auto,BROWN DAVIS AUTO,https://www.google.com/search?q=Brown+Davis+Auto,Automotive,2026-07-08T15:56:10+08:00,
Bite Size Coffee,BITE SIZE COFFEE,https://www.google.com/search?q=Bite+Size+Coffee,Dining Out,2026-07-08T15:56:10+08:00,
Coffee Club Wagga,COFFEE CLUB WAGGA,https://www.google.com/search?q=Coffee+Club+Wagga,Dining Out,2026-07-08T15:56:10+08:00,
Aussie Liquor,AUSSIE LIQUOR,https://www.google.com/search?q=Aussie+Liquor,Retail,2026-07-08T15:56:10+08:00,
Alliance MMA Australia,ALLIANCE MMA | Alliance MMA Australia,https://www.google.com/search?q=Alliance+MMA+Australia,Gyms and other memberships,2026-07-08T15:56:10+08:00,
Track and Diesel,TRACK AND DIESEL,https://www.google.com/search?q=Track+and+Diesel,Automotive,2026-07-08T15:56:10+08:00,
South Albury Takeaway,STH ALB TAKEAWAY | South Albury Takeaway,https://www.google.com/search?q=South+Albury+Takeaway,Dining Out,2026-07-08T15:56:10+08:00,
South Coast Fish,SOUTH COAST FISH,https://www.google.com/search?q=South+Coast+Fish,Groceries,2026-07-08T15:56:10+08:00,
Nyngan Golf Club,NYNGAN GOLF CLUB,https://www.google.com/maps/search/Nyngan+Golf+Club,Entertainment,2026-07-08T15:56:10+08:00,
Nick Ryan Racing,NICK RYAN RACING,https://www.google.com/maps/search/Nick+Ryan+Racing,Entertainment,2026-07-08T15:56:10+08:00,
Innes Boatshed,INNES BOATSHED,https://www.google.com/maps/search/Innes+Boatshed,Retail,2026-07-08T15:56:10+08:00,
Flinders on Main,FLINDERS ON MAIN,https://www.google.com/maps/search/Flinders+on+Main,Dining Out,2026-07-08T15:56:10+08:00,
Clarke Civils NQ,CLARKE CIVILS NQ,https://www.google.com/maps/search/Clarke+Civils+NQ,Transport,2026-07-08T15:56:10+08:00,2026-07-13T21:35:20+08:00
Angelo St Market,ANGELO ST MARKET,https://www.google.com/maps/search/Angelo+St+Market,Groceries,2026-07-08T15:56:10+08:00,
Adors Party Hire,ADORS PARTY HIRE,https://www.google.com/maps/search/Adors+Party+Hire,Retail,2026-07-08T15:56:10+08:00,
Allsports,Allsports,https://www.allsports.com.au,Entertainment,2026-07-08T15:46:30+08:00,
Yokohama Tyres Australia,Yokohama Tyre | Yokohama Tyres Australia,https://www.yokohama.com.au,Automotive,2026-07-08T15:46:30+08:00,
Subiaco Football Club,Subiaco Football | Subiaco Football Clu | Subiaco Football Club,https://www.subiacofc.com.au,Entertainment,2026-07-08T15:46:30+08:00,
Quadcorp,Quadcorp,https://www.google.com/search?q=Quadcorp,Automotive,2026-07-08T15:46:30+08:00,
TeleApps Service,TELEAPPS | TeleApps Service,https://www.google.com/search?q=TeleApps+Service,Telecommunications,2026-07-08T15:46:30+08:00,
InsideOut Group,INSIDEOUT GROUP,https://www.google.com/search?q=InsideOut+Group,Home Improvement,2026-07-08T15:46:30+08:00,2026-07-13T21:31:14+08:00
Alpha Hospitality,ALPHA HOSPITALIT | Alpha Hospitality,https://www.google.com/search?q=Alpha+Hospitality,Dining Out,2026-07-08T15:46:30+08:00,
The Foot Care Clinic,THEFOOTCARECLINI | The Foot Care Clinic,https://www.google.com/search?q=The+Foot+Care+Clinic,Health,2026-07-08T15:46:30+08:00,
Action Builders,ACTION BUILDERS,https://www.google.com/search?q=Action+Builders,Home Improvement,2026-07-08T15:46:30+08:00,
Kindred Health Group,KINDREDHEALTHGRO | Kindred Health Group,https://www.google.com/search?q=Kindred+Health+Group,Health,2026-07-08T15:46:30+08:00,
River Cruz Cafe,RIVER CRUZ CAFE,https://www.google.com/search?q=River+Cruz+Cafe,Dining Out,2026-07-08T15:46:30+08:00,
Larrakia Nation,LARRAKIA NATION,https://larrakia.com,Health,2026-07-08T15:46:30+08:00,2026-07-13T21:31:14+08:00
Linear Clinical Research,Linear Clinical | Linear Clinical Research,https://linearclinical.com.au,Health,2026-07-08T15:46:30+08:00,
Yarraville Club,Yarraville Club,https://yarravilleclub.com.au,Entertainment,2026-07-08T15:46:30+08:00,
Wixted Catering,Wixted Catering,https://www.google.com/maps/search/?q=Wixted+Catering,Dining Out,2026-07-08T15:46:30+08:00,
Claisebrook Bar,Claisebrook Bar,https://www.google.com/maps/search/?q=Claisebrook+Bar,Dining Out,2026-07-08T15:46:30+08:00,
Tek Supermarket,TEK SUPERMARKET,https://www.google.com/maps/search/?q=TEK+SUPERMARKET,Groceries,2026-07-08T15:46:30+08:00,
Team Electrical,TEAM ELECTRICAL,https://www.google.com/maps/search/?q=TEAM+ELECTRICAL,Home Improvement,2026-07-08T15:46:30+08:00,
Stoke Furniture,STOKE FURNITURE,https://www.google.com/maps/search/?q=STOKE+FURNITURE,Home Improvement,2026-07-08T15:46:30+08:00,
Stockmans Motel,STOCKMANS MOTEL,https://www.google.com/maps/search/?q=STOCKMANS+MOTEL,Travel,2026-07-08T15:46:30+08:00,
Southport Bowls,SOUTHPORT BOWLS,https://www.google.com/maps/search/?q=SOUTHPORT+BOWLS,Gyms and other memberships,2026-07-08T15:46:30+08:00,
Rainbow Gateway,RAINBOW GATEWAY,https://www.google.com/maps/search/Rainbow+Gateway,Travel,2026-07-08T15:46:30+08:00,2026-07-13T21:35:20+08:00
Meekatharra CRC,Meekatharra CRC,https://www.google.com/maps/search/Meekatharra+CRC,Information,2026-07-08T15:46:30+08:00,2026-07-13T21:08:23+08:00
Manjimup Toyota,MANJIMUP TOYOTA,https://www.google.com/maps/search/Manjimup+Toyota,Automotive,2026-07-08T15:46:30+08:00,
Allpro Plumbing,Allpro Plumbing,https://www.google.com/maps/search/Allpro+Plumbing,Home Improvement,2026-07-08T15:46:30+08:00,
Alligator Brand,Alligator Brand,https://www.google.com/maps/search/Alligator+Brand,Retail,2026-07-08T15:46:30+08:00,
ADN Construction,ADN CONSTRUCTION,https://www.google.com/maps/search/ADN+Construction,Home Improvement,2026-07-08T15:46:30+08:00,
Active Drilling,ACTIVE DRILLING,https://www.google.com/maps/search/Active+Drilling,Home Improvement,2026-07-08T15:46:30+08:00,
Action Learning,ACTION LEARNING,https://www.google.com/maps/search/Action+Learning,Education,2026-07-08T15:46:30+08:00,
Pronto Building,Pronto Building,https://www.google.com/maps/search/Pronto+Building,Home Improvement,2026-07-08T15:46:30+08:00,
Capital Asphalt,Capital Asphalt,https://www.google.com/maps/search/Capital+Asphalt,Home Improvement,2026-07-08T15:46:30+08:00,
Master Drilling,MASTER DRILLING,https://www.google.com/maps/search/Master+Drilling,Home Improvement,2026-07-08T15:46:30+08:00,
TyrePower,TYREPOWER,https://www.tyrepower.com.au,Automotive,2026-07-08T15:46:30+08:00,
Trueform Frames,TRUEFORM FRAMES,https://www.google.com/maps/search/Trueform+Frames,Retail,2026-07-08T15:46:30+08:00,
Terraform Civil,TERRAFORM CIVIL,https://www.google.com/maps/search/Terraform+Civil,Home Improvement,2026-07-08T15:46:30+08:00,
Solar Naturally,SOLAR NATURALLY,https://www.solarnaturally.com.au,Home Improvement,2026-07-08T15:46:30+08:00,
Select Coatings,select coatings,https://www.google.com/maps/search/Select+Coatings,Home Improvement,2026-07-08T15:46:30+08:00,
Sandridge Roads,SANDRIDGE ROADS,https://www.google.com/maps/search/Sandridge+Roads,Transport,2026-07-08T15:46:30+08:00,2026-07-13T21:35:20+08:00
Rescom Plumbing,RESCOM PLUMBING,https://www.google.com/maps/search/Rescom+Plumbing,Home Improvement,2026-07-08T15:46:30+08:00,
Newy Distillery,NEWY DISTILLERY,https://www.google.com/maps/search/?api=1&query=Newy+Distillery,Dining Out,2026-07-08T15:46:30+08:00,
Mandrakes Paint,MANDRAKES PAINT,https://www.google.com/maps/search/?api=1&query=Mandrakes+Paint,Home Improvement,2026-07-08T15:46:30+08:00,
Little Learners,LITTLE LEARNERS,https://www.google.com/maps/search/?api=1&query=Little+Learners,Education,2026-07-08T15:46:30+08:00,
Kristom Coaters,KRISTOM COATERS,https://www.google.com/maps/search/?api=1&query=Kristom+Coaters,Home Improvement,2026-07-08T15:46:30+08:00,
Jayco Gippsland,JAYCO GIPPSLAND,https://www.google.com/maps/search/JAYCO+GIPPSLAND,Automotive,2026-07-08T15:46:30+08:00,
Gate Automation,GATE AUTOMATION,https://www.google.com/maps/search/GATE+AUTOMATION,Home Improvement,2026-07-08T15:46:30+08:00,
Chatterbox Cafe,CHATTERBOX CAFE,https://www.google.com/maps/search/CHATTERBOX+CAFE,Dining Out,2026-07-08T15:46:30+08:00,
CCT Productions,CCT PRODUCTIONS,https://www.google.com/maps/search/CCT+PRODUCTIONS,Entertainment,2026-07-08T15:46:30+08:00,
Carewa Services,CAREWA SERVICES,https://www.google.com/maps/search/CAREWA+SERVICES,Health,2026-07-08T15:46:30+08:00,
Anderson Racing,ANDERSON RACING,https://www.google.com/maps/search/ANDERSON+RACING,Entertainment,2026-07-08T15:46:30+08:00,
Advanced Water,ADVANCED WATER,https://www.google.com/maps/search/Advanced+Water,Utilities,2026-07-08T15:46:30+08:00,
The Styling Stable,The Styling Stable,https://maps.google.com/?q=The+Styling+Stable,Personal Care,2026-07-08T15:38:45+08:00,
SpixMacaw,SpixMacaw,https://maps.google.com/?q=SpixMacaw,Pet Care,2026-07-08T15:38:45+08:00,
Red Steakhouse,Red Steakhouse,https://maps.google.com/?q=Red+Steakhouse,Dining Out,2026-07-08T15:38:45+08:00,
Paperchase,PAPERCHASE,https://www.paperchase.com,Retail,2026-07-08T15:38:45+08:00,
Northpharm,NORTHPHARM,https://maps.google.com/?q=Northpharm,Health,2026-07-08T15:38:45+08:00,
Northline Copper,Northline Copper,https://maps.google.com/?q=Northline+Copper,Home Improvement,2026-07-08T15:38:45+08:00,
The Standard Hotel,STANDARD HOTEL | The Standard Hotel,https://www.standardhotels.com/,Travel,2026-07-08T15:38:45+08:00,
InfoTrack Pty Ltd,InfoTrack | InfoTrack Pty Ltd,https://www.infotrack.com.au,Information,2026-07-08T15:38:45+08:00,
Dymocks Cafe,Dymocks Cafe,https://www.dymocks.com.au/cafe,Dining Out,2026-07-08T15:30:36+08:00,
Direct Stone,DIRECT STONE,https://www.directstone.com.au,Home Improvement,2026-07-08T15:30:36+08:00,
Dincel Construction Systems,DINCEL CONS SYST | Dincel Construction Systems,https://www.dincel.com.au,Home Improvement,2026-07-08T15:30:36+08:00,
Country Tyres,COUNTRY TYRES,https://www.countrytyres.com.au,Automotive,2026-07-08T15:30:36+08:00,
Cole Clark Guitars,Cole Clark Guitars,https://www.coleclarkguitars.com,Entertainment,2026-07-08T15:30:36+08:00,
Ciaron Maher Racing,CIARON MAHER | Ciaron Maher Racing,https://www.ciaronmaherracing.com,Entertainment,2026-07-08T15:30:36+08:00,
All Terrain Home,All Terrain Home,https://www.allterrainhome.com.au,Retail,2026-07-08T15:30:36+08:00,
Orion Health,ORION HEALTH,https://www.orionhealth.com,Health,2026-07-08T15:30:36+08:00,
Royal Hotel Bala,ROYAL HOTEL BALA,https://www.royalhotelbala.co.uk,Travel,2026-07-08T15:30:36+08:00,
Royal Adelaide Golf Club,ROYAL ADELAIDE G | Royal Adelaide Golf Club,https://www.royaladelaidegolf.com.au,Entertainment,2026-07-08T15:30:36+08:00,
Rapid Map Services,RAPID MAP SERVICES,https://www.rapidmap.com.au,Information,2026-07-08T15:30:36+08:00,
Purple Hills Construction,PURPLE HILLS CONST | Purple Hills Construction,https://www.purplehillsconstruction.com.au,Home Improvement,2026-07-08T15:30:36+08:00,
Perfect Care Pty Ltd,PERFECT CARE PTY | Perfect Care Pty Ltd,https://www.perfectcare.com.au,Health,2026-07-08T15:30:36+08:00,
Optimum Electrical Pty Ltd,OPTIMUM ELEC PTY | Optimum Electrical Pty Ltd,https://www.optimumelectrical.com.au,Home Improvement,2026-07-08T15:30:36+08:00,
Nurse Assist Pty Ltd,NURSE ASSIST PTY | Nurse Assist Pty Ltd,https://www.nurseassist.com.au,Health,2026-07-08T15:30:36+08:00,
Nord Arc Hospital,NORD ARC HOSPITA | Nord Arc Hospital,https://www.nordarchospital.com,Health,2026-07-08T15:30:36+08:00,
Legenda Care Pty Ltd,LEGENDA CARE PTY | Legenda Care Pty Ltd,https://www.google.com/search?q=Legenda+Care+Pty+Ltd,Health,2026-07-08T15:30:36+08:00,
JBC Concreting,JBC CONCRETING,https://www.google.com/search?q=JBC+Concreting,Home Improvement,2026-07-08T15:30:36+08:00,
Inhome Assist,INHOME ASSIST,https://www.google.com/search?q=Inhome+Assist+Australia,Health,2026-07-08T15:30:36+08:00,
Harlow Civil Pty Ltd,HARLOW CIVIL PTY | Harlow Civil Pty Ltd,https://www.google.com/search?q=Harlow+Civil+Pty+Ltd,Home Improvement,2026-07-08T15:30:36+08:00,
Down Under Roofing,DOWN UNDER ROOFING,https://www.google.com/search?q=Down+Under+Roofing,Home Improvement,2026-07-08T15:30:36+08:00,
Maru Grill House,MARU GRILL HOUSE,https://www.google.com/maps/search/MARU+GRILL+HOUSE,Dining Out,2026-07-08T15:30:36+08:00,
Il Nostro Ristoran,IL NOSTRO RISTORAN,https://www.google.com/maps/search/IL+NOSTRO+RISTORAN,Dining Out,2026-07-08T15:30:36+08:00,
HD Logistics,HD LOGISTICS,https://www.google.com/maps/search/HD+LOGISTICS,Transport,2026-07-08T15:30:36+08:00,
Easy Pharmacy,EASY PHARMACY,https://www.google.com/maps/search/EASY+PHARMACY,Health,2026-07-08T15:30:36+08:00,
Cleaning by Nicole,CLEANING BY NICOLE,https://www.google.com/maps/search/CLEANING+BY+NICOLE,Home Improvement,2026-07-08T15:30:36+08:00,
Aria Digital,ARIA DIGITAL,https://www.google.com/maps/search/ARIA+DIGITAL,Information,2026-07-08T15:30:36+08:00,
McCarthy's Bread,MCCARTHY'S BREAD,https://www.google.com/maps/search/MCCARTHY%27S+BREAD,Dining Out,2026-07-08T15:30:36+08:00,
Metricon,METRICON,https://www.metricon.com.au,Home Improvement,2026-07-08T15:30:36+08:00,
Medicross,Medicross,https://medicross.com.au,Health,2026-07-08T15:30:36+08:00,
Picklebet,Picklebet,https://picklebet.com,Gambling,2026-07-08T15:30:36+08:00,
Geraldton Cranes,Geraldton Cranes,https://www.google.com/maps/search/?q=Geraldton+Cranes,Home Improvement,2026-07-08T15:20:31+08:00,
Fourquarters Rec,FOURQUARTERS REC,https://www.google.com/maps/search/?q=Fourquarters+Rec,Gyms and other memberships,2026-07-08T15:20:31+08:00,
Fieldwork Health,Fieldwork Health,https://www.google.com/maps/search/?q=Fieldwork+Health,Health,2026-07-08T15:20:31+08:00,
Engage Abilities,Engage Abilities,https://www.google.com/maps/search/?q=Engage+Abilities,Health,2026-07-08T15:20:31+08:00,
DSM Construction,DSM Construction,https://www.google.com/maps/search/?q=DSM+Construction,Home Improvement,2026-07-08T15:20:31+08:00,
Autopro,Autopro,https://www.autopro.com.au/,Automotive,2026-07-08T15:20:31+08:00,
Syncline Haulage,SYNCLINE HAULAGE,https://www.google.com/search?q=Syncline+Haulage,Transport,2026-07-08T15:20:31+08:00,
Squarepeg Movers,SQUAREPEG MOVERS,https://www.google.com/search?q=Squarepeg+Movers,Transport,2026-07-08T15:20:31+08:00,
Spectrum Health,SPECTRUM HEALTH,https://www.spectrumhealth.org,Health,2026-07-08T15:20:31+08:00,
Rowjack Cleaning,ROWJACK CLEANING,https://www.google.com/search?q=Rowjack+Cleaning,Home Improvement,2026-07-08T15:20:31+08:00,
Rayner Transport,RAYNER TRANSPORT,https://www.google.com/search?q=Rayner+Transport,Transport,2026-07-08T15:20:31+08:00,
Providence Health Care,PROVIDENCE HCARE | Providence Health Care,https://www.google.com/search?q=Providence+Health+Care,Health,2026-07-08T15:20:31+08:00,
Precast Elements,PRECAST ELEMENTS,https://www.google.com/search?q=Precast+Elements,Home Improvement,2026-07-08T15:20:31+08:00,
Oceans Narrabeen,OCEANS NARRABEEN,https://www.google.com/maps/search/Oceans+Narrabeen,Dining Out,2026-07-08T15:20:31+08:00,
Lucas Civil Group,LUCAS CIVIL GROUP,https://www.google.com/maps/search/Lucas+Civil+Group,Home Improvement,2026-07-08T15:20:31+08:00,
Lismore Foodmart,LISMORE FOODMART,https://www.google.com/maps/search/Lismore+Foodmart,Groceries,2026-07-08T15:20:31+08:00,
Key Construction,KEY CONSTRUCTION,https://www.google.com/maps/search/Key+Construction,Home Improvement,2026-07-08T15:20:31+08:00,
Gatt Excavations,GATT EXCAVATIONS,https://www.google.com/maps/search/Gatt+Excavations,Home Improvement,2026-07-08T15:20:31+08:00,
Friends Homecare,FRIENDS HOMECARE,https://www.google.com/maps/search/Friends+Homecare,Health,2026-07-08T15:20:31+08:00,
Elton Landscapes,ELTON LANDSCAPES,https://www.eltonlandscapes.com.au,Home Improvement,2026-07-08T15:20:31+08:00,
DML Construction,DML CONSTRUCTION,https://www.dmlconstruction.com.au,Home Improvement,2026-07-08T15:20:31+08:00,
Charley's Place,CHARLEYS PLACE | Charley's Place,https://www.charleysplace.com.au,Dining Out,2026-07-08T15:20:31+08:00,
Bissell Concrete,BISSELL CONCRETI | Bissell Concrete,https://www.bissellconcrete.com.au,Home Improvement,2026-07-08T15:20:31+08:00,
Auststar Freight,AUSTSTAR FREIGHT,https://www.auststarfreight.com.au,Transport,2026-07-08T15:20:31+08:00,
Comfort Inn,COMFORT INN,https://www.choicehotels.com/comfort-inn,Travel,2026-07-08T15:20:31+08:00,
Metroll,METROLL,https://www.metroll.com.au,Home Improvement,2026-07-08T15:20:31+08:00,
Q Pools Spas,Q Pools Spas,https://www.qpoolsspas.com.au,Home Improvement,2026-07-08T15:20:31+08:00,
Jim's Home Care,JIMS HOME CARE | Jim's Home Care,https://www.jimshomecare.com.au,Health,2026-07-08T15:20:31+08:00,
Becool Equipment,BECOOL | Becool Equipment,https://www.becool.com.au,Home Improvement,2026-07-08T15:20:31+08:00,
Betabuild Pty Ltd,BETABUILD PTY LTD,https://www.betabuild.com.au,Home Improvement,2026-07-08T15:20:31+08:00,
Swissport Australia,SWISSPORT AUSTRA | Swissport Australia,https://www.swissport.com,Transport,2026-07-08T15:20:31+08:00,
Catholic Healthcare,Catholic Healthc | Catholic Healthcare,https://www.catholichealthcare.com.au,Health,2026-07-08T15:20:31+08:00,
Commvault Systems,Commvault Systems,https://www.commvault.com,Information,2026-07-08T15:20:31+08:00,
Miami Stainless,Miami Stainless,https://maps.google.com/?q=Miami+Stainless+WA,Home Improvement,2026-07-08T15:20:31+08:00,
McKay Drilling,McKay Drilling,https://maps.google.com/?q=McKay+Drilling,Home Improvement,2026-07-08T15:20:31+08:00,
Gwydir Carapark,GWYDIR CARAPARK,https://maps.google.com/?q=Gwydir+Carapark+WA,Travel,2026-07-08T15:20:31+08:00,
Hogs Breath Cafe,HOGS BREATH | Hogs Breath Cafe,https://www.hogsbreath.com.au,Dining Out,2026-07-08T15:20:31+08:00,
FTR Roofing,FTR Roofing,https://maps.google.com/?q=FTR+Roofing,Home Improvement,2026-07-08T15:20:31+08:00,
Fremantle Steel,Fremantle Steel,https://maps.google.com/?q=Fremantle+Steel,Home Improvement,2026-07-08T15:20:31+08:00,
Greenhill Bananas,Greenhill Bananas,https://maps.google.com/?q=Greenhill+Bananas,Groceries,2026-07-08T15:20:31+08:00,
Conroy Removals,Conroy Removals,https://maps.google.com/?q=Conroy+Removals,Transport,2026-07-08T15:20:31+08:00,
Springhill Farm,Springhill Farm,https://www.springhillfarm.com.au,Groceries,2026-07-08T15:20:31+08:00,
Couriers Please,COURIERS PLEASE,https://www.couriersplease.com.au,Transport,2026-07-08T15:20:31+08:00,
Chrisco,CHRISCO,https://www.chrisco.com.au,Retail,2026-07-08T15:20:31+08:00,
First Advantage,FIRST ADVANTAGE,https://www.firstadvantage.com,Information,2026-07-08T15:20:31+08:00,
Hutchinson Builders,HUTCHINSON BLDERS | Hutchinson Builders,https://www.hutchinsonbuilders.com.au/,Home Improvement,2026-07-08T15:20:31+08:00,
CQ Crane Hire,CQ CRANE HIRE,https://www.cqcranes.com.au/,Home Improvement,2026-07-08T15:20:31+08:00,
Port Waratah Coal Services,PORT WARATAH COA | Port Waratah Coal Services,https://www.portwaratah.com.au/,Transport,2026-07-08T15:20:31+08:00,2026-07-13T21:08:53+08:00
East Coast Getaway,EAST COAST GETAWAY,https://www.eastcoastgetaway.com.au,Travel,2026-07-08T15:20:31+08:00,
Burgmann Anglican School,BURGMANN ANGLICA | Burgmann Anglican School,https://www.burgmann.act.edu.au,Education,2026-07-08T15:20:31+08:00,
Vio Travel,VIO Travel,https://www.vio-travel.com,Travel,2026-07-08T15:20:31+08:00,
Eastside QSR Pty Ltd,Eastside QSR | Eastside QSR Pty Ltd,https://www.eastsideqsr.com.au,Dining Out,2026-07-08T15:20:31+08:00,
Kingston Plant Hire,KINGSTON PLANT HIR | Kingston Plant Hire,https://www.kingstonplanthire.com.au,Home Improvement,2026-07-08T15:20:31+08:00,
VT Freight Express,VT Freight Express,https://www.vtfreight.com.au,Transport,2026-07-08T15:20:31+08:00,
Heywood Hotel,Heywood Hotel,https://www.google.com/maps/search/?api=1&query=Heywood+Hotel,Travel,2026-07-08T15:20:31+08:00,
West Coaster Motel,WEST COASTER MOTEL,https://www.google.com/maps/search/?api=1&query=West+Coaster+Motel,Travel,2026-07-08T15:20:31+08:00,
Waste Detect Pty Ltd,Waste Detect | Waste Detect Pty Ltd,https://www.google.com/maps/search/?api=1&query=Waste+Detect+Pty+Ltd,Utilities,2026-07-08T15:20:31+08:00,
Torotoro Ramen Bar,Torotoro Ramen Bar,https://www.google.com/maps/search/?api=1&query=Torotoro+Ramen+Bar,Dining Out,2026-07-08T15:20:31+08:00,
The Sandwich Group,THE SANDWICH GROUP,https://www.google.com/maps/search/?api=1&query=The+Sandwich+Group,Dining Out,2026-07-08T15:20:31+08:00,
Dubbo Mowers,Dubbo Mowers,https://www.google.com/maps/search/?api=1&query=Dubbo+Mowers,Home Improvement,2026-07-08T15:20:31+08:00,
Spuds Marquee Hire,Spuds Marquee Hire,https://www.google.com/maps/search/?api=1&query=Spuds+Marquee+Hire,Entertainment,2026-07-08T15:20:31+08:00,
Supreme Carpentry,SUPREME CARPENTR | Supreme Carpentry,https://www.google.com/search?q=Supreme+Carpentry,Home Improvement,2026-07-08T15:10:02+08:00,
Procure Logistics,PROCURE LOGISTIC | Procure Logistics,https://www.google.com/search?q=Procure+Logistics,Transport,2026-07-08T15:10:02+08:00,
Maitland Contract,MAITLAND CONTRAC | Maitland Contract,https://www.google.com/search?q=Maitland+Contract,Home Improvement,2026-07-08T15:10:02+08:00,
Leg Construction,LEG CONSTRUCTION,https://www.google.com/maps/search/Leg+Construction,Home Improvement,2026-07-08T15:10:02+08:00,
Killahy Construction,KILLAHY CONSTRUC | Killahy Construction,https://www.google.com/maps/search/Killahy+Construction,Home Improvement,2026-07-08T15:10:02+08:00,
Aussie Excavators,AUSSIE EXCAVATOR | Aussie Excavators,https://www.google.com/maps/search/Aussie+Excavators,Home Improvement,2026-07-08T15:10:02+08:00,
Faze Construction,FAZE CONSTRUCTIO | Faze Construction,https://www.google.com/maps/search/Faze+Construction,Home Improvement,2026-07-08T15:10:02+08:00,
Goodyear,Goodyear,https://www.goodyear.com,Automotive,2026-07-08T15:10:02+08:00,
Laksa King Kitchen,LAKSA KING KITCHEN,https://www.google.com/maps/search/LAKSA%20KING%20KITCHEN,Dining Out,2026-07-08T15:10:02+08:00,
PC Freight Services,PCFreight Services | PC Freight Services,https://www.google.com/maps/search/PCFreight%20Services,Transport,2026-07-08T15:10:02+08:00,
Mr Blockage Plumbing,MR BLOCKAGE PLUMBI | Mr Blockage Plumbing,https://www.google.com/maps/search/MR%20BLOCKAGE%20PLUMBI,Home Improvement,2026-07-08T15:10:02+08:00,
Genesis Fitness Parramatta,GENESIS PARRAMATTA | Genesis Fitness Parramatta,https://www.genesisfitness.com.au,Gyms and other memberships,2026-07-08T15:10:02+08:00,
Oz Jet Boating,Oz Jet Boating,https://www.ozjetboating.com,Travel,2026-07-08T15:10:02+08:00,
Linfox,LINFOX TRANSPORT | Linfox,https://www.linfox.com,Transport,2026-07-08T15:10:02+08:00,
Sherpa Delivery,Sherpa Delivery,https://www.google.com/search?q=Sherpa+Delivery,Transport,2026-07-08T15:10:02+08:00,
QLD Roofworks,QLD ROOFWORKS,https://www.google.com/search?q=QLD+ROOFWORKS,Home Improvement,2026-07-08T15:10:02+08:00,
Kustom Timber,Kustom Timber,https://www.google.com/search?q=Kustom+Timber,Home Improvement,2026-07-08T15:10:02+08:00,
Fresh Packed,Fresh Packed,https://www.google.com/search?q=Fresh+Packed,Groceries,2026-07-08T15:10:02+08:00,
Career Canopy,CAREER CANOPY,https://www.google.com/search?q=CAREER+CANOPY,Education,2026-07-08T15:10:02+08:00,
Crust Gourmet Pizza Bar,wwwcrustcomau | Crust Gourmet Pizza Bar,https://www.crust.com.au,Dining Out,2026-07-08T15:10:02+08:00,
Zoomers Swim School,ZOOMERS SWIM SCH | Zoomers Swim School,https://www.zoomersswimschool.com.au,Education,2026-07-08T15:10:02+08:00,
Displayr Australia,Displayr Australia,https://www.displayr.com/,Information,2026-07-08T14:59:43+08:00,
Timberlink Australia,Timberlink Austral | Timberlink Australia,https://www.timberlink.com.au/,Home Improvement,2026-07-08T14:59:43+08:00,
Newcastle Toyota,NEWCASTLE TOYOTA,https://www.google.com/search?q=Newcastle+Toyota,Automotive,2026-07-08T14:59:43+08:00,
Rodsure Holdings,Rodsure Holdings,https://www.google.com/search?q=Rodsure+Holdings,Insurance,2026-07-08T14:59:43+08:00,
Rossmore Carpentry,ROSSMORE CARPENTRY,https://www.google.com/search?q=Rossmore+Carpentry,Home Improvement,2026-07-08T14:59:43+08:00,
Ace Reinforcements,ACE REINFORCEMENTS,https://www.google.com/search?q=Ace+Reinforcements,Home Improvement,2026-07-08T14:59:43+08:00,
Clean City Service,CLEAN CITY SERVICE,https://www.google.com/search?q=Clean+City+Service,Home Improvement,2026-07-08T14:59:43+08:00,
Consolidated Electric,CONSOLIDATED ELECT | Consolidated Electric,https://www.google.com/search?q=Consolidated+Electric,Home Improvement,2026-07-08T14:59:43+08:00,
Compliant Cleaning,Compliant Cleaning,https://www.google.com/search?q=Compliant+Cleaning,Home Improvement,2026-07-08T14:59:43+08:00,
Charterhouse Partnership,CHARTERHOUSE PARTN | Charterhouse Partnership,https://www.google.com/search?q=Charterhouse+Partnership,Education,2026-07-08T14:59:43+08:00,
Beginning Boutique,Beginning Boutique,https://www.beginningboutique.com.au/,Retail,2026-07-08T14:59:43+08:00,
Dyers Distribution,DYERS DISTRIBUTION,https://www.google.com/maps/search/Dyers+Distribution,Transport,2026-07-08T14:59:43+08:00,
Premier Insulation,PREMIER INSULATION,https://www.google.com/maps/search/Premier+Insulation,Home Improvement,2026-07-08T14:59:43+08:00,
Cape Constructions,CAPE CONSTRUCTIONS,https://www.google.com/maps/search/Cape+Constructions,Home Improvement,2026-07-08T14:59:43+08:00,
Westland Nurseries,Westland Nurseries,https://www.google.com/maps/search/Westland+Nurseries,Home Improvement,2026-07-08T14:59:43+08:00,
Thomas Fabrication,THOMAS FABRICATION,https://www.google.com/maps/search/Thomas+Fabrication,Home Improvement,2026-07-08T14:59:43+08:00,
Westland Landscaping,WESTLAND LANDSCAPI | Westland Landscaping,https://www.google.com/maps/search/Westland+Landscaping,Home Improvement,2026-07-08T14:59:43+08:00,
Ultimate Interiors,ULTIMATE INTERIO | Ultimate Interiors,https://www.google.com/maps/search/?q=Ultimate+Interiors,Home Improvement,2026-07-08T14:59:43+08:00,
Precision Plumbing,PRECISION PLUMBI | Precision Plumbing,https://www.google.com/maps/search/?q=Precision+Plumbing,Home Improvement,2026-07-08T14:59:43+08:00,
McHaffie Transport,MCHAFFIE TRANSPO | McHaffie Transport,https://www.google.com/maps/search/?q=McHaffie+Transport,Transport,2026-07-08T14:59:43+08:00,
McFarland Plumbing,MCFARLAND PLUMBI | McFarland Plumbing,https://www.google.com/maps/search/?q=McFarland+Plumbing,Home Improvement,2026-07-08T14:59:43+08:00,
Formcorp Interiors,FORMCORP INTERIO | Formcorp Interiors,https://www.google.com/maps/search/?q=Formcorp+Interiors,Retail,2026-07-08T14:59:43+08:00,
First Batch Coffee,FIRSTBATCHCOFFEE | First Batch Coffee,https://www.google.com/maps/search/?q=First+Batch+Coffee,Dining Out,2026-07-08T14:59:43+08:00,
Pearl Home Care,PEARL HOME CARE,https://www.pearlhomecare.com.au,Health,2026-07-08T14:59:43+08:00,
Casino RSM Club,CASINO RSM CLUB,https://www.casinorsmclub.com.au,Gambling,2026-07-08T14:59:43+08:00,
Spot Production,Spot Production,https://www.spotproduction.com.au,Entertainment,2026-07-08T14:59:43+08:00,
QIF Ningi Pty Ltd,QIF Ningi Pty Lt | QIF Ningi Pty Ltd,https://www.qifningi.com.au,Automotive,2026-07-08T14:59:43+08:00,
PSF Steel Pty Ltd,PSF STEEL PTY LT | PSF Steel Pty Ltd,https://www.psfsteel.com.au,Home Improvement,2026-07-08T14:59:43+08:00,
Fresenius Medical Care,Fresenius Medica | Fresenius Medical Care,https://www.freseniusmedicalcare.com,Health,2026-07-08T14:59:43+08:00,
Cleanaway,Cleanaway Operat | Cleanaway,https://www.cleanaway.com.au,Utilities,2026-07-08T14:59:43+08:00,
National Storage,National Storage,https://www.nationalstorage.com.au,Rent,2026-07-08T14:59:43+08:00,
Happsa Group Pty Ltd,Happsa Group | Happsa Group Pty Ltd,https://www.happsa.com.au/,Home Improvement,2026-07-08T14:59:43+08:00,
Country Chef,COUNTRY CHEF,https://www.countrychef.com.au/,Dining Out,2026-07-08T14:59:43+08:00,
Brewer Civil & Earthmoving,Brewer Civil | Brewer Civil & Earthmoving,https://www.brewercivil.com.au/,Home Improvement,2026-07-08T14:59:43+08:00,
Stockman Plumbing,Stockman Plumbing,https://www.google.com/maps/search/Stockman+Plumbing,Home Improvement,2026-07-08T14:59:43+08:00,
Stirling Donald's Cleaning,STIRLING DONALDS Cleaning | Stirling Donald's Cleaning,https://www.google.com/maps/search/Stirling+Donald%27s+Cleaning,Home Improvement,2026-07-08T14:59:43+08:00,
SSR Installations,SSR Installations,https://www.google.com/maps/search/SSR+Installations,Home Improvement,2026-07-08T14:59:43+08:00,
Roofing Craftsmen,Roofing Craftsmen,https://www.google.com/maps/search/Roofing+Craftsmen,Home Improvement,2026-07-08T14:59:43+08:00,
JR Construction,JRConstruction | JR Construction,https://www.jrconstruction.com.au,Home Improvement,2026-07-08T14:50:17+08:00,
Jetset Plumbing,JETSET PLUMBING,https://www.jetsetplumbing.com.au,Home Improvement,2026-07-08T14:50:17+08:00,
Everlast Tarps,EVERLAST TARPS,https://www.everlasttarps.com.au,Retail,2026-07-08T14:50:17+08:00,
Depco Drilling,Depco Drilling,https://www.depcodrilling.com.au,Home Improvement,2026-07-08T14:50:17+08:00,
Downtown Toyota,Downtown Toyota,https://www.downtowntoyota.com,Automotive,2026-07-08T14:50:17+08:00,
Cairns Cleaning,CAIRNS CLEANIN | Cairns Cleaning,https://www.cairnscleaning.com.au,Home Improvement,2026-07-08T14:50:17+08:00,
Aria Apartments,Aria Apartments,https://www.ariaapartments.com.au/,Rent,2026-07-08T14:50:17+08:00,
Planet Building,PLANET BUILDING,https://www.google.com/maps/search/Planet+Building,Home Improvement,2026-07-08T14:50:17+08:00,
O'Brien Plumbing,O'Brien Plumbing,https://www.obrienplumbing.com.au/,Home Improvement,2026-07-08T14:50:17+08:00,
Cairns Kids ELC,CAIRNS KIDS ELC,https://www.google.com/maps/search/Cairns+Kids+ELC,Education,2026-07-08T14:50:17+08:00,
Lockyer Produce,LOCKYER PRODUCE,https://www.google.com/search?q=Lockyer+Produce,Groceries,2026-07-08T14:50:17+08:00,
Kent Transport,Kent Transport,https://www.google.com/search?q=Kent+Transport,Transport,2026-07-08T14:50:17+08:00,
Ultra Homes,ULTRA HOMES,https://www.google.com/search?q=Ultra+Homes,Home Improvement,2026-07-08T14:50:17+08:00,
Tough Yakka,Tough Yakka,https://www.google.com/search?q=Tough+Yakka,Retail,2026-07-08T14:50:17+08:00,
The Handmade Food Co,Handmade Food Co | The Handmade Food Co,https://www.google.com/search?q=Handmade+Food+Co,Dining Out,2026-07-08T14:50:17+08:00,
Thrive Pharmacy,Thrive Pharmacy,https://www.google.com/maps/search/?api=1&query=Thrive+Pharmacy+McDowall,Health,2026-07-08T14:50:17+08:00,
Sutcliffe Meats,SUTCLIFFE MEATS,https://www.google.com/maps/search/?api=1&query=Sutcliffe+Meats,Groceries,2026-07-08T14:50:17+08:00,
Seaford Windscreens,SEAFORD WINDSCRE | Seaford Windscreens,https://www.google.com/maps/search/?api=1&query=Seaford+Windscreens,Automotive,2026-07-08T14:50:17+08:00,
Children First,CHILDREN FIRST,https://www.google.com/maps/search/?api=1?query=Children+First+childcare,Education,2026-07-08T14:50:17+08:00,
Dalby Constructions,DALBYCONSTRUCTIONS | Dalby Constructions,https://www.google.com/maps/search/Dalby+Constructions,Home Improvement,2026-07-08T14:50:17+08:00,
Australian Caravans,Australian Carav | Australian Caravans,https://www.google.com/maps/search/Australian+Caravans,Automotive,2026-07-08T14:50:17+08:00,
Love2swim School,Love2swim School,https://www.google.com/maps/search/Love2swim+School,Education,2026-07-08T14:50:17+08:00,
Murray Construction,MURRAY CONSTRUCT | Murray Construction,https://www.google.com/maps/search/Murray+Construction,Home Improvement,2026-07-08T14:50:17+08:00,
Everest Contracting,EVEREST CONTRACT | Everest Contracting,https://www.google.com/maps/search/Everest+Contracting,Home Improvement,2026-07-08T14:50:17+08:00,
All Construction Engineering,All Construction | All Construction Engineering,https://www.google.com/maps/search/All+Construction+Engineering,Home Improvement,2026-07-08T14:50:17+08:00,
Stronger Foundation,Stronger Foundat | Stronger Foundation,https://www.google.com/maps/search/Stronger+Foundation,Donations,2026-07-08T14:50:17+08:00,
Shoreline Freighter,SHORELINE FREIGH | Shoreline Freighter,https://www.google.com/maps/search/Shoreline+Freighter,Transport,2026-07-08T14:50:17+08:00,
Powerlink Solutions,POWERLINK SOLUTI | Powerlink Solutions,https://www.google.com/maps/search/Powerlink+Solutions,Utilities,2026-07-08T14:50:17+08:00,
PC Case Gear,PC CASE GEAR,https://www.pccasegear.com/,Retail,2026-07-08T14:50:17+08:00,
Drainflow Services,DRAINFLOW SERVICES,https://www.drainflow.com.au/,Home Improvement,2026-07-08T14:50:17+08:00,
White Collar Blue,WHITECOLLARBLUE | White Collar Blue,https://www.whitecollarblue.com.au/,Entertainment,2026-07-08T14:50:17+08:00,2026-07-13T21:36:22+08:00
Mallard Contracting,MALLARD CONTRACT | Mallard Contracting,https://www.google.com/search?q=Mallard+Contracting,Home Improvement,2026-07-08T14:38:57+08:00,
Main Constructions,Main Constructions,https://www.google.com/search?q=Main+Constructions,Home Improvement,2026-07-08T14:38:57+08:00,
Holiday Management,HOLIDAY MANAGEMENT,https://www.google.com/search?q=Holiday+Management,Travel,2026-07-08T14:38:57+08:00,
Essjay Contracting,ESSJAY CONTRACTING,https://www.google.com/search?q=Essjay+Contracting,Home Improvement,2026-07-08T14:38:57+08:00,
Calibre Automotive,Calibre Automotive,https://www.google.com/search?q=Calibre+Automotive,Automotive,2026-07-08T14:38:57+08:00,
SHSS P&C Association,SHSS P&C ASSOC | SHSS P&C Association,https://abr.business.gov.au/Search?SearchText=SHSS+P%26C,Education,2026-07-08T14:38:57+08:00,
Continuity Care,Continuity Care,https://abr.business.gov.au/Search?SearchText=Continuity+Care,Health,2026-07-08T14:38:57+08:00,
Wilkinson Seafood,WILKINSON SEAFOOD,https://abr.business.gov.au/Search?SearchText=WILKINSON+SEAFOOD,Groceries,2026-07-08T14:38:57+08:00,
Viking Mechanical,Viking Mechanical,https://abr.business.gov.au/Search?SearchText=Viking+Mechanical,Automotive,2026-07-08T14:38:57+08:00,
Blueprint Homes,Blueprint Homes,https://www.blueprint.com.au/,Home Improvement,2026-07-08T14:38:57+08:00,
BreatheSafe,BREATHESAFE,https://www.breathesafe.com.au/,Automotive,2026-07-08T14:38:57+08:00,2026-07-13T21:36:22+08:00
Guzman y Gomez,GYG | GuzmanYGomezCapalaba | Guzman Rockhampton | Gyg Frenchs Forest | Guzmanygomez | Guzman y Gomez,https://www.guzmanygomez.com/,Dining Out,2026-07-08T14:38:57+08:00,
Sydney Plant Hire,Sydney Plant Hire,https://www.sydneyplanthire.com.au/,Home Improvement,2026-07-08T14:38:57+08:00,
Northwest Air Solutions,Northwest Air Sol | Northwest Air Solutions,https://www.northwestairsolutions.com.au/,Home Improvement,2026-07-08T14:38:57+08:00,
MECCA Brands,MECCA Brands,https://www.mecca.com.au/,Personal Care,2026-07-08T14:38:57+08:00,
Logan City Tavern,LOGAN CITY TAVERN,https://www.logancitytavern.com.au/,Dining Out,2026-07-08T14:38:57+08:00,
Life Church,Life Church,https://www.life.church/,Donations,2026-07-08T14:38:57+08:00,
Sutton Racing,Sutton Racing,https://www.google.com/maps/search/Sutton+Racing,Entertainment,2026-07-08T14:38:57+08:00,
Blue Spec Drilling,Blue Spec Drill | Blue Spec Drilling,https://www.google.com/maps/search/Blue+Spec+Drilling,Home Improvement,2026-07-08T14:38:57+08:00,
Arbtown Pty Ltd,ARBTOWN PTY LTD,https://www.google.com/maps/search/Arbtown+Pty+Ltd,Home Improvement,2026-07-08T14:38:57+08:00,
The Cutting Board,THE CUTTING BOARD,https://www.google.com/maps/search/The+Cutting+Board,Dining Out,2026-07-08T14:38:57+08:00,
Matz Roofing Pty Ltd,MATZ ROOFING PTY | Matz Roofing Pty Ltd,https://www.google.com/maps/search/Matz+Roofing+Pty+Ltd,Home Improvement,2026-07-08T14:38:57+08:00,
Kool Kids,KoolKids | Kool Kids,https://www.koolkids.com.au,Education,2026-07-08T14:38:57+08:00,
Australian Crawl,Australian Crawl,https://www.australiancrawl.com.au,Education,2026-07-08T14:38:57+08:00,
Turrbal Dippil,TURRBAL DIPPIL,http://www.turrbalippil.org.au,Donations,2026-07-08T14:38:57+08:00,
Pickerings Auto,Pickerings Auto,https://pickeringsauto.com.au,Automotive,2026-07-08T14:38:57+08:00,
Mulungu Travel,MULUNGU TRAVEL,https://mulungutravel.com.au,Travel,2026-07-08T14:38:57+08:00,
MCT Motorsports,MCT Motorsports,https://mctmotorsports.com.au,Automotive,2026-07-08T14:38:57+08:00,
Leading Childcare,LEAD CHILDCARE | Leading Childcare,https://leadingchildcare.com.au,Education,2026-07-08T14:38:57+08:00,
Kallangur Dental,KALLANGUR DENTAL,https://www.kallangurdental.com.au,Health,2026-07-08T14:26:52+08:00,
Dijihawk Pty Ltd,DIJIHAWK PTY LTD,https://www.dijihawk.com.au,Information,2026-07-08T14:26:52+08:00,
Marrickville Golf Club,MARRICKVILLE GOLF | Marrickville Golf Club,https://www.marrickvillegolf.com.au,Entertainment,2026-07-08T14:26:52+08:00,
AJP Constructions,AJP CONSTRUCTIONS,https://www.ajpconstructions.com.au,Home Improvement,2026-07-08T14:26:52+08:00,
Wongaburra Society,WONGABURRA SOCIETY,https://www.wongaburra.org.au,Donations,2026-07-08T14:26:52+08:00,
Western Sydney Caravans,WesternSydCaravans | Western Sydney Caravans,https://www.westernsydneycaravans.com.au,Automotive,2026-07-08T14:26:52+08:00,
Watermark Construction,WATERMARK CONSTRUC | Watermark Construction,https://www.watermarkconstructions.com.au,Home Improvement,2026-07-08T14:26:52+08:00,
St Albans Sports Club,ST ALBANS SPORTS | St Albans Sports Club | ST ALBANS SPORTS CLUB INC,https://www.stalbanssportsclub.com.au,Entertainment,2026-07-10T10:00:25+08:00,
Smartbuilt Brisbane,Smartbuilt Brisban | Smartbuilt Brisbane,https://www.smartbuilt.com.au,Home Improvement,2026-07-08T14:26:52+08:00,
Roasting Warehouse,ROASTING WAREHOUSE,https://www.roastingwarehouse.com.au,Retail,2026-07-08T14:26:52+08:00,
Pacific Smoke Alarms,PacificSmokeAlarms | Pacific Smoke Alarms,https://www.pacificsmokealarms.com.au,Retail,2026-07-08T14:26:52+08:00,
Snackbrands Australia,Snackbrands Aust | Snackbrands Australia,https://www.snackbrands.com.au,Groceries,2026-07-08T14:26:52+08:00,
Imperial Coatings,IMPERIAL COATINGS,https://www.imperialcoatings.com,Home Improvement,2026-07-08T14:26:52+08:00,
Coleman Fabrications,COLEMAN FABRICAT | Coleman Fabrications,https://www.colemanfabrications.com.au,Home Improvement,2026-07-08T14:26:52+08:00,
Austin Electrical,AUSTIN ELECTRICAL,https://www.austinelectrical.com.au,Home Improvement,2026-07-08T14:26:52+08:00,
Active Care Nursing,Active Care Nurs | Active Care Nursing,https://www.activecarenursing.com.au,Health,2026-07-08T14:26:52+08:00,
Ridings Boats,RIDINGS BOATS,https://www.ridingsboats.com,Automotive,2026-07-08T14:26:52+08:00,
Port Kennedy Chiropractic,Port Kennedy Chi | Port Kennedy Chiropractic,https://www.portkennedychiropractic.com.au,Health,2026-07-08T14:26:52+08:00,
Pentland Concrete,PENTLAND CONCRET | Pentland Concrete,https://www.pentlandconcrete.com.au,Home Improvement,2026-07-08T14:26:52+08:00,
Ontrack Tasmania,ONTRACK TASMANIA,https://www.ontracktasmania.com.au,Health,2026-07-08T14:26:52+08:00,
Millers Hardware,MILLERS HARDWARE,https://www.millershardware.com.au,Home Improvement,2026-07-08T14:26:52+08:00,
Liquor Logistics,Liquor Logistics,https://www.liquorlogistics.com.au,Retail,2026-07-08T14:26:52+08:00,
Goodyear Autocare,Goodyear Autocar | Goodyear Autocare,https://www.goodyearautocare.com.au,Automotive,2026-07-08T14:26:52+08:00,
Cogent Scaffolding,COGENT SCAFFOLDING,https://www.cogentscaffolding.com.au,Home Improvement,2026-07-08T14:26:52+08:00,
Ausdocs Medical Centre,Ausdocs Highgate | Ausdocs Medical Centre,https://www.ausdocs.com.au/,Health,2026-07-08T14:26:52+08:00,
PWR Performance,PWR Performance,https://www.pwr.com.au/,Automotive,2026-07-08T14:26:52+08:00,
Total Insulation,TOTAL INSULATION,https://www.totalinsulation.com.au/,Home Improvement,2026-07-08T14:26:52+08:00,
Statewide Cranes,STATEWIDE CRANES,https://www.statewidecranes.com.au,Home Improvement,2026-07-08T14:26:52+08:00,
Mango Promotions,MANGO PROMOTIONS,https://www.mangopromotions.com.au,Retail,2026-07-08T14:26:52+08:00,
Informed Sources,Informed Sources,https://www.informedsources.com.au,Information,2026-07-08T14:26:52+08:00,
Absolute Footcare,ABSOLUTEFOOTCARE | Absolute Footcare,https://www.absolutefootcare.com.au,Health,2026-07-08T14:26:52+08:00,
Five Good Friends,FIVE GOOD FRIENDS | FIVEGOODFRIENDS,https://www.fivegoodfriends.com.au,Health,2026-07-08T19:44:25+08:00,
Waterloo Bay Hotel,WATERLOO BAY HOTEL,https://www.waterloobayhotel.com.au,Travel,2026-07-08T14:26:52+08:00,
Walltech Panels,WALLTECH PANELS,https://www.walltechpanels.com.au,Home Improvement,2026-07-08T14:26:52+08:00,
TGI Fridays Greenhills,TGI GREENHILLS | TGI Fridays Greenhills,https://www.tgifridays.com.au/locations/greenhills/,Dining Out,2026-07-08T14:26:52+08:00,
Skilled Metal Roofing,SKILLED METAL ROOF | Skilled Metal Roofing,https://www.skilledmetalroofing.com.au,Home Improvement,2026-07-08T14:26:52+08:00,
Ray White Sherwood,Ray White Sherwood,https://raywhitesherwood.com.au,Rent,2026-07-08T14:26:52+08:00,2026-07-13T21:14:30+08:00
Getta Burger,Getta Burger,https://www.gettaburger.com.au,Dining Out,2026-07-08T14:26:52+08:00,
Oceania Ground Force,Oceania Ground For | Oceania Ground Force,https://www.oceaniagroundforce.com.au,Travel,2026-07-08T14:26:52+08:00,
MFD Linehaul Pty Ltd,MFD LINEHAUL | MFD Linehaul Pty Ltd,https://www.mfdlinehaul.com.au/,Transport,2026-07-08T14:26:52+08:00,
Mava Door Systems,MAVA DOOR SYSTEM | Mava Door Systems,https://mavadoors.com.au/,Home Improvement,2026-07-08T14:26:52+08:00,
Leighton All Trade,LEIGHTON ALL TRADE,https://www.leightonalltrade.com.au/,Home Improvement,2026-07-08T14:26:52+08:00,
JJK Painting Pty Ltd,JJK PAINTING | JJK Painting Pty Ltd,https://www.jjkpainting.com.au/,Home Improvement,2026-07-08T14:26:52+08:00,
Indigorose Pty Ltd,Indigo Rose Disa | Indigorose Pty Ltd,https://www.indigorose.com.au/,Health,2026-07-08T14:26:52+08:00,
Henley Brook Pty Ltd,Henley Brook | Henley Brook Pty Ltd,https://henleybrook.com.au/,Health,2026-07-08T14:26:52+08:00,
Geelong Radio Cabs,GEELONG RADIO CABS,https://www.geelongradiocabs.com.au/,Transport,2026-07-08T14:26:52+08:00,
Garden Verde Pty Ltd,GARDEN VERDE | Garden Verde Pty Ltd,https://gardenverde.com.au/,Home Improvement,2026-07-08T14:26:52+08:00,
Blue Marble Health,BLUE MARBLE HEALTH,https://www.bluemarblehealth.com/,Health,2026-07-08T14:26:52+08:00,
Aidacare,Aidacare,https://www.aidacare.com.au/,Health,2026-07-08T14:26:52+08:00,
Two Doors Up,TWO DOORS UP,https://www.twodoorsup.com.au/,Home Improvement,2026-07-08T14:26:52+08:00,
Clancy's Fish Bar,CLANCYS FISH BAR | Clancy's Fish Bar,https://www.clancysfishbar.com.au/,Dining Out,2026-07-08T14:26:52+08:00,
Realmark Karratha,Realmark Karratha,https://www.realmark.com.au/offices/karratha/,Rent,2026-07-08T14:26:52+08:00,2026-07-13T21:15:08+08:00
Maxima Training,MAXIMA TRAINING,https://www.maxima.com.au/training,Education,2026-07-08T14:26:52+08:00,
Kraudelt Painting,KRAUDELT PAINTING,https://www.google.com/maps/search/Kraudelt+Painting,Home Improvement,2026-07-08T14:26:52+08:00,
Construction Sciences,CONSTRUCTION SCI | Construction Sciences,https://www.constructionsciences.com.au,Home Improvement,2026-07-08T14:26:52+08:00,
Choices Flooring,CHOICES FLOORING,https://www.choicesflooring.com.au,Home Improvement,2026-07-08T14:26:52+08:00,
Newnham Scaffolding,Newnham Scaffold | Newnham Scaffolding,https://www.newnhamscaffolding.com.au,Home Improvement,2026-07-08T14:26:52+08:00,
Oplus Health,OPLUS HEALTH,http://www.oplushealth.com.au,Health,2026-07-08T14:26:52+08:00,
Warakirri College,Warakirri College,https://www.warakirri.nsw.edu.au/,Education,2026-07-08T13:27:07+08:00,
Victory Ford,Victory Ford,https://www.google.com/maps/search/Victory+Ford,Automotive,2026-07-08T13:27:07+08:00,
Nurse Next Door,NURSE NEXT DOOR,https://www.nursenextdoor.com,Health,2026-07-08T13:27:07+08:00,
Kent Town Hotel,Kent Town Hotel,https://www.kenttownhotel.com.au,Travel,2026-07-08T13:27:07+08:00,
Healthscope Operations,HEALTHSCOPE OPER | Healthscope Operations,https://www.healthscope.com.au/,Health,2026-07-08T13:27:07+08:00,
The Humour Foundation,The Humour Found | The Humour Foundation,https://www.humourfoundation.com.au,Donations,2026-07-08T13:25:27+08:00,
Dogs Homes of Tasmania,Dogs Homes of Tas | Dogs Homes of Tasmania,https://www.dogshomesoftasmania.org.au,Pet Care,2026-07-08T13:25:27+08:00,
Optometry Australia,OPTOMETRY AUSTRA | Optometry Australia,https://www.optometry.org.au/,Health,2026-07-08T13:25:27+08:00,
Envirosuite,ENVIROSUITE,https://www.envirosuite.com/,Information,2026-07-08T13:23:35+08:00,
TAL Life Limited,TAL Life Limited,https://www.tal.com.au/,Insurance,2026-07-08T13:23:35+08:00,
Amazon,AMAZON,https://www.amazon.com,Retail,2026-07-08T13:23:35+08:00,
Pack & Send,PACK & SEND,https://www.packsend.com,Transport,2026-07-08T13:23:35+08:00,
Just Group Ltd,Just Group Ltd,https://www.justgroup.com.au/,Retail,2026-07-08T13:21:50+08:00,
Sirva,SIRVA PTY LTD ALLIED | Sirva,https://www.sirva.com,Transport,2026-07-08T13:19:54+08:00,
Allstate,ALLSTATE,https://www.allstate.com,Insurance,2026-07-08T13:19:54+08:00,
Vetro Pty Ltd,VETRO | Vetro Pty Ltd,https://www.vetro.com.au,Home Improvement,2026-07-08T13:19:54+08:00,
Bell Collision,BELL COLLISION,https://www.google.com/maps/search/Bell+Collision,Automotive,2026-07-08T13:17:33+08:00,
Bairnsdale RSL,BAIRNSDALE RSL,https://www.bairnsdalersl.com.au,Entertainment,2026-07-08T13:17:33+08:00,
Unisys Australia,UNISYS AUSTRALIA,https://www.unisys.com,Information,2026-07-08T13:12:57+08:00,
Sharp Airlines,SHARP AIRLINES,https://www.sharpairlines.com.au,Travel,2026-07-08T13:12:57+08:00,
Pegasus Health,PEGASUS HEALTH,https://www.pegasushealth.org.nz,Health,2026-07-08T13:12:57+08:00,
Savills,SAVILLS,https://www.savills.com/,Rent,2026-07-08T13:12:57+08:00,2026-07-13T21:15:08+08:00
Aussie World,Aussie World,https://www.aussieworld.com.au/,Entertainment,2026-07-08T13:10:20+08:00,
Godrich Health,GODRICH HEALTH,https://www.google.com/maps/search/Godrich+Health,Health,2026-07-08T13:10:20+08:00,
Keppel Bay Marina,KEPPEL BAY MARIN | Keppel Bay Marina,https://www.keppelbaymarina.com.au/,Travel,2026-07-08T13:10:20+08:00,
Entyce Food,Entyce Food,https://www.entycefood.com,Dining Out,2026-07-08T13:07:54+08:00,
Legends Dental,Legends Dental,https://maps.google.com/?q=Legends+Dental,Health,2026-07-08T13:07:54+08:00,
Coffs Hotel,Coffs Hotel,https://www.coffshotel.com.au/,Travel,2026-07-08T13:05:18+08:00,
C & T Geotechnical,C &amp; T GEOTEC | C & T Geotechnical,https://www.google.com/maps/search/?api=1&query=C+%26+T+Geotechnical,Home Improvement,2026-07-08T13:05:18+08:00,
Haulistics Pty Ltd,Haulistics Pty L | Haulistics Pty Ltd,https://www.haulistics.com.au,Transport,2026-07-08T13:05:18+08:00,
Harvest Hub,Harvest Hub,https://www.harvesthub.com.au,Groceries,2026-07-08T13:02:52+08:00,
B & D Carpets,B & D CARPETS,https://maps.google.com/?q=B+%26+D+Carpets,Home Improvement,2026-07-08T13:02:52+08:00,
E and J Logistics,E AND J LOGISTIC | E and J Logistics,https://www.eandjlogistics.com,Transport,2026-07-08T13:02:52+08:00,
Cairns Marine,CAIRNS MARINE,https://www.cairnsmarine.com.au,Pet Care,2026-07-08T13:02:52+08:00,
Sunrise Cafe,Sunrise Cafe,https://www.google.com/maps/search/Sunrise+Cafe,Dining Out,2026-07-08T13:02:52+08:00,
AusProof,AusProof,https://www.ausproof.com.au,Home Improvement,2026-07-08T13:00:02+08:00,
RM Civil Pty Ltd,RM CIVIL | RM Civil Pty Ltd,https://www.rmcivil.com.au,Home Improvement,2026-07-08T13:00:02+08:00,
Contraflow Pty Ltd,CONTRAFLOW | Contraflow Pty Ltd,https://www.contraflow.com.au,Transport,2026-07-08T13:00:02+08:00,
Service Stream,Service Stream,https://www.servicestream.com.au/,Telecommunications,2026-07-08T12:56:44+08:00,
Big Yellow,BIG YELLOW,https://www.bigyellow.com.au,Rent,2026-07-08T12:56:44+08:00,2026-07-13T21:15:08+08:00
Right at Home,RIGHTATHOME | Right at Home,https://www.rightathome.com,Health,2026-07-08T12:52:54+08:00,
Kustom Formwork,KUSTOM FORMWORK,https://www.google.com/maps/search/Kustom+Formwork,Home Improvement,2026-07-08T12:52:54+08:00,
ADI Corporation,ADI CORPORATION,https://www.adicorporation.com,Home Improvement,2026-07-08T12:52:54+08:00,
Roar Fire Systems,ROAR FIRE SYSTEM | Roar Fire Systems,https://www.google.com/search?q=Roar+Fire+Systems,Home Improvement,2026-07-08T12:49:58+08:00,
Lyka Wellness,Lyka Wellness,https://www.lyka.com.au,Pet Care,2026-07-08T12:49:58+08:00,
Border Express,Border Express,https://www.borderexpress.com.au,Transport,2026-07-08T12:49:58+08:00,
Linet Australia,LINET AUSTRALIA,https://www.linet.com.au,Health,2026-07-08T12:49:58+08:00,
Guild Insurance,Guild Insurance,https://www.guildinsurance.com.au,Insurance,2026-07-08T12:49:58+08:00,
Coffs Fish Coop,COFFS FISH COOP,https://www.coffsfishcoop.com.au,Groceries,2026-07-08T12:47:17+08:00,
Aramex,ARAMEX,https://www.aramex.com,Transport,2026-07-08T12:47:17+08:00,
Princess Polly,Princess Polly,https://www.princesspolly.com/,Retail,2026-07-08T12:47:17+08:00,
BIGO Technology,BIGO TECHNOLOGY,https://www.bigo.sg/,Information,2026-07-08T12:47:17+08:00,
Black Star Pastry,Black Star Pastry,https://www.blackstarpastry.com.au,Dining Out,2026-07-08T12:47:17+08:00,
SP Group,SP GROUP | SP AND GROUP PTY LTD | SP And Group | Benny's American Burger - Surfers Paradise | SP Interior Services,https://www.spgroup.com.sg,Utilities,2026-07-10T10:00:25+08:00,
Mainmark Ground,Mainmark Ground,https://www.mainmark.com,Home Improvement,2026-07-08T12:44:31+08:00,
Snowflake Laundry,SNOWFLAKE LAUNDRY,https://www.snowflakelaundry.com.au/,Retail,2026-07-08T12:44:31+08:00,
Powertarps Pty Ltd,Powertarps Pty Ltd,https://www.powertarps.com.au,Automotive,2026-07-08T12:44:31+08:00,
Dorsett Retail,DORSETT RETAIL,https://www.dorsettretail.com.au,Retail,2026-07-08T12:44:31+08:00,
Red Rooster,REDROOSTER | RED ROOSTER,https://www.redrooster.com.au/,Dining Out,2026-07-08T12:44:31+08:00,
All Insulation,ALL INSULATION,https://www.allinsulation.com.au/,Home Improvement,2026-07-08T12:44:31+08:00,
Supafin Seafoods,SUPAFIN SEAFOODS,https://www.supafinseafoods.com.au,Groceries,2026-07-08T12:41:59+08:00,
Zarraffas,ZARRAFFAS,https://www.zarraffas.com.au,Dining Out,2026-07-08T12:41:59+08:00,
Peikko Australia,PEIKKO AUSTRALIA,https://www.peikko.com.au,Home Improvement,2026-07-08T12:41:59+08:00,
Macallan College,MACALLAN COLLEGE,https://www.macallan.wa.edu.au/,Education,2026-07-08T12:41:59+08:00,
Grants Coachline,GRANTS COACHLINE,https://www.grantscoachline.com,Transport,2026-07-08T12:41:59+08:00,
Plantation Homes,Plantation Homes,https://plantationhomes.com.au,Home Improvement,2026-07-08T12:41:59+08:00,
Minimbah State School P&C Association,MINIMBAH SS P&C | Minimbah State School P&C Association,https://minimbahss.eq.edu.au/,Education,2026-07-08T12:33:17+08:00,
Learning Links,LEARNING LINKS,https://www.learninglinks.org.au,Education,2026-07-08T12:33:17+08:00,
Maniax Canberra,MANIAX CANBERRA,https://maniax.com.au/canberra/,Entertainment,2026-07-08T12:33:17+08:00,
Uptiles,UPTILES,https://www.uptiles.com.au/,Home Improvement,2026-07-08T12:33:17+08:00,
Indigicare Connect,INDIGICARE CONNECT,https://www.indigicareconnect.com.au,Health,2026-07-08T12:33:17+08:00,
Hansford Removals,HANSFORD REMOVAL | Hansford Removals,https://www.hansfordremovals.com.au/,Transport,2026-07-08T12:33:17+08:00,
Dench Bakers,DENCH BAKERS,https://denchbakers.com.au,Dining Out,2026-07-08T12:33:17+08:00,
Woodford Manor Aged Care,Woodford Manor | Woodford Manor Aged Care,https://www.agedcareguide.com.au/woodford-manor-aged-care,Health,2026-07-08T12:28:33+08:00,
Little Ducks Childcare,LITTLE DUCKS CHI | Little Ducks Childcare,https://maps.google.com/?q=Little+Ducks+Childcare,Education,2026-07-08T12:28:33+08:00,
Kool Beanz,KoolBeanz | Kool Beanz,https://www.koolbeanz.com.au,Dining Out,2026-07-08T12:28:33+08:00,
Footprints Community,Footprints Commu | Footprints Community,https://www.footprintscommunity.org.au/,Health,2026-07-08T12:28:33+08:00,
Realty Easy,Realty Easy,https://www.realtyeasy.com.au,Rent,2026-07-08T12:28:33+08:00,
Cedric Street Dental,CEDRICSTREETDENTAL | Cedric Street Dental,https://cedricstreetdental.com.au,Health,2026-07-08T12:28:33+08:00,
Express Paint,EXPRESS PAINT,https://www.google.com/maps/search/Express+Paint,Home Improvement,2026-07-08T12:28:33+08:00,
Oaks Civil Construction,Oaks Civil Const | Oaks Civil Construction,https://abr.business.gov.au/ABN/View?id=68614118812,Home Improvement,2026-07-08T12:28:33+08:00,
Nick Scali,Nick Scali,https://www.nickscali.com.au/,Retail,2026-07-08T12:28:33+08:00,
Plateau Landscaping,PLATEAU LANDSCAP | Plateau Landscaping,https://www.google.com/maps/search/plateau+landscaping,Home Improvement,2026-07-08T12:28:33+08:00,
Stone Ambassador,Stone Ambassador,https://stoneambassador.com.au/,Home Improvement,2026-07-08T12:28:33+08:00,
ACL Group,ACL GROUP,https://www.aclgroup.com.au/,Home Improvement,2026-07-08T12:28:33+08:00,
CT Sheds,CT Sheds,https://www.ct-sheds.co.uk/,Home Improvement,2026-07-08T12:21:14+08:00,
Selwyn Transport,SELWYN TRANSPORT,https://www.google.com/maps/search/Selwyn+Transport,Transport,2026-07-08T12:21:14+08:00,
Revolution Haulage,Revolution Haula | Revolution Haulage,https://www.revolutionhaulage.com.au,Transport,2026-07-08T12:21:14+08:00,
Löwenstein Medical,LOEWENSTEIN MEDI | Löwenstein Medical,https://www.loewensteinmedical.com/,Health,2026-07-08T12:21:14+08:00,
The Junction Works,THE JUNCTION WOR | The Junction Works,https://www.thejunctionworks.org.au,Health,2026-07-08T12:21:14+08:00,
Weipa Community Care,WEIPA COMMUNITY | Weipa Community Care,http://www.weipacommunitycare.org.au,Health,2026-07-08T12:21:14+08:00,
Smartways Logistics,SMARTWAYS LOGISTIC | Smartways Logistics,https://www.smartwayslogistics.com.au,Transport,2026-07-08T12:21:14+08:00,
Enhanced Lifestyle,ENHANCED LIFESTYLE,https://www.enhancedlifestyle.com.au/,Personal Care,2026-07-08T12:21:14+08:00,
Detlev's Electrical,Detlevs Electrical | Detlev's Electrical,https://www.detlevselectrical.com.au,Home Improvement,2026-07-08T12:21:14+08:00,
Mega Fresh Carina,CARINA MEGAFRESH | Mega Fresh Carina,https://www.facebook.com/MegaFreshCarina,Groceries,2026-07-08T12:21:14+08:00,
SPAR Morayfield Road,SPAR MORAYFIELD ROAD,https://www.google.com/maps?q=SPAR+Morayfield+Road+Caboolture,Groceries,2026-07-08T11:47:19+08:00,
Tobacconist and Gift,TOBACCONIST AND GIFT,https://www.google.com/maps/search/Tobacconist+and+Gift+Caboolture,Retail,2026-07-08T11:46:32+08:00,
The Overlander Bistro,Overlander Bistro | The Overlander Bistro,https://www.tripadvisor.com.au/Restaurant_Review-g255354-d2563833-Reviews-The_Overlander_Bistro-Shepparton_Greater_Shepparton_Victoria.html,Dining Out,2026-07-08T11:46:32+08:00,
St George Restaurant,ST GEORGE RESTAURANT,https://maps.google.com/?q=St+George+Restaurant+Merrylands,Dining Out,2026-07-08T11:46:32+08:00,
United Maryborough,UNITED MARYBOROUGH,https://www.google.com/maps/search/United+Maryborough+QLD,Automotive,2026-07-08T11:46:32+08:00,
Asian Kitchen,ASIAN KITCHEN,https://www.google.com/maps/place/Asian+Kitchen+Cranbourne,Dining Out,2026-07-08T11:46:32+08:00,
Broadbeach Bowls Club,BROADBEACH BOWLS CLUB,https://www.broadbeachbowls.com.au/,Entertainment,2026-07-08T11:46:32+08:00,
Mitcham Football Club,Mitcham Football Clu | Mitcham Football Club,https://www.mitchamfc.com.au/,Entertainment,2026-07-08T11:46:32+08:00,
Aussie Convenience,Aussie Convenience,https://www.google.com/maps/search/Aussie+Convenience+Launceston,Groceries,2026-07-08T11:46:32+08:00,
Chapel Street Pharmacy Kingsgrove,CHAPEL STREET PHARMA | Chapel Street Pharmacy Kingsgrove,https://www.google.com/maps/place/Chapel+Street+Pharmacy+Kingsgrove,Health,2026-07-08T11:46:32+08:00,
Gurukrupa Food Service,GURUKRUPA FOOD SERVIS | Gurukrupa Food Service,https://maps.google.com/?q=Gurukrupa+Food+Service+Smithfield,Dining Out,2026-07-08T11:46:32+08:00,
Zarraffa's Coffee,ZARRAFAS COFFEE | ZARRAFFAS COFFEE | ZARRAFFA S COFFEE,https://zarraffas.com/,Dining Out,2026-07-08T11:46:32+08:00,
Cedar Park Bakehouse,Cedar Park Bakehouse,https://www.facebook.com/cedarparkbakehouse/,Dining Out,2026-07-08T11:24:06+08:00,
Wellington Car Wash,WELLINGTON CARWASH | Wellington Car Wash,https://www.google.com/maps/place/Wellington+Car+Wash,Automotive,2026-07-08T11:24:06+08:00,
Coffee on Jerra,COFFEE ON JERRA,https://www.google.com/maps/place/Coffee+on+Jerra,Dining Out,2026-07-08T11:24:06+08:00,
Sushi Paradise,Sushi Paradise,https://maps.google.com/?q=Sushi+Paradise+Yarrabilba,Dining Out,2026-07-08T11:24:06+08:00,
United Petroleum,UNITED | UNITED MORWELL SOUTH | UNITED PETROLEUM,https://maps.google.com/?q=United+Petroleum+Tenterfield,Automotive,2026-07-08T11:24:06+08:00,
Fashionable Foodie,FASHIONABLE FOODIE,https://www.google.com/maps/search/Fashionable+Foodie+Parramatta,Dining Out,2026-07-08T11:24:06+08:00,
MCQ Vietnamese Rolls,MCQ VIETNAMESE ROLLS,https://maps.google.com/?q=MCQ+Vietnamese+Rolls+Mirrabooka,Dining Out,2026-07-08T11:24:06+08:00,
Nextra North Kellyville,NEXTRA NORTH KELLYVI | Nextra North Kellyvill | Nextra North Kellyville,https://www.google.com/maps/place/Nextra+North+Kellyville,Information,2026-07-08T11:24:06+08:00,
Goldmark Jewellers,GOLDMARK JEWELLERS,https://www.goldmark.com.au/,Retail,2026-07-08T11:24:06+08:00,
Premier Poultry,PREMIER POULTRY,https://www.premierpoultry.com.au,Groceries,2026-07-08T11:24:06+08:00,
Carwash Whitsundays,CARWASH WHITSUNDAYS,https://www.carwashwhitsundays.com.au,Automotive,2026-07-07T20:37:44+08:00,
Shedshaker Brewing,Shedshaker Brewing,https://shedshakerbrewing.com.au,Dining Out,2026-07-07T20:37:44+08:00,
MH Convenience Stores,MH CONVENIENCE STORES,https://www.google.com/maps/search/?api=1&query=MH+Convenience+Stores+Shepparton,Groceries,2026-07-07T20:37:44+08:00,
Authentico Grill,AUTHENTICO GRILL,https://www.authenticogrill.com.au,Dining Out,2026-07-07T20:37:44+08:00,
Falvey's Hotel,FALVEYS HOTEL | Falvey's Hotel,https://www.falveyshotel.com.au,Travel,2026-07-07T20:37:44+08:00,
Champions IGA Whittlesea,CHAMPIONS IGA WHITTL | Champions IGA Whittlesea,https://www.iga.com.au,Groceries,2026-07-07T20:37:44+08:00,
Atlas Fuel,ATLAS FUEL,https://www.atlasfuel.com.au,Automotive,2026-07-07T20:37:44+08:00,
Millthorpe Providore,Millthorpe Provid | Millthorpe Providore,https://www.millthorpeprovidore.com.au,Groceries,2026-07-07T20:37:44+08:00,
Autobarn,AUTOBARN CRANBOURNE | AUTOBARN WARRIEWOOD | AUTOBARN BELLBIRD | AUTOBARN BUNDABERG | AUTOBARN ROCKHAMPTON | Autobarn,https://www.autobarn.com.au/,Automotive,2026-07-07T20:37:10+08:00,
GravityX Indoor Trampoline,GRAVITYX INDOOR TRAM | GravityX Indoor Trampoline,https://gravityx.com.au,Transport,2026-07-07T20:37:10+08:00,
Rockhampton Tobacco,ROCKHAMPTON TOBACCO,https://www.rockhamptontobacco.com.au,Retail,2026-07-07T20:37:10+08:00,
Seed Heritage,Seed Heritage,https://www.seedheritage.com,Retail,2026-07-07T20:37:10+08:00,
Baskin-Robbins,BASKIN ROBINS | BASKIN ROBNS | Baskin-Robbins | BASKIN ROBBINS LTD,https://www.baskinrobbins.com,Dining Out,2026-07-10T10:00:25+08:00,
Mister Minit,Mister Minit,https://www.misterminit.com.au,Retail,2026-07-07T20:37:10+08:00,2026-07-13T21:15:39+08:00
Sushi A Kellyville,SUSHIA KELLYVILLE | Sushi A Kellyville,https://www.sushia.com.au,Dining Out,2026-07-07T20:37:10+08:00,
Murrurundi Pharmacy,Murrurundi Pharmacy,https://www.murrurundipharmacy.com.au,Health,2026-07-07T20:37:10+08:00,
Speciality Donuts,SPECIALITY DONUTS,https://www.specialitydonuts.com.au,Dining Out,2026-07-07T20:37:10+08:00,
Nutrien Ag Solutions,NUTRIEN AG SOLUTIONS,https://www.nutrienagsolutions.com.au,Retail,2026-07-07T20:37:10+08:00,2026-07-13T21:15:39+08:00
Cowboys Leagues Club,Cowboys Leagues Club,https://www.cowboysleaguesclub.com.au,Entertainment,2026-07-07T20:37:10+08:00,
Mercury Carwash,Mercury Carwash,https://www.mercurycarwash.com.au,Automotive,2026-07-07T20:36:20+08:00,
Jiayuan Supermarket,JIAYUAN SUPERMARKET,https://www.google.com/maps/search/?api=1&query=Jiayuan+Supermarket+Merrylands,Groceries,2026-07-07T20:36:20+08:00,
LS Chechos,LS Chechos,https://www.facebook.com/LSChechos/,Dining Out,2026-07-07T20:36:20+08:00,
Caltex,CALTEX CABOOLTURE | CALTEX ALEXANDER HEI | CALTEX MURRUMBA DOWN | CALTEX BACCHUS MARSH | CALTEX SOUTH GRAFTON | Caltex Alstonville | Caltex,https://www.caltex.com.au,Automotive,2026-07-07T20:36:20+08:00,
Tempos Automotive,TEMPOS AUTOMOTIVE,https://www.temposautomotive.com.au,Automotive,2026-07-07T20:36:20+08:00,
Heathridge Liquor Store,HEATHRIDGE LIQUOR ST | Heathridge Liquor Store,https://www.heathridgeliquorstore.com.au,Retail,2026-07-07T20:36:20+08:00,
Grill'd,GRILLD | Grilld Pty Ltd | Grill'd,https://www.grilld.com.au,Dining Out,2026-07-07T20:36:20+08:00,
Golden Wok,GOLDEN WOK,https://www.goldenwok.com.au,Dining Out,2026-07-07T20:36:20+08:00,
Dolly Girl,Dolly Girl,https://www.dollygirl.com.au,Retail,2026-07-07T20:36:20+08:00,
Forward Amusements,Forward Amusements,https://www.forwardamusements.com.au,Entertainment,2026-07-07T20:36:20+08:00,
Railway Hotel Beaudesert,Railway Hotel Beaude | Railway Hotel Beaudesert,https://www.railwayhotelbeaudesert.com.au,Travel,2026-07-07T20:36:20+08:00,
BCC Townsville Centre,BCC TOWNSVILLE CENTR | BCC Townsville Centre,https://www.bcc.com.au/,Entertainment,2026-07-07T20:35:28+08:00,2026-07-13T21:15:39+08:00
Chinese Canton Carousel,CHINESE CANTON CAROUCANNINGTON | Chinese Canton Carousel,https://www.google.com/maps/search/Chinese+Canton+Carousel+Cannington,Dining Out,2026-07-07T20:35:28+08:00,
Beaconsfield Bakery,BEACONSFIELD BAKERY,https://www.beaconsfieldbakery.com.au,Dining Out,2026-07-07T20:35:28+08:00,
Sports Power,SPORTS POWER,https://www.sportspower.com.au,Entertainment,2026-07-07T20:35:28+08:00,
Highpoint Hotel,Highpoint Hotel,https://www.highpointhotel.com.au,Travel,2026-07-07T20:35:28+08:00,
Hairhouse,HAIRHOUSE PARKMORE KEYSBOROUGH | HAIRHOUSE FOUNTAIN | Hairhouse,https://www.hairhouse.com.au/,Personal Care,2026-07-07T20:35:28+08:00,
Cinemas Marborough,Cinemas Marborough,https://www.cinemasmarborough.com.au,Entertainment,2026-07-07T20:35:28+08:00,
Kurrawa Surf Life Saving Club,KURRAWA SURF LIFESAV | Kurrawa Surf Life Saving Club,https://kurrawasurfclub.com.au,Entertainment,2026-07-07T20:35:28+08:00,
Taphouse Cellars,Taphouse Cellars,https://www.taphousecellars.com.au,Retail,2026-07-07T20:35:28+08:00,
Nextra Express Ellenbrook,Nextra Express Elleb | Nextra Express Ellenbrook,https://www.nextra.com.au/,Information,2026-07-07T20:35:28+08:00,
Asian Imperial,ASIAN IMPERIAL,https://www.asianimperial.com.au,Dining Out,2026-07-07T20:35:28+08:00,
Sonoma,Sonoma Alexandria | Sonoma,https://www.sonoma.com.au/,Dining Out,2026-07-07T20:34:38+08:00,
Thirteenth Beach Golf Links,THIRTEENTH BEACH GOL | Thirteenth Beach Golf Links,https://www.thirteenthbeachgolflinks.com.au,Entertainment,2026-07-07T20:34:38+08:00,
Tallawong Newsagency,TALLAWONG NEWSAGENCY,https://www.google.com/maps/search/?api=1&query=Tallawong+Newsagency+Rouse+Hill,Information,2026-07-07T20:34:38+08:00,
Chambos Country Bake,CHAMBOS COUNTRY BAKE,https://www.chambos.com.au,Dining Out,2026-07-07T20:34:38+08:00,
IGA Mercato Thomastown,IGA MERCATO THOMASTO | IGA Mercato Thomastown,https://www.iga.com.au,Groceries,2026-07-07T20:34:38+08:00,
Mundubbera Bakery,Mundubbera Bakery,https://www.facebook.com/MundubberaBakery/,Dining Out,2026-07-07T20:34:38+08:00,
Daito Queensland Pty Ltd,DAITO QUEENSLAND PTY | Daito Queensland Pty Ltd,https://www.daito.com.au,Home Improvement,2026-07-07T20:34:38+08:00,
Coastal Thai Cuisine,Coastal Thai cuisine,https://www.coastalthaicuisine.com.au,Dining Out,2026-07-07T20:34:38+08:00,
Janus Deli,Janus Deli,https://www.janusdeli.com.au,Groceries,2026-07-07T20:34:38+08:00,
Gradi Mercato,Gradi Mercato,https://www.gradimercato.com.au,Dining Out,2026-07-07T20:34:38+08:00,
Adventure Park Geelong,Adventure Park Geelo | Adventure Park Geelong,https://adventurepark.com.au,Entertainment,2026-07-07T20:34:38+08:00,
Beresfield Liquor,BERESFIELD LIQUOR,https://www.beresfieldliquor.com.au,Retail,2026-07-07T20:34:38+08:00,
Condobolin Taxi Service,CONDOBOLIN TAXI SERV | Condobolin Taxi Service,https://www.condobolintaxi.com.au,Transport,2026-07-07T20:34:38+08:00,
Reflections Holiday Parks,Reflections Holiday | Reflections Holiday Parks,https://www.reflectionsholidayparks.com.au/,Travel,2026-07-07T20:34:38+08:00,
Bridgewater Wash House,Bridgewater Wash Hou | Bridgewater Wash House,https://maps.google.com/?q=Bridgewater+Wash+House+Cheltenham,Retail,2026-07-07T20:34:38+08:00,
Birch Carroll & Coyle,BIRCH CARROLL & COY | Birch Carroll & Coyle | BIRCH CARROLL AND COYLE LIMITED | Birch Carroll And Coyle | BIRCH CARROLL AND COYLE LTD | Darwin Cinema Centre | BCC Cinemas | BCC Cinemas Casuarina | Birch Carroll & Coyle Cinemas | BIRCH CARROLL AND COYLE CINEMAS | Ducks Nuts Bar And Grill | Event Cinemas Palmerston | Toombul Cinemas,https://www.birchcarrollcoyle.com.au,Entertainment,2026-07-10T09:32:21+08:00,
Applecross Pizza Bar,APPLECROSS PIZZA BAR,https://www.applecrosspizzabar.com.au,Dining Out,2026-07-07T20:33:44+08:00,
The Bank Nightclub,THE BANK NIGHTCLUB,https://www.thebanknightclub.com.au,Entertainment,2026-07-07T20:33:44+08:00,
Brookwater Golf Club,BROOKWATER GOLF CLUB,https://www.brookwatergolfclub.com.au,Entertainment,2026-07-07T20:33:44+08:00,
EMF Performance Centre,EMF PERFORMANCE CENT | EMF Performance Centre,https://www.emfperformance.com.au,Gyms and other memberships,2026-07-07T20:33:44+08:00,
Mel's Magical Cupcake,MELS MAGICAL CUPCAKE | Mel's Magical Cupcake,https://www.melsmagicalcupcake.com,Dining Out,2026-07-07T20:33:44+08:00,
Pallamallawa Cafe,PALLAMALLAWA CAFE,https://www.google.com/maps/search/Pallamallawa+Cafe,Dining Out,2026-07-07T20:33:44+08:00,
Whittlesea Pharmacy,Whittlesea Pharmacy,https://www.whittleseapharmacy.com.au,Health,2026-07-07T20:33:44+08:00,
Fantastic Furniture,FANTASTIC FURNITURE,https://www.fantasticfurniture.com.au,Home Improvement,2026-07-07T20:33:44+08:00,
Sebastopol Bowling Club,Sebastopol Bowling C | Sebastopol Bowling Club,https://www.sebastopolbowlingclub.com.au,Entertainment,2026-07-07T20:33:44+08:00,
Bairnsdale Fruit Supply,Bairnsdale Fruit Sup | Bairnsdale Fruit Supply,https://www.bairnsdalefruit.com.au,Groceries,2026-07-07T20:33:44+08:00,
Ritchies,RITCHIES CAMPERDOWN | RITCHIES MT WAVERLEY | RITCHIES EAST BENTLE | RITCHIES HARRINGTON | RITCHIES CARRUM DOWN | RITCHIES PAYNESVILLE | RITCHIES WARRACKNABE | RITCHIES,https://www.ritchies.com.au,Groceries,2026-07-07T20:32:50+08:00,
Sharetea,ShareTea Springvale | Sharetea,https://www.sharetea.com.au,Dining Out,2026-07-07T20:32:50+08:00,
Fernwood Women's Health Club,Fernwood Mornington | Fernwood Women's Health Club,https://www.fernwoodfitness.com.au/,Health,2026-07-07T20:32:50+08:00,
Daanya Fashion & Accessories,DAANYA FASHION & ACC | Daanya Fashion & Accessories,https://www.google.com/maps/search/?api=1&query=Daanya+Fashion+%26+Accessories+Campbelltown,Retail,2026-07-07T20:32:50+08:00,
Amcal Chemist Kingscliff,AMCAL CHE | Amcal Chemist Kingscliff,https://www.amcal.com.au/,Health,2026-07-07T20:32:50+08:00,
Zambrero,Zambrero Domain CentTownsville | ZAMBRERO BATEMANS BA | Zambrero,https://www.zambrero.com,Dining Out,2026-07-07T20:32:50+08:00,
Crown Hotel,CROWN HOTEL,https://www.crownhotel.com.au,Travel,2026-07-07T20:32:50+08:00,
IDA Street Supermarket,IDA STREET SUPERMARK | IDA Street Supermarket,https://www.google.com/maps/search/?api=1&query=IDA+Street+Supermarket+Bassendean,Groceries,2026-07-07T20:32:50+08:00,
Casablanca Pizza Restaurant,CASABLANCA PIZZA RES | Casablanca Pizza Restaurant,https://www.casablancapizza.com.au,Dining Out,2026-07-07T20:32:50+08:00,
Sports Central Caboolture,SPORTS CENTRAL CABOO | Sports Central Caboolture,https://www.sportscentral.com.au/,Entertainment,2026-07-07T20:32:50+08:00,
Tahlias Bakery & Cafe,Tahlias Bakery & Caf | Tahlias Bakery & Cafe,https://www.tahliasbakery.com.au,Dining Out,2026-07-07T20:32:50+08:00,
Golf Park Sanctuary,GOLFPARKSANCTUARY | Golf Park Sanctuary,https://www.golfparksanctuary.com.au,Entertainment,2026-07-07T20:31:56+08:00,
IGA Heathridge Market,IGA HEATHRIDGE MARKE | IGA Heathridge Market,https://www.iga.com.au,Groceries,2026-07-07T20:31:56+08:00,
Rockingham Rugby Union,Rockingham Rugby Uni | Rockingham Rugby Union,https://www.rockinghamrugby.com.au,Entertainment,2026-07-07T20:31:56+08:00,
Mirrabooka Motors,MIRRABOOKA MOTORS,https://www.mirrabookamotors.com.au,Automotive,2026-07-07T20:31:56+08:00,
San Churro,San Churro Parramatt | Sanchurro | San Churro,https://www.sanchurro.com.au,Dining Out,2026-07-07T20:31:56+08:00,
Queen Tobacco & Cafe,QUEEN TOBACCO & CAFE,https://www.google.com/maps/search/Queen+Tobacco+%26+Cafe+Campbelltown,Retail,2026-07-07T20:31:56+08:00,
Champions IGA,CHAMPIONS IGA,https://www.iga.com.au,Groceries,2026-07-07T20:31:56+08:00,
The Chargrill Master,The Chargrill Master,https://thechargrillmaster.com.au,Dining Out,2026-07-07T20:31:56+08:00,
Chatime,Chatime Merrylands | Chatime Grand Plaza Browns Plains | ChaTime Mount Druitt | Chatime Mandurah | Chatime Sunnybank | Chatime Watergardens | Chatime Plenty Valley | Chatime,https://www.chatime.com.au,Dining Out,2026-07-07T20:31:56+08:00,
Naracoorte Hotel,NARACOORTE HOTEL,https://www.naracoortehotel.com.au,Travel,2026-07-07T20:31:56+08:00,
United Wingfield,United Wingfield Sou | United Wingfield,https://www.unitedwingfield.com.au,Automotive,2026-07-07T20:31:05+08:00,
Van Long Supermarket,Van Long Supermarket,https://www.google.com/maps/search/Van+Long+Supermarket+Pinala+Qld,Groceries,2026-07-07T20:31:05+08:00,
King of Kebabs,King Of Kebabs,https://www.kingofkebabs.com.au,Dining Out,2026-07-07T20:31:05+08:00,
Manaia Pacific Shop,Manaia Pacific Shop,https://www.google.com/maps/search/Manaia+Pacific+Shop+Lakemba,Retail,2026-07-07T20:31:05+08:00,
Jezzy's Barber Shop,Jezzys Barber Shop | Jezzy's Barber Shop,https://www.google.com/maps/search/Jezzy's+Barber+Shop+Goulburn,Personal Care,2026-07-07T20:31:05+08:00,
Runaway Coffee,Runaway Coffee,https://www.runawaycoffee.com.au,Dining Out,2026-07-07T20:31:05+08:00,
Milky Daze Diner,Milky Daze Diner,https://www.milkydazediner.com.au,Dining Out,2026-07-07T20:31:05+08:00,
Chapter 3 Espresso,Chapter 3 Espresso,https://www.chapter3espresso.com.au,Dining Out,2026-07-07T20:31:05+08:00,
TEAM Carwash Equipment,TEAM Carwash Equipment,https://www.teamcarwashequipment.com.au,Automotive,2026-07-07T20:31:05+08:00,
Millmerran Pharmacy,MILLMERRAN PHARMACY,https://maps.google.com/?q=Millmerran+Pharmacy,Health,2026-07-07T20:31:05+08:00,
Grand Terminus Hotel,GRAND TERMINUS HOTEL,https://www.grandterminushotel.com.au,Travel,2026-07-07T20:31:05+08:00,
Smithfield Carwash,SMITHFIELD CARWASH,https://www.smithfieldcarwash.com.au,Automotive,2026-07-07T20:31:05+08:00,
Platypus,PLATYPUS SMITHFIELD | PLATYPUS PACIFIC FAI | PLATYPUS BUNDABERG | Platypus,https://www.platypusshoes.com.au,Retail,2026-07-07T20:31:05+08:00,
JC Chicken,Jc Chicken,https://www.jcchicken.com.au,Dining Out,2026-07-07T20:30:12+08:00,
Manee Thai Cuisine,Manee Thai Cuisine,https://www.maneethaicuisine.com.au,Dining Out,2026-07-07T20:30:12+08:00,
Vauxhall Inn,Vauxhall Inn,https://www.vauxhallinn.com.au,Travel,2026-07-07T20:30:12+08:00,
New Family Market,New Family Market,https://www.google.com/maps/search/New+Family+Market+Liverpool,Groceries,2026-07-07T20:30:12+08:00,
PayPal Giving Fund,Paypal *Paypalgivin | PayPal Giving Fund,https://www.paypal.com/us/webapps/mpp/givingfund,Donations,2026-07-07T20:30:12+08:00,
Crown and Anchor Hotel,Crown And Anchor Hotel,https://www.crownandanchorhotel.com.au,Travel,2026-07-07T20:30:12+08:00,
Kalangadoo Hotel,Kalangadoo Hotel,https://www.kalangadoohotel.com.au,Travel,2026-07-07T20:30:12+08:00,
Reedy Creek Burger,Reedy Creek Burger,https://www.reedycreekburger.com.au,Dining Out,2026-07-07T20:30:12+08:00,
Sumin Bakery,Sumin Bakery,https://www.google.com/maps/search/Sumin+Bakery+Liverpool,Dining Out,2026-07-07T20:30:12+08:00,
The Gumnut Patisserie,The Gumnut Patisseri | The Gumnut Patisserie,https://www.thegumnutpatisserie.com.au,Dining Out,2026-07-07T20:30:12+08:00,
Mobile Cafe,Mobile Cafe,https://www.google.com/maps/search/?api=1&query=Mobile+Cafe+Wetherill+Park,Dining Out,2026-07-07T20:30:12+08:00,
Memento Cafe & Kitchen,Memento Cafe & Kitche | Memento Cafe & Kitchen,https://www.mementocafe.com.au,Dining Out,2026-07-07T20:30:12+08:00,
Yuesun Pty Ltd,Yuesun Pty Ltd,https://www.yuesun.com.au,Home Improvement,2026-07-07T20:30:12+08:00,
Caboolture Auto Wash,Caboolture Auto Wash,https://www.cabooltureautowash.com.au,Automotive,2026-07-07T20:30:12+08:00,
Yung Lee Fresh,Yung Lee Fresh,https://www.yungleefresh.com.au,Groceries,2026-07-07T20:30:12+08:00,
Bridgestone Tyres,Bridgestone Tyres,https://www.bridgestone.com.au,Automotive,2026-07-07T20:29:20+08:00,
Dunya Butchery,Dunya Butchery,https://www.dunyabutchery.com.au,Groceries,2026-07-07T20:29:20+08:00,
Legalized Printz,Legalized Printz,https://www.legalizedprintz.com,Retail,2026-07-07T20:29:20+08:00,2026-07-13T21:15:39+08:00
Inasal Express,Inasal Express,https://www.inasalexpress.com.au,Dining Out,2026-07-07T20:29:20+08:00,
Burleigh Heads Rugby League Club,Burleigh Heads Rugby | Burleigh Heads Rugby League Club,https://www.burleighrugby.com.au,Entertainment,2026-07-07T20:29:20+08:00,
Georges Fruit Barn,Georges Fruit Barn,https://www.google.com/maps/search/?api=1&query=Georges+Fruit+Barn+Terrigal,Groceries,2026-07-07T20:29:20+08:00,
Fried Brothers,Fried Brothers,https://www.friedbrothers.com.au,Dining Out,2026-07-07T20:29:20+08:00,
LS Taste Espresso,Ls Taste Espresso,https://www.lstasteespresso.com.au,Dining Out,2026-07-07T20:29:20+08:00,
Surfair Tavern,Surfair Tavern,https://www.surfairtavern.com.au,Dining Out,2026-07-07T20:29:20+08:00,
Mark Loves Seafood,Mark Loves Seafood,https://www.marklovesseafood.com.au,Groceries,2026-07-07T20:29:20+08:00,
Coastie Coffee,Coastie Coffee,https://www.coastiecoffee.com.au,Dining Out,2026-07-07T20:29:20+08:00,
Hotel Rottnest,Hotel Rottnest,https://hotelrottnest.com.au,Travel,2026-07-07T20:29:20+08:00,
Shotlab Espresso,Shotlab Espresso,https://www.shotlabespresso.com,Dining Out,2026-07-07T20:29:20+08:00,
Strawberries Galore,Strawberries Galore,https://www.strawberriesgalore.com.au,Groceries,2026-07-07T20:29:20+08:00,
Bororen Hotel Motel,Bororen Hotel Motel,https://www.bororenhotelmotel.com.au,Travel,2026-07-07T20:29:20+08:00,
Hamro Fruit & Veg Market,Hamro Fruit & Veg Mark | Hamro Fruit & Veg Market,https://www.google.com/maps/search/?api=1&query=Hamro+Fruit+%26+Veg+Market+Hurstville,Groceries,2026-07-07T20:29:20+08:00,
Fish On,Fish On,https://www.fishon.com.au,Dining Out,2026-07-07T20:29:20+08:00,
Roha Beauty Salon,Roha Beauty Salon,https://www.google.com/maps/search/Roha+Beauty+Salon+Footscray,Personal Care,2026-07-07T20:29:20+08:00,
West Cowra Takeaway,West Cowra Takeawa | West Cowra Takeaway,https://www.google.com/maps/search/West+Cowra+Takeaway,Dining Out,2026-07-07T20:28:27+08:00,
Sawa Tobacco,Sawa Tobacco,https://www.sawatobacco.com.au,Retail,2026-07-07T20:28:27+08:00,
Sweetie Ice Cream & Fruit,Sweetie Ice Cream & Fr | Sweetie Ice Cream & Fruit,https://www.sweetieicecream.com.au,Dining Out,2026-07-07T20:28:27+08:00,
Canberra Bar And Grill,Canberra Bar And Grill,https://www.canberrabarandgrill.com.au,Dining Out,2026-07-07T20:28:27+08:00,
Miller Quality Butchers,Miller Quality Butch | Miller Quality Butchers,https://www.millerqualitybutchers.com.au,Groceries,2026-07-07T20:28:27+08:00,
Steve's Quality Meat,Steves Quality Meat | Steve's Quality Meat,https://www.stevesqualitymeat.com.au,Groceries,2026-07-07T20:28:27+08:00,
Kootingal Moonbi RSL,Kootingal Moonbi R | Kootingal Moonbi RSL,https://www.kootingalmoonbirl.com.au,Entertainment,2026-07-07T20:28:27+08:00,
Fratelli Food,Fratelli Food,https://www.fratellifood.com.au,Dining Out,2026-07-07T20:28:27+08:00,
Maroubra Hot Bread & C,Maroubra Hot Bread & C,https://www.google.com/maps/search/Maroubra+Hot+Bread+%26+C,Dining Out,2026-07-07T20:28:27+08:00,
Belvedere Hotel,Belvedere Hotel,https://www.belvederehotel.com.au,Travel,2026-07-07T20:28:27+08:00,
Tailor Espresso,Tailor Espresso,https://www.tailorespresso.com.au,Dining Out,2026-07-07T20:28:27+08:00,
Kooringal Hotel,Kooringal Hotel,https://www.kooringalhotel.com.au,Travel,2026-07-07T20:28:27+08:00,
Ard Amusements,Ard Amusements,https://www.google.com/maps/search/Ard+Amusements+Edensor+Park,Entertainment,2026-07-07T20:28:27+08:00,
Coffee Guru Lifestyle,Coffee Guru Lifestyle,https://www.coffeegurulifestyle.com.au,Dining Out,2026-07-07T20:28:27+08:00,
Cardiff Gas Station,Cardiff Gas Station,https://www.google.com/maps/search/Cardiff+Gas+Station+Cardiff+NSW,Automotive,2026-07-07T20:28:27+08:00,
Skin Plus Pharmacy,Skin Plus Pharmacy,https://www.skinpluspharmacy.com.au,Health,2026-07-07T20:28:27+08:00,
Murphys Pharmacy,Murphys Pharmacy,https://www.murphyspharmacy.com.au,Health,2026-07-07T20:27:32+08:00,
Super Supps,Super Supps,https://supersupps.com.au,Health,2026-07-07T20:27:32+08:00,
Joe's Food Stop,Joes Food Stop | Joe's Food Stop,https://www.joesfoodstop.com.au,Dining Out,2026-07-07T20:27:32+08:00,
Tullah Wilderness,Tullah Wilderness,https://www.tullahwilderness.com.au,Travel,2026-07-07T20:27:32+08:00,
Ocean Beach Hotel,Ocean Beach Hotel,https://www.oceanbeachhotel.com.au,Travel,2026-07-07T20:27:32+08:00,
Redbrick Coffee,Redbrick Coffee,https://www.redbrickcoffee.com.au,Dining Out,2026-07-07T20:27:32+08:00,
Mina Bakery & Sons,Mina Bakery & Sons,https://www.google.com/maps/search/Mina+Bakery+%26+Sons+Carramar,Dining Out,2026-07-07T20:27:32+08:00,
Top Drop Cellars,Top Drop Cellars,https://topdropcellars.com.au,Retail,2026-07-07T20:27:32+08:00,
PJs Lunch Shop,Pjs Lunch Shop,https://www.google.com/maps/search/Pjs+Lunch+Shop+Wetherill+Park,Retail,2026-07-07T20:27:32+08:00,
Walkers Arms Hotel,Walkers Arms Hotel,https://www.walkersarmshotel.com.au,Travel,2026-07-07T20:27:32+08:00,
The Hotel Windsor,The Hotel Windsor,https://www.thehotelwindsor.com.au,Travel,2026-07-07T20:27:32+08:00,
Merrylands RSL Club,Merrylands Rsl Club,https://www.merrylandsrsl.com.au,Entertainment,2026-07-07T20:27:32+08:00,
Royal Hotel Dungog,Royal Hotel Dungog,https://www.royalhoteldungog.com.au,Travel,2026-07-07T20:27:32+08:00,
Park Vend Vending,Park Vend Vending,https://www.parkvend.com.au,Retail,2026-07-07T20:27:32+08:00,
Family Care Pharmacy,Family Care Pharmacy,https://www.familycarepharmacy.com.au,Health,2026-07-07T20:27:32+08:00,
Khao Siam Thai,Khao Siam Thai,https://www.khaosiamthai.com.au,Dining Out,2026-07-07T20:27:32+08:00,
Nourish Organic Market,Nourish Organic Marke | Nourish Organic Market,https://www.nourishorganicmarket.com.au,Groceries,2026-07-07T20:27:32+08:00,
Goodfellas Kebab,Goodfellas Kebab,https://www.goodfellaskebab.com.au,Dining Out,2026-07-07T20:26:39+08:00,
Camilla Nails Pty Ltd,Camillanails Pty Ltd | Camilla Nails Pty Ltd,https://www.camillanails.com.au,Personal Care,2026-07-07T20:26:39+08:00,
Coach & Horses Hotel,Coach & Horses Hotel,https://www.coachandhorseshotel.com.au,Travel,2026-07-07T20:26:39+08:00,
Asian Delight,Asian Delight,https://www.google.com/maps/search/?api=1&query=Asian+Delight+Robina,Dining Out,2026-07-07T20:26:39+08:00,
Seven Star Vending,Seven Star Vending,https://www.sevenstarvending.com.au,Retail,2026-07-07T20:26:39+08:00,
Morphett Arms Hotel,Morphett Arms Hotel,https://www.morphettarmshotel.com.au,Travel,2026-07-07T20:26:39+08:00,
Arc Amusements,Arc Amusements,https://www.arcamusements.com.au,Entertainment,2026-07-07T20:26:39+08:00,
Allwest Vending,Allwest Vending,https://www.allwestvending.com.au,Retail,2026-07-07T20:26:39+08:00,
Pittwater Cellars,Pittwater Cellars,https://www.pittwatercellars.com.au,Retail,2026-07-07T20:26:39+08:00,
Harry's Pies Handy Mart,Harrys Pies Handy Mart | Harry's Pies Handy Mart,https://www.harryspies.com.au,Dining Out,2026-07-07T20:26:39+08:00,
Wurlitzer Bakery,Wurlitzer Bakery,https://www.wurlitzerbakery.com.au,Dining Out,2026-07-07T20:26:39+08:00,
Bills Amusements,Bills Amusements,https://www.billsamusements.com.au,Entertainment,2026-07-07T20:26:39+08:00,
Urban Retreat Massage,Urban Retreat Massage,https://www.urbanretreatmassage.com.au,Personal Care,2026-07-07T20:26:39+08:00,
Oberon Junior Rugby,Oberon Junior Rug | Oberon Junior Rugby,https://www.oberonjuniorrugby.com.au,Gyms and other memberships,2026-07-07T20:26:39+08:00,
Chapman Food & Liquor,Chapman Food &Liquor,https://www.chapmanfoodandliquor.com.au,Retail,2026-07-07T20:26:39+08:00,
Downs Hotel,Downs Hotel,https://www.downshotel.com.au,Travel,2026-07-07T20:26:39+08:00,
The Supreme Pizza,The Supreme Pizza,https://www.thesupremepizza.com.au,Dining Out,2026-07-07T20:26:39+08:00,
Vincent Village Bottle,VINCENT VILLAGE BOTTLE,https://www.vincentvillagebottle.com.au,Retail,2026-07-07T20:25:42+08:00,
Chigwell Milkbar,Chigwell Milkbar,https://www.google.com/maps/search/Chigwell+Milkbar,Groceries,2026-07-07T20:25:42+08:00,
Orange Supermarket,ORANGE SUPERMARKET,https://www.orangesupermarket.com.au,Groceries,2026-07-07T20:25:42+08:00,
Elegance Barber Shop,ELEGANCE BARBER SHOP,https://www.google.com/maps/search/?api=1&query=Elegance+Barber+Shop+Calamvale,Personal Care,2026-07-07T20:25:42+08:00,
Muzz Buzz,Muzz Buzz,https://www.muzzbuzz.com.au,Dining Out,2026-07-07T20:25:42+08:00,
Belmont Tobacconist,BELMONT TOBACCONIST,https://www.google.com/maps/search/Belmont+Tobacconist,Retail,2026-07-07T20:25:42+08:00,
Lagoon Cafe,LAGOON CAFE,https://www.lagooncafe.com.au,Dining Out,2026-07-07T20:25:42+08:00,
Master Builders,MASTER BUILDERS,https://www.masterbuilders.com.au,Home Improvement,2026-07-07T20:25:42+08:00,
Wagon Wheel Motel,WAGON WHEEL MOTEL,https://www.wagonwheelmotel.com.au,Travel,2026-07-07T20:25:42+08:00,
Embellish Catering,EMBELLISH CATERING,https://www.embellishcatering.com.au,Dining Out,2026-07-07T20:25:42+08:00,
Coonamble Bowling Club,COONAMBLE BOWLING CL | Coonamble Bowling Club,https://www.coonamblebowlingclub.com.au,Entertainment,2026-07-07T20:25:42+08:00,
Knoxgate Pharmacy,KNOXGATE PHARMACY,https://www.knoxgatepharmacy.com.au,Health,2026-07-07T20:25:42+08:00,
Cardiff Tobacconist,CARDIFF TOBACCONIST,https://www.google.com/maps/search/Cardiff+Tobacconist,Retail,2026-07-07T20:25:42+08:00,
SPAR,SPAR GLENWOOD DRIVE | SPAR HOLLOWAYS BEACH | SPAR,https://www.spar.co.za,Groceries,2026-07-07T20:25:42+08:00,
Banksia Hotel,BANKSIA HOTEL,https://www.banksiahotel.com.au,Travel,2026-07-07T20:25:42+08:00,
Casuarina All Sports,Casuarina All Sports,https://www.casuarinaallsports.com.au,Entertainment,2026-07-07T20:25:42+08:00,
Jessies Pizza,Jessies Pizza,https://www.jessiespizza.com.au,Dining Out,2026-07-07T20:25:42+08:00,
Bradbury Inn Hotel,Bradbury Inn Hotel,https://www.bradburyinnhotel.com.au,Travel,2026-07-07T20:25:42+08:00,
Sportspower Esperance,Sportspower Esperanc | Sportspower Esperance,https://www.sportspower.com.au/,Retail,2026-07-07T20:24:48+08:00,
Winnellie Supermarket,WINNELLIE SUPERMARKE | Winnellie Supermarket,https://www.google.com/maps/search/Winnellie+Supermarket,Groceries,2026-07-07T20:24:48+08:00,
Drummoyne's Bakehouse,Drummoynes Bakehou | Drummoyne's Bakehouse,https://www.drummoynesbakehouse.com.au,Dining Out,2026-07-07T20:24:48+08:00,
Tyrepower Redcliffe,Smp*Tyrepower Redcliff | Tyrepower Redcliffe,https://www.tyrepower.com.au/,Automotive,2026-07-07T20:24:48+08:00,
SMP Northmead Tobacconist,Smp*Northmead Tobaccon | SMP Northmead Tobacconist,https://maps.google.com/?q=SMP+Northmead+Tobacconist,Retail,2026-07-07T20:24:48+08:00,
Pricemart,Smp*Pricemart | Pricemart,https://www.pricemart.com.au,Groceries,2026-07-07T20:24:48+08:00,
Baraka Convenience,Baraka Convenience,https://www.google.com/maps/search/Baraka+Convenience+Granville,Groceries,2026-07-07T20:24:48+08:00,
Ermington Veterinary Hospital,Ermington Veterina | Ermington Veterinary Hospital,https://www.ermingtonvet.com.au,Pet Care,2026-07-07T20:24:48+08:00,
Heathcote Bakehouse,Heathcote Bakehous | Heathcote Bakehouse,https://www.heathcotebakehouse.com.au,Dining Out,2026-07-07T20:24:48+08:00,
Lindum Convenience,LINDUM CONVENIENCE,https://www.google.com/maps/search/Lindum+Convenience+Wynnum+West,Groceries,2026-07-07T20:24:48+08:00,
Yarrawonga Hotel,YARRAWONGA HOTEL,https://www.yarrawongahotel.com.au,Travel,2026-07-07T20:24:48+08:00,
Greyhound Australia,Greyhound Australia,https://www.greyhound.com.au,Transport,2026-07-07T20:24:48+08:00,
Fords Discount Pharmacy,Fords Discount Pharmac | Fords Discount Pharmacy,https://www.fordsdiscountpharmacy.com.au,Health,2026-07-07T20:24:48+08:00,
Liquor Stax Bonnyrigg,LIQUORSTAX BONNYRIGG | Liquor Stax Bonnyrigg,https://www.liquorstax.com.au,Retail,2026-07-07T20:23:52+08:00,
Freechoice,FREECHOICE GLADSTONE | FREECHOICE TOOWOOMBA | FREECHOICE BUNDABERG | FREECHOICE MUNDINGBUMUNDINGBURRA | FREECHOICE WORONGARY | Freechoice,https://www.freechoice.com.au/,Retail,2026-07-07T20:23:52+08:00,
Thirlmere Supermarket,THIRLMERE SUPERMARKET,https://www.google.com/maps/search/Thirlmere+Supermarket,Groceries,2026-07-07T20:23:52+08:00,
Elizabeth Newsagency,Elizabeth Newsagency,https://www.google.com/maps/search/Elizabeth+Newsagency,Information,2026-07-07T20:23:52+08:00,
Welshpool Supermarket,Welshpool Supermarke | Welshpool Supermarket,https://www.google.com/maps/search/Welshpool+Supermarket,Groceries,2026-07-07T20:23:52+08:00,
Chibugan Corner,Chibugan Corner,https://www.google.com/maps/search/Chibugan+Corner+Fremantle,Dining Out,2026-07-07T20:23:52+08:00,
Kincumber Automatics,Kincumber Automatics,https://www.kincumberautomatics.com.au,Automotive,2026-07-07T20:23:52+08:00,
SmartClinics,SmartClinics,https://www.smartclinics.com.au,Health,2026-07-07T20:23:52+08:00,
Beachmere Bottleshop,Beachmere Bottleshop,https://www.beachmerebottleshop.com.au,Retail,2026-07-07T20:23:52+08:00,
NewsXpress Plainland,NewsXpress Plainland,https://www.newsxpress.com.au/,Information,2026-07-07T20:23:52+08:00,
Minotaur Entertainment,MINOTAUR ENTERTAINME | Minotaur Entertainment,https://www.minotaur.com.au,Entertainment,2026-07-07T20:23:52+08:00,
Inflatable Playcentre,INFLATABLE PLAYCENTR | Inflatable Playcentre,https://www.inflatableplaycentre.com.au,Entertainment,2026-07-07T20:23:52+08:00,
Foodworks,FOODWORKS CONDOBOLIN | FOODWORKS SUPERMARK | FOODWORKS CHESTERVI | FOODWORKS WOORI YALL | Foodworld | Foodworks,https://www.foodworks.com.au/,Groceries,2026-07-07T20:23:52+08:00,
Natures Emporium,Natures Emporium,https://www.naturesemporium.com.au,Groceries,2026-07-07T20:22:57+08:00,
Hungry Jack's,Hungryjacksfr_Parklea | Hungryjacksfr_Basshill | Hungry Jacks | Hungryjacks | Hungry Jack's,https://www.hungryjacks.com.au,Dining Out,2026-07-07T20:22:57+08:00,
Whiteys Seafood,Whiteys Seafood,https://www.whiteysseafood.com.au,Groceries,2026-07-07T20:22:57+08:00,
Casula Chicks & Seafood,Casula Chicks & Seafoo | Casula Chicks & Seafood,https://www.casulachicks.com.au,Groceries,2026-07-07T20:22:57+08:00,
Healthy Juice,Healthy Juice,https://www.healthyjuice.com.au,Dining Out,2026-07-07T20:22:57+08:00,
Toukley Convenience,Toukley Convenience,https://maps.google.com/?q=Toukley+Convenience,Groceries,2026-07-07T20:22:57+08:00,
Koorong Books,Koorong Books,https://www.koorong.com,Information,2026-07-07T20:22:57+08:00,
Chargrill Charming,Chargrill Charming,https://www.chargrillcharming.com.au,Dining Out,2026-07-07T20:22:57+08:00,
Babira Super Market,Babira Super Market,https://www.google.com/maps/search/Babira+Super+Market,Groceries,2026-07-07T20:22:57+08:00,
Humphreys Hotel,Humphreys Hotel,https://www.humphreyshotel.com.au,Travel,2026-07-07T20:22:57+08:00,
Gelatissimo,Gelatissimo Chermsid | Gelatissimo,https://www.gelatissimo.com.au,Dining Out,2026-07-07T20:22:57+08:00,
Plenty Valley Schnitz,PlentyValleySchnitze | Plenty Valley Schnitz,https://www.schnitz.com.au/,Dining Out,2026-07-07T20:22:57+08:00,
Bottlemart Redcliffe,Bottlemart Redcliffe,https://www.bottlemart.com.au,Retail,2026-07-07T20:22:57+08:00,
Maryvale Supermarket,MARYVALE SUPERMARKET,https://www.google.com/maps/search/?api=1&query=Maryvale+Supermarket+Liverpool,Groceries,2026-07-07T20:22:57+08:00,
NewsXpress Edgeworth,NEWSXPRESS EDGEWORTH,https://www.newsxpress.com.au/,Information,2026-07-07T20:22:57+08:00,
Carma Cellars,Carma Cellars,https://www.carmacellars.com.au,Retail,2026-07-07T20:22:02+08:00,
Batehaven Bakehouse,Batehaven Bakehouse,https://www.bakehouse.com.au,Dining Out,2026-07-07T20:22:02+08:00,
Bunnerong Laundry,Bunnerong Laundry,https://maps.google.com/?q=Bunnerong+Laundry+Maroubra,Retail,2026-07-07T20:22:02+08:00,
Lurnea Newsagency & Post Office,Lurnea Newsagency & Po | Lurnea Newsagency & Post Office,https://www.lurneapostoffice.com.au,Transport,2026-07-07T20:22:02+08:00,
Skky Shepparton,Skky Shepparton,https://www.skky.com.au,Dining Out,2026-07-07T20:22:02+08:00,2026-07-13T21:15:39+08:00
Carnovale Pharmacy,Carnovale Pharmacy,https://www.carnovalepharmacy.com.au,Health,2026-07-07T20:22:02+08:00,
Choice Underwood,Choice Underwood,https://www.choiceunderwood.com.au,Groceries,2026-07-07T20:22:02+08:00,2026-07-13T21:15:39+08:00
Prahran Amcal Pharmacy,Prahran Amcal Pharmacy,https://www.amcal.com.au,Health,2026-07-07T20:22:02+08:00,
Concord Newsagency,Concord Newsagency,https://maps.google.com/?q=Concord+Newsagency+Concord+NSW,Information,2026-07-07T20:22:02+08:00,
Rozzi's,Rozzis | Rozzi's,https://www.rozzis.com.au,Dining Out,2026-07-07T20:22:02+08:00,
Hairyman Brewery,Hairyman Brewery,https://hairymanbrewery.com.au,Dining Out,2026-07-07T20:22:02+08:00,
Plumpton Hotel,Plumpton Hotel,https://www.plumptonhotel.com.au,Travel,2026-07-07T20:22:02+08:00,
Dumpling Chef,Dumpling Chef,https://www.dumplingchef.com.au,Dining Out,2026-07-07T20:22:02+08:00,
Image Autospa,Image Autospa,https://www.imageautospa.com.au,Automotive,2026-07-07T20:22:02+08:00,
Tokyo Kitchen,Tokyo Kitchen,https://www.tokyokitchen.com.au,Dining Out,2026-07-07T20:22:02+08:00,
Prospect Pharmacy,Prospect Pharmacy,https://maps.google.com/?q=Prospect+Pharmacy+Prospect+NSW,Health,2026-07-07T20:22:02+08:00,
Harrington Bowling Club,Harrington Bowling | Harrington Bowling Club,https://www.harringtonbowlingclub.com.au,Entertainment,2026-07-07T20:22:02+08:00,
Panania Stationers,Panania Stationers,https://www.pananiastationers.com.au,Retail,2026-07-07T20:22:02+08:00,
Oakberry,Oakberry Clovelly | Oakberry,https://www.oakberry.com/,Dining Out,2026-07-07T20:22:02+08:00,
Choice Richlands,Choice Richlands,https://www.choicehotels.com/,Travel,2026-07-07T20:21:08+08:00,
Central Lotto,Central Lotto,https://www.centrallotto.com.au,Gambling,2026-07-07T20:21:08+08:00,
Wadalba Newsagency,Wadalba Newsagency,https://www.google.com/maps/search/Wadalba+Newsagency,Information,2026-07-07T20:21:08+08:00,
Kogarah Newsagency,Kogarah Newsagency,https://www.google.com/maps/search/Kogarah+Newsagency,Information,2026-07-07T20:21:08+08:00,
MJS Floorcoverings,Mjs Floorcoverings,https://www.mjsfloorcoverings.com.au,Home Improvement,2026-07-07T20:21:08+08:00,
Daquinos Liquor,Daquinos Liquor,https://www.daquinosliquor.com.au,Retail,2026-07-07T20:21:08+08:00,
Rebel,Rebel Charlestown | Rebel | REBEL AND COMPANY PTY LTD | Rebel And,https://www.rebelsport.com.au/,Retail,2026-07-10T09:42:08+08:00,
Action Spares,Action Spares,https://www.actionspares.com.au,Automotive,2026-07-07T20:21:08+08:00,
Oasis Carwash,Oasis Carwash,https://www.oasiscarwash.com.au,Automotive,2026-07-07T20:21:08+08:00,
Chisholm Takeaway,Chisholm Takeaway,https://www.google.com/maps/search/Chisholm+Takeaway+Chisholm+ACT,Dining Out,2026-07-07T20:21:08+08:00,
Keppel Bakery,Keppel Bakery,https://www.keppelbakery.com.au,Dining Out,2026-07-07T20:21:08+08:00,
Cammeray Pharmacy,Cammeray Pharmacy,https://www.cammeraypharmacy.com.au,Health,2026-07-07T20:21:08+08:00,
Tobacconist & Grocer,Tobacconist & Grocer,https://www.google.com/maps/search/Tobacconist+%26+Grocer+Karabar,Retail,2026-07-07T20:21:08+08:00,
Spirit of Tahiti,Spirit Of Tahiti,https://www.spiritoftahiti.com.au,Travel,2026-07-07T20:21:08+08:00,
Central Market Mildura,Central Market Mildura,https://www.centralmarketmildura.com.au,Groceries,2026-07-07T20:21:08+08:00,
Go Vita,Govita | Go Vita,https://www.govita.com.au,Health,2026-07-07T20:21:08+08:00,
Richlands Bakery,Richlands Bakery,https://www.richlandsbakery.com.au,Dining Out,2026-07-07T20:21:08+08:00,
Humphreys Newsagency,Humphreys Newsagency,https://www.humphreysnewsagency.com.au,Information,2026-07-07T20:21:08+08:00,
Hive Eathouse,Hive Eathouse,https://www.hiveeathouse.com.au,Dining Out,2026-07-07T20:21:08+08:00,
Inverell Aquatic Centre,InverellAquaticCentr | Inverell Aquatic Centre,https://www.inverell.nsw.gov.au/community/facilities/aquatic-centre,Gyms and other memberships,2026-07-07T20:20:18+08:00,
Marine Hotel Restaurant,marinehotelrestauran | Marine Hotel Restaurant,https://www.marinehotelcardwell.com.au,Dining Out,2026-07-07T20:20:18+08:00,
Lockhart Supermarket,LOCKHART SUPERMARKET,https://www.google.com/maps/search/Lockhart+Supermarket,Groceries,2026-07-07T20:20:18+08:00,
Yarra Valley Water,YARRAVALLEYWATER | Yarra Valley Water,https://www.yvw.com.au,Utilities,2026-07-07T20:20:18+08:00,
Goldfield Supermarket,GOLDFIELD SUPERMARKE | Goldfield Supermarket,https://www.goldfieldsupermarket.com.au,Groceries,2026-07-07T20:20:18+08:00,
Strategic Collections,Strategic Collections,https://www.strategiccollections.com.au,Debt Collection,2026-07-07T20:20:18+08:00,
Ballarat Basketball,BALLARAT BASKETBALL | BALLARAT BASKETB,https://www.ballaratbasketball.com,Entertainment,2026-07-10T18:54:46+08:00,
Medco Carlingford,MEDCO CARLINGFORD,https://www.medco.com.au/,Health,2026-07-07T20:20:18+08:00,
AAFCANS,AAFCANS,https://www.aafcans.com.au,Retail,2026-07-07T20:20:18+08:00,
Launceston Aquatic,LAUNCESTON AQUATIC,https://www.launceston.tas.gov.au/Recreation/Launceston-Aquatic-Centre,Gyms and other memberships,2026-07-07T20:20:18+08:00,
Istanbul Turkish Kebab,Istanbul Turkish Kebab,https://www.google.com/maps/search/Istanbul+Turkish+Kebab+marsden,Dining Out,2026-07-07T20:20:18+08:00,
Toronto Newsagency,Toronto Newsagency,https://www.google.com/maps/search/Toronto+Newsagency+Toronto+NSW,Information,2026-07-07T20:20:18+08:00,
Bluelabel Tobacconist,Bluelabel Tobacconis | Bluelabel Tobacconist,https://www.bluelabeltobacconist.com.au,Retail,2026-07-07T20:20:18+08:00,
Flipp,Flipp Parramtta | Flipp,https://www.flipp.com/,Information,2026-07-07T20:20:18+08:00,
Celebrations Gungahlin,Celebrations Gungah | Celebrations Gungahlin,https://www.celebrations.com.au,Retail,2026-07-07T20:20:18+08:00,
Captain Melville,Captain Melville,https://www.captainmelville.com.au,Dining Out,2026-07-07T20:20:18+08:00,
Italian Street Kitchen,Italian Street Kitchen,https://www.italianstreetkitchen.com.au,Dining Out,2026-07-07T20:20:18+08:00,
Pottsville Cellars,Pottsville Cellars,https://www.pottsvillecellars.com.au,Retail,2026-07-07T20:20:18+08:00,
OTR West Wodonga,OTR WEST WODONGA,https://www.otr.com.au,Automotive,2026-07-07T20:19:27+08:00,
Jump N Swim Academy,JUMP N SWIM ACADEMY,https://www.jumpnswimacademy.com.au,Education,2026-07-07T20:19:27+08:00,
Milich Gourmet Food,MILICH GOURMET FOOD,https://www.milichgourmetfood.com.au,Dining Out,2026-07-07T20:19:27+08:00,
United Hermit Park,UNITED HERMIT PARK,https://www.unitedpetroleum.com.au/,Automotive,2026-07-07T20:19:27+08:00,
Epping Plaza Hotel,EPPING PLAZA HOTEL,https://www.eppingplazahotel.com.au,Travel,2026-07-07T20:19:27+08:00,
Platypus Shoes,PLATYPUS MT BARKER SHOP 31 | PLATYPUS CAMPBELLTO | Platypus Shoes,https://www.platypusshoes.com.au/,Retail,2026-07-07T20:19:27+08:00,
Agora IGA Express,AGORA IGA EXPRESS,https://www.iga.com.au,Groceries,2026-07-07T20:19:27+08:00,
Chemist Warehouse,CWH BROWNS PLAINS | CWH BROOKWATER | Chem Warehouse | CHEMISTWAREHOUSE | CHEMIST WAREHOUSE,https://www.chemistwarehouse.com.au/,Health,2026-07-07T20:19:27+08:00,
Spars Supermarket,SPARS SUPERMARKET,https://www.spars.com.au,Groceries,2026-07-07T20:19:27+08:00,
OTR Woodville South,OTR WOODVILLE SOUTH,https://www.otr.com.au,Automotive,2026-07-07T20:19:27+08:00,
Tamworth Convenience,Tamworthconvenience | Tamworth Convenience,https://www.google.com/maps/search/Tamworth+Convenience,Groceries,2026-07-07T20:19:27+08:00,
Chipmunks,Chipmunks,https://www.chipmunks.co.nz/,Entertainment,2026-07-07T20:19:27+08:00,
Sunshine Communication,Sunshine Communication,https://www.sunshinecommunication.com.au,Telecommunications,2026-07-07T20:19:27+08:00,
Loganlea Medical Centre,LoganleaMedicalCentr | Loganlea Medical Centre,https://www.loganleamedicalcentre.com.au,Health,2026-07-07T20:19:27+08:00,
Bonnyrigg Convenience Store,BONNYRIGG CONV STORE | Bonnyrigg Convenience Store,https://maps.google.com/?q=Bonnyrigg+Convenience+Store,Groceries,2026-07-07T20:18:37+08:00,
Sawa Tobacconist,SAWA TOBACCONIST PTY | Sawa Tobacconist,https://www.google.com/maps/search/?api=1&query=SAWA+Tobacconist+Shop+4%2F20+McFarlane,Retail,2026-07-07T20:18:37+08:00,
Cornerstone Barbers Shop,CORNERSTONE BARBERS SHOP,https://www.cornerstonebarbers.com.au,Personal Care,2026-07-07T20:18:37+08:00,
Specsavers,SPECSAVERS CHERMSID | SPECSAVERS,https://www.specsavers.com.au/,Health,2026-07-07T20:18:37+08:00,
Grand Hotel Childers,GRAND HOTEL CHILDER | Grand Hotel Childers,https://www.grandhotelchilders.com.au,Travel,2026-07-07T20:18:37+08:00,
Mobil Hastings River,MOBIL HASTINGS RIVER,https://www.mobil.com.au,Automotive,2026-07-07T20:18:37+08:00,
Nicholson General Store,NICHOLSON GENERAL S | Nicholson General Store,https://maps.google.com/?q=Nicholson+General+Store+921+Princess+Highway,Groceries,2026-07-07T20:18:37+08:00,
Belle and Co Coffee,BELLE AND CO COFFEE,https://www.belleandco.com.au,Dining Out,2026-07-07T20:18:37+08:00,
Okey Dokey Cafe & Bistro,OKEY DOKEY CAFE & BIS | Okey Dokey Cafe & Bistro,https://www.okeydokeycafe.com.au,Dining Out,2026-07-07T20:18:37+08:00,
The Groper And His Wife,The Groper And His Wi | The Groper And His Wife,https://www.thegroperandhiswife.com.au,Dining Out,2026-07-07T20:18:37+08:00,
Vito's Espresso Bar,VITO S ESPRESSO BAR,https://www.vitosespressobar.com.au,Dining Out,2026-07-07T20:18:37+08:00,
Miller St Oval News,MILLER ST OVAL NEWS,https://maps.google.com/?q=Miller+St+Oval+News+North+Sydney,Information,2026-07-07T20:18:37+08:00,
Bay General Store,BAY GENERAL STORE,https://maps.google.com/?q=Bay+General+Store+Coronet+Bay+VIC,Groceries,2026-07-07T20:18:37+08:00,
Lily's Asian Market,LILY'S ASIAN MARKET,https://www.lilysasianmarket.com.au,Groceries,2026-07-07T20:18:37+08:00,
Asian Gourmet Food,ASIAN GOURMET FOOD,https://www.google.com/maps/search/Asian+Gourmet+Food+Shailer+Park,Dining Out,2026-07-07T20:17:44+08:00,
Metro Golden Point,METRO GOLDEN POINT,https://www.metrogoldenpoint.com.au,Automotive,2026-07-07T20:17:44+08:00,
Tannum Sands Pharmacy,TANNUM SANDS PHARM | Tannum Sands Pharmacy,https://www.tannumsandspharmacy.com.au,Health,2026-07-07T20:17:44+08:00,
Good Price Pharmacy,GOOD PRICE PHARM | Good Price Pharmacy,https://www.goodpricepharmacy.com.au,Health,2026-07-07T20:17:44+08:00,
Scottan SA Pty Ltd,SCOTTAN SA PTY LTD,https://www.scottan.com.au,Home Improvement,2026-07-07T20:17:44+08:00,2026-07-13T21:16:31+08:00
Pretzel Hut,PRETZEL HUT PTY LTD | Pretzel Hut,https://www.pretzelhut.com.au,Dining Out,2026-07-07T20:17:44+08:00,
SPH Hotels,SPH HOTELS UNIT TRUS | SPH Hotels,https://www.sphhotels.com,Travel,2026-07-07T20:17:44+08:00,
Miranda Pharmacy,MIRANDA PHARMACY,https://maps.google.com/?q=Miranda+Pharmacy,Health,2026-07-07T20:17:44+08:00,
Tomoya Restaurant,TOMOYA RESTAURANT,https://www.tomoyarestaurant.com.au,Dining Out,2026-07-07T20:17:44+08:00,
IGA Esperance,IGA ESPERANCE DEMPS | IGA Esperance,https://www.iga.com.au,Groceries,2026-07-07T20:17:44+08:00,
OTR Salisbury,OTR SALISBURY COMCL | OTR Salisbury,https://www.otr.com.au,Automotive,2026-07-07T20:17:44+08:00,
Urban Culture Origin,URBAN CULTURE ORIGIN,https://www.urbancultureorigin.com,Retail,2026-07-07T20:17:44+08:00,
Golden Palm Chinese Restaurant,GOLDEN PALM CHNS | Golden Palm Chinese Restaurant,https://www.google.com/maps/search/?api=1&query=Golden+Palm+Chinese+Restaurant+KTCPark+Avenue+QLD,Dining Out,2026-07-07T20:16:54+08:00,
Free Choice,FREE CHOICE COFFS HR | Free Choice,https://www.freechoice.com.au/,Retail,2026-07-07T20:16:54+08:00,
Taylors Lakes News,TAYLORS LAKES NEWS,https://www.google.com/maps/search/Taylors+Lakes+News,Information,2026-07-07T20:16:54+08:00,
KFC,KFC TRARALGON | KFC KANGAROO FLAT | KFC EAST BRIGHTON | KFC Mingara | KFC Queen Street | KFC HOPPERS CROSSING | KFC Marrickville Met | KFC SPRINGFIELD PARK | KFC,https://www.kfc.com.au,Dining Out,2026-07-07T20:16:54+08:00,
Salvation Army Stores,SALVOS STORES | Salvation Army Stores,https://www.salvationarmy.org.au/,Donations,2026-07-07T20:16:54+08:00,
McKays Fuel and Rural,MCKAYS FUEL AND RURA | McKays Fuel and Rural,https://www.mckays.com.au,Automotive,2026-07-07T20:16:54+08:00,
Metro Heddon Greta,METRO HEDDON GRETA,https://www.metro.com.au/,Automotive,2026-07-07T20:16:54+08:00,
Mt Gravatt Plaza,MT GRAVATT PLAZA,https://www.mtgravattplaza.com.au,Retail,2026-07-07T20:16:54+08:00,
Manor Lakes News & Lotto,MANOR LAKES NEWS LOT | Manor Lakes News & Lotto,https://www.manorlakesnews.com.au,Gambling,2026-07-07T20:16:54+08:00,
United Doreen Corner,UNITED DOREEN CORNER,https://www.unitedpetroleum.com.au/,Automotive,2026-07-07T20:16:54+08:00,
The Pie Guru,THE PIE GURU,https://thepieguru.com.au,Dining Out,2026-07-07T20:16:54+08:00,
ABC Kebab House,ABC KEBAB HOUSE,https://www.abckebabhouse.com.au,Dining Out,2026-07-07T20:16:54+08:00,
Kings Meadows News,KINGS MEADOWS NEWS,https://www.google.com/maps/search/Kings+Meadows+News,Information,2026-07-07T20:16:54+08:00,
Dura Wear Industries,DURA WEAR INDSTRS PL | Dura Wear Industries | DURA WEAR INDUSTRIES PTY LTD | Chef.Com.AU | Club Chef,https://www.duraweardirect.com.au,Retail,2026-07-10T09:34:07+08:00,
Speedway Park,SPEEDWAY PARK,https://maps.google.com/?q=Speedway+Park+Regents+Park+NSW,Entertainment,2026-07-07T20:16:02+08:00,
Metro West,METRO WEST,https://www.metro.com.au/,Automotive,2026-07-07T20:16:02+08:00,
Metro Coburg North,METRO COBURG NORTH,https://www.metro.com.au/,Automotive,2026-07-07T20:16:02+08:00,
Hot Dollar,HOT DOLLAR PTY LTD | Hot Dollar,https://www.hotdollar.com.au,Retail,2026-07-07T20:16:02+08:00,
MH Restaurants Pty Ltd,MH RESTAURANTS PTY L | MH Restaurants Pty Ltd,https://www.mhrestaurants.com.au,Dining Out,2026-07-07T20:16:02+08:00,
Halliday Bay Resort,HALLIDAY BAY RESORT,https://hallidaybayresort.com.au,Travel,2026-07-07T20:16:02+08:00,
Sushi Hub Castle Hill,SUSHI HUB CASTLE HIL | Sushi Hub Castle Hill,https://www.sushihub.com.au,Dining Out,2026-07-07T20:16:02+08:00,
Octane Miners Rest,OCTANE MINERS REST,https://www.octane.com.au,Automotive,2026-07-07T20:16:02+08:00,
Tasty Magic Chinese,TASTY MAGIC CHINESE,https://www.google.com/maps/search/Tasty+Magic+Chinese+Hope+Island,Dining Out,2026-07-07T20:16:02+08:00,
Carrum Downs Lotto,CARRUM DOWNS LOTTO,https://www.carrumdownslotto.com.au,Gambling,2026-07-07T20:16:02+08:00,
Eves Skin and Beauty,EVES SKIN AND BEAUTY,https://www.evesskinandbeauty.com.au,Personal Care,2026-07-07T20:16:02+08:00,
Links Hope Island,LINKS HOPE ISLAND,https://www.linkshopeisland.com.au,Entertainment,2026-07-07T20:16:02+08:00,
OTR,OTR PARALOWIE | OTR HARBOURTOWN | OTR ELIZABETH SOUTH | OTR,https://www.otr.com.au,Automotive,2026-07-07T20:16:02+08:00,
Coast Automotive,COAST AUTOMOTIVE,https://www.coastautomotive.com.au,Automotive,2026-07-07T20:16:02+08:00,
H S Caterer Pty Ltd,H S Caterer Pty Ltd,https://www.google.com/search?q=H+S+Caterer+Pty+Ltd,Dining Out,2026-07-07T20:15:08+08:00,
Marlo's All Day,Marlo's All Day Pty L | Marlo's All Day,https://www.marlos.com.au,Dining Out,2026-07-07T20:15:08+08:00,
C.O.D Automotive,C.O.D Automotive,https://www.codautomotive.com.au,Automotive,2026-07-07T20:15:08+08:00,
Chocolate and Co,Chocolate And Co,https://www.chocolateandco.com.au,Dining Out,2026-07-07T20:15:08+08:00,
Pub With No Beer,Pub With No Beer,https://www.pubwithnobeer.com.au,Dining Out,2026-07-07T20:15:08+08:00,
Two By The Sea Salon,Two By The Sea Salon,https://www.twobythesea.com.au,Personal Care,2026-07-07T20:15:08+08:00,
McDonald's,MCDONALDS NTH LAKES | MCDONALDS DOVETON | MCDONALDS BLAKES CRO | MCDONALDS FREWVILLE | MCDONALDS WONTHAGGI | MCDONALDS GUNGAHLIN | MCDONALDS KINGSBURY | MCDONALDS MOOROOPNA | MCDONALDS GLADSTONE | MCDONALDS FELIXSTOW | MCDONALDS KINGSFORD | MCDONALDS INNISFAIL | MCDONALDS TRUGANINA | MCDONALDS CAMDEN PARC | MCDONALDS TAREN POINT | MCDONALDS SMITHFLD | MCDONALDS BROADBCH | MCDONALDS STRPINE TC | MCDONALDS EMRLD HILL | MCDONALDS HAPPY VALL | MCDONALDS PORT MACQ | MCDONALDS HELENSVALE | MCDONALDS CABOOLTURE | MCDONALDS WHITTLESEA | MCDONALDS NORTHFIELD | MCDONALDS ROSEMEADOW | MCDONALDS SMITHFIELD | MCDONALDS SPRINGWOOD | MCDONALDS HURLSTNE | MCDONALDS GLENMRE PR | MCDONALDS CAROLINE SC | MCDONALDS BALLARAT | MCDONALDS BROWNS PLA | Mcdonaldsportadelaide | MCDONALDS | McDonald's,https://www.mcdonalds.com.au/,Dining Out,2026-07-07T20:15:08+08:00,
Broken Hill Hospital Kiosk,BKN HILL HSPTL KIOSK | Broken Hill Hospital Kiosk,https://www.brokenhillhospital.com.au,Health,2026-07-07T20:15:08+08:00,
NK Barbers,NK BARBERS PTY LTD | NK Barbers,https://www.nkbarbers.com.au,Personal Care,2026-07-07T20:15:08+08:00,
Golf Broken Hill Inc,GOLF BROKEN HILL INC,https://www.golfbrokenhill.com.au,Entertainment,2026-07-07T20:15:08+08:00,
Golden Ale Pty Ltd,GOLDEN ALE PTY LTD,https://www.goldenale.com.au,Dining Out,2026-07-07T20:15:08+08:00,
GC Entertainment Pty Ltd,GC ENTERTAINMENT P/L | GC Entertainment Pty Ltd,https://www.gcentertainment.com.au,Entertainment,2026-07-07T20:15:08+08:00,
Boulder Bowling Club,BOULDER BOWLING CLUB,https://www.boulderbowlingclub.com.au,Entertainment,2026-07-07T20:14:15+08:00,
Foodworks Mulwala,FOODWORKS MULWALA,https://www.foodworks.com.au/,Groceries,2026-07-07T20:14:15+08:00,
Oporto,OPORTO CHERMSIDE | OPORTO GREYSTANES | OPORTO GREGORY HILLS | Oporto Olympic Park | Oporto | Oporto Chicken,https://www.oporto.com.au,Dining Out,2026-07-07T20:14:15+08:00,
Skechers,SKECHERS ELIZABETH | Skechers,https://www.skechers.com,Retail,2026-07-07T20:14:15+08:00,
Beach Hotel Byron Bay,BEACH HOTEL BYRON BAY,https://www.beachhotel.com.au,Travel,2026-07-07T20:14:15+08:00,
Banh Mi Thit Viet Nam,BANH MI THIT VIET NAM,https://www.google.com/maps/search/Banh+Mi+Thit+Viet+Nam+Croydon+Park,Dining Out,2026-07-07T20:14:15+08:00,
Lai Bakery and Cafe,Lai Bakery and Caf | Lai Bakery and Cafe,https://www.google.com/maps/search/Lai+Bakery+and+Cafe+Keilor+East,Dining Out,2026-07-07T20:14:15+08:00,
Darcy's Diner,DARCY'S DINER,https://www.darcysdiner.com.au,Dining Out,2026-07-07T20:14:15+08:00,
Splash Juice Bar,Splash Juice Bar,https://www.splashjuicebar.com.au,Dining Out,2026-07-07T20:14:15+08:00,
Cafe Adamo,CAFE ADAMO,https://www.cafeadamo.com.au,Dining Out,2026-07-07T20:14:15+08:00,
Gill's Chicken & Sport,Gill's Chicken & Sport,https://www.gillschickenandsport.com.au,Dining Out,2026-07-07T20:14:15+08:00,
Sushi N Poke,Sushi N Poke,https://www.sushinpoke.com.au,Dining Out,2026-07-07T20:13:21+08:00,
Priceless Discounts,PRICELESS DISCOUNTS,https://www.pricelessdiscounts.com.au,Retail,2026-07-07T20:13:21+08:00,
LS Bake Bar,LS Bake Bar,https://www.lsbakebar.com.au,Dining Out,2026-07-07T20:13:21+08:00,
Baked to Perfection,BAKED TO PERFECTION,https://www.bakedtoperfection.com.au,Dining Out,2026-07-07T20:13:21+08:00,
Killara Food Centre,Killara Food Centre,https://www.killarafoodcentre.com.au,Dining Out,2026-07-07T20:13:21+08:00,
Drakes Mini Walkley,DRAKES MINI WALKLEY,https://www.drakes.com.au,Groceries,2026-07-07T20:13:21+08:00,
Liberty Craigieburn,LIBERTY CRAIGIEBURN,https://www.liberty.com.au/,Automotive,2026-07-07T20:13:21+08:00,
Treendale Farm Hotel,TREENDALE FARM HOTEL,https://www.treendalefarmhotel.com.au,Travel,2026-07-07T20:13:21+08:00,
Mobil,MOBIL COFFS HARBOUR | MOBIL OCEAN DRIVE PORT MACQUARINS | MOBIL ROCKHAMPTON | MOBIL TAMWORTH WEST | MOBIL COOLONGOLOOK | MOBIL HASTINGS RIVERPORT MACQUARINS | Mobil,https://www.mobil.com.au,Automotive,2026-07-07T20:12:30+08:00,
Winston Glades News,WINSTON GLADES NEWS,https://www.google.com/maps/search/Winston+Glades+News+Flinders+View,Information,2026-07-07T20:12:30+08:00,
Penrith Touch Association,PENRITH TOUCH ASSOC | Penrith Touch Association,https://www.penrithtouch.com.au,Gyms and other memberships,2026-07-07T20:12:30+08:00,
LS Sen Legend Restaurant,LS SEN LEGEND RESTAU | LS Sen Legend Restaurant,https://www.google.com/maps/search/LS+Sen+Legend+Restaurant+East+Brisbane,Dining Out,2026-07-07T20:12:30+08:00,
Elliotts Fine Foods,ELLIOTTS FINE FOODS,https://www.elliottsfinefoods.com.au,Dining Out,2026-07-07T20:12:30+08:00,
Oakleigh South Fish,OAKLEIGH SOUTH FISH,https://www.google.com/maps/search/Oakleigh+South+Fish,Dining Out,2026-07-07T20:12:30+08:00,
IGA West Ulverstone,WEST ULVERSTONE IGA | IGA West Ulverstone,https://www.iga.com.au,Groceries,2026-07-07T20:12:30+08:00,
HT Electronics,HT ELECTRONICS,https://www.htelectronics.com.au,Retail,2026-07-07T20:12:30+08:00,
JK Petroleum Pty Ltd,JK PETROLEUM PTY LTD,https://www.jkpetroleum.com.au,Automotive,2026-07-07T20:12:30+08:00,
Achilleon Take Away,ACHILLEON TAKE AWAY,https://www.google.com/maps/search/?api=1&query=Achilleon+Take+Away+Kings+Langley,Dining Out,2026-07-07T20:12:30+08:00,
Metro Great Western,Metro Great Western,https://www.metro.com.au/,Automotive,2026-07-07T20:12:30+08:00,
Qik Wash Australia,QIK WASH AUSTRALIA,https://qikwash.com.au,Automotive,2026-07-07T20:12:30+08:00,
Tips and Toes Studio,TIPS AND TOES STUDIO,https://www.tipsandtoes.com.au,Personal Care,2026-07-07T20:11:38+08:00,
The Rowing Pavilion,The Rowing Pavilion,https://www.rowingpavilion.com.au,Dining Out,2026-07-07T20:11:38+08:00,
Billiard X Brisbane,Billiard X Brisbane,https://www.billiardx.com.au/,Entertainment,2026-07-07T20:11:38+08:00,
Routleys Bakery,Routleys Bakery,https://www.routleysbakery.com.au,Dining Out,2026-07-07T20:11:38+08:00,
Livelife Day & Night,LIVELIFE DAY & NIGHT,https://www.livelife.com.au,Health,2026-07-07T20:11:38+08:00,2026-07-13T21:16:31+08:00
Subway,Subway Calder Inboun | Subway Calder Outbou | Subway Newman | Subway Winston Hills | Subway,https://www.subway.com,Dining Out,2026-07-07T20:11:38+08:00,
Fish Pier,FISH PIER,https://www.fishpier.com.au,Dining Out,2026-07-07T20:11:38+08:00,
Surfers Pizza and Kebab,SURFERS PIZZA AND KE | Surfers Pizza and Kebab,https://www.surferspizza.com.au,Dining Out,2026-07-07T20:11:38+08:00,
Brumby's,Brumby's,https://www.brumbys.com.au,Dining Out,2026-07-07T20:11:38+08:00,
Noah's Grocery Store,NOAH'S GROCERY STORE,https://www.google.com/maps/search/Noah's+Grocery+Store+Dandenong+VIC,Groceries,2026-07-07T20:11:38+08:00,
Nextra Valley News,NEXTRA VALLEY NEWS,https://www.nextra.com.au,Information,2026-07-07T20:10:45+08:00,
Hotel Motel Five,HOTEL MOTEL FIVE,https://www.hotelmotelfive.com.au,Travel,2026-07-07T20:10:45+08:00,
The Australian Hotels,THE AUSTRALIAN HOTELS,https://www.theaustralianhotels.com.au,Travel,2026-07-07T20:10:45+08:00,
Q Mart Asian Grocery,Q MART ASIAN GROCERY,https://www.qmart.com.au,Groceries,2026-07-07T20:10:45+08:00,
Aussie Pooch Mobile,AUSSIE POOCH MOBILE,https://www.aussiepoochmobile.com.au,Pet Care,2026-07-07T20:10:45+08:00,
Sushi People Group,SUSHI PEOPLE GROUP,https://www.sushipeople.com.au,Dining Out,2026-07-07T20:10:45+08:00,
Cold Rock,COLD ROCK BURLEIGH H | Cold Rock,https://www.coldrock.com.au,Dining Out,2026-07-07T20:10:45+08:00,
Grey Street Grocer,GREY STREET GROCER,https://www.greystreetgrocer.com.au,Groceries,2026-07-07T20:10:45+08:00,
OTR Murray Bridge,OTR Murray Bridge,https://www.otr.com.au/,Automotive,2026-07-07T20:10:45+08:00,
Running With Thieves,Running With Thie | Running With Thieves,https://www.runningwiththieves.com.au,Dining Out,2026-07-07T20:10:45+08:00,
Greg's Discount Chemist,Greg's Discount Chem | Greg's Discount Chemist,https://www.gregsdiscountchemist.com.au,Health,2026-07-07T20:10:45+08:00,
Myki,MYKI CRANBORNE | MYKI DONYBROOK RS | MYKI MNT WAVLY RS | MYKI CASTLMAIN RS | MYKI SNDRINGHM RS SH | MYKI PARLIAMNT RS | MYKI CAULFIELD RS | MYKI BALLARAT RS | Myki,https://www.mymyki.com.au,Transport,2026-07-07T20:10:45+08:00,
Star Liquor Chevron,Star Liquor Chevron,https://www.starliquor.com.au,Retail,2026-07-07T20:10:45+08:00,
Fresh Green Market,FRESH GREEN MARKET,https://www.freshgreenmarket.com.au,Groceries,2026-07-07T20:10:45+08:00,
Maryborough Carwash,MARYBOROUGH CARWASH,https://www.maryboroughcarwash.com.au,Automotive,2026-07-07T20:09:55+08:00,
Falvey's Stock Hotel,FALVEYS STOCK HOTEL | Falvey's Stock Hotel,https://www.falveysstockhotel.com.au,Travel,2026-07-07T20:09:55+08:00,
Speedy Towbars,SPEEDY TOWBARS,https://www.speedytowbars.com.au,Automotive,2026-07-07T20:09:55+08:00,
Fresco Pineland,FRESCO PINELAND,https://www.fresco.com.au,Groceries,2026-07-07T20:09:55+08:00,
Berry Springs IGA,BERRY SPRINGS IGA,https://www.iga.com.au,Groceries,2026-07-07T20:09:55+08:00,
Citea Cha Pty Ltd,CITEA CHA PTY LTD,https://www.citeacha.com.au,Dining Out,2026-07-07T20:09:55+08:00,
Pline PH Parramatta,PLINE PH PARRAMATTA,https://www.google.com/maps/search/?api=1&query=Pline+PH+Parramatta,Health,2026-07-07T20:09:55+08:00,
Ibis Budget Sydney Olympic Park,Ibis Budget Sydney | Ibis Budget Sydney Olympic Park,https://all.accor.com/hotel/8500/index.en.shtml,Travel,2026-07-07T20:09:55+08:00,
Jervis Bay Veterinary,JERVIS BAY VETERINAR | Jervis Bay Veterinary,https://www.jervisbayvets.com.au,Pet Care,2026-07-07T20:09:55+08:00,
Cleanmaker Car Wash,Cleanmaker Car Wash,https://www.cleanmaker.com.au,Automotive,2026-07-07T20:09:55+08:00,
Fourways Lotto,FOURWAYS LOTTO,https://www.fourwayslotto.com.au,Gambling,2026-07-07T20:09:04+08:00,
KQ Cafe,KQ CAFE,https://www.kqcafe.com.au,Dining Out,2026-07-07T20:09:04+08:00,
Kempsey Cabs Pty Ltd,KEMPSEY CABS PTY LTD,https://www.kempseycabs.com.au,Transport,2026-07-07T20:09:04+08:00,
Bayside Natural Health,BAYSIDE NATURAL HLTH | Bayside Natural Health,https://www.baysidenaturalhealth.com.au,Health,2026-07-07T20:09:04+08:00,
Mobil Tamworth II,MOBIL TAMWORTH II,https://www.mobil.com.au,Automotive,2026-07-07T20:09:04+08:00,
Asia World Trading,ASIA WORLD TRADING,https://www.asiaworldtrading.com.au,Groceries,2026-07-07T20:09:04+08:00,
Dessert Alchemy,DESSERT ALCHEMY,https://www.dessertalchemy.com.au,Dining Out,2026-07-07T20:09:04+08:00,
Marsden State High School,MARSDEN STATE HIGH | Marsden State High School,https://marsdenshs.eq.edu.au,Education,2026-07-07T20:09:04+08:00,
Lucky Sun Laundry,Lucky Sun Laundry,https://www.luckysunlaundry.com.au,Retail,2026-07-07T20:09:04+08:00,
Albert Grocer,Albert Grocer,https://www.albertgrocer.com.au,Groceries,2026-07-07T20:09:04+08:00,
Orion Minimart,ORION MINIMART,https://www.orionminimart.com.au,Groceries,2026-07-07T20:09:04+08:00,
The Deck Steakhouse,THE DECK STEAKHOUSE,https://www.thedecksteakhouse.com.au,Dining Out,2026-07-07T20:09:04+08:00,
Ampol Star Mart,AMPOL STAR MART,https://www.ampol.com.au,Automotive,2026-07-07T20:09:04+08:00,
IGA Eve Central Plus,IGA EVE CENTRAL PLUS,https://www.iga.com.au,Groceries,2026-07-07T20:09:04+08:00,
Star Liquor Willows,Star Liquor Willows,https://www.starliquor.com.au,Retail,2026-07-07T20:08:14+08:00,
Wetherill Park News,Wetherill Park News,https://www.google.com/maps/search/Wetherill+Park+News,Information,2026-07-07T20:08:14+08:00,
Gills and Rayfields,GILLS AND RAYFIELDS,https://www.gillsandrayfields.com.au,Retail,2026-07-07T20:08:14+08:00,2026-07-13T21:16:31+08:00
Cheap As Lakes Entrance,Cheap As Lakes Entra | Cheap As Lakes Entrance,https://www.cheapas.com.au/,Retail,2026-07-07T20:08:14+08:00,
South Coast Newsagency,SOUTH COAST NEWSAGEN | South Coast Newsagency,https://www.southcoastnewsagency.com.au,Information,2026-07-07T20:08:14+08:00,
Panda House Asian,PANDA HOUSE ASIAN,https://www.google.com/maps/search/Panda+House+Asian+Mount+Pleasant,Dining Out,2026-07-07T20:08:14+08:00,
The Faux Social Club,The Faux Social Club,https://www.thefauxsocialclub.com.au,Entertainment,2026-07-07T20:08:14+08:00,
Elizabeth Street Grocer,ELIZABETH ST GROCER | Elizabeth Street Grocer,https://www.elizabethstreetgrocer.com.au,Groceries,2026-07-07T20:08:14+08:00,
British Hotel Port Adelaide,British Hotel Port | British Hotel Port Adelaide,https://www.britishhotel.com.au,Travel,2026-07-07T20:08:14+08:00,
Hog's Breath Cafe,HOGS BREATH CAFE | Hog's Breath Cafe,https://www.hogsbreath.com.au,Dining Out,2026-07-07T20:08:14+08:00,
Hunters Newsagency,HUNTERS NEWSAGENCY,https://www.huntersnewsagency.com.au,Information,2026-07-07T20:08:14+08:00,
Ace of Cuts Barbers,ACE OF CUTS BARBERS,https://www.aceofcuts.com.au,Personal Care,2026-07-07T20:08:14+08:00,
Brodies Chick N Burg,BRODIES CHICK N BURG,https://www.brodieschicknburg.com.au,Dining Out,2026-07-07T20:07:24+08:00,
Castaway Coffee Bar,CASTAWAY COFFEE BAR,https://www.castawaycoffeebar.com.au,Dining Out,2026-07-07T20:07:24+08:00,
El Camino,El Camino Chermside | El Camino,https://www.elcamino.com.au/,Dining Out,2026-07-07T20:07:24+08:00,
Cabarita Beach SLSC,Cabarita Beach SLSC,https://cabaritabeachslsc.com.au,Dining Out,2026-07-07T20:07:24+08:00,2026-07-13T21:16:31+08:00
Hair on Harrington,HAIR ON HARRINGTON,https://haironharrington.com.au,Personal Care,2026-07-07T20:07:24+08:00,
Cool Beans Coffee Co,COOL BEANS COFFEE CO,https://www.coolbeanscoffee.com.au,Dining Out,2026-07-07T20:07:24+08:00,
Star Laundromat,STAR LAUNDROMAT,https://www.starlaundromat.com.au,Retail,2026-07-07T20:07:24+08:00,
Segway Australia,SEGWAY AUSTRALIA,https://segway.com.au,Retail,2026-07-07T20:07:24+08:00,
Aquabird Pet Centre,Aquabird Pet Centre,https://www.aquabirdpetcentre.com.au,Pet Care,2026-07-07T20:07:24+08:00,
Cates Chemist Hyde Park,CATES CHEMIST HYDE | Cates Chemist Hyde Park,https://www.cateschemist.com.au,Health,2026-07-07T20:06:28+08:00,
Varsity Gifts and Co,Varsity Gifts and Co,https://www.varsitygiftsandco.com.au,Retail,2026-07-07T20:06:28+08:00,
Sugar Dreams Bakery,SUGAR DREAMS BAKERY,https://www.sugardreamsbakery.com.au,Dining Out,2026-07-07T20:06:28+08:00,
Spoils Ballarat,SPOILS BALLARAT,https://www.spoils.com.au/,Retail,2026-07-07T20:06:28+08:00,
Coffee on Wembley,COFFEE ON WEMBLEY,https://www.coffeeonwembley.com.au,Dining Out,2026-07-07T20:06:28+08:00,
Cangthuy Food Pty Ltd,CANGTHUY FOOD PTY LT | Cangthuy Food Pty Ltd,https://www.google.com/maps/search/Cangthuy+Food+Saint+Albans,Dining Out,2026-07-07T20:06:28+08:00,
Thai Massage Time,THAI MASSAGE TIME,https://www.thaimassagetime.com.au,Dining Out,2026-07-07T20:06:28+08:00,
Pline Ph Kingscliff,PLINE PH KINGSCLIFF,https://www.pline.com.au,Telecommunications,2026-07-07T20:06:28+08:00,
Murray Bridge Club,MURRAY BRIDGE CLUB,https://www.murraybridgeclub.com.au,Entertainment,2026-07-07T20:05:33+08:00,
Meridian Bistro,MERIDIAN BISTRO,https://www.meridianbistro.com.au,Dining Out,2026-07-07T20:05:33+08:00,
Jetty Fish and Grill,Jetty Fish and Grill,https://www.jettyfishandgrill.com.au,Dining Out,2026-07-07T20:05:33+08:00,
Champion Drive In,CHAMPION DRIVE IN,https://maps.google.com/?q=Champion+Drive+In+Seville+Grove,Dining Out,2026-07-07T20:05:33+08:00,
Palms Indian Kitchen,PALMS INDIAN KITCHEN,https://www.palmsindiankitchen.com.au,Dining Out,2026-07-07T20:05:33+08:00,
Ampol,AMPOL WEST BURLEIGH | AMPOL UPPER COOMERA | AMPOL LIGHTNING RIDG | AMPOL BURLEIGH WATER | AMPOL SMEATON GRANGE | AMPOL CHELSEA HEIGHT | AMPOL WOOLLOONGABBA | Ampol,https://www.ampol.com.au,Automotive,2026-07-07T20:05:33+08:00,
Flynns Beach Cellars,FLYNNS BCH CELLARS | Flynns Beach Cellars,https://www.flynnsbeachcellars.com.au,Retail,2026-07-07T20:05:33+08:00,
Dose Tropical Coffee,DOSE TROPICAL COFFEE,https://www.dosetropicalcoffee.com.au,Dining Out,2026-07-07T20:05:33+08:00,
Nextra,NEXTRA QUEEN ST MALL | Forest Lake Nextra | Nextra,https://www.nextra.com.au,Information,2026-07-07T20:05:33+08:00,
TSG,TSG BENTONS SQUARE MORNINGTON VIC | TSG DANDENONG SOUTH | Tsg Logan Reserve | TSG,https://www.tsg.com.au,Retail,2026-07-07T20:05:33+08:00,
Raceview Fuels,RACEVIEW FUELS,https://www.raceviewfuels.com.au,Automotive,2026-07-07T20:05:33+08:00,
Mustang Muscle Pty Ltd,MUSTANG MUSCLE PTY | Mustang Muscle Pty Ltd,https://www.mustangmuscle.com.au,Automotive,2026-07-07T20:04:41+08:00,
Paper Shop Baulkham,PAPER SHOP BAULKHAM,https://www.google.com/maps/search/Paper+Shop+Baulkham+Hills,Retail,2026-07-07T20:04:41+08:00,
NewsXpress,NEWSXPRESS HALLS HEA | NEWSXPRESS,https://www.newsxpress.com.au,Information,2026-07-07T20:04:41+08:00,
Foodworks Little Bay,FOODWORKS LITTLE BAY,https://www.foodworks.com.au/,Groceries,2026-07-07T20:04:41+08:00,
Kaisercraft Australia,KAISERCRAFT AUST PL | KAISERCRAFT AUSTRALI | Kaisercraft Australia,https://www.kaisercraft.com.au,Retail,2026-07-07T20:04:41+08:00,
Fresh Veggie Heaven,Fresh Veggie Heaven,https://www.freshveggieheaven.com.au,Groceries,2026-07-07T20:04:41+08:00,
Straddie Hotel Bar,STRADDIE HOTEL BAR,https://www.straddiehotel.com.au,Dining Out,2026-07-07T20:04:41+08:00,
Jham Bar Espresso,Jham Bar Espresso,https://www.google.com/maps/search/Jham+Bar+Espresso+South+Gladstone,Dining Out,2026-07-07T20:04:41+08:00,
Knox Dumplings,KNOX DUMPLINGS PTY | Knox Dumplings,https://www.knoxdumplings.com.au,Dining Out,2026-07-07T20:04:41+08:00,
Family Crust Bakery,FAMILY CRUST BAKERY,https://www.familycrustbakery.com.au,Dining Out,2026-07-07T20:04:41+08:00,
Two Butchers,TWO BUTCHERS PTY LTD | Two Butchers,https://www.twobutchers.com.au,Groceries,2026-07-07T20:04:41+08:00,
Park Beach Hotel Motel,Park Beach Hotel Mot | Park Beach Hotel Mote | Park Beach Hotel Motel,https://www.parkbeachhotel.com.au,Travel,2026-07-07T20:04:41+08:00,
Pline PH Hurstville,PLINE PH HURSTVILLE,https://www.google.com/maps/search/?api=1&query=Pline+PH+Hurstville,Telecommunications,2026-07-07T20:04:41+08:00,
The Montague Hotel,THE MONTAGUE HOTEL,https://www.themontague.com.au,Travel,2026-07-07T20:03:46+08:00,
Star Nails & Beauty,STAR NAILS & BEAUTY,https://www.starnailsbeauty.com.au,Personal Care,2026-07-07T20:03:46+08:00,
Kingston Bowl and Leisure,Kingston Bowl and Le | Kingston Bowl and Leisure,https://www.kingstonbowl.com.au,Entertainment,2026-07-07T20:03:46+08:00,
Sushi Browns Plain,Sushi Browns Plain,https://www.sushibrowns.com.au/,Dining Out,2026-07-07T20:03:46+08:00,
Breadtop,Breadtop Garden City | Breadtop Strathfield | Breadtop,https://www.breadtop.com.au,Dining Out,2026-07-07T20:03:46+08:00,
TGI Fridays,TGI FRAN SURFERS PAR | TGI Fridays,https://www.tgifridays.com.au,Dining Out,2026-07-07T20:03:46+08:00,
Sporting & Social Club,SPORTING & SOCIAL CL | Sporting & Social Club,https://www.sportingandsocialclub.com.au,Entertainment,2026-07-07T20:03:46+08:00,
Harry's Fish & Chips,HARRYS FISH & CHIPS | Harry's Fish & Chips,https://www.harrysfishandchips.com.au,Dining Out,2026-07-07T20:03:46+08:00,
Cinnamon Bun Shoppe,CINNAMON BUN SHOPPE,https://www.cinnamonbunshoppe.com.au,Dining Out,2026-07-07T20:03:46+08:00,
Ringers Western,RINGERS WESTERN,https://ringerswestern.com.au,Retail,2026-07-07T20:03:46+08:00,
Vic Park Convenience & Lotto,Vicpark Conv&Lotto | Vic Park Convenience & Lotto,https://maps.google.com/?q=Vic+Park+Convenience+%26+Lotto+East+Victoria,Gambling,2026-07-07T20:02:54+08:00,
Urunga Country Oven,URUNGA COUNTRY OVEN,https://www.urungacountryoven.com.au,Dining Out,2026-07-07T20:02:54+08:00,
Orchid Avenue Store,ORCHID AVENUE STORE,https://maps.google.com/?q=Orchid+Avenue+Store+Surfers+Paradise,Retail,2026-07-07T20:02:54+08:00,
Zako Tobacco Pty Ltd,ZAKO TOBACCO PTY LTD,https://www.google.com/maps/search/Zako+Tobacco+South+Brisbane,Retail,2026-07-07T20:02:54+08:00,
Haha Sushi,HAHA SUSHI,https://www.hahasushi.com.au,Dining Out,2026-07-07T20:02:54+08:00,
Shop N Save Supermarket,SHOP N SAVE SUPERMAR | Shop N Save Supermarke | Shop N Save Supermarket,https://www.shopnsave.com.au,Groceries,2026-07-07T20:02:54+08:00,
Cherry Hill Tavern,CHERRY HILL TAVERN,https://www.cherryhilltavern.com.au,Dining Out,2026-07-07T20:02:54+08:00,
Protectabag Pty Ltd,PROTECTABAG PTY LTD,https://www.protectabag.com.au,Retail,2026-07-07T20:02:54+08:00,
AAA Laundry Systems,AAA Laundry Systems,https://www.aaalaundrysystems.com.au,Retail,2026-07-07T20:02:54+08:00,
Country Cafe,Country Cafe,https://www.countrycafe.com.au,Dining Out,2026-07-07T20:02:54+08:00,
Browns Plains Fruit Market,BROWNS PLAINS FRUIT | Browns Plains Fruit Market,https://www.brownsplainsfruitmarket.com.au,Groceries,2026-07-07T20:02:54+08:00,
Coffee on Campus,COFFEE ON CAMPUS,https://www.coffeeoncampus.com.au,Dining Out,2026-07-07T20:02:54+08:00,
Mater News Central,MATER NEWS CENTRAL,https://www.mater.org.au/,Information,2026-07-07T20:02:54+08:00,
HJ's Geraldton South,HJs Geraldton South | HJ's Geraldton South,https://www.hjs.com.au,Dining Out,2026-07-07T20:02:54+08:00,
Nando's,Nando's Roxburgh Par | NANDOS NORTH HOBART | Nando's,https://www.nandos.com.au/,Dining Out,2026-07-07T20:01:54+08:00,
South Nowra Car Wash,South Nowra Car Wash,https://maps.google.com/?q=South+Nowra+Car+Wash,Automotive,2026-07-07T20:01:54+08:00,
Biggera Food Xpress,BIGGERA FOOD XPRESS,https://www.biggeafoodxpress.com.au,Dining Out,2026-07-07T20:01:54+08:00,
Market Fresh Meats,MARKET FRESH MEATS,https://www.marketfreshmeats.com.au,Groceries,2026-07-07T20:01:54+08:00,
Ben & Jerry's,BEN AND JERRYS | Ben N Jerrys | Ben & Jerry's,https://www.benjerry.com,Dining Out,2026-07-07T20:01:54+08:00,
Torres Strait Hotel,Torres Strait Hotel,https://www.torresstraithotel.com.au,Travel,2026-07-07T20:01:54+08:00,
Dollars & Sense,DOLLARS & SENSE,https://www.dollarsandsense.com.au,Retail,2026-07-07T20:01:54+08:00,
OTR Knuckey Lagoon,OTR KNUCKEY LAGOON,https://www.otr.com.au,Automotive,2026-07-07T20:01:54+08:00,
Machans Beach Store,MACHANS BEACH STORE,https://www.google.com/maps/search/Machans+Beach+Store,Retail,2026-07-07T20:01:54+08:00,
Rooty Hill Bakehouse,ROOTY HILL BAKEHOUSE,https://www.google.com/maps/search/Rooty+Hill+Bakehouse,Dining Out,2026-07-07T20:01:54+08:00,
Julie St Seafood,JULIE ST SEAFOOD,https://www.juliestseafood.com.au,Groceries,2026-07-07T20:01:54+08:00,
Bottlemart Melton South,BOTTLEMART- MELTON S | Bottlemart Melton South,https://www.bottlemart.com.au,Retail,2026-07-07T20:01:54+08:00,
Riverside Golf Club,Riverside Golf Club,https://www.riversidegolfclub.com.au,Entertainment,2026-07-07T20:01:54+08:00,
Ruby Chews Burgers,Ruby Chews Burgers,https://www.rubychewsburgers.com.au,Dining Out,2026-07-07T20:00:56+08:00,
The Lost Sock Laundry,The Lost Sock Laundr | The Lost Sock Laundry,https://thelostsocklaundry.com.au,Retail,2026-07-07T20:00:56+08:00,
Lucky Star Tavern,LUCKY STAR TAVERN,https://www.luckystartavern.com.au,Dining Out,2026-07-07T20:00:56+08:00,
Broken Hill Hotel,BROKEN HILL HOTEL,https://www.brokenhillhotel.com.au,Travel,2026-07-07T20:00:56+08:00,
In The Wash Laundromat,IN THE WASH LAUNDROM | In The Wash Laundromat,https://maps.google.com/?q=In+The+Wash+Laundromat+Raymond+Terrace+NSW,Retail,2026-07-07T20:00:56+08:00,
Boost Juice,Boost Melb Airport | BOOST JUICE HARBOUR | Boost Marion Ground | Boostjuice | BOOSTBLACKBURNSQUARE | Boost Juice,https://www.boostjuice.com.au,Dining Out,2026-07-07T20:00:56+08:00,
Jax Tyres,Jax Tyres,https://www.jaxtyres.com.au,Automotive,2026-07-07T20:00:56+08:00,
Best Friends Foods,BEST FRIENDS FOODS,https://www.bestfriendsfoods.com.au,Dining Out,2026-07-07T20:00:56+08:00,
Aum Shri Ganeshay,AUM SHRI GANESHAY,https://www.google.com/maps/search/Aum+Shri+Ganeshay+Woolloongabba,Dining Out,2026-07-07T20:00:56+08:00,2026-07-13T21:16:31+08:00
Blackbutt Golf Club,Blackbutt Golf Club,https://www.blackbuttgolfclub.com.au,Entertainment,2026-07-07T20:00:56+08:00,
Hip Pocket Workwear,HIP POCKET WORKWEAR,https://hippocketworkwear.com.au,Retail,2026-07-07T20:00:56+08:00,
Kooringal Pharmacy,KOORINGAL PHARMACY,https://www.kooringalpharmacy.com.au,Health,2026-07-07T20:00:56+08:00,
SIV S Seafood Restaurant,SIV S SEAFOOD RESTAU | SIV S Seafood Restaurant,https://www.google.com/maps/search/SIV+S+Seafood+Restaurant+Mount+Pleasant,Dining Out,2026-07-07T19:59:58+08:00,
Warilla Sports Club,WARILLA SPORTS CLUB,https://www.warillasportsclub.com.au,Entertainment,2026-07-07T19:59:58+08:00,
Big Fields Fresh,BIG FIELDS FRESH,https://www.bigfieldsfresh.com.au,Groceries,2026-07-07T19:59:58+08:00,
Love Italy,LOVE ITALY,https://www.loveitaly.com.au,Dining Out,2026-07-07T19:59:58+08:00,
OTR Christies Beach,OTR Christies Beach,https://www.otr.com.au,Automotive,2026-07-07T19:59:58+08:00,
One Stop Variety,ONE STOP VARIETY,https://www.onestopvariety.com.au,Department Stores,2026-07-07T19:59:58+08:00,
Exeter Fish and Chip,EXETER FISH AND CHIP,https://www.google.com/maps/search/Exeter+Fish+and+Chip+Croydon+North,Dining Out,2026-07-07T19:59:58+08:00,
Munno Para Car Wash,Munno Para Car Wash,https://www.munnoparacarwash.com.au,Automotive,2026-07-07T19:59:04+08:00,
T and E Asian Grocery,T And E Asian Grocery,https://www.google.com/maps/search/T+and+E+Asian+Grocery+Fyshwick,Groceries,2026-07-07T19:59:04+08:00,
Repco,Repco,https://www.repco.com.au,Automotive,2026-07-07T19:59:04+08:00,
Subaru Sushi and Noodle,Subaru Sushi And Noo | Subaru Sushi and Noodle,https://www.google.com/maps/search/Subaru+Sushi+Mount+Barker,Dining Out,2026-07-07T19:59:04+08:00,
Baker's Way Pty Ltd,Baker S Way Pty Ltd,https://www.bakersway.com.au,Dining Out,2026-07-07T19:59:04+08:00,
Lalor Park Pizza & Ba,Lalor Park Pizza & Ba,https://www.google.com/maps/search/Lalor+Park+Pizza+%26+Ba,Dining Out,2026-07-07T19:59:04+08:00,
Noosa Golf Club,Noosa Golf Club,https://www.noosagolfclub.com.au,Entertainment,2026-07-07T19:59:04+08:00,
Mr Gelato By Matteo C,Mr Gelato By Matteo C,https://www.mrgelato.com.au,Dining Out,2026-07-07T19:59:04+08:00,
Chemist DC,Chemist Dc,https://www.chemistdc.com.au,Health,2026-07-07T19:59:04+08:00,
United Cinemas Coffs Harbour,United Coffs Hbr Cen | United Cinemas Coffs Harbour,https://www.unitedcinemas.com.au/coffs-harbour,Automotive,2026-07-07T19:59:04+08:00,
Retailors Ops Pty Ltd,Retailors Ops Pty Ltd,https://www.retailors.com.au,Retail,2026-07-07T19:59:04+08:00,
Cafe De La Fontaine,Cafe De La Fontaine,https://www.cafedelafontaine.com.au,Dining Out,2026-07-07T19:59:04+08:00,
Golden Touch Hair,Golden Touch Hair,https://www.goldentouchhair.com.au,Personal Care,2026-07-07T19:59:04+08:00,
7 Day Amcal Palm Beach,7 Day Amcal Palm Beach,https://www.amcal.com.au/,Health,2026-07-07T19:59:04+08:00,
Manoora Street Deli,MANOORA STREET DELI,https://www.google.com/maps/search/Manoora+Street+Deli+Greenacres,Groceries,2026-07-07T19:59:04+08:00,
Retail Prodigy,RETAIL PRODIGY OPS | Retail Prodigy,https://www.retailprodigy.com.au,Retail,2026-07-07T19:59:04+08:00,
Pendle Ham & Bacon,Pendle Ham & Bacon,https://www.google.com/maps/search/Pendle+Ham+%26+Bacon+Pendle+Hill,Groceries,2026-07-07T19:58:06+08:00,
Sandown Park Hotel,Sandown Park Htl | Sandown Park Hotel,https://www.sandownparkhotel.com.au,Travel,2026-07-07T19:58:06+08:00,
Genius Phone Repairs,Genius Phone Rep P L | Genius Phone Repairs,https://www.geniusphonerepairs.com.au,Telecommunications,2026-07-07T19:58:06+08:00,
Bentone Liquor,Bentone Liquor,https://www.bentoneliquor.com.au,Retail,2026-07-07T19:58:06+08:00,
The Happy Corner Shop,The Happy Corner Shop,https://www.google.com/maps/search/The+Happy+Corner+Shop+Mandurah,Retail,2026-07-07T19:58:06+08:00,
Farmer Joe's Barn,Farmer Joe's Barn,https://www.farmerjoesbarn.com.au,Groceries,2026-07-07T19:58:06+08:00,
Fz Dollar Mart,Fz Dollar Mart,https://www.fzdollarmart.com,Groceries,2026-07-07T19:58:06+08:00,
Kubo's Bar and Grill,Kubo's Bar And Grill,https://www.kubosbarandgrill.com.au,Dining Out,2026-07-07T19:58:06+08:00,
Port Elliot Bakery,Port Elliot Bakery,https://www.portelliotbakery.com.au,Dining Out,2026-07-07T19:58:06+08:00,
City Mart,City Mart,https://www.citymart.com.au,Groceries,2026-07-07T19:58:06+08:00,
Avoca Hotel,Avoca Hotel,https://www.avocahotel.com.au,Travel,2026-07-07T19:58:06+08:00,
Wassail Wine Cafe,Wassail Wine Cafe,https://www.wassailwinecafe.com.au,Dining Out,2026-07-07T19:58:06+08:00,
Pasta Pantry,Pasta Pantry,https://pastapantry.com.au,Dining Out,2026-07-07T19:58:06+08:00,
Flamed & Grilled,Flamed&Grlld | Flamed & Grilled,https://www.flamedandgrilled.com.au,Dining Out,2026-07-07T19:58:06+08:00,
Vending Is Us Pty Ltd,Vending Is Us Pty Ltd,https://www.vendingisus.com.au,Retail,2026-07-07T19:58:06+08:00,
Lisles Quality Cakes,Lisles Quality Cakes,https://www.lislesqualitycakes.com.au,Dining Out,2026-07-07T19:57:10+08:00,
Al Hujja Supermarket,Al Hujja Supermarket,https://www.google.com/maps/search/?api=1&query=Al+Hujja+Supermarket,Groceries,2026-07-07T19:57:10+08:00,
IGA North Mackay,IGA NORTH MACKAY,https://www.iga.com.au,Groceries,2026-07-07T19:57:10+08:00,
The Chicken & Salad Shop,THE CHICKEN & SALAD SP | The Chicken & Salad Shop,https://www.thechickenandsaladshop.com.au,Dining Out,2026-07-07T19:57:10+08:00,
YMCA Casey Indoor,YMCA CP CASEY INDOOR | YMCA Casey Indoor,https://www.ymca.org.au/locations/casey-indoor,Gyms and other memberships,2026-07-07T19:57:10+08:00,
M and E Convenience,M AND E CONVENIENCE,https://www.google.com/maps/search/?api=1&query=M+and+E+Convenience+Rockingham,Groceries,2026-07-07T19:57:10+08:00,
Uber,UBR* PENDING.UBER.COM | Uber,https://www.uber.com,Transport,2026-07-07T19:57:10+08:00,
Humpty Doo Hotel Motel,HUMPTY DOO HOTEL MOTEL,https://www.humptydoohotel.com.au,Travel,2026-07-07T19:57:10+08:00,
JD's Pies and Tacos,JDs Pies and Tacos | JD's Pies and Tacos,https://www.jdspiesandtacos.com,Dining Out,2026-07-07T19:57:10+08:00,
St Marys B Qlt Meats,St Marys B Qlt Meats,https://www.google.com/maps/search/?api=1&query=St+Marys+B+Qlt+Meats+Kingswood,Groceries,2026-07-07T19:57:10+08:00,
Wagga RSL Club,Wagga Rsl Club,https://www.waggarsl.com.au,Entertainment,2026-07-07T19:57:10+08:00,
Taste & See Cafe,Taste & See Cafe,https://www.tasteandseecafe.com,Dining Out,2026-07-07T19:57:10+08:00,
City Star Tobacco,City Star Tobacco,https://www.citystartobacco.com.au,Retail,2026-07-07T19:57:10+08:00,
The Smoothie Co.,The Smoothie Co.,https://www.thesmoothieco.com.au,Dining Out,2026-07-07T19:57:10+08:00,
Feel Good Food,Feel Good Food,https://www.feelgoodfood.com.au,Dining Out,2026-07-07T19:57:10+08:00,
Gundy Guns & Outdoor,GUNDY GUNS & OUTDOOR,https://www.gundyguns.com.au,Retail,2026-07-07T19:56:15+08:00,
Aruns Medical Service,ARUNS MEDICAL SERVIC | Aruns Medical Service,https://www.arunsmedicalservice.com.au,Health,2026-07-07T19:56:15+08:00,
Yaraville Liquors,YARAVILLE LIQUORS,https://www.yaravilleliquors.com.au,Retail,2026-07-07T19:56:15+08:00,
Heights Newsagency,HEIGHTS NEWSAGENCY,https://www.google.com/maps/search/Heights+Newsagency,Information,2026-07-07T19:56:15+08:00,
Burson Automotive,BURSON AUTOMOTIVE,https://www.burson.com.au,Automotive,2026-07-07T19:56:15+08:00,
Foodworks Woodridge,FOODWORKS WOODRIDGE,https://www.foodworks.com.au/,Groceries,2026-07-07T19:56:15+08:00,
Refuel Australia,REFUEL AUSTRALIA-SWAMOUNT MAGNET | Refuel Australia,https://www.refuelaustralia.com.au,Automotive,2026-07-07T19:56:15+08:00,
Rathmines Takeaway,RATHMINES TAKEAWAY,https://www.google.com/maps/search/Rathmines+Takeaway,Dining Out,2026-07-07T19:55:18+08:00,
Flipout Marsden Park,FLIPOUT MARSDEN PARK,https://flipout.com.au/locations/marsden-park/,Entertainment,2026-07-07T19:55:18+08:00,
Benleigh Vending Systems,Benleigh Vending Sys | Benleigh Vending Syste | Benleigh Vending Systems,https://www.benleighvending.com.au,Retail,2026-07-07T19:55:18+08:00,
United Hoppers,UNITED HOPPERS,https://www.unitedhoppers.com.au,Automotive,2026-07-07T19:55:18+08:00,
Scorptec Computers,SCORPTEC COMPUTERS,https://www.scorptec.com.au,Retail,2026-07-07T19:55:18+08:00,
West Kempsey General Store,WEST KEMPSEY GENERAL | West Kempsey General Store,https://maps.google.com/?q=West+Kempsey+General+Store,Groceries,2026-07-07T19:55:18+08:00,
Monelis Vending,MONELIS VENDING,https://www.monelisvending.com.au,Retail,2026-07-07T19:55:18+08:00,
United Bentleigh,UNITED BENTLEIGH,https://www.unitedbentleigh.com.au,Automotive,2026-07-07T19:55:18+08:00,
Grand Boulevard Lotteries,GRAND BLVD LOTTERIES | Grand Boulevard Lotteries,https://www.grandboulevard.com.au/,Gambling,2026-07-07T19:55:18+08:00,
Cheesecake Kwinana,Cheesecake Kwinana,https://www.cheesecakekwinana.com.au,Dining Out,2026-07-07T19:55:18+08:00,
Bellmere Friendly Grocer,BELLMERE FRIENDLY GR | Bellmere Friendly Grocer,https://www.google.com/maps/search/Bellmere+Friendly+Grocer,Groceries,2026-07-07T19:54:21+08:00,
Boyne Island Cellars,Boyne Island Cellars,https://www.boyneislandcellars.com.au,Retail,2026-07-07T19:54:21+08:00,
Blacktown Waste Services,BLACKTOWN WASTE SERV | Blacktown Waste Services,https://www.blacktown.nsw.gov.au/Services/Waste-and-recycling,Utilities,2026-07-07T19:54:21+08:00,
Wattle Grove Medical,Wattle Grove Medical,https://www.wattlegrovemedical.com.au,Health,2026-07-07T19:54:21+08:00,
Ritchies Stores,RITCHIES NAMBUCCA | RITCHIES SPIT JUNCTI | RITCHIES PORT MACQUA | Ritchies Stores,https://www.ritchies.com.au,Groceries,2026-07-07T19:54:21+08:00,
Corner Bite Takeaway,CORNER BITE TAKEAWAY,https://www.google.com/maps/search/Corner+Bite+Takeaway+Lenah+Valley,Dining Out,2026-07-07T19:54:21+08:00,
Sambih Fresh Produce,SAMBIH FRESH PRODUCE,https://www.google.com/maps/search/Sambih+Fresh+Produce+Blacktown,Groceries,2026-07-07T19:54:21+08:00,
Caltex Peregian Beach,CALTEX PEREGIAN BEAC | Caltex Peregian Beach,https://www.caltex.com.au,Automotive,2026-07-07T19:53:26+08:00,
Pops Tobacconist,Pops Tobacconist,https://www.google.com/maps/search/Pops+Tobacconist+West+Kempsey,Retail,2026-07-07T19:53:26+08:00,
Rhapsody Beachside,Rhapsody Beachside,https://www.rhapsodybeachside.com.au,Travel,2026-07-07T19:53:26+08:00,
Dumpling Plus,Dumpling Plus,https://www.dumplingplus.com.au,Dining Out,2026-07-07T19:53:26+08:00,
VIC Inn Williamstown,VIC INN WILLIAMSTWN | VIC Inn Williamstown,https://maps.google.com/?q=VIC+Inn+Williamstown,Travel,2026-07-07T19:53:26+08:00,
Choice Sushi Marsden,CHOICE SUSHI MARSDEN,https://www.google.com/maps/search/Choice+Sushi+Marsden,Dining Out,2026-07-07T19:53:26+08:00,
United Cinemas,UNITED OLD NOARLUNGA | United Cinemas,https://www.unitedcinemas.com.au,Automotive,2026-07-07T19:53:26+08:00,
Mama Africa Nightclub,Mama Africa Nightclu | Mama Africa Nightclub,https://www.mamaafrica.com.au,Entertainment,2026-07-07T19:53:26+08:00,
United Chemists,United Chemists,https://www.unitedchemists.com.au,Health,2026-07-07T19:53:26+08:00,
Invermay Newsagency,INVERMAY NEWSAGENCY,https://maps.google.com/?q=Invermay+Newsagency,Information,2026-07-07T19:53:26+08:00,
Super Bargain,SUPER BARGAIN,https://www.superbargain.com.au,Department Stores,2026-07-07T19:53:26+08:00,
United Dandenong Cen,UNITED DANDENONG CEN,https://www.uniteddandenongcen.com.au,Automotive,2026-07-07T19:52:28+08:00,
Puma Energy,PUMA ENERGY,https://www.pumaenergy.com.au,Automotive,2026-07-07T19:52:28+08:00,
PappaRich,PappaRich Cockburn | PappaRich,https://www.papparich.net.au/,Dining Out,2026-07-07T19:52:28+08:00,
Vending Solutions,Vending Solutions,https://www.vendingsolutions.com.au,Retail,2026-07-07T19:52:28+08:00,
Ooshie Bakehouse,OOSHIE BAKEHOUSE,https://www.ooshiebakehouse.com.au,Dining Out,2026-07-07T19:52:28+08:00,
Inglewood Chemist,INGLEWOOD CHEMIST,https://www.inglewoodchemist.com.au,Health,2026-07-07T19:52:28+08:00,
JD Sports Fashion,JD SPORTS FASHION,https://www.jdsports.com.au,Entertainment,2026-07-07T19:52:28+08:00,
Shiploads Retail,SHIPLOADS RETAIL PTY | SHIPLOADS RETAIL,https://www.shiploads.com.au,Retail,2026-07-07T19:52:28+08:00,
Dunnings Roadhouse,DUNNINGS ROADHOUSE,https://www.dunningsroadhouse.com.au,Automotive,2026-07-07T19:52:28+08:00,
Piefection Bakery,PIEFECTION BAKERY,https://www.piefection.com.au,Dining Out,2026-07-07T19:52:28+08:00,
LS Cotton Tree Beach,LS Cotton Tree Beach,https://www.lscottontreebeach.com.au,Travel,2026-07-07T19:51:32+08:00,
Haynes Good Newsagency,HAYNES GOOD NEWSAGEN | Haynes Good Newsagency,https://www.google.com/maps/search/?api=1&query=Haynes+Good+Newsagency+Brookdale+WA,Information,2026-07-07T19:51:32+08:00,
Gunnedah Laundry Service,GUNNEDAH LAUNDRY SER | Gunnedah Laundry Service,https://www.google.com/maps/search/?api=1&query=Gunnedah+Laundry+Service+Gunnedah+NSW,Retail,2026-07-07T19:51:32+08:00,
Astron Pearcedale,ASTRON PEARCEDALE,https://www.astron.com.au,Automotive,2026-07-07T19:51:32+08:00,
SPAR Express Coominya,SPAR EXPRESS COOMINY | SPAR Express Coominya,https://www.spar.co.za/,Groceries,2026-07-07T19:51:32+08:00,
Bucks Butcher Shop,BUCKS BUTCHER SHOP,https://www.bucksbutchershop.com.au,Groceries,2026-07-07T19:51:32+08:00,
Moffat Beach Medical,Moffat Beach Medical,https://www.moffatbeachmedical.com.au,Health,2026-07-07T19:51:32+08:00,
Hibiscus Sandwich Bar,HIBISCUS SANDWICH | Hibiscus Sandwich Bar,https://www.hibiscussandwichbar.com.au,Dining Out,2026-07-07T19:51:32+08:00,
Altona North Medical,Altona North Medical,https://maps.google.com/?q=Altona+North+Medical,Health,2026-07-07T19:50:33+08:00,
Wareemba Newsagency,WAREEMBA NEWSAGENCY,https://www.google.com/maps/search/Wareemba+Newsagency,Information,2026-07-07T19:50:33+08:00,
Mt Morgan Newsagency,Mt Morgan Newsagency,https://www.facebook.com/MtMorganNewsagency/,Information,2026-07-07T19:50:33+08:00,
Rashays Casual Dining,RASHAYS CASUAL DININ | Rashays Casual Dining,https://www.rashays.com/,Dining Out,2026-07-07T19:50:33+08:00,
Friendly Grocer Jindabyne,FRIENDLY GROCER JINDJINDABYNE | Friendly Grocer Jindabyne,https://www.friendlygrocer.com.au/,Groceries,2026-07-07T19:50:33+08:00,
Diamond Creek Tavern,DIAMOND CREEK TAVERN,https://www.diamondcreektavern.com.au,Dining Out,2026-07-07T19:50:33+08:00,
Doomadgee Roadhouse,DOOMADGEE ROADHOUSE,https://www.doomadgeeroadhouse.com.au,Automotive,2026-07-07T19:50:33+08:00,
Karcher Cleanpark,KARCHER CLEANPARK,https://www.karcher.com/au/professional/cleaning-systems/cleanpark.html,Retail,2026-07-07T19:50:33+08:00,
Dumpling Guys,Dumpling Guys,https://www.dumplingguys.com.au,Dining Out,2026-07-07T19:50:33+08:00,
Direct Automotive,DIRECT AUTOMOTIVE,https://www.directautomotive.com.au,Automotive,2026-07-07T19:50:33+08:00,
Automotive Brands,AUTOMOTIVE BRANDS,https://www.automotivebrands.com.au,Automotive,2026-07-07T19:50:33+08:00,
Gippsland Vending,Gippsland Vending,https://www.gippslandvending.com.au,Retail,2026-07-07T19:49:36+08:00,
Joondalup Lottery Centre,JOONDALUP LOTTERY CT | Joondalup Lottery Centre,https://www.joondalup-lottery-centre.com.au,Gambling,2026-07-07T19:49:36+08:00,
ZiNG,ZiNG Sunshine Pla | ZiNG | ZING AND CO PTY LTD | Zing And,https://www.zing.com.au,Retail,2026-07-10T09:45:51+08:00,
Melton Station Lotto,Melton Station Lotto,https://www.meltonstationlotto.com.au,Gambling,2026-07-07T19:49:36+08:00,
Choice Country Store,CHOICE COUNTRY STORE,https://www.choicecountrystore.com.au,Retail,2026-07-07T19:49:36+08:00,
Total Tools,TOTAL TOOLS,https://www.totaltools.com.au,Home Improvement,2026-07-07T19:48:37+08:00,
Prouds the Jewellers,PROUDS SETTLEMENT | Prouds the Jewellers,https://www.prouds.com.au,Retail,2026-07-07T19:48:37+08:00,
Beefy's,BEEFYS MORAYFIELD | Beefy's,https://www.beefys.com.au,Dining Out,2026-07-07T19:48:37+08:00,
Postmart Plus Convenience,POSTMART PLUS CONVEN | Postmart Plus Convenience,https://www.postmart.com.au,Groceries,2026-07-07T19:48:37+08:00,
Boronia Bakehouse,Boronia Bakehouse,https://www.boroniabakehouse.com.au,Dining Out,2026-07-07T19:48:37+08:00,
Caltex South Hedland,CALTEX SOUTH HEDLAND,https://www.caltex.com.au,Automotive,2026-07-07T19:48:37+08:00,
Snowman Group Pty Ltd,SNOWMAN GROUP PTY LT | Snowman Group Pty Ltd,https://www.snowmangroup.com.au,Home Improvement,2026-07-07T19:47:42+08:00,
Foodworks South Windsor,FOODWORKS SOUTH WINDSO | Foodworks South Windsor,https://www.foodworks.com.au/,Groceries,2026-07-07T19:47:42+08:00,
JB Hi-Fi,JB HI FI,https://www.jbhifi.com.au,Retail,2026-07-07T19:47:42+08:00,
Ramsay Pharmacy,RAMSAY PHARMACY,https://www.ramsaypharmacy.com.au/,Health,2026-07-07T19:47:42+08:00,
Serca Supermarkets,SERCA SUPERMARKETS,https://www.serca.com.au,Groceries,2026-07-07T19:47:42+08:00,
Southcity Pharmacy Glenfield,Southcity Pharmacy Glenfield,https://www.southcitypharmacy.com.au,Health,2026-07-07T19:47:42+08:00,
Rovers Football Club,ROVERS FOOTBALL CLUB,https://www.roversfc.com.au,Entertainment,2026-07-07T19:47:42+08:00,
Alexandra Hills Hotel,ALEXANDRA HILLS HOTE | Alexandra Hills Hotel,https://www.alexandrahillshotel.com.au,Travel,2026-07-07T19:47:42+08:00,
Burketown Caravan Park,BURKETOWN CARAVAN PA | Burketown Caravan Park,https://www.burketowncaravanpark.com.au,Travel,2026-07-07T19:46:49+08:00,
Illawarra Fly Treetop Adventures,Illawara Fly Treetop | Illawarra Fly Treetop Adventures,https://www.illawarrafly.com/,Entertainment,2026-07-07T19:46:49+08:00,
Pacific Haven Bakery,Pacific Haven Bakery,https://www.pacifichavenbakery.com.au,Dining Out,2026-07-07T19:46:49+08:00,
APCO,APCO HOPPERS CROSSIN | Apco Cranbourne West | APCO,https://www.apco.com.au,Automotive,2026-07-07T19:46:49+08:00,
Hartley's Crocodile Adventures,HARTLEYS CROC ADVENT | Hartley's Crocodile Adventures,https://www.hartleyscrocodileadventures.com.au,Entertainment,2026-07-07T19:46:49+08:00,
Alleyway Kitchen,ALLEYWAY KITCHEN,https://www.alleywaykitchen.com.au,Dining Out,2026-07-07T19:46:49+08:00,
Algester Vet Surgery,ALGESTER VET SURGERY,https://www.algestervetsurgery.com.au,Pet Care,2026-07-07T19:46:49+08:00,
Henry's Harvest,HENRYS HARVEST | Henry's Harvest,https://henrysharvest.com.au,Groceries,2026-07-07T19:46:49+08:00,
Mieplace Nightclub,MIEPLACE NIGHTCLUB,https://www.mieplace.com.au,Entertainment,2026-07-07T19:45:56+08:00,
Madhouse Earlville,MADHOUSE EARLVILLE,https://www.madhouse.com.au,Retail,2026-07-07T19:45:56+08:00,
Fantasea Aquarium,FANTASEA AQUARIUM,https://www.fantaseaaquarium.com.au,Pet Care,2026-07-07T19:45:56+08:00,
United,UNITED FRANKSTON STH | United Carrum Downs | United | UNITED AND CO PTY LTD | United And,https://www.unitedpetroleum.com.au/,Automotive,2026-07-10T09:25:36+08:00,
Schnitz,SCHNITZ FOUNTAIN GAT | SCHNITZ,https://schnitz.com.au,Dining Out,2026-07-07T19:45:56+08:00,
Priceline,PRICELINE BELCONNEN | PRICELINE WENDOUREE | PRICELINE COLONNADES | Priceline Parramatta | Priceline,https://www.priceline.com.au/,Health,2026-07-07T19:45:56+08:00,
Bomaderry Bakehouse,BOMADERRY BAKEHOUSE,https://www.bomaderrybakehouse.com.au,Dining Out,2026-07-07T19:45:56+08:00,
Landsdale Compounding Pharmacy,LANDSDALE COMP PHARM | Landsdale Compounding Pharmacy,https://www.landsdalecompoundingpharmacy.com.au,Health,2026-07-07T19:45:56+08:00,
Ezycharge Australia,Ezycharge Australia,https://www.ezycharge.com.au,Automotive,2026-07-07T19:45:56+08:00,
Town Tobacconist,TOWN TOBACCONIST,https://www.towntobacconist.com.au,Retail,2026-07-07T19:45:56+08:00,
Port Douglas Carwash,Port Douglas Carwash,https://www.portdouglascarwash.com.au,Automotive,2026-07-07T19:45:56+08:00,
Dynamic Billiards,DYNAMIC BILLIARDS,https://dynamicbilliards.com.au,Entertainment,2026-07-07T19:45:56+08:00,
United Adelaide,UNITED ADELAIDE,https://www.unitedadelaide.com.au,Automotive,2026-07-07T19:45:56+08:00,
APCO Cranbourne West,APCO CRANBOURNE WEST,https://www.apco.com.au,Automotive,2026-07-07T19:45:01+08:00,
Westside Laundromat,Westside Laundromat,https://www.westsidelaundromat.com.au,Retail,2026-07-07T19:45:01+08:00,
Ultrasound for Women,ULTRASOUND FOR WOMEN,https://www.ultrasoundforwomen.com.au,Health,2026-07-07T19:45:01+08:00,
Universal Hotels,UNIVERSAL HOTELS,https://www.universalhotels.com.au,Travel,2026-07-07T19:45:01+08:00,
Sushi Acacia,SUSHI ACACIA,https://www.google.com/maps/search/Sushi+Acacia+Acacia+Ridge,Dining Out,2026-07-07T19:45:01+08:00,
Ferntree Gully Hotel,FERNTREE GULLY HOTEL,https://www.ferntreegullyhotel.com.au,Travel,2026-07-07T19:45:01+08:00,
Zarraffas Coffee,ZARRAFFAS COFFEE,https://www.zarraffas.com,Dining Out,2026-07-07T19:45:01+08:00,
Morayfield Cellars,Morayfield Cellars,https://www.morayfieldcellars.com.au,Retail,2026-07-07T19:45:01+08:00,
Priceline Pharmacy,PRICELINE CAROUSEL CANNINGTON | PRICELINE PORT MACQ | Priceline Pharmacy,https://www.priceline.com.au/,Health,2026-07-07T19:45:01+08:00,
Ronald McDonald House,RONALD MCDONALD HOUS | Ronald McDonald House,https://www.rmhc.org.au,Donations,2026-07-07T19:45:01+08:00,
Leaf Cafe,LEAF CAFE,https://www.leafcafe.com.au,Dining Out,2026-07-07T19:44:05+08:00,
Strike Australia,STRIKE AUSTRALIA PTY | Strike Australia,https://www.strikeaustralia.com.au,Entertainment,2026-07-07T19:44:05+08:00,
Automotive Brands Group,AUTOMOTIVE BRANDS | Automotive Brands Gr | Automotive Brands Group,https://www.automotivebrands.com.au,Automotive,2026-07-07T19:44:05+08:00,
Port Kennedy Pharmacy,PORT KENNEDY PHARMAC | Port Kennedy Pharmacy,https://maps.google.com/?q=Port+Kennedy+Pharmacy,Health,2026-07-07T19:44:05+08:00,
Chemist Discount Centre,CHEMIST DISCOUNT CEN | CHEMIST DISCOUNT CNR | CHEMIST DISCOUNT CENTR | Chemist Discount Centre,https://www.chemistdiscountcentre.com.au,Health,2026-07-07T19:44:05+08:00,
Yarraville News & Tobacco,YARRAVILLE NEWS & TS | Yarraville News & Tobacco,https://www.yarravillenews.com.au,Retail,2026-07-07T19:44:05+08:00,
Bevvies Bottleshops,BEVVIES BOTTLESHOPS,https://bevvies.com.au,Retail,2026-07-07T19:44:05+08:00,
Cignall,Cignall Batemans Bay | Cignall,https://www.cignall.com.au,Retail,2026-07-07T19:43:08+08:00,
Compass Cannington,COMPASS CANNINGTON,https://www.compassgroup.com.au,Dining Out,2026-07-07T19:43:08+08:00,
Foodworks Laverton,Foodworld Laverton | Foodworks Laverton,https://www.foodworks.com.au/,Groceries,2026-07-07T19:43:08+08:00,
Nick's Fishmarket,NICKS FISHMARKET | Nick's Fishmarket,https://nicksfishmarket.com.au,Groceries,2026-07-07T19:43:08+08:00,
The Body Shop,THE BODY SHOP,https://www.thebodyshop.com,Retail,2026-07-07T19:43:08+08:00,
Koondoola Plaza Deli,KOONDOOLA PLAZA DELI,https://www.google.com/maps/search/Koondoola+Plaza+Deli,Groceries,2026-07-07T19:43:08+08:00,
Green Life Dispensary,GREEN LIFE DISPENSAR | Green Life Dispensary,https://www.greenlifedispensary.com,Health,2026-07-07T19:43:08+08:00,
Chung Kin Restaurant,CHUNG KIN RESTAURANT,https://www.google.com/maps/search/Chung+Kin+Restaurant+Tamworth,Dining Out,2026-07-07T19:43:08+08:00,
Orana Cinemas,ORANA CINEMAS,https://www.oranacinemas.com.au,Entertainment,2026-07-07T19:43:08+08:00,
Cloncurry Pharmacy,CLONCURRY PHARMACY,https://www.cloncurrypharmacy.com.au,Health,2026-07-07T19:43:08+08:00,
Slims Quality Burger,SLIMS QUALITY BURGER,https://www.slimsqualityburger.com.au,Dining Out,2026-07-07T19:43:08+08:00,
Kawloon Restaurant,Kawloon Restaurant,https://www.kawloonrestaurant.com.au,Dining Out,2026-07-07T19:42:12+08:00,
Lake Conjola Bowling Club,Lake Conjola Bowling | Lake Conjola Bowling Club,https://www.lakeconjolabowlingclub.com.au,Entertainment,2026-07-07T19:42:12+08:00,
Sushi Japanese Fusio,SUSHI JAPANESE FUSIO,https://www.google.com/maps/search/Sushi+Japanese+Fusio+Wattle+Grove,Dining Out,2026-07-07T19:42:12+08:00,
Barrie Neal Fuels,BARRIEKNEAL FUELS | Barrie Neal Fuels,https://www.barrieneal.com.au,Automotive,2026-07-07T19:42:12+08:00,
MuzzBuzz,MuzzBuzz,https://www.muzzbuzz.com.au,Dining Out,2026-07-07T19:42:12+08:00,
Tennis Warehouse,TENNIS WAREHOUSE,https://www.tenniswarehouse.com.au,Retail,2026-07-07T19:42:12+08:00,
AMX Superstores,AMX SUPERSTORES,https://www.amxsuperstores.com.au,Retail,2026-07-07T19:42:12+08:00,
Pacific Spice Centre,PACIFIC SPICE CENTRE,https://www.pacificspicecentre.com.au,Groceries,2026-07-07T19:42:12+08:00,
Seaforth General Store,SEAFORTH GENERAL STO | Seaforth General Store,https://www.google.com/maps/search/Seaforth+General+Store+QLD,Groceries,2026-07-07T19:42:12+08:00,
Robins Kitchen,ROBINS KITCHEN,https://www.robinskitchen.com.au,Dining Out,2026-07-07T19:42:12+08:00,
New Seasons Patisserie,NEW SEASONS PATISSER | New Seasons Patisserie,https://www.newseasonspatisserie.com.au,Dining Out,2026-07-07T19:41:16+08:00,
Dunwoody's Tavern,DUNWOODYS TAVERN | Dunwoody's Tavern,https://www.dunwoodystavern.com.au,Dining Out,2026-07-07T19:41:16+08:00,
Feisty Bean Cafe,FEISTY BEAN CAFE,https://www.feistybeancafe.com.au,Dining Out,2026-07-07T19:41:16+08:00,
The Double Barrel Bar,The Double Barrel Ba | The Double Barrel Bar,https://www.thedoublebarrelbar.com.au,Dining Out,2026-07-07T19:41:16+08:00,
Ginifer Convenience,GINIFER CONVENIENCE,https://www.google.com/maps/search/?api=1&query=Ginifer+Convenience+Saint+Albans,Groceries,2026-07-07T19:41:16+08:00,
Petbarn,PETBARN MERRYLANDS | Petbarn,https://www.petbarn.com.au,Pet Care,2026-07-07T19:40:22+08:00,
Quick Spin Laundry,Quick Spin Laundry,https://www.quickspinlaundry.com.au,Retail,2026-07-07T19:40:22+08:00,
Bottlemart Pakenham,BOTTLEMART PAKENHAM,https://www.bottlemart.com.au/,Retail,2026-07-07T19:40:22+08:00,
Albany Creek Leisure Centre,Albany Creek Leisure | Albany Creek Leisure Centre,https://www.albanycreekleisure.com.au,Gyms and other memberships,2026-07-07T19:40:22+08:00,
Thirlmere Pharmacy,THIRLMERE PHARMACY,https://maps.google.com/?q=Thirlmere+Pharmacy,Health,2026-07-07T19:40:22+08:00,
Sussex Inlet Bowling Club,Sussex Inlet Bowling | Sussex Inlet Bowling Club,https://www.sussexinletbowlingclub.com.au,Entertainment,2026-07-07T19:40:22+08:00,
Indah's Asian Market,INDAHS ASIAN MARKET | Indah's Asian Market,https://www.google.com/maps/search/Indah's+Asian+Market+Hampton+Park,Groceries,2026-07-07T19:40:22+08:00,
Wasabi Japanese Sushi,WASABI JAPANESE SUSHAvalon Beach | Wasabi Japanese Sushi,https://www.wasabijapanesesushi.com.au,Dining Out,2026-07-07T19:40:22+08:00,
Greenbank Pharmacy,GREENBANK PHARMACY,https://www.greenbankpharmacy.com.au,Health,2026-07-07T19:40:22+08:00,
Bunbury Flower Place,BUNBURY FLOWER PLACE,https://www.bunburyflowerplace.com.au,Retail,2026-07-07T19:40:22+08:00,
Mornington Butchery,MORNINGTON BUTCHERY,https://www.morningtonbutchery.com.au,Groceries,2026-07-07T19:40:22+08:00,
Automotive Car Sales,AUTOMOTIVE CAR SALES,https://www.automotivecarsales.com.au,Automotive,2026-07-07T19:40:22+08:00,
LS Railway Hotel,LS Railway Hotel,https://www.lsrailwayhotel.com.au,Travel,2026-07-07T19:40:22+08:00,
Matteo's Gourmet Pizza,Matteos Gourmet Pizz | Matteo's Gourmet Pizza,https://www.matteosgourmetpizza.com.au,Dining Out,2026-07-07T19:40:22+08:00,
Global Patisserie,Global Patisserie,https://www.globalpatisserie.com.au,Dining Out,2026-07-07T19:39:27+08:00,
AC Discount Chemist,Ac Discount Chemist,https://www.acdiscountchemist.com.au,Health,2026-07-07T19:39:27+08:00,
Narooma Hotel,Narooma Hotel,https://www.naroomahotel.com.au,Travel,2026-07-07T19:39:27+08:00,
Easter Show Fun Pass,Easter Show Fun Pass,https://www.eastershow.com.au,Entertainment,2026-07-07T19:39:27+08:00,
Golden Restaurant,Golden Restaurant,https://www.goldenrestaurant.com.au,Dining Out,2026-07-07T19:39:27+08:00,
Fountain Gate Shopping Centre,Fountain Gate Rc | Fountain Gate Shopping Centre,https://www.fountaingate.com.au,Retail,2026-07-07T19:39:27+08:00,
Wyoming Chooks Pty Ltd,Wyoming Chooks Pty Lt | Wyoming Chooks Pty Ltd,https://www.google.com/maps/search/?api=1&query=Wyoming+Chooks+Pty+Ltd,Groceries,2026-07-07T19:39:27+08:00,
Australian Fresh,Australian Fresh,https://www.australianfresh.com.au,Groceries,2026-07-07T19:39:27+08:00,
Kingsthorpe News,KINGSTHORPE NEWS,https://www.google.com/maps/search/Kingsthorpe+News,Information,2026-07-07T19:39:27+08:00,
Seabirds Takeaway,SEABIRDS TAKEAWAY,https://www.seabirdstakeaway.com.au,Dining Out,2026-07-07T19:39:27+08:00,
Eastside Takeaways,EASTSIDE TAKEAWAYS,https://www.eastsidetakeaways.com.au,Dining Out,2026-07-07T19:39:27+08:00,
Village Fountain,VILLAGE FOUNTAIN,https://www.villagefountain.com.au,Dining Out,2026-07-07T19:39:27+08:00,2026-07-13T21:17:38+08:00
United Autos NSW Pty Ltd,United Autos Nsw Pty | United Autos NSW Pty Ltd,https://www.unitedautos.com.au,Automotive,2026-07-07T19:38:33+08:00,
Limar Grocer Pty Ltd,Limar Grocer Pty Ltd,https://www.google.com/search?q=Limar+Grocer+Maroubra,Groceries,2026-07-07T19:38:33+08:00,
Fortune Cookie Noodle,Fortune Cookie Noodle,https://www.fortunecookienoodle.com.au,Dining Out,2026-07-07T19:38:33+08:00,
Kevin Betts Stadium,Kevin Betts Stadium,https://www.kevinbettsstadium.com.au,Entertainment,2026-07-07T19:38:33+08:00,
San Giorgio Ristorante,San Giorgio Ristoran | San Giorgio Ristorante,https://www.sangiorgioristorante.com.au,Dining Out,2026-07-07T19:38:33+08:00,
M and B Chickens,M And B Chickens,https://www.mandbchickens.com.au,Groceries,2026-07-07T19:38:33+08:00,
Caffe Pasta e Basta,Caffe Pasta E Basta,https://www.caffepastaebasta.com.au,Dining Out,2026-07-07T19:38:33+08:00,
Mr Bulgogi Korean Restaurant,Mr Bulgogi Korean Rest | Mr Bulgogi Korean Restaurant,https://www.mrbulgogi.com.au,Dining Out,2026-07-07T19:38:33+08:00,
Deepwater Pools & Spa,Deepwater Pools Spa,https://www.deepwaterpools.com.au,Home Improvement,2026-07-07T19:38:33+08:00,
Taren Point Hotel,Taren Point Hotel,https://www.tarenpointhotel.com.au,Travel,2026-07-07T19:38:33+08:00,
Bravo Barbers,Bravo Barbers,https://www.bravobarbers.com.au,Personal Care,2026-07-07T19:38:33+08:00,
QBD The Bookshop,Qbd The Bookshop,https://www.qbd.com.au,Information,2026-07-07T19:38:33+08:00,
The Choo Cafe,The Choo Cafe,https://www.thechoocafe.com.au,Dining Out,2026-07-07T19:38:33+08:00,
East Gosford IGA,East Gosford Iga,https://www.iga.com.au/,Groceries,2026-07-07T19:38:33+08:00,
Kelly Beauty Care,Kelly Beauty Care,https://www.kellybeautycare.com.au,Personal Care,2026-07-07T19:38:33+08:00,
Charlesworth Nuts,Charlesworth Nuts,https://www.charlesworthnuts.com.au,Groceries,2026-07-07T19:37:38+08:00,
Got It Discount Variety,Got It Discount Vari | Got It Discount Variety,https://www.gotitdiscountvariety.com.au,Department Stores,2026-07-07T19:37:38+08:00,
Cue and Crew,Cue And Crew,https://www.cueandcrew.com.au,Entertainment,2026-07-07T19:37:38+08:00,
Goodwood Park,Goodwood Park,https://www.goodwoodpark.com.au,Travel,2026-07-07T19:37:38+08:00,
Burwood Tyre and Auto,Burwood Tyre And Auto,https://www.burwoodtyreandauto.com.au,Automotive,2026-07-07T19:37:38+08:00,
Max Bakery & Cafe,Max Bakery & Cafe,https://www.maxbakery.com.au,Dining Out,2026-07-07T19:37:38+08:00,
Big River Supermarket,Big River Supermarke | Big River Supermarket,https://www.bigriversupermarket.com.au,Groceries,2026-07-07T19:37:38+08:00,
Blu Note Espresso Bar,Blu Note Espresso Bar,https://www.blunoteespressobar.com.au,Dining Out,2026-07-07T19:37:38+08:00,
Race Track Car Wash,Race Track Car Wash,https://racetrackcarwash.com.au,Automotive,2026-07-07T19:37:38+08:00,
Burwood Store Pty Ltd,Burwood Store Pty Ltd,https://www.google.com/search?q=Burwood+Store+Pty+Ltd,Retail,2026-07-07T19:37:38+08:00,
Union Club Hotel,Union Club Hotel,https://www.unionclubhotel.com.au,Travel,2026-07-07T19:37:38+08:00,
The Chicken Shop,The Chicken Shop,https://www.thechickenshop.com.au,Dining Out,2026-07-07T19:37:38+08:00,
King Kebab House,King Kebab House,https://www.kingkebabhouse.com.au,Dining Out,2026-07-07T19:37:38+08:00,
Theos Coffee Lounge,Theos Coffee Lounge,https://www.theoscoffeelounge.com.au,Dining Out,2026-07-07T19:37:38+08:00,
The Escape Pty Ltd,The Escape Pty Ltd,https://www.theescape.com.au,Travel,2026-07-07T19:37:38+08:00,
Mount Annan Hotel,Mount Annan Hotel,https://www.mountannanhotel.com.au,Travel,2026-07-07T19:37:38+08:00,
Halfway Hotel,Halfway Hotel,https://www.halfwayhotel.com.au,Travel,2026-07-07T19:36:45+08:00,
Pancake Kitchen,Pancake Kitchen,https://www.pancakekitchen.com.au,Dining Out,2026-07-07T19:36:45+08:00,
Hu Yeah Bubble Tea,Hu Yeah Bubble Tea,https://www.google.com/maps/search/?api=1&query=Hu+Yeah+Bubble+Tea+Tamworth,Dining Out,2026-07-07T19:36:45+08:00,
Charlotte Cafe,Charlotte Cafe,https://www.charlottecafe.com.au,Dining Out,2026-07-07T19:36:45+08:00,
Breadworld Bakery,Breadworld Bakery,https://www.breadworldbakery.com.au,Dining Out,2026-07-07T19:36:45+08:00,
Tri Training Pty Ltd,Tri Training Pty Ltd,https://www.tritraining.com.au,Education,2026-07-07T19:36:45+08:00,
Modcons Gifts and Accessories,Modcons Gifts And Ac | Modcons Gifts and Accessories,https://www.modcons.com.au,Retail,2026-07-07T19:36:45+08:00,
Black Rock Cellars,Black Rock Cellars,https://www.blackrockcellars.com.au,Retail,2026-07-07T19:36:45+08:00,
Vienna Patisserie,Vienna Patisserie,https://www.viennapatisserie.com.au,Dining Out,2026-07-07T19:36:45+08:00,
Shalvay Kebab,Shalvay Kebab,https://www.google.com/maps/search/Shalvay+Kebab+Shalvey,Dining Out,2026-07-07T19:36:45+08:00,
United Freeman's Wheel,United Freemans Whl | United Freeman's Wheel,https://www.unitedfreemanswheel.com.au,Automotive,2026-07-07T19:36:45+08:00,
Krazy Bird,Krazy Bird,https://www.krazybird.com.au,Dining Out,2026-07-07T19:36:45+08:00,
Ice Cream Haven,Ice Cream Haven,https://www.icecreamhaven.com.au,Dining Out,2026-07-07T19:36:45+08:00,
Camden Valley Inn,Camden Valley Inn,https://www.camdenvalleyinn.com.au,Travel,2026-07-07T19:36:45+08:00,
Death Before Decaf,Death Before Decaf,https://deathbeforedecaf.com.au,Dining Out,2026-07-07T19:36:45+08:00,
Marci Lou's Burger,Marci Lou's Burger,https://www.marcilousburger.com,Dining Out,2026-07-07T19:36:45+08:00,
University of Queensland,University Of Que | University Of Queetaringa | University of Queensland,https://www.uq.edu.au,Education,2026-07-07T19:36:45+08:00,
Gee Whiz Ice Cream,Gee Whiz Ice Cream,https://www.geewhizicecream.com.au,Dining Out,2026-07-07T19:36:45+08:00,
Carvery And Burger Co,Carvery And Burger Co,https://www.carveryandburgerco.com.au,Dining Out,2026-07-07T19:36:45+08:00,
Cheeky Coffee Co,Cheeky Coffee Co,https://www.cheekycoffeeco.com.au,Dining Out,2026-07-07T19:36:45+08:00,
Roxburgh Park Hotel,Roxburgh Park Hotel,https://www.roxburghparkhotel.com.au,Travel,2026-07-07T19:35:52+08:00,
Joey Ice-Cream,Joey Ice-Cream,https://www.joeyicecream.com.au,Dining Out,2026-07-07T19:35:52+08:00,
Caffe Chry Beans,Caffe Chry Beans,https://www.caffechrybeans.com.au,Dining Out,2026-07-07T19:35:52+08:00,
The Hub Espresso Bar,The Hub Espresso Bar,https://www.thehubespressobar.com.au,Dining Out,2026-07-07T19:35:52+08:00,
Vinh-Thanh Hot Bread,Vinh-Thanh Hot Bread,https://www.google.com/maps/search/Vinh-Thanh+Hot+Bread+Sjannali,Dining Out,2026-07-07T19:35:52+08:00,
What's Cheap Discount,What's Cheap Discount,https://www.whatscheapdiscount.com.au,Retail,2026-07-07T19:35:52+08:00,
Glen Innes Bowling Club,Glen Innes Bowling Clu | Glen Innes Bowling Club,https://www.gleninnesbowlingclub.com.au,Entertainment,2026-07-07T19:35:52+08:00,
Zamzam Meat Pty Ltd,Zamzam Meat Pty Ltd,https://www.zamzammeat.com.au,Groceries,2026-07-07T19:35:52+08:00,
Anita's Theatre,Anita's Theatre,https://www.anitastheatre.com.au,Entertainment,2026-07-07T19:35:52+08:00,
The Flower Palace,The Flower Palace,https://www.theflowerpalace.com.au,Retail,2026-07-07T19:35:52+08:00,
Fancy Kebab Pty Ltd,Fancy Kebab Pty Ltd,https://www.fancykebab.com.au,Dining Out,2026-07-07T19:35:52+08:00,
Qudos Bank Arena,Qudos Bank Arena,https://www.qudosbankarena.com.au,Entertainment,2026-07-07T19:35:52+08:00,
James Street Cellars,James Street Cellars,https://www.jamesstreetcellars.com.au,Retail,2026-07-07T19:34:58+08:00,
Sweet Touch Spa,Sweet Touch Spa,https://www.sweettouchspa.com.au,Personal Care,2026-07-07T19:34:58+08:00,
Strath Cnr Bakery,Strath Cnr Bakery,https://www.google.com/maps/search/Strath+Cnr+Bakery+Strathalbyn,Dining Out,2026-07-07T19:34:58+08:00,
Yeppoon Golf Club,Yeppoon Golf Club,https://www.yeppoon-golf-club.com.au,Entertainment,2026-07-07T19:34:58+08:00,
Lemak Manis Cafe,Lemak Manis Cafe,https://www.google.com/maps/search/Lemak+Manis+Cafe+Guildford,Dining Out,2026-07-07T19:34:58+08:00,
PCYC Northern Beaches,Pcyc Northern Beaches,https://www.pcyc.org.au/,Gyms and other memberships,2026-07-07T19:34:58+08:00,
Goodwill SA Pty Ltd,Goodwill Sa Pty Ltd,https://www.goodwillsa.com.au,Donations,2026-07-07T19:34:58+08:00,
Tallies Hotel,Tallies Hotel,https://www.tallieshotel.com.au,Travel,2026-07-07T19:34:58+08:00,
Colyton Shisha and Tobacco,Colyton Shisha And To | Colyton Shisha and Tobacco,https://www.google.com/maps/search/Colyton+Shisha+and+Tobacco+Colyton+NSW,Retail,2026-07-07T19:34:58+08:00,
Hamilton Island Bakery,Hamilton Is Bakery | Hamilton Island Bakery,https://www.hamiltonislandbakery.com.au,Dining Out,2026-07-07T19:34:58+08:00,
Rhumbas at Crown,Rhumbas At Crown Pl | Rhumbas at Crown,https://www.crownmelbourne.com.au/restaurants/rhumbas,Dining Out,2026-07-07T19:34:58+08:00,
Greek Cakes By Eleni,Greek Cakes By Eleni,https://www.greekcakesbyeleni.com.au,Dining Out,2026-07-07T19:34:58+08:00,
Calling Booth Pty Ltd,Calling Booth Pty Ltd,https://www.callingbooth.com.au,Telecommunications,2026-07-07T19:34:58+08:00,
United Charbour Jet,United Charbour Jet,https://www.unitedcharbourjet.com,Automotive,2026-07-07T19:34:58+08:00,
Desserts Ambition,Desserts Ambition,https://www.dessertsambition.com.au,Dining Out,2026-07-07T19:34:58+08:00,
Art of Nails,Art Of Nails,https://www.artofnails.com.au,Personal Care,2026-07-07T19:34:58+08:00,
Canberra North Bowling Club,CANBERRA NORTH BOWLING | Canberra North Bowling Club,https://www.canberranorthbowlingclub.com.au,Entertainment,2026-07-07T19:34:07+08:00,
General Gordon Hotel,General Gordon Hotel,https://www.general-gordon-hotel.com.au,Travel,2026-07-07T19:34:07+08:00,
Farmhouse Bakery,FARMHOUSE BAKERY,https://www.farmhousebakery.com.au,Dining Out,2026-07-07T19:34:07+08:00,
Aussie Tyre & Mechanic,AUSSIE TYRE & MECHANI | Aussie Tyre & Mechanic,https://www.aussietyreandmechanic.com.au,Automotive,2026-07-07T19:34:07+08:00,
Wonthella Supa IGA,WONTHELLA SUPA IGA,https://www.iga.com.au,Groceries,2026-07-07T19:34:07+08:00,
Lenards,Lenards,https://www.lenards.com.au,Groceries,2026-07-07T19:34:07+08:00,
Liquor Barons,LIQUOR BARONS,https://www.liquorbarons.com.au,Retail,2026-07-07T19:34:07+08:00,
Trafalgar IGA Plus Liquor,TRAFALGAR IGA PLUS LIQ | Trafalgar IGA Plus Liquor,https://www.iga.com.au,Groceries,2026-07-07T19:34:07+08:00,
Grand View Hotel,Grand View Hotel,https://www.grandviewhotel.com.au,Travel,2026-07-07T19:34:07+08:00,
Nulla Nulla Cafe,Nulla Nulla Cafe,https://www.nullanullacafe.com.au,Dining Out,2026-07-07T19:34:07+08:00,
Cock & Bull Cairns,Cock & Bull Cairns,https://www.cockandbull.com.au,Dining Out,2026-07-07T19:34:07+08:00,
Agha Juice Pty Ltd,Agha Juice Pty Ltd,https://www.aghajuice.com.au,Dining Out,2026-07-07T19:34:07+08:00,
Woden Tobacco & Gifts,Woden Tobacco N Gifts | Woden Tobacco & Gifts,https://www.google.com/maps/search/Woden+Tobacco+%26+Gifts+Phillip+ACT,Retail,2026-07-07T19:34:07+08:00,
Yankee Candy Mart,Yankee Candy Mart,https://www.yankeecandymart.com,Groceries,2026-07-07T19:34:07+08:00,
Northgate Community & Sports Club,Northgate Com & Sprt | Northgate Community & Sports Club,https://www.northgatecommunity.com.au,Entertainment,2026-07-07T19:34:07+08:00,
Xuan Hung Hot Bread,Xuan Hung Hot Bread,https://www.google.com/maps/search/Xuan+Hung+Hot+Bread+Northmead,Dining Out,2026-07-07T19:34:07+08:00,
Second Home Cafe,Second Home Cafe,https://www.secondhomecafe.com.au,Dining Out,2026-07-07T19:34:07+08:00,
Amcal Pacific Pines,AMCAL PACIFIC PINE | Amcal Pacific Pines,https://www.amcal.com.au/,Health,2026-07-07T19:33:14+08:00,
Billabong Takeaway,BILLABONG TAKEAWAY,https://www.billabongtakeaway.com.au,Dining Out,2026-07-07T19:33:14+08:00,
Vietnamese Kitchen,VIETNAMESE KITCHEN,https://www.google.com/maps/search/Vietnamese+Kitchen+Barmera,Dining Out,2026-07-07T19:33:14+08:00,
Morphett Place Cafe,MORPHETT PLACE CAFE,https://www.google.com/maps/search/Morphett+Place+Cafe+Erskine+Park,Dining Out,2026-07-07T19:33:14+08:00,
Northside Wagga Pharmacy,NORTHSIDE WAGGA PHAR | Northside Wagga Pharmacy,https://www.northsidewagga.com.au,Health,2026-07-07T19:33:14+08:00,
The Albion Hotel,The Albion Hotel,https://www.thealbionhotel.com.au,Travel,2026-07-07T19:33:14+08:00,
OnlyFans,OnlyFans,https://onlyfans.com,Entertainment,2026-07-07T19:33:14+08:00,
Tikka Twist,Tikka Twist,https://www.tikkatwist.com.au,Dining Out,2026-07-07T19:33:14+08:00,
Doonside Cellars,DOONSIDE CELLARS,https://www.doinsidecellars.com.au,Retail,2026-07-07T19:33:14+08:00,
Christies Beach IGA,CHRISTIES BEACH IGA,https://www.iga.com.au,Groceries,2026-07-07T19:33:14+08:00,
Namaste Groceries,Namaste Groceries,https://www.namastegroceries.com.au,Groceries,2026-07-07T19:33:14+08:00,
Oriental Hotel Mudgee,ORIENTAL HOTEL MUDGEE,https://www.orientalhotelmudgee.com.au,Travel,2026-07-07T19:33:14+08:00,
Cafe Verde Pizzeria,CAFE VERDE PIZZERIA,https://www.cafeverdepizzeria.com,Dining Out,2026-07-07T19:33:14+08:00,
Foxtel Management,FOXTEL MANAGEMENT,https://www.foxtel.com.au,Subscription TV,2026-07-07T19:33:14+08:00,
Sunray Daily Pty Ltd,SUNRAY DAILY PTY LTD,https://www.google.com/search?q=Sunray+Daily+Pty+Ltd+Morningside,Information,2026-07-07T19:33:14+08:00,
Benjamin Way Dental,BENJAMIN WAY DENTAL,https://www.benjaminwaydental.com.au,Health,2026-07-07T19:33:14+08:00,
Mrs Fields,Mrs Fields Bakery Caf | Mrs Fields,https://www.mrsfields.com.au,Dining Out,2026-07-07T19:33:14+08:00,
Kempsey Macleay RSL Club,KEMPSEY MACLEAY RSL CLUB,https://www.kempseymacleayrsl.com.au,Entertainment,2026-07-07T19:33:14+08:00,
Beverly Hills Hotel,BEVERLY HILLS HOTEL,https://www.beverlyhillshotel.com,Travel,2026-07-07T19:33:14+08:00,
SCC Ulladulla Leisure Centre,SCC ULL LEISURE CENTRE | SCC Ulladulla Leisure Centre,https://www.shoalhaven.nsw.gov.au/Recreation/Sports-facilities/Leisure-centres/Ulladulla-Leisure-Centre,Gyms and other memberships,2026-07-07T19:33:14+08:00,
Burson Precision Autoglass,BURSON PRECISION AUT | Burson Precision Autoglass,https://www.burson.com.au/,Automotive,2026-07-07T19:32:20+08:00,
TerryWhite Chemmart,TERRYWHITECHEMMART | TERRYWHITE MARLIN COS1 CAMPUS SHP VILL C | TERRYWHITE CHEM | Terryw Hite Chemmart | TerryWhite Chemmart,https://www.terrywhitechemmart.com.au,Health,2026-07-07T19:32:20+08:00,
Freechoice Tobacconist,FREECHOICE TOBACCONI | Freechoice Tobacconist,https://www.freechoice.com.au,Retail,2026-07-07T19:32:20+08:00,
Scarborough Beach Pharmacy,SCARBOROUGH BEACH PH | Scarborough Beach Pharmacy,https://maps.google.com/?q=Scarborough+Beach+Pharmacy,Health,2026-07-07T19:32:20+08:00,
Platinum Laundry,PLATINUM LAUNDRY,https://www.platinumlaundry.com.au,Retail,2026-07-07T19:32:20+08:00,
Copycat Restaurant,Copycat Restauran | Copycat Restaurant,https://www.copycatrestaurant.com.au,Dining Out,2026-07-07T19:32:20+08:00,
Macedon Plaza Pharmacy,MACEDON PLAZA PHARMA | Macedon Plaza Pharmacy,https://maps.google.com/?q=Macedon+Plaza+Pharmacy+Templestowe,Health,2026-07-07T19:32:20+08:00,
Northampton IGA Plus,NORTHAMPTON IGA PLUS,https://www.iga.com.au,Groceries,2026-07-07T19:32:20+08:00,
Newborough Newsagency,NEWBOROUGH NEWSAGENC | Newborough Newsagency,https://www.google.com/maps/search/Newborough+Newsagency,Information,2026-07-07T19:32:20+08:00,
Narra Convenience Store,NARRA CONVENIENCE ST | Narra Convenience Store,https://maps.google.com/?q=Narra+Convenience+Store+Narrabundah,Groceries,2026-07-07T19:32:20+08:00,
Gilligans Backpacker,Gilligans Backpacker,https://www.gilligansbackpacker.com.au,Travel,2026-07-07T19:32:20+08:00,
Belmore Hotel,Belmore Hotel,https://www.belmorehotel.com.au,Travel,2026-07-07T19:32:20+08:00,
Shopsmart Pharmacy Campbelltown,Shopsmart Pharmacy Campbelltown,https://www.shopsmartpharmacy.com.au/,Health,2026-07-07T19:31:29+08:00,
Metro Williamstown,METRO WILLIAMSTOWN,https://maps.google.com/?q=Metro+Williamstown,Automotive,2026-07-07T19:31:29+08:00,
Gabba Tobacconist,Gabba Tobacconist,https://www.google.com/maps/search/?api=1&query=Gabba+Tobacconist+Woolloongabba,Retail,2026-07-07T19:31:29+08:00,
The Leederville Hotel,The Leederville Hote | The Leederville Hotel,https://www.theleedervillehotel.com.au,Travel,2026-07-07T19:31:29+08:00,
Hotel Maroochydore,Hotel Maroochydore,https://www.hotelmaroochydore.com.au,Travel,2026-07-07T19:31:29+08:00,
Kingsthorpe Hotel,Kingsthorpe Hotel,https://www.kingsthorpehotel.com.au,Travel,2026-07-07T19:31:29+08:00,
Harcourts Kingsberry,HARCOURTS KINGSBERRY,https://www.harcourts.com.au,Rent,2026-07-07T19:31:29+08:00,
Cafe Keys Restaurant,CAFE KEYS RESTAURANT,https://www.cafekeys.com.au,Dining Out,2026-07-07T19:31:29+08:00,
Price Busters Variety,Price Busters Variet | PRICE BUSTERS VARIETY,https://www.pricebusters.com.au,Department Stores,2026-07-07T19:31:29+08:00,
Greenfields Liquor,GREENFIELDS LIQUOR,https://www.greenfieldsliquor.com.au,Retail,2026-07-07T19:31:29+08:00,
Cooper Street Veterinary,Cooper St Veterinary | Cooper Street Veterinary,https://www.cooperstvet.com.au,Pet Care,2026-07-07T19:31:29+08:00,
Silly Solly's Coolangatta,Silly Sollys Coolang | Silly Solly's Coolangatta,https://www.sillysollys.com.au,Retail,2026-07-07T19:31:29+08:00,
Liberty Roadhouse,LIBERTY ROADHOUSE,https://www.libertyroadhouse.com.au,Automotive,2026-07-07T19:31:29+08:00,
Northshore News,NORTHSHORE NEWS,https://www.northshorenews.com.au,Information,2026-07-07T19:30:37+08:00,
Okami Japanese Restaurant,Okami Japanese Resta | Okami Japanese Restaurant,https://www.okamijapanese.com.au,Dining Out,2026-07-07T19:30:37+08:00,
Bridgewater Service,BRIDGEWATER SERVICE,https://www.bridgewaterservice.com.au,Automotive,2026-07-07T19:30:37+08:00,
History Barbers,HISTORY BARBERS,https://www.historybarbers.com.au,Personal Care,2026-07-07T19:30:37+08:00,
Smarte Carte Australia,Smarte Carte Austral | Smarte Carte Australia,https://www.smartecarte.com.au,Travel,2026-07-07T19:30:37+08:00,
Frenchville Quality Meats,FRENCHVILLE QUALITY | Frenchville Quality Meats,https://www.frenchvillequalitymeats.com.au,Groceries,2026-07-07T19:30:37+08:00,
Tempura Japanese Cafe,Tempura Japanese Caf | Tempura Japanese Cafe,https://www.tempurajapanesecafe.com.au,Dining Out,2026-07-07T19:30:37+08:00,
Sweet Surprises,SWEET SURPRISES,https://www.sweetsurprises.com.au,Retail,2026-07-07T19:30:37+08:00,
Bellamane Hair Studio,Bellamane Hair Studi | Bellamane Hair Studio,https://www.bellamane.com.au,Personal Care,2026-07-07T19:30:37+08:00,
Bottlemart Stones Corner,Bottlemart Stones Cn | Bottlemart Stones Corner,https://www.bottlemart.com.au/,Retail,2026-07-07T19:30:37+08:00,
Northbridge Brewing,Northbridge Brewing,https://northbridgebrewing.com.au,Dining Out,2026-07-07T19:29:46+08:00,
George Street Food,GEORGE STREET FOOD,https://www.google.com/maps/search/George+Street+Food+Rockhampton,Dining Out,2026-07-07T19:29:46+08:00,
Golders Charleville,Golders Charleville,https://www.golders.com.au/,Retail,2026-07-07T19:29:46+08:00,
ALDI Stores,ALDI STORES,https://www.aldi.com.au,Groceries,2026-07-07T19:29:46+08:00,
Flipout Penrith,FLIPOUT PENRITH,https://www.flipout.com.au/penrith,Entertainment,2026-07-07T19:29:46+08:00,
Cruiser Club Paynesville,Cruiser Club Paynesv | Cruiser Club Paynesville,https://www.cruiserclub.com.au,Entertainment,2026-07-07T19:29:46+08:00,
Shell Truckstop,SHELL TRUCKSTOP,https://www.shell.com/,Automotive,2026-07-07T19:29:46+08:00,
Sparkletown Operation,SPARKLETOWN OPERATION,https://www.sparkletown.com.au,Automotive,2026-07-07T19:29:46+08:00,
Colonial Convenience,COLONIAL CONVENIENCE,https://www.colonialconvenience.com.au,Groceries,2026-07-07T19:29:46+08:00,
Royal Convenience,Royal Convenience,https://www.royalconvenience.com.au,Groceries,2026-07-07T19:29:46+08:00,
Tenterfield Bowling Club,TENTERFIELD BOWLING | Tenterfield Bowling Club,https://www.tenterfieldbowlingclub.com.au,Entertainment,2026-07-07T19:29:46+08:00,
Berserker Tavern,BERSERKER TAVERN,https://www.facebook.com/BerserkerTavern/,Dining Out,2026-07-07T19:29:46+08:00,
Prospect Mini Mart,Prospect Mini Mart,https://www.google.com/maps/search/Prospect+Mini+Mart+Blacktown,Groceries,2026-07-07T19:28:56+08:00,
Simply Kebabs and Pizza,Simply Kebabs And Pizz | Simply Kebabs and Pizza,https://www.simplykebabsandpizza.com.au,Dining Out,2026-07-07T19:28:56+08:00,
Ace Fadez Barbers,Ace Fadez Barbers,https://www.google.com/maps/search/Ace+Fadez+Barbers+Hwindang+NSW,Personal Care,2026-07-07T19:28:56+08:00,
Cargo Espresso Bar,Cargo Espresso Bar,https://www.cargoespressobar.com.au,Dining Out,2026-07-07T19:28:56+08:00,
The Founders Restaurant,The Founders Restauranoakden Sa Au | The Founders Restaurant,https://www.thefoundersrestaurant.com.au,Dining Out,2026-07-07T19:28:56+08:00,
Somerset Hotel Motel,Somerset Hotel Motel,https://www.somersethotelmotel.com.au,Travel,2026-07-07T19:28:56+08:00,
Timeless Bar & Lounge,Timeless Bar & Loung | Timeless Bar & Lounge,https://www.timelessbarandlounge.com.au,Dining Out,2026-07-07T19:28:56+08:00,
Alderley Plaza Chemist,Alderley Plaza Chem | Alderley Plaza Chemist,https://maps.google.com/?q=Alderley+Plaza+Chemist+Alderley+Qld,Health,2026-07-07T19:28:56+08:00,
Bundoora Taverner,Bundoora Taverner,https://www.bundoorataverner.com.au,Dining Out,2026-07-07T19:28:56+08:00,
Sandringham Nails,SANDRINGHAM NAILS,https://www.google.com/maps/search/Sandringham+Nails,Personal Care,2026-07-07T19:28:56+08:00,
Campbelltown Collegians Club,CAMPBELLTOWN COLLEGI | Campbelltown Collegians Club,https://www.collegians.com.au/,Entertainment,2026-07-07T19:28:56+08:00,
Westmeadows Tavern,WESTMEADOWS TAVERN,https://www.westmeadowstavern.com.au,Dining Out,2026-07-07T19:28:56+08:00,
Carnegie Memorial Swimming Centre,CARNEGIE MEMORIAL | Carnegie Memorial Swimming Centre,https://www.carnegieswimming.com.au,Gyms and other memberships,2026-07-07T19:28:56+08:00,
Hollywood Newsagency,HOLLYWOOD NEWSAGENCY,https://www.hollywoodnewsagency.com.au,Information,2026-07-07T19:28:56+08:00,
Super Ezy Convenience,SUPER EZY CONVENIENC | Super Ezy Convenience,https://www.superezy.com.au,Groceries,2026-07-07T19:28:56+08:00,
Criterion Hotel Rockhampton,Criterion Hotel | Criterion Hotel Rockhampton,https://www.criterionhotel.com.au,Travel,2026-07-07T19:28:56+08:00,
Paramount Nightclub,Paramount Nightclub,https://www.paramountnightclub.com.au,Entertainment,2026-07-07T19:28:56+08:00,
Northbridge Supa IGA,NORTHBRIDGE SUPA IGA,https://www.iga.com.au,Groceries,2026-07-07T19:28:56+08:00,
Whalan Tobacconist,Whalan Tobaconist | Whalan Tobacconist,https://www.google.com/maps/search/?api=1&query=Whalan+Tobacconist+Whalan+NSW,Retail,2026-07-07T19:28:05+08:00,
Combined Fresh Group,Combined Fresh Group,https://www.combinedfresh.com.au,Groceries,2026-07-07T19:28:05+08:00,
Cafe Providence,Cafe Providence,https://www.cafeprovidence.com.au,Dining Out,2026-07-07T19:28:05+08:00,
Guess,Guess Online Aust | Guess,https://www.guess.com.au,Retail,2026-07-07T19:28:05+08:00,
BP Service Station,Bp Service Station,https://www.bp.com/en_au/australia/home.html,Automotive,2026-07-07T19:28:05+08:00,
Austral Mixed Grocer,Austral Mixed Grocer,https://maps.google.com/?q=Austral+Mixed+Grocer+Austral+NSW,Groceries,2026-07-07T19:28:05+08:00,
Sushia,Sushia,https://www.sushia.com.au,Dining Out,2026-07-07T19:28:05+08:00,
Colonnades News,Colonnades News,https://www.colonnadesnews.com.au,Information,2026-07-07T19:28:05+08:00,
Extreme Pets & Supplies,Extreme Pets & Supl | Extreme Pets & Supplies,https://www.extremepets.com.au,Pet Care,2026-07-07T19:28:05+08:00,
Love Char Grill,Love Char Grill,https://www.lovechargrill.com.au,Dining Out,2026-07-07T19:28:05+08:00,
Viet Hoa Seafoods,Viet Hoa Seafoods,https://www.viethoaseafoods.com.au,Groceries,2026-07-07T19:28:05+08:00,
Balhannah Foodland,Balhannah Foodland,https://www.foodland.com.au/,Groceries,2026-07-07T19:28:05+08:00,
Sweets 'n Treats,Sweets 'n Treats,https://www.sweetsntreats.com.au,Retail,2026-07-07T19:28:05+08:00,
Kirribilli Club,Kirribilli Club,https://www.kirribilliclub.com.au,Entertainment,2026-07-07T19:28:05+08:00,
News Gift Emporium,News Gift Emporium,https://www.newsgiftemporium.com.au,Information,2026-07-07T19:28:05+08:00,
Sushi Chat,Sushi Chat,https://www.sushichat.com.au,Dining Out,2026-07-07T19:28:05+08:00,
Trims Fresh,Trims Fresh,https://www.trimsfresh.com.au,Groceries,2026-07-07T19:28:05+08:00,
Wei Global Trading Pty Ltd,Wei Global Trading Pty | Wei Global Trading Pty Ltd,https://www.weiglobaltrading.com.au,Retail,2026-07-07T19:28:05+08:00,
Premium Liquor Group,Premium Liquor Group,https://www.premiumliquorgroup.com.au,Retail,2026-07-07T19:27:15+08:00,
The Highway Bakery,The Highway Bakery,https://www.google.com/maps/search/The+Highway+Bakery+Cobargo,Dining Out,2026-07-07T19:27:15+08:00,
Kosciuszko Thredbo,Kosciuszko Thredbo,https://www.thredbo.com.au,Travel,2026-07-07T19:27:15+08:00,
Playbill,Sq *Playbill @ Her Maj | Playbill,https://www.playbill.com,Entertainment,2026-07-07T19:27:15+08:00,
Caringbah Coffee & Co,Caringbah Coffee & C | Caringbah Coffee & Co,https://www.caringbahcoffee.com.au,Dining Out,2026-07-07T19:27:15+08:00,
Lovely Nails Mildura,Lovely Nails Mildura,https://www.lovelynailsmildura.com.au,Personal Care,2026-07-07T19:27:15+08:00,
Allingtons Outpost,Allingtons Outpost,https://www.allingtonsoutpost.com.au,Retail,2026-07-07T19:27:15+08:00,
Tobacconist Z.A.,Tobacconist Z.A,https://www.google.com/maps/search/?api=1&query=Tobacconist+Z.A.+Campbelltown,Retail,2026-07-07T19:27:15+08:00,
Autumn Rooms,Autumn Rooms,https://autumnrooms.com.au,Retail,2026-07-07T19:27:15+08:00,
Wyoming Medical Centre,Wyoming Medical Cent | Wyoming Medical Centre,https://www.wyomingmedicalcentre.com.au,Health,2026-07-07T19:27:15+08:00,
Great Southern Bar,Great Southern Bar,https://www.greatsouthernbar.com.au,Dining Out,2026-07-07T19:27:15+08:00,
Gunyama Park Aquatic Centre,Gunyama Park Aquatic | Gunyama Park Aquatic Centre,https://www.gunyamapark.com.au/,Gyms and other memberships,2026-07-07T19:27:15+08:00,
MFC Supermarket,Mfc Supermarket,https://www.google.com/maps/search/?api=1&query=MFC+Supermarket+Green+Valley,Groceries,2026-07-07T19:27:15+08:00,
Tommy Collins,Tommy Collins,https://www.tommycollins.com.au/,Dining Out,2026-07-07T19:27:15+08:00,
Taste Bakehouse,Taste Bakehouse,https://www.tastebakehouse.com.au,Dining Out,2026-07-07T19:27:15+08:00,
The Heritage Terrace,The Heritage Terrace,https://www.theheritageterrace.com.au,Dining Out,2026-07-07T19:27:15+08:00,
Taleb Tyres & Wheels,Taleb Tyres & Wheels,https://www.talebtyres.com.au,Automotive,2026-07-07T19:27:15+08:00,
Penny Massage & Spa,Penny Massage & Spa,https://www.pennymassage.com.au,Personal Care,2026-07-07T19:27:15+08:00,
Hurstville Ritz Hotel,Hurstville Ritz Hote | Hurstville Ritz Hotel,https://www.ritzhotel.com.au/,Travel,2026-07-07T19:26:24+08:00,
Untitled Cafe,Untitled Cafe,https://www.untitledcafe.com.au,Dining Out,2026-07-07T19:26:24+08:00,
Fresh Soul,Fresh Soul,https://www.freshsoul.com.au,Groceries,2026-07-07T19:26:24+08:00,
Greencross Vets,Greencross Vets,https://www.greencrossvets.com.au,Pet Care,2026-07-07T19:26:24+08:00,
Society Convenience,Society Convenience,https://maps.google.com/?q=Society+Convenience+Sydney,Groceries,2026-07-07T19:26:24+08:00,
Sunshine Tyres and Mechanical,Sunshine Tyres And Mec | Sunshine Tyres and Mechanical,https://www.sunshinetyres.com.au,Automotive,2026-07-07T19:26:24+08:00,
Oliver Brown,Oliver Brown,https://www.oliverbrown.com.au,Dining Out,2026-07-07T19:26:24+08:00,
Tasty Bites Bakery,Tasty Bites Bakery,https://www.tastybitesbakery.com.au,Dining Out,2026-07-07T19:26:24+08:00,
Liquid Laundry,Liquid Laundry,https://www.liquidlaundry.com.au,Retail,2026-07-07T19:26:24+08:00,
Coffee Embassy & Bar,Coffee Embassy & Bar,https://www.coffeeembassy.com.au,Dining Out,2026-07-07T19:26:24+08:00,
Crown Medical Centre,Crown Medical Centre,https://www.crownmedicalcentre.com.au,Health,2026-07-07T19:26:24+08:00,
New Wind Restaurant,New Wind Restauran | New Wind Restaurant,https://www.google.com/maps/search/New+Wind+Restaurant+Windsor+VIC,Dining Out,2026-07-07T19:26:24+08:00,
True Fresh Canteens,True Fresh Canteens,https://www.truefreshcanteens.com.au,Groceries,2026-07-07T19:26:24+08:00,
Roll'd,Roll'd,https://rolld.com.au,Dining Out,2026-07-07T19:26:24+08:00,
Culture Kings,Culture Kings,https://www.culturekings.com.au,Retail,2026-07-07T19:26:24+08:00,
Bazo Barbershop,Bazo Barbershop,https://www.google.com/maps/search/Bazo+Barbershop+Toowoomba,Personal Care,2026-07-07T19:26:24+08:00,
Cafe Ponderosa,Cafe Ponderosa,https://www.cafeponderosa.com.au,Dining Out,2026-07-07T19:26:24+08:00,
Venue Cafe,Venue Cafe,https://www.venuecafe.com.au,Dining Out,2026-07-07T19:26:24+08:00,
Royal Hotel Leichhardt,Royal Hotel Leich | Royal Hotel Leichhardt,https://www.royalhotelleichhardt.com.au,Travel,2026-07-07T19:26:24+08:00,
Zarrafas Coffee,Zarrafas Coffee,https://www.zarrafascoffee.com.au,Dining Out,2026-07-07T19:26:24+08:00,
Workshop Espresso,Workshop Espresso,https://www.workshopespresso.com,Dining Out,2026-07-07T19:25:31+08:00,
Wyong Rugby League Club,Wyong Rugby League Cl | Wyong Rugby League Club,https://www.wyongrlc.com.au,Entertainment,2026-07-07T19:25:31+08:00,
The Shed Roselands,The Shed Roselands,https://www.theshedroselands.com.au,Entertainment,2026-07-07T19:25:31+08:00,
Kebab Door,Kebab Door,https://www.kebabdoor.com.au,Dining Out,2026-07-07T19:25:31+08:00,
Starlight Bakery,Starlight Bakery,https://www.starlightbakery.com.au,Dining Out,2026-07-07T19:25:31+08:00,
Paragon Mudgee Pty Ltd,Paragon Mudgee Pty Ltd,https://www.paragonhotels.com.au/,Travel,2026-07-07T19:25:31+08:00,
Coffee Bug Express,Coffee Bug Express,https://www.coffeebugexpress.com.au,Dining Out,2026-07-07T19:25:31+08:00,
Happy Chicken Shop,Happy Chicken Shop,https://www.happychickenshop.com.au,Dining Out,2026-07-07T19:25:31+08:00,
Cafe Settebello,Cafe Settebello,https://www.cafesettebello.com.au,Dining Out,2026-07-07T19:25:31+08:00,
Gema Group Holding,Gema Group Holding,https://www.gemagroup.com.au,Entertainment,2026-07-07T19:25:31+08:00,
Supa IGA Beaumaris,Supa Iga Beaumaris,https://www.iga.com.au/,Groceries,2026-07-07T19:25:31+08:00,
Bluebird Cafe,Bluebird Cafe,https://www.bluebirdcafe.com.au,Dining Out,2026-07-07T19:25:31+08:00,
Newcastle Jockey Club,Newcastle Jockey Cl | Newcastle Jockey Club,https://www.newcastlejockeyclub.com.au,Entertainment,2026-07-07T19:25:31+08:00,
Austral Cafe,Austral Cafe,https://www.google.com/maps/search/?api=1&query=Austral+Cafe+Murwillumbah,Dining Out,2026-07-07T19:25:31+08:00,
Robin Hood Hotel,Robin Hood Hotel,https://www.robinhoodhotel.com.au,Travel,2026-07-07T19:25:31+08:00,
Capricorn Tavern,Capricorn Tavern,https://www.capricorntavern.com.au,Dining Out,2026-07-07T19:25:31+08:00,
Aberdare Fuel & Lotto,Aberdare Fuel & Lotto,https://www.google.com/maps/search/Aberdare+Fuel+%26+Lotto,Gambling,2026-07-07T19:25:31+08:00,
Maitland Foodland,Maitland Foodland,https://www.foodland.com.au/,Groceries,2026-07-07T19:24:38+08:00,
Broadway Hotel,Broadway Hotel,https://www.broadwayhotelparkes.com.au,Travel,2026-07-07T19:24:38+08:00,
Pioneer Tavern,Pioneer Tavern,https://www.pioneertavern.com.au,Dining Out,2026-07-07T19:24:38+08:00,
Dua Cafe Pizza/Pasta,Dua Cafe Pizza/Pasta,https://www.google.com/maps/search/?api=1&query=Dua+Cafe+Pizza%2FPasta+Dubonnyrigg,Dining Out,2026-07-07T19:24:38+08:00,
Foam Laundry Lounge,Foam Laundry Lounge,https://www.foamlaundrylounge.com.au,Retail,2026-07-07T19:24:38+08:00,
Macquarie Fruit Shop,Macquarie Fruit Shop,https://www.macquariefruitshop.com.au,Groceries,2026-07-07T19:24:38+08:00,
Jaques Coastal Meats,Jaques Coastal Meats,https://www.jaquescoastalmeats.com.au,Groceries,2026-07-07T19:24:38+08:00,
Pepe's Pizzeria & Ristorante,Pepes Pizzeria & R | Pepe's Pizzeria & Ristorante,https://www.pepespizzeria.com.au,Dining Out,2026-07-07T19:24:38+08:00,
Anchors Rest Cafe,Anchors Rest Cafe,https://www.anchorsrestcafe.com.au,Dining Out,2026-07-07T19:24:38+08:00,
Honeycomb Bistro,Honeycomb Bistro,https://www.honeycombbistro.com.au,Dining Out,2026-07-07T19:24:38+08:00,
Asian Gourmet,Asian Gourmet,https://www.asiangourmet.com.au,Dining Out,2026-07-07T19:24:38+08:00,
Hot Bargain,Hot Bargain,https://www.hotbargain.com.au,Department Stores,2026-07-07T19:24:38+08:00,
Arb Convenience Store,Arb Convenience | Arb Convenience Store,https://www.google.com/maps/search/?api=1&query=Arb+Convenience+Store+Auburn+NSW,Groceries,2026-07-07T19:24:38+08:00,
John Cain Arena,John Cain Arena,https://www.johncainarena.com.au,Entertainment,2026-07-07T19:24:38+08:00,
Tilba Bakery,Tilba Bakery,https://www.tilbabakery.com.au,Dining Out,2026-07-07T19:24:38+08:00,
Minute Solutions,Minute Solutions,https://www.minutesolutions.com.au,Information,2026-07-07T19:23:45+08:00,
Ingleburn RSL Club,Ingleburn Rsl Club,https://www.ingleburnrsl.com.au,Entertainment,2026-07-07T19:23:45+08:00,
Lilly Thai Restaurant,Lilly Thai Restaurt | Lilly Thai Restaurant,https://www.lillythai.com.au,Dining Out,2026-07-07T19:23:45+08:00,
Riverland Charcoal,Riverland Charcoal,https://www.riverlandcharcoal.com.au,Dining Out,2026-07-07T19:23:45+08:00,
Mernda Lucks and Gifts,Mernda Lucks And Gifts,https://www.facebook.com/MerndaLucksAndGifts/,Retail,2026-07-07T19:23:45+08:00,
Heritage Hotel Motel Dorrigo,Heritage Hotel Motel Dorrigo,https://www.heritagehotelmoteldorrigo.com.au,Travel,2026-07-07T19:23:45+08:00,
All Star Convenience,All Star Convenien | All Star Convenience,https://www.allstarconvenience.com.au,Groceries,2026-07-07T19:23:45+08:00,
The Oxford Bathurst,The Oxford Bathurst,https://www.theoxfordbathurst.com.au,Travel,2026-07-07T19:23:45+08:00,
Nepean Hospital,Nepean Hospital,https://www.nepeanhospital.com,Health,2026-07-07T19:23:45+08:00,
Pappa Flock Restaurant,Pappa Flock Restauran | Pappa Flock Restaurant,https://www.pappaflock.com.au,Dining Out,2026-07-07T19:23:45+08:00,
Sawa Convenience,Sawa Convenience,https://www.google.com/maps/search/?api=1&query=Sawa+Convenience+Goulburn,Groceries,2026-07-07T19:23:45+08:00,
Hollywood Fresh,Hollywood Fresh,https://www.hollywoodfresh.com.au,Groceries,2026-07-07T19:23:45+08:00,
Mike's Auto Service,Mikes Auto Service | Mike's Auto Service,https://www.mikesautoservice.com.au,Automotive,2026-07-07T19:23:45+08:00,
Yagoona Kebab House,Yagoona Kebab Hous | Yagoona Kebab House,https://www.google.com/maps/search/Yagoona+Kebab+House,Dining Out,2026-07-07T19:23:45+08:00,
The Coffee Emporium,The Coffee Emporium,https://www.thecoffeeemporium.com.au,Dining Out,2026-07-07T19:23:45+08:00,
Bidwill Hotel Bistro,Bidwill Hotel Bistro,https://www.bidwillhotel.com.au,Dining Out,2026-07-07T19:23:45+08:00,
LS Operation Espresso,Ls Operation Espresso,https://www.lsoperationespresso.com,Dining Out,2026-07-07T19:23:45+08:00,
Al-Madina Butcher & Grill,Al-Madina Butcher & Gr | Al-Madina Butcher & Grill,https://www.google.com/maps/search/?api=1&query=Al-Madina+Butcher+%26+Grill+Wallsend,Dining Out,2026-07-07T19:22:51+08:00,
The Birdcage,The Birdcage,https://www.thebirdcage.com.au,Entertainment,2026-07-07T19:22:51+08:00,
Lou's Cafe Restaurant,Lous Cafe Restaurant | Lou's Cafe Restaurant,https://www.louscafe.com.au,Dining Out,2026-07-07T19:22:51+08:00,
Boardwalk Bistro,Boardwalk Bistro,https://www.boardwalkbistro.com.au,Dining Out,2026-07-07T19:22:51+08:00,
Momentea Elizabeth,Momentea Elizabeth,https://www.momentea.com.au,Dining Out,2026-07-07T19:22:51+08:00,
Black Box Pizza,Black Box Pizza,https://www.blackboxpizza.com.au,Dining Out,2026-07-07T19:22:51+08:00,
Narwee Newsagency,Narwee Newsagency,https://www.google.com/maps/search/Narwee+Newsagency,Information,2026-07-07T19:22:51+08:00,
Boulevard Bakery,Boulevard Bakery,https://www.boulevardbakery.com.au,Dining Out,2026-07-07T19:22:51+08:00,
Tan's Dumpling & Bun,Tans Dumpling & Bun | Tan's Dumpling & Bun,https://www.google.com/maps/search/Tans+Dumpling+%26+Bun+Hurstville,Dining Out,2026-07-07T19:22:51+08:00,
Warragul Family Medical Centre,Warragul Family Med | Warragul Family Medical Centre,https://www.warragulfamilymedical.com.au,Health,2026-07-07T19:22:51+08:00,
Brady Apartment Hotel,Brady Apartment Hotel,https://www.bradyhotels.com.au/,Travel,2026-07-07T19:22:51+08:00,
Algester Bakery,Algester Bakery,https://www.google.com/maps/search/?api=1&query=Algester+Bakery+Calamvale,Dining Out,2026-07-07T19:22:51+08:00,
Metro Hunter Valley,Metro Hunter Valley,https://www.metrohuntervalley.com.au,Automotive,2026-07-07T19:22:51+08:00,
West Melton Bakery,West Melton Bakery,https://www.google.com/maps/search/West+Melton+Bakery+Melton+VIC,Dining Out,2026-07-07T19:22:51+08:00,
Beresfield Bowling Club,Beresfield Bowling C | Beresfield Bowling Club,https://www.beresfieldbowlingclub.com.au,Entertainment,2026-07-07T19:22:51+08:00,
Baan Solutions Pty Ltd,Baan Solutions Pty Ltd,https://www.baansolutions.com.au,Information,2026-07-07T19:22:51+08:00,
Melton Laundrette,MELTON LAUNDRET | Melton Laundrette,https://maps.google.com/?q=Melton+Laundrette,Personal Care,2026-07-07T19:21:57+08:00,2026-07-13T21:18:04+08:00
Vodafone Australia,Vodafone Australia,https://www.vodafone.com.au,Telecommunications,2026-07-07T19:21:57+08:00,
Friendly Grocer,FRIENDLYGROCER | Friendly Grocers | Friendly Grocer,https://www.friendlygrocer.com.au,Groceries,2026-07-07T19:21:57+08:00,
SA Supermart,SA SUPERMART,https://www.sasupermart.com.au,Groceries,2026-07-07T19:21:57+08:00,
Flinders Friendly Grocery,FLINDERS FRIENDLY GROC | Flinders Friendly Grocery,https://www.flindersfriendlygrocery.com.au,Groceries,2026-07-07T19:21:57+08:00,
Southside Pharmacy,SOUTHSIDE PHARMACY,https://www.southsidepharmacy.com.au,Health,2026-07-07T19:21:57+08:00,
Community Enterprise Queensland,COMMUNITY ENTERPRISE Q | Community Enterprise Queensland,https://www.ceqld.org.au,Groceries,2026-07-07T19:21:57+08:00,
Collins Restaurants,COLLINS RESTAURANTS,https://www.collinsrestaurants.com.au,Dining Out,2026-07-07T19:21:57+08:00,
Lucky Little Dumpling,Lucky Little Dumpling,https://www.luckylittledumpling.com.au,Dining Out,2026-07-07T19:21:57+08:00,
Zushi Bento,ZUSHI BENTO,https://www.zushibento.com.au,Dining Out,2026-07-07T19:21:57+08:00,
Liquid Laundromats,LIQUID LAUNDROMATS,https://www.liquidlaundromats.com.au,Retail,2026-07-07T19:21:57+08:00,
Oz Lotteries,Oz Lotteries,https://www.ozlotteries.com,Gambling,2026-07-07T19:21:57+08:00,
PointsBet Australia,POINTSBET AUSTRALIA PT | PointsBet Australia,https://pointsbet.com.au,Gambling,2026-07-07T19:21:57+08:00,
Yeoval Bowling Club,Yeoval Bowling Club,https://www.yeovalbowlingclub.com.au,Entertainment,2026-07-07T19:21:57+08:00,
Vietlab Kitchen,Vietlab Kitchen,https://www.vietlabkitchen.com.au,Dining Out,2026-07-07T19:21:57+08:00,
Double A Tobacconist,Double A Tobacconist,https://www.google.com/maps/search/?api=1&query=Double+A+Tobacconist+Jesmond,Retail,2026-07-07T19:21:57+08:00,
Bakehouse Cafe,Bakehouse Cafe,https://www.bakehousecafe.com.au,Dining Out,2026-07-07T19:21:57+08:00,
Gents & Rascals Barbe,Gents & Rascals Barbe,https://www.gentsandrascals.com.au,Personal Care,2026-07-07T19:21:57+08:00,
Deniliquin Newsagency,Deniliquin Newsagenc | Deniliquin Newsagency,https://www.deniliquinnewsagency.com.au,Information,2026-07-07T19:21:05+08:00,
Mornington Radiology,MORNINGTON RADIOLOGY,https://www.morningtonradiology.com.au,Health,2026-07-07T19:21:05+08:00,
Heathridge Delicatessen,HEATHRIDGE DELICATES | Heathridge Delicatessen,https://www.google.com/maps/search/Heathridge+Delicatessen,Groceries,2026-07-07T19:21:05+08:00,
Westfield Parramatta,Westfield Parramatta,https://www.westfield.com.au/parramatta,Retail,2026-07-07T19:21:05+08:00,
Riverside Newsagency,Riverside Newsagency,https://www.riversidenewsagency.com.au,Information,2026-07-07T19:21:05+08:00,
Limestone Horticulture,LIMESTONE HORTICULTU | Limestone Horticulture,https://www.limestonehorticulture.com.au,Home Improvement,2026-07-07T19:21:05+08:00,
Sealink,Sealink,https://www.sealink.com.au,Transport,2026-07-07T19:21:05+08:00,
BuckingBull,BuckingBull,https://buckingbull.com.au,Dining Out,2026-07-07T19:21:05+08:00,
Nationwide Parking,NATIONWIDE PARKING,https://www.nationwideparking.com.au,Transport,2026-07-07T19:21:05+08:00,
Wallace Bishop Jewellers,WALLACE BISHOP JEWEL | Wallace Bishop Jewellers,https://www.wallacebishop.com.au,Retail,2026-07-07T19:21:05+08:00,
Ladbrokes Australia,Ladbrokes Australia,https://www.ladbrokes.com.au,Gambling,2026-07-07T19:21:05+08:00,
Calliope Quality Meats,CALLIOPE QUALITY MEATS,https://www.facebook.com/CalliopeQualityMeats/,Groceries,2026-07-07T19:21:05+08:00,
Nimba Bakehouse,Nimba bakehouse,https://www.nimbabakehouse.com.au,Dining Out,2026-07-07T19:21:05+08:00,
Doubleview Fresh IGA,DOUBLEVIEW FRESH IGA,https://www.iga.com.au,Groceries,2026-07-07T19:21:05+08:00,
CarePark,CarePark,https://www.carepark.com.au,Transport,2026-07-07T19:21:05+08:00,
Set Right Automotives,SET RIGHT AUTOMOTIVES,https://www.setrightautomotives.com.au,Automotive,2026-07-07T19:21:05+08:00,
Queanbeyan Laundromat,Queanbeyan laundroma | Queanbeyan Laundromat,https://maps.google.com/?q=Queanbeyan+Laundromat,Retail,2026-07-07T19:20:13+08:00,
Bonds Outlet,BondsOutletAU_StoresShepparton | Bonds Outlet,https://www.bonds.com.au/,Retail,2026-07-07T19:20:13+08:00,
Burrito Bar,BurritoBar | Burrito Bar,https://burritobar.com.au,Dining Out,2026-07-07T19:20:13+08:00,
Foodworks Chinchilla,FOODWORKS CHINCHILLA,https://www.foodworks.com.au/,Groceries,2026-07-07T19:20:13+08:00,
Gloria Jean's Coffees,GloriaJean Springval | GLORIA JEANS COFFEE | Gloria Jeans | GLORIA JEANS COFFEES | Gloria Jean's Coffees,https://www.gloriajeanscoffees.com.au,Dining Out,2026-07-07T19:20:13+08:00,
Morningside Bakery,MORNINGSIDE BAKERY,https://www.morningsidebakery.com.au,Dining Out,2026-07-07T19:20:13+08:00,
Foodworks Supermarket,FOODWORKS SUPERMARKT | Foodworks Supermarket,https://www.foodworks.com.au/,Groceries,2026-07-07T19:20:13+08:00,
Mandurah Healthfood,Mandurah Healthfood,https://www.mandurahhealthfood.com.au,Health,2026-07-07T19:20:13+08:00,
Foodworks Millmerran,FOODWORKS MILLMERRAN,https://www.foodworks.com.au/,Groceries,2026-07-07T19:20:13+08:00,
Chargrill Thornleigh,Chargrill Thornleigh,https://www.chargrill.com.au/,Dining Out,2026-07-07T19:20:13+08:00,
Gerringong Tobacconist,Gerringong Tobacconi | Gerringong Tobacconist,https://www.google.com/maps/search/?api=1&query=Gerringong+Tobacconist,Retail,2026-07-07T19:20:13+08:00,
Pumicestone Takeaway,Pumicestone Takeaway,https://www.google.com/maps/search/Pumicestone+Takeaway+Caboolture,Dining Out,2026-07-07T19:20:13+08:00,
Meadowbank Newsagency,Meadowbank newsagenc | Meadowbank Newsagency,https://www.google.com/maps/search/Meadowbank+Newsagency,Information,2026-07-07T19:20:13+08:00,
Rutherford Newsagency,RUTHERFORD NEWSAGENC | Rutherford Newsagency,https://www.rutherfordnewsagency.com.au,Information,2026-07-07T19:20:13+08:00,
Bringelly Bottle-O,Bringelly Bottleo | Bringelly Bottle-O,https://www.bottle-o.com.au/,Retail,2026-07-07T19:19:20+08:00,
United Archerfield,United Archerfield,https://www.unitedarcherfield.com.au,Automotive,2026-07-07T19:19:20+08:00,
Palmerston Supermarket,Palmerston Suprmark | PALMERSTON SUPRMARKT | Palmerston Supermarket,https://www.google.com/maps/search/Palmerston+Supermarket,Groceries,2026-07-07T19:19:20+08:00,
Greensborough RSL,Greensborough Rsl2 | Greensborough RSL,https://www.greensboroughrsl.com.au,Entertainment,2026-07-07T19:19:20+08:00,
Bunnings,Bunnings Minchinbury | Bunnings,https://www.bunnings.com.au,Home Improvement,2026-07-07T19:19:20+08:00,
Allure Southland,ALLURE SOUTHLAND,https://www.alluresouthland.com.au,Personal Care,2026-07-07T19:19:20+08:00,
Foodworks Yungaburra,FOODWORKS YUNGABURRA,https://www.foodworks.com.au/,Groceries,2026-07-07T19:19:20+08:00,
NightOwl Convenience,NIGHTOWL CONVENIENCE,https://www.nightowl.com.au,Groceries,2026-07-07T19:19:20+08:00,
NewsXpress Whittlesea,NewsXpress Whittlese | NewsXpress Whittlesea,https://www.newsxpress.com.au/,Information,2026-07-07T19:19:20+08:00,
Minimarket Broadbeach,Minimarket Broadbeac | Minimarket Broadbeach,https://maps.google.com/?q=Minimarket+Broadbeach,Groceries,2026-07-07T19:19:20+08:00,
Nightcliff Newsagency,Nightcliff Newsagenc | Nightcliff Newsagency,https://maps.google.com/?q=Nightcliff+Newsagency,Information,2026-07-07T19:19:20+08:00,
Chinchilla Newsagency,CHINCHILLA NEWSAGENC | Chinchilla Newsagency,https://www.chinchillanewsagency.com.au,Information,2026-07-07T19:19:20+08:00,
Whittlesea Bakehouse,WHITTLESEA BAKEHOUSE,https://www.google.com/maps/search/Whittlesea+Bakehouse,Dining Out,2026-07-07T19:19:20+08:00,
ProfessioNail Carous,ProfessioNail Carous,https://www.professionail.com.au/,Personal Care,2026-07-07T19:19:20+08:00,
Highfields Landscape,HIGHFIELDS LANDSCAPE,https://www.highfieldslandscape.com.au,Home Improvement,2026-07-07T19:19:20+08:00,
Valleygirl,VALLEYGIRL,https://www.valleygirl.com.au,Retail,2026-07-07T19:19:20+08:00,
Homer's Burgers,Homers Burgers | Homer's Burgers,https://www.homersburgers.com.au,Dining Out,2026-07-07T19:18:26+08:00,
Master Tobacconist,Master Tobacconist,https://www.mastertobacconist.com.au,Retail,2026-07-07T19:18:26+08:00,
Northland Lotto & News,Northlandlotto&News | Northland Lotto & News,https://www.northlandlotto.com.au,Gambling,2026-07-07T19:18:26+08:00,
Gecko Vending,Gecko Vending,https://www.geckovending.com.au,Retail,2026-07-07T19:18:26+08:00,
Oroton,Oroton,https://www.oroton.com.au,Retail,2026-07-07T19:18:26+08:00,
Rosenthal Takeaway,Rosenthal Takeaway,https://www.google.com/maps/search/Rosenthal+Takeaway+Doonside,Dining Out,2026-07-07T19:18:26+08:00,
Zax Amusements,Zax Amusements,https://www.zaxamusements.com.au,Entertainment,2026-07-07T19:18:26+08:00,
Clear Skincare,Clearskincare Robina | Clear Skincare,https://www.clearskincare.com.au/,Personal Care,2026-07-07T19:18:26+08:00,
Metro Highfields,Metro Highfields,https://www.metro.com.au/,Automotive,2026-07-07T19:18:26+08:00,
Calaferns Pty Ltd,Calaferns Pty Ltd,https://www.calaferns.com.au,Home Improvement,2026-07-07T19:18:26+08:00,
Metro Queanbeyan,Metro Queanbeyan,https://www.metro.com.au/,Automotive,2026-07-07T19:18:26+08:00,
Star Convenience Store,Star Convenience Store,https://www.google.com/maps/search/Star+Convenience+Store+Tumut,Groceries,2026-07-07T19:18:26+08:00,
Sportspower,Sportspower,https://www.sportspower.com.au,Retail,2026-07-07T19:18:26+08:00,
Maxima Macarthur Square,Maxima Macarthur Squar | Maxima Macarthur Square,https://www.maxima.com.au/,Department Stores,2026-07-07T19:18:26+08:00,
Cincotta Chemist,Cincottachemist | Cincotta Chem | Cincotta Chemist,https://www.cincottachemist.com.au,Health,2026-07-07T19:17:35+08:00,
Wendy's,Wendys | WENDYS CITY CENTRE | Wendy's,https://www.wendys.com,Dining Out,2026-07-07T19:17:35+08:00,
Algester Pharmacy,Algester Pharmacy,https://www.algesterpharmacy.com.au,Health,2026-07-07T19:17:35+08:00,
IGA Greenfield,Iga Greenfield,https://www.iga.com.au,Groceries,2026-07-07T19:17:35+08:00,
Osbourne Hotel,Osbourne Hotel,https://www.osbournehotel.com.au,Travel,2026-07-07T19:17:35+08:00,
Jaycar,Jaycar,https://www.jaycar.com.au,Retail,2026-07-07T19:17:35+08:00,
UFG Hospitality,Ufg Hospitality,https://www.ufghospitality.com.au,Dining Out,2026-07-07T19:17:35+08:00,
Pearl Queanbeyan,Pearl Queanbeyan,https://www.pearlqueanbeyan.com.au,Dining Out,2026-07-07T19:17:35+08:00,
Alexander Bottleshop,Alexander Bottleshop,https://www.alexanderbottleshop.com.au,Retail,2026-07-07T19:17:35+08:00,
Anaconda,Anaconda,https://www.anacondastores.com,Retail,2026-07-07T19:17:35+08:00,
Ticketmaster,Ticketmaste | Ticketmaster,https://www.ticketmaster.com.au,Entertainment,2026-07-07T19:17:35+08:00,
ABC Newsagency,Abc Newsagency,https://www.abcnewsagency.com.au,Information,2026-07-07T19:17:35+08:00,
Rutherford Hotel,Rutherford Hotel,https://www.rutherfordhotel.com.au,Travel,2026-07-07T19:17:35+08:00,
Discovery Parks,Discovery Parks,https://www.discoveryparks.com.au,Travel,2026-07-07T19:17:35+08:00,
Supabarn Supermarket,Supabarn Supermarket,https://www.supabarn.com.au,Groceries,2026-07-07T19:17:35+08:00,
Crystal Chatswood,Crystal Chatswood,https://www.crystalchatswood.com.au,Dining Out,2026-07-07T19:17:35+08:00,
United Strathalbyn,United Strathalbyn,https://www.unitedpetroleum.com.au/,Automotive,2026-07-07T19:17:35+08:00,
Chamberlain Hotel,Chamberlain Hotel,https://www.chamberlainhotel.com.au,Travel,2026-07-07T19:17:35+08:00,
Pellegrini's Espresso,PELLEGRINIS EXPRESSO | Pellegrini's Espresso,https://www.pellegriniespresso.com.au,Dining Out,2026-07-07T19:16:43+08:00,
Thredbo Supermarket,Thredbo Supermarket,https://www.thredbo.com.au/supermarket/,Groceries,2026-07-07T19:16:43+08:00,
DoorDash,Doordash,https://www.doordash.com,Dining Out,2026-07-07T19:16:43+08:00,
Boronia Kitchen,Boronia Kitchen,https://www.boroniakitchen.com.au,Dining Out,2026-07-07T19:16:43+08:00,
Wokitup,Wokitup,https://www.wokitup.com.au,Dining Out,2026-07-07T19:16:43+08:00,
Vermont Convenience,Vermont Convenience,https://maps.google.com/?q=Vermont+Convenience+Vermont+VIC,Groceries,2026-07-07T19:16:43+08:00,
Minto Marketplace News,Minto Marketplace News,https://www.mintomarketplace.com.au,Information,2026-07-07T19:16:43+08:00,
Amazing Kebabs,Amazing Kebabs,https://www.amazingkebabs.com.au,Dining Out,2026-07-07T19:16:43+08:00,
Aldi Mobile,Aldimobile | Aldi Mobile,https://www.aldimobile.com.au,Telecommunications,2026-07-07T19:16:43+08:00,
Wilga Hotel,Wilga Hotel,https://www.wilgahotel.com.au,Travel,2026-07-07T19:16:43+08:00,
Steyne Hotel,Steyne Hotel,https://www.steynehotel.com.au,Travel,2026-07-07T19:16:43+08:00,
Minchinbury Bakery,Minchinbury Bakery,https://www.google.com/maps/search/Minchinbury+Bakery,Dining Out,2026-07-07T19:16:43+08:00,
Melrose Lounge,Melrose Lounge,https://www.melbournemelroselounge.com.au,Dining Out,2026-07-07T19:16:43+08:00,
Shepparton Zaika,Shepparton Zaika,https://www.sheppartonzaika.com.au,Dining Out,2026-07-07T19:16:43+08:00,
Bamboo Sushi,Bamboo Sushi,https://www.bamboosushi.com.au,Dining Out,2026-07-07T19:16:43+08:00,
BurgerCo,Burgerco,https://www.burgerco.com.au,Dining Out,2026-07-07T19:16:43+08:00,
Walkers Doughnuts,Walkers Doughnuts,https://www.walkersdoughnuts.com.au,Dining Out,2026-07-07T19:16:43+08:00,
Southgate Pharmacy,Southgate Pharmacy,https://maps.google.com/?q=Southgate+Pharmacy+Sylvania,Health,2026-07-07T19:16:43+08:00,
Marina Boat Tackle,MARINA BOAT TACKLE,https://www.marinaboatandtackle.com.au,Retail,2026-07-07T19:15:51+08:00,
Bakers Delight,BAKERS DELIGHT MERM | Bakers Delight Lakes | BAKERS DELIGHT,https://www.bakersdelight.com.au,Dining Out,2026-07-07T19:15:51+08:00,
Cantaloupe Systems Australia,CantaloupeSystemsAustr | Cantaloupe Systems Australia,https://www.cantaloupe.com,Information,2026-07-07T19:15:51+08:00,
Sunrise Fresh,Sunrise Fresh,https://www.sunrisefresh.com.au,Groceries,2026-07-07T19:15:51+08:00,
Golden Leaf Convenience,Goldenleafconvenience | Golden Leaf Convenience,https://www.google.com/maps/search/?api=1&query=Golden+Leaf+Convenience+Nambour,Groceries,2026-07-07T19:15:51+08:00,
Waterloo Station Hotel,WaterlooStationHotel | Waterloo Station Hotel,https://www.waterloostationhotel.com.au,Travel,2026-07-07T19:15:51+08:00,
Price Busters,PriceBusters | Price Busters,https://www.pricebusters.com.au,Department Stores,2026-07-07T19:15:51+08:00,
Sporting Globe,SportingGlobe | Sporting Globe,https://sportingglobe.com.au,Dining Out,2026-07-07T19:15:51+08:00,
Buckingham Bull,BUCKINGBULL | Buckingham Bull,https://www.buckingbull.com.au,Dining Out,2026-07-07T19:15:51+08:00,
Cheesecake Shop,CheesecakeShop | Cheesecake Shop,https://www.thecheesecakeshop.com.au,Retail,2026-07-07T19:15:51+08:00,
Star Liquor Centrepoint Innisfail,StarLiquorCentrepoinInnisfail | Star Liquor Centrepoint Innisfail,https://www.starliquor.com.au,Retail,2026-07-07T19:15:51+08:00,
Oliveri's Continental,OLIVERIS CONTINENTAL | Oliveri's Continental,https://www.oliveriscontinental.com.au,Dining Out,2026-07-07T19:15:51+08:00,
Rydges Hunter Valley,RydgesHunterValley | Rydges Hunter Valley,https://www.rydges.com/accommodation/hunter-valley/,Travel,2026-07-07T19:15:51+08:00,
Hooves Paws And Claws,Hooves Paws And Claws,https://www.hoovespawsandclaws.com.au,Pet Care,2026-07-07T19:14:58+08:00,
Avalon Beach RSL Club,Avalon Beach R S L C | Avalon Beach RSL Club,https://www.avalonbeachrsl.com.au,Entertainment,2026-07-07T19:14:58+08:00,
Ozigo Centre,OZIGO CENTRE,https://www.ozigocentre.com.au,Health,2026-07-07T19:14:58+08:00,
OTR Port Augusta,OTR PORT AUGUSTA,https://www.otr.com.au,Automotive,2026-07-07T19:14:58+08:00,
Code B Espresso,CODE B ESPRESSO,https://www.codebespresso.com.au,Dining Out,2026-07-07T19:14:58+08:00,
Metro Shelley Beach,METRO SHELLEY BEACH,https://maps.google.com/?q=Metro+Shelley+Beach+50+Shelly+Beach+Road,Automotive,2026-07-07T19:14:58+08:00,
Stratton Park Pharmacy,STRATTON PARK PHARM | Stratton Park Pharmacy,https://maps.google.com/?q=Stratton+Park+Pharmacy,Health,2026-07-07T19:14:58+08:00,
Turbo Sushi,TURBO SUSHI,https://www.turbosushi.com.au,Dining Out,2026-07-07T19:14:58+08:00,
Wenty Kebabs N Pizza,WENTY KEBABS N PIZZA,https://www.google.com/maps/search/Wenty+Kebabs+N+Pizza+Wentworthville,Dining Out,2026-07-07T19:14:06+08:00,
Hooper Coffee House,HOOPER COFFEE HOUSE,https://www.hoopercoffeehouse.com,Dining Out,2026-07-07T19:14:06+08:00,
Noodle Box,NOODLE BOX STONES CN | Noodlebox | Noodle Box,https://www.noodlebox.com.au,Dining Out,2026-07-07T19:14:06+08:00,
Choice Marsden Park,CHOICE MARSDEN PARK,https://www.choicehotels.com/,Travel,2026-07-07T19:14:06+08:00,
Speedway,SPEEDWAY GREEN VLLY | SPEEDWAY CABRAMATTA | SPEEDWAY SMITHFIELD | SPEEDWAY SACKVILLE | SPEEDWAY GRANVILLE | Speedway,https://www.speedway.com/,Automotive,2026-07-07T19:14:06+08:00,
Liquor Stax,LIQUOR STAX,https://www.liquorstax.com.au,Retail,2026-07-07T19:14:06+08:00,
Mackillop College,MACKILLOP COLLEGE,https://www.mackillop.wa.edu.au,Education,2026-07-07T19:14:06+08:00,
Funland Australia,FUNLAND AUSTRALIA,https://www.funland.com.au,Entertainment,2026-07-07T19:14:06+08:00,
Watsons Chemists,WATSONS CHEMISTS,https://www.watsons.com.au,Health,2026-07-07T19:14:06+08:00,
Sushi Kura,SUSHI KURA,https://www.sushikura.com.au,Dining Out,2026-07-07T19:14:06+08:00,
Foodworks Koonawarra,FOODWORKS KOONAWARR | Foodworks Koonawarra,https://www.foodworks.com.au/,Groceries,2026-07-07T19:14:06+08:00,
Asian Food Group,ASIAN FOOD GROUP PTY | Asian Food Group,https://www.asianfoodgroup.com.au,Groceries,2026-07-07T19:13:14+08:00,
Cafe Dlish,CAFE DLISH,https://www.cafedish.com.au,Dining Out,2026-07-07T19:13:14+08:00,
Rooster East,ROOSTER EAST,https://www.roosterseast.com.au,Dining Out,2026-07-07T19:13:14+08:00,
Tamborine Mountain Bakery,TAMBORINE MT BAKERY | Tamborine Mountain Bakery,https://www.tamborinemountainbakery.com.au,Dining Out,2026-07-07T19:13:14+08:00,
RI Pharmacy Pty Ltd,RI PHARMACY PTY LTD,https://www.ripharmacy.com.au,Health,2026-07-07T19:13:14+08:00,
Legends Barber Shop,LEGENDS BARBER SHOP,https://www.legendsbarbershop.com.au,Personal Care,2026-07-07T19:13:14+08:00,
Pho Express Redbank,PHO EXPRESS REDBANK,https://www.google.com/maps/search/Pho+Express+Redbank,Dining Out,2026-07-07T19:13:14+08:00,
Pillow Talk,PILLOW TALK PTY LTD | Pillow Talk,https://www.pillowtalk.com.au,Retail,2026-07-07T19:13:14+08:00,
Khans Supa IGA,KHANS SUPA IGA,https://www.iga.com.au/,Groceries,2026-07-07T19:13:14+08:00,
Sushi on Spring Hill,SUSHI ON SPRING HILL,https://www.sushionspringhill.com.au,Dining Out,2026-07-07T19:13:14+08:00,
Pilot Station Pizza,Pilot Station Piz | Pilot Station Pizza,https://www.pilotstationpizza.com,Dining Out,2026-07-07T19:12:22+08:00,
DNA Catering Pty Ltd,D N A Catering Pty Ltd | DNA Catering Pty Ltd,https://www.dnacatering.com.au,Dining Out,2026-07-07T19:12:22+08:00,
Fuel Direct,FUEL DIRECT,https://www.fueldirect.com.au,Automotive,2026-07-07T19:12:22+08:00,
Ismail's Halal Meat,ISMAIL'S HALAL MEAT,https://www.ismailshalalmeat.com.au,Groceries,2026-07-07T19:12:22+08:00,
Bacchus Marsh Lotto,BACCHUS MARSH LOTTO,https://www.bacchusmarshlotto.com.au,Gambling,2026-07-07T19:12:22+08:00,
Wiz Phy,WIZ PHY,https://www.wizphy.com,Health,2026-07-07T19:12:22+08:00,
TSG Toowoomba South,TSG TOOWOOMBA SOUTH,https://www.tsg.com.au/,Retail,2026-07-07T19:12:22+08:00,
Metro,METRO WEST WALLSEND | Metro,https://www.metro.com.au/,Automotive,2026-07-07T19:12:22+08:00,
Townsville Bake Inn,TOWNSVILLE BAKE INN,https://www.townsvillebakeinn.com.au,Dining Out,2026-07-07T19:12:22+08:00,
Central News,CENTRAL NEWS,https://www.centralnews.com.au,Information,2026-07-07T19:12:22+08:00,
Lincraft,LINCRAFT DANDENONG | Lincraft,https://www.lincraft.com.au,Retail,2026-07-07T19:11:28+08:00,
Kinglake Supermarket,KINGLAKE SUPERMARKE | Kinglake Supermarket,https://www.kinglakesupermarket.com.au,Groceries,2026-07-07T19:11:28+08:00,
National Pharmacies,NATIONAL PHARMACIES,https://www.nationalpharmacies.com.au,Health,2026-07-07T19:11:28+08:00,
Star Chemist Caloundra,STARCHEMISTCALOUNDRA | Star Chemist Caloundra,https://www.starchemist.com.au,Health,2026-07-07T19:11:28+08:00,
United Croydon North,UNITED CROYDON NORTH,https://www.unitedpetroleum.com.au/,Automotive,2026-07-07T19:11:28+08:00,
All Day Vending Pty Ltd,ALL DAY VENDING PTY LTD,https://www.alldayvending.com.au,Retail,2026-07-07T19:11:28+08:00,
St Vincent de Paul Society,ST VIN DE PAUL SOC | St Vincent De Paul S | St Vincent De Paul Soc | St Vincent de Paul Society,https://www.vinnies.org.au,Donations,2026-07-07T19:11:28+08:00,
Hart Retail Group,Hart Retail Group,https://www.hartretailgroup.com.au,Retail,2026-07-07T19:11:28+08:00,
Oz Nails & Beauty Supply,Oz Nails &amp; Beauty Sup | Oz Nails & Beauty Supply,https://www.oznailsbeauty.com.au,Personal Care,2026-07-07T19:11:28+08:00,
K Cafe Group Pty Ltd,K Cafe Group Pty Ltd,https://www.kcafe.com.au,Dining Out,2026-07-07T19:11:28+08:00,
Le Sands Cafe,Le Sands Cafe,https://lesandscafe.com.au,Dining Out,2026-07-07T19:11:28+08:00,
Chief N Co,Sq *Chief N Co | Chief N Co,https://www.chiefandco.com.au,Dining Out,2026-07-07T19:11:28+08:00,
Cafe Eighty Six,Cafe Eighty Six,https://www.cafeeightysix.com.au,Dining Out,2026-07-07T19:11:28+08:00,
Tanilba Bay Tyres,Tanilba Bay Tyres,https://www.tanilbabaytyres.com.au,Automotive,2026-07-07T19:11:28+08:00,
OTR Berrimah Truck Stop,OTR BERRIMAH TRUCK | OTR Berrimah Truck Stop,https://www.otr.com.au/locations/berrimah-truck-stop,Automotive,2026-07-07T19:10:33+08:00,
Sheppard Road Pharmacy,SHEPPARD ROAD PHARMA | Sheppard Road Pharmacy,https://maps.google.com/?q=Sheppard+Road+Pharmacy+Emu+Plains+NSW,Health,2026-07-07T19:10:33+08:00,
Golden Mine Restaurant,GOLDEN MINE RESTAURA | Golden Mine Restaurant,https://www.google.com/maps/search/Golden+Mine+Restaurant+Charters+Towers,Dining Out,2026-07-07T19:10:33+08:00,
Nextra Marlin Coast,NEXTRA MARLIN COAST,https://www.nextra.com.au,Information,2026-07-07T19:10:33+08:00,
Bootsmith,BOOTSMITH MCDOWALL | Bootsmith,https://www.bootsmith.com.au,Retail,2026-07-07T19:10:33+08:00,
Springs Pharmacy Caroline Springs,SPRINGS PHARMACY CAROLINE SPRING | Springs Pharmacy Caroline Springs,https://www.springspharmacy.com.au,Health,2026-07-07T19:10:33+08:00,
Neighbours Variety Supper,NEIGHBOURS VARIETY SUPPER,https://www.google.com/maps/search/?api=1&query=Neighbours+Variety+Supper+Coom+QLD,Department Stores,2026-07-07T19:10:33+08:00,
Orchid Beach Trade,ORCHID BEACH TRADE,https://www.orchidbeachtrade.com.au,Home Improvement,2026-07-07T19:10:33+08:00,
United Petrol,UNITED PETROL,https://www.unitedpetrol.com.au,Automotive,2026-07-07T19:10:33+08:00,
Kawungan Quality Meats,KAWUNGAN QUALITY MEA | Kawungan Quality Meats,https://www.kawunganqualitymeats.com.au,Groceries,2026-07-07T19:10:33+08:00,
OTR Woodville Park,OTR WOODVILLE PARK,https://www.otr.com.au,Automotive,2026-07-07T19:10:33+08:00,
Asian Delic Cuisine,ASIAN DELIC CUISINE,https://www.google.com/maps/search/Asian+Delic+Cuisine+Strathpine,Dining Out,2026-07-07T19:10:33+08:00,
Pelican Rocks Restaurant,PELICAN ROCKS REST | Pelican Rocks Restaurant,https://www.pelicanrocks.com.au,Dining Out,2026-07-07T19:10:33+08:00,
Foodtown,FOODTOWN,https://www.foodtown.com.au,Groceries,2026-07-07T19:10:33+08:00,
Liberty Dalyellup,LIBERTY DALYELLUP,https://www.libertydalyellup.com.au,Automotive,2026-07-07T19:10:33+08:00,
King Krust Wholesale,KINGKRUST WHOLESALE | King Krust Wholesale,https://www.kingkrust.com.au,Groceries,2026-07-07T19:09:40+08:00,
Peter's Convenience Store,PETERS CONVNCE STORE | Peter's Convenience Store,https://www.petersconveniencestore.com.au,Groceries,2026-07-07T19:09:40+08:00,
Burleigh Garden Supplies,BURLEIGH GARDEN SUPP | Burleigh Garden Supplies,https://burleighgardensupplies.com.au,Home Improvement,2026-07-07T19:09:40+08:00,
Top Meats,TOP MEATS,https://www.topmeats.com.au,Groceries,2026-07-07T19:09:40+08:00,
Fish City Aquarium,FISH CITY AQUARIUM,https://www.fishcityaquarium.com.au,Pet Care,2026-07-07T19:09:40+08:00,
Last Chance Tavern,LAST CHANCE TAVERN,https://www.facebook.com/LastChanceTavernSouthHedland/,Dining Out,2026-07-07T19:09:40+08:00,
Ralphs Day Night Pharmacy,RALPHS DAY NIGHT PHA | Ralphs Day Night Pharm | Ralphs Day Night Pharmacy,https://www.ralphsdaynightpharmacy.com.au,Health,2026-07-07T19:09:40+08:00,
Neighbours Variety Store,NEIGHBOURS VARIETY | Neighbours Variety Store,https://www.google.com/maps/search/?api=1&query=Neighbours+Variety+Store+Redland+Bay+QLD,Department Stores,2026-07-07T19:09:40+08:00,
IGA Hawthorn Store,IGA HAWTHORN STORE,https://www.iga.com.au,Groceries,2026-07-07T19:09:40+08:00,
Doblo's Farmers Market,DOBLO S FARMERS MARK | Doblo's Farmers Market,https://www.doblosfarmersmarket.com.au,Groceries,2026-07-07T19:09:40+08:00,
SPAR Express Kawunga,SPAR EXPRESS KAWUNGA,https://www.spar.co.za/,Groceries,2026-07-07T19:08:34+08:00,
Neverland Store,NEVERLAND STORE,https://www.neverlandstore.com.au,Retail,2026-07-07T19:08:34+08:00,
Khan's Curry Delight,KHANS CURRY DELIGHT | Khan's Curry Delight,https://www.khanscurrydelight.com.au,Dining Out,2026-07-07T19:08:34+08:00,
Top Dog Tobacconist,TOP DOG TOBACCONIST,https://www.topdogtobacconist.com.au,Pet Care,2026-07-07T19:08:34+08:00,
Free Choice Stores,FREE CHOICE STORES,https://www.freechoicestores.com.au,Retail,2026-07-07T19:08:34+08:00,
Silver Dragon Restaurant,SLVR DRGN RESTAURANT | Silver Dragon Restaurant,https://www.silverdragonrestaurant.com.au,Dining Out,2026-07-07T19:07:39+08:00,
Lake Road Pharmacy,LAKE ROAD PHARMACY,https://maps.google.com/?q=Lake+Road+Pharmacy+Port+Macquarie,Health,2026-07-07T19:07:39+08:00,
Greenway Meat and Food,GREENWAY MEAT AND FD | Greenway Meat and Food,https://www.google.com/maps/search/?api=1&query=Greenway+Meat+and+Food+Strathfield,Dining Out,2026-07-07T19:07:39+08:00,
JK Catering Service,JK CATERING SERVICE,https://www.jkcateringservice.com.au,Dining Out,2026-07-07T19:07:39+08:00,
Choice Pharmacy Spring Farm,CHOICE PHARM SPNGFAR | Choice Pharmacy Spring Farm,https://www.choicepharmacy.com.au,Health,2026-07-07T19:07:39+08:00,
Kongfu Dumpling,KONGFU DUMPLING PL | Kongfu Dumpling,https://www.kongfudumpling.com.au,Dining Out,2026-07-07T19:07:39+08:00,
Brooklyn Donut Coffee,BROOKLYN DONUT COFFE | Brooklyn Donut Coffee | BROOKLYN DONUT AND COFFEE CO PTY LTD | Brooklyn Donut And Coffee | BROOKLYN DONUT AND COFFEE CO,https://www.brooklyndonutcoffee.com.au,Dining Out,2026-07-10T09:53:09+08:00,
Lagoona Restaurant,LAGOONA RES RESTAURA | Lagoona Restaurant,https://www.lagoonarestaurant.com.au,Dining Out,2026-07-07T19:07:39+08:00,
Old Moey Motel Hotel,OLD MOEY MOTEL HOTEL,https://www.oldmoeymotel.com.au,Travel,2026-07-07T19:07:39+08:00,
The Rosemount Hotel,The Rosemount Hotel,https://www.rosemounthotel.com.au,Travel,2026-07-07T19:06:43+08:00,
Yang Guo Fu Hot Pot,Yang Guo Fu Hot Pot,https://www.yangguofuhotpot.com.au,Dining Out,2026-07-07T19:06:43+08:00,
La Manna & Sons,La Manna & Sons,https://www.lamannaandsons.com.au,Groceries,2026-07-07T19:06:43+08:00,
Archie's All Day,Archie's All Day,https://www.archiesallday.com.au,Dining Out,2026-07-07T19:06:43+08:00,
Best Price,Best Price,https://www.bestprice.com.au,Retail,2026-07-07T19:06:43+08:00,
Aqua Valet Car Wash,Aqua Valet Car Wash,https://www.aquavalet.com.au,Automotive,2026-07-07T19:06:43+08:00,
Angle Park Veterinary Clinic,Angle Park Vetclinic | Angle Park Veterinary Clinic,https://angleparkvet.com.au,Pet Care,2026-07-07T19:06:43+08:00,
Davoren Park Deli One,Davoren Park Deli One,https://www.google.com/maps/search/?api=1&query=Davoren+Park+Deli+One+Davoren+Park,Groceries,2026-07-07T19:06:43+08:00,
Playford Tavern,Playford Tavern,https://www.playfordtavern.com.au,Dining Out,2026-07-07T19:06:43+08:00,
Lucky Crow Lotto,Lucky Crow Lotto,https://www.luckycrowlotto.com.au,Gambling,2026-07-07T19:06:43+08:00,
MDC Entertainment,MDC ENTERTAINMENT,https://www.mdc.com.au,Entertainment,2026-07-07T19:06:43+08:00,
Aussie Pizza Raymond Terrace,AUSSIE PIZZA RAYMOND | Aussie Pizza Raymond Terrace,https://www.aussiepizza.com.au,Dining Out,2026-07-07T19:06:43+08:00,
Hoppers Convenience,HOPPERS CONVENIENCE,https://www.google.com/maps/search/?api=1&query=Hoppers+Convenience+Hoppers+Crossing+VIC,Groceries,2026-07-07T19:06:43+08:00,
The Rogue Scholar,The Rogue Scholar,https://www.theroguescholar.com.au,Dining Out,2026-07-07T19:05:49+08:00,
Best Nail Bar,Best Nail Bar,https://www.bestnailbar.com.au,Personal Care,2026-07-07T19:05:49+08:00,
Eastern United FC,Eastern United Fc,https://www.easternunitedfc.com.au,Entertainment,2026-07-07T19:05:49+08:00,
Big Bucket Car Wash,Big Bucket Car Wash,https://www.bigbucketselfserve.com.au/,Automotive,2026-07-07T19:05:49+08:00,
Coopers Alehouse,Coopers Alehouse,https://www.coopersalehouse.com.au,Dining Out,2026-07-07T19:05:49+08:00,
Rolling Schnitzel,Rolling Schnitzel,https://www.rollingschnitzel.com.au,Dining Out,2026-07-07T19:05:49+08:00,
West Lakes Lotteries,West Lakes Lotteries,https://www.westlakeslotteries.com.au,Gambling,2026-07-07T19:05:49+08:00,
ECQ Fruit World,Ecq Fruit World,https://www.ecqfruitworld.com.au,Groceries,2026-07-07T19:05:49+08:00,
Caffe & Co,Caffe & Co,https://www.caffeandco.com.au,Dining Out,2026-07-07T19:05:49+08:00,
Niko Niko Sushi,Niko Niko Sushi,https://www.nikonikosushi.com.au,Dining Out,2026-07-07T19:05:49+08:00,
George's Cafe,George's Cafe,https://www.google.com/maps/search/?api=1&query=George%27s+Cafe+Greenacre,Dining Out,2026-07-07T19:05:49+08:00,
OHW Media Pty Ltd,Sq *Ohw Media Pty Ltd | OHW Media Pty Ltd,https://www.ohwmedia.com.au,Information,2026-07-07T19:05:49+08:00,
The Nook Bakery and Cafe,The Nook Bakery And Cablakeview Sa Au | The Nook Bakery and Cafe,https://www.thenookbakery.com.au,Dining Out,2026-07-07T19:05:49+08:00,
Sergio's,Ls Sergios | Sergio's,https://www.sergios.com.au,Dining Out,2026-07-07T19:05:49+08:00,
IGA,Iga Rooty Hill North | IGA,https://www.iga.com.au/,Groceries,2026-07-07T19:05:49+08:00,
Chicken Depot,Chicken Depot,https://www.chickendepot.com.au,Dining Out,2026-07-07T19:05:49+08:00,
Google,GOOGLE,https://pay.google.com,Information,2026-07-07T19:04:53+08:00,
Rotary Club of Holdfast Bay,Rotary Club of Holdfa | Rotary Club of Holdfast Bay,https://www.rotary.org/en/club/holdfast-bay,Entertainment,2026-07-07T19:04:53+08:00,
Big W,BIG W,https://www.bigw.com.au,Department Stores,2026-07-07T19:04:53+08:00,
Palms on Oxford,PALMS ON OXFORD,https://www.palmsonoxford.com.au,Dining Out,2026-07-07T19:04:53+08:00,
Anytime Fitness,Anytime Fitness,https://www.anytimefitness.com,Gyms and other memberships,2026-07-07T19:04:53+08:00,
Hair Care Mens,Hair Care Mens,https://www.google.com/maps/search/?api=1&query=Hair+Care+Mens+Strathfield,Personal Care,2026-07-07T19:04:53+08:00,
Golden Plus Mini Mart,Golden Plus Mini Mart,https://www.google.com/maps/search/?api=1&query=Golden+Plus+Mini+Mart+Surfers+Paradise,Groceries,2026-07-07T19:04:53+08:00,
The Corner Pantry Cafe,The Corner Pantry Cafe,https://www.thecornerpantrycafe.com.au,Dining Out,2026-07-07T19:04:53+08:00,
The Elanora Hotel,THE ELANORA HOTEL,https://www.elanorahotel.com.au,Travel,2026-07-07T19:04:53+08:00,
Coffs News Agency,COFFS NEWS AGENCY,https://www.coffsnewsagency.com.au,Information,2026-07-07T19:04:53+08:00,
Caffeine Hit Cafe,CAFFEINE HIT CAFE,https://www.caffeinehitcafe.com.au,Dining Out,2026-07-07T19:04:53+08:00,
Coffee Queens,COFFEE QUEENS,https://www.coffeequeens.com.au,Dining Out,2026-07-07T19:04:53+08:00,
Royal Jim's Barber,Royal Jim's Barber,https://www.royaljimsbarber.com,Personal Care,2026-07-07T19:04:53+08:00,
Envision Health and Fitness,ENVISION HEALTH AND FITNE | Envision Health and Fitness,https://www.envisionhealthandfitness.com.au,Health,2026-07-07T19:04:53+08:00,
Tall Timber Cafe,Tall Timber Cafe,https://www.talltimbercafe.com.au,Dining Out,2026-07-07T19:04:53+08:00,
The Bartley Tavern,The Bartley Tavern,https://www.thebartleytavern.com.au,Dining Out,2026-07-07T19:04:53+08:00,
Mawson Lakes Hotel,Mawson Lakes Hotel,https://www.mawsonlakeshotel.com.au,Travel,2026-07-07T19:04:53+08:00,
LS Noodle Hut,Ls Noodle Hut,https://www.google.com/maps/search/Ls+Noodle+Hut+Emerton,Dining Out,2026-07-07T19:04:53+08:00,
Metro Collingwood,METRO COLLINGWOOD,https://www.metro.com.au/,Automotive,2026-07-07T19:03:58+08:00,
Alfaraj Butchery,ALFARAJ BUTCHERY,https://www.alfarajbutchery.com.au,Groceries,2026-07-07T19:03:58+08:00,
SPAR Xpress Granville,SPAR XPRESS GRANVILL | SPAR Xpress Granville,https://www.spar.com.au/,Groceries,2026-07-07T19:03:58+08:00,
Essent Beauty,ESSENT BEAUTY,https://essentbeauty.com.au,Personal Care,2026-07-07T19:03:58+08:00,
Chefs Buffet,Chefs Buffet,https://www.chefsbuffet.com.au,Dining Out,2026-07-07T19:03:58+08:00,
Isushi Banksia Grove,ISUSHI BANKSIA GROVE,https://www.isushi.com.au,Dining Out,2026-07-07T19:03:58+08:00,
Collins Booksellers,Collins Booksellers,https://www.collinsbooks.com.au/,Retail,2026-07-07T19:03:58+08:00,
Mercure Charlestown,Mercure Charlestown,https://all.accor.com/hotel/1659/index.en.shtml,Travel,2026-07-07T19:03:58+08:00,
Wendouree Lotto Agency,WENDOUREE LOTTO AGEN | Wendouree Lotto Agency,https://www.wendoureelotto.com.au,Gambling,2026-07-07T19:03:58+08:00,
Ladbrokes,Ladbrokes.Com.Au | Ladbrokes,https://www.ladbrokes.com.au,Gambling,2026-07-07T19:03:58+08:00,
Opera Convenience Store,Opera Convenience Store,https://www.google.com/maps/search/?api=1&query=Opera+Convenience+Store+Sydney,Groceries,2026-07-07T19:03:58+08:00,
Discount Jeans,DISCOUNT JEANS,https://www.discountjeans.com.au,Retail,2026-07-07T19:03:02+08:00,
Pattons Discount Meat,PATTONS DISCOUNT MEAT,https://www.pattonsdiscountmeat.com.au,Groceries,2026-07-07T19:03:02+08:00,
Cignall Logan Village,CIGNALL LOGAN VILLAG | Cignall Logan Village,https://www.cignall.com.au,Retail,2026-07-07T19:03:02+08:00,
Drakes Elizabeth Park,DRAKES ELIZABETH PAR | Drakes Elizabeth Park,https://www.drakes.com.au/,Groceries,2026-07-07T19:03:02+08:00,
Your Pharmacy Chinchilla,YOUR PHARMACY CHINCH | Your Pharmacy Chinchilla,https://www.yourpharmacy.com.au,Health,2026-07-07T19:03:02+08:00,
Underwood Seafood,UNDERWOOD SEAFOOD,https://www.underwoodseafood.com.au,Groceries,2026-07-07T19:03:02+08:00,
Taylor Hotels,TAYLOR HOTELS,https://www.taylorhotels.com.au,Travel,2026-07-07T19:03:02+08:00,
Sushi Paradise Logan,Sushi Paradise Logan,https://www.sushiparadiselogan.com.au,Dining Out,2026-07-07T19:03:02+08:00,
Cocktails and Dreams,COCKTAILS AND DREAMS,https://www.cocktailsanddreams.com.au,Dining Out,2026-07-07T19:03:02+08:00,
Mr Grazier,MR GRAZIER DOCKLANDS | Mr Grazier,https://www.mrgrazier.com.au,Dining Out,2026-07-07T19:03:02+08:00,
Cranbourne Kebab House,Cranbourne Kebab Hou | Cranbourne Kebab House,https://www.google.com/maps/search/Cranbourne+Kebab+House,Dining Out,2026-07-07T19:02:07+08:00,
Super Butcher,SUPER BUTCHER,https://www.superbutcher.com.au,Groceries,2026-07-07T19:02:07+08:00,
Super Clean Laundromat,Super Clean Laundrom | Super Clean Laundromat,https://www.supercleanlaundromat.com.au,Retail,2026-07-07T19:02:07+08:00,
Sin City Nightclub,SINCITY NIGHTCLUB | Sin City Nightclub,https://www.sincitynightclub.com.au,Entertainment,2026-07-07T19:02:07+08:00,
Cellarbrations at Blackmans Bay,CELLARBRATIONS AT BABLACKMANS BAY | Cellarbrations at Blackmans Bay,https://www.cellarbrations.com.au/,Retail,2026-07-07T19:02:07+08:00,
Docklands Lotto,DIST DOCKLANDS LOTTO | Docklands Lotto,https://www.docklandslotto.com.au,Gambling,2026-07-07T19:02:07+08:00,
Mudgeeraba Butchery,MUDGEERABA BUTCHERY,https://www.mudgeerababutchery.com.au,Groceries,2026-07-07T19:02:07+08:00,
Frenchs Forest Kitchen,FRENCHS FOREST KITCH | Frenchs Forest Kitchen,https://www.frenchsforestkitchen.com.au,Dining Out,2026-07-07T19:02:07+08:00,
Liberty Fuel,LIBERTY FUEL,https://www.libertyfuel.com.au,Automotive,2026-07-07T19:02:07+08:00,
Jadin Chemist Express,JADIN CHEMIST EXPRES | Jadin Chemist Express,https://www.jadinchemist.com.au,Health,2026-07-07T19:02:07+08:00,
Kingswood MC Pharmacy,Kingswood MC Pharmac | Kingswood MC Pharmacy,https://maps.google.com/?q=Kingswood+MC+Pharmacy+Orchard+Hills,Health,2026-07-07T19:02:07+08:00,
Cranbourne Football Club,Cranbourne Football | Cranbourne Football Club,https://www.cranbournefootballclub.com.au,Entertainment,2026-07-07T19:02:07+08:00,
Chermside Fish Market,CHERMSIDE FISH MARKE | Chermside Fish Market,https://www.chermsidefishmarket.com.au,Groceries,2026-07-07T19:01:13+08:00,
Pitstop Wash,PITSTOP WASH,https://www.pitstopwash.com.au,Automotive,2026-07-07T19:01:13+08:00,
SMGB Hollywood Plaza,SMGB Hollywood Plaza,https://www.hollywoodplaza.com.au,Retail,2026-07-07T19:01:13+08:00,
Mountview Bakehouse,Mountview Bakehouse,https://www.mountviewbakehouse.com.au,Dining Out,2026-07-07T19:01:13+08:00,
Warilla Bowls & Recreation Club,WARILLA BOWLS & RECR | Warilla Bowls & Recreation Club,https://www.warillabowls.com.au,Entertainment,2026-07-07T19:01:13+08:00,
Evettes Lunchbox,EVETTES LUNCHBOX,https://www.evetteslunchbox.com.au,Dining Out,2026-07-07T19:01:13+08:00,
Rhumbras at Southgate,RHUMBAS AT SOUTHGATE | Rhumbras at Southgate,https://www.rhumbras.com.au,Dining Out,2026-07-07T19:01:13+08:00,
Replenish Food and Beverage,Replenish Food and B | Replenish Food and Beverage,https://www.replenishfoodandbeverage.com.au,Dining Out,2026-07-07T19:01:13+08:00,
Bellissimo Coffee,BELLISSIMO COFFEE,https://www.bellissimocoffee.com.au,Dining Out,2026-07-07T19:01:13+08:00,
Springfield Lakes IGA,SPRINGFIELD LAKES IG | Springfield Lakes IGA,https://www.iga.com.au,Groceries,2026-07-07T19:01:13+08:00,
Dusk Australasia,DUSK AUSTRALASIA PTY | Dusk Australasia,https://www.dusk.com.au,Retail,2026-07-07T19:00:19+08:00,
Carousel Lottery,CAROUSEL LOTTERY,https://www.carousellottery.com.au,Gambling,2026-07-07T19:00:19+08:00,
Harry's Cafe de Wheels,Harrys Cafe De Wheel | Harrys Cafe De Wheels | Harry's Cafe de Wheels,https://www.harryscafedewheels.com.au,Dining Out,2026-07-07T19:00:19+08:00,
Bourke Street Bakery,BOURKE STREET BAKERY,https://www.bourkestreetbakery.com.au,Dining Out,2026-07-07T19:00:19+08:00,
Foodworks Lakes Entrance,FOODWORKS LAKES ENTR | Foodworks Lakes Entrance,https://www.foodworks.com.au/,Groceries,2026-07-07T19:00:19+08:00,
Bundy Tobacconist,BUNDY TOBACCONIST,https://www.bundytobacconist.com.au,Retail,2026-07-07T19:00:19+08:00,
The Lakes Entertainment,The Lakes Entertainm | The Lakes Entertainment,https://thelakesentertainment.com.au,Entertainment,2026-07-07T19:00:19+08:00,
St Laurence's College,ST LAURENCES COLLEGE | St Laurence's College,https://www.stlaurence.qld.edu.au,Education,2026-07-07T19:00:19+08:00,
Italianissimo Pizza,ITALIANISSIMO PIZZA,https://www.italianissimopizza.com.au,Dining Out,2026-07-07T19:00:19+08:00,
NightOwl,NIGHTOWL MADDINGTON | NIGHTOWL BUNDABERG | NightOwl,https://www.nightowl.com.au/,Groceries,2026-07-07T18:59:28+08:00,
Royal Restaurant,ROYAL RESTAURANT,https://www.royalrestaurant.com.au,Dining Out,2026-07-07T18:59:28+08:00,
Foodworld,Foodworld,https://www.foodworld.com.au,Groceries,2026-07-07T18:59:28+08:00,
Fishing Tackle Australia,FISHING TACKLE AUSTR | Fishing Tackle Australia,https://www.fishingtackleaustralia.com.au,Retail,2026-07-07T18:59:28+08:00,
Goodtime Kiddie Ride,Goodtime Kiddie Ride,https://www.goodtimekiddieride.com.au,Entertainment,2026-07-07T18:59:28+08:00,
Redlands Sporting Club,REDLANDS SPORTING CL | Redlands Sporting Club,https://www.redlandssportingclub.com.au,Entertainment,2026-07-07T18:59:28+08:00,
Yuen's Discount Fruit,YUENS DISCOUNT FRUIT | Yuen's Discount Fruit,https://www.yuensfruit.com.au,Groceries,2026-07-07T18:59:28+08:00,
Foodstore Riverview,FOODSTORE RIVERVIEW,https://www.foodstore.com.au,Groceries,2026-07-07T18:59:28+08:00,
Catalina World Asian,CATALINA WORLD ASIAN,https://www.catalinaworldasian.com.au,Groceries,2026-07-07T18:59:28+08:00,
Queanbeyan Auto Parts,QUEANBEYAN AUTO PART | Queanbeyan Auto Parts,https://www.queanbeyanautoparts.com.au,Automotive,2026-07-07T18:58:39+08:00,
Winners Circle Lotto,WINNERS CIRCLE LOTTE | Winners Circle Lotto,https://www.winnerscircle.com.au,Gambling,2026-07-07T18:58:39+08:00,
Porter House Hospital,PORTER HOUSE HOSPITA | Porter House Hospital,https://www.porterhousehospital.com.au,Health,2026-07-07T18:58:39+08:00,
Spinzone Laundromats,SPINZONE Laundromats,https://www.spinzonelaundromats.com.au,Retail,2026-07-07T18:58:39+08:00,
OTR Parafield Garden,OTR Parafield Garden,https://www.otr.com.au,Automotive,2026-07-07T18:58:39+08:00,
HYPEDC,HYPEDC FOUNTAINGATE | HYPEDC,https://www.hypedc.com,Retail,2026-07-07T18:58:39+08:00,
Southern Workwear,SOUTHERN WORKWEAR,https://www.southernworkwear.com.au,Retail,2026-07-07T18:58:39+08:00,
Gooding Automotive,GOODING AUTOMOTIVE,https://www.goodingautomotive.com.au,Automotive,2026-07-07T18:58:39+08:00,
Albany Vegetable Export,ALBANY VEGETABLE EXP | Albany Vegetable Export,https://www.albanyvegetableexport.com,Groceries,2026-07-07T18:58:39+08:00,
SPAR Express Coopers,SPAR EXPRESS COOPERS,https://www.spar.co.za/,Groceries,2026-07-07T18:58:39+08:00,
RSC Events,RSC EVENTS,https://www.rsc-events.com.au,Entertainment,2026-07-07T18:58:39+08:00,
Metro Petroleum,METRO PEAKHURST WEST | Metro Petrolleum | Metro Petroleum,https://www.metrofuels.com.au/,Automotive,2026-07-07T18:58:39+08:00,
Greyhound Racing New Birmingham,GREYHOUND RACING NEWBIRMINGHAM | Greyhound Racing New Birmingham,https://www.greyhoundracing.com,Entertainment,2026-07-07T18:58:39+08:00,
Highland Chempro,HIGHLAND CHEMPRO,https://www.chempro.com.au/,Health,2026-07-07T18:58:39+08:00,
Lee Massage & Acupuncture,LEE MASSAGE & ACUPUN | Lee Massage & Acupuncture,https://www.google.com/maps/search/Lee+Massage+%26+Acupuncture+East+Maitland,Personal Care,2026-07-07T18:58:39+08:00,
SPAR Express,SPAR EXPRESS,https://www.spar.co.za/,Groceries,2026-07-07T18:58:39+08:00,
SP Nutrition Warehouse,SP NUTRITION WAREHOU | SP Nutrition Warehouse,https://www.nutritionwarehouse.com.au,Retail,2026-07-07T18:57:48+08:00,
Nambucca Liquor Supply,NAMBUCCA LIQUOR SUPP | Nambucca Liquor Supply,https://www.nambuccaliquor.com.au,Retail,2026-07-07T18:57:48+08:00,
You Japanese Restaurant,YOU JAPANESE RESTAUR | You Japanese Restaurant,https://www.youjapaneserestaurant.com.au,Dining Out,2026-07-07T18:57:48+08:00,
Buckley Road Butcher,BUCKLEY ROAD BUTCHER,https://www.buckleyroadbutcher.com.au,Groceries,2026-07-07T18:57:48+08:00,
Railway Tobacconist,RAILWAY TOBACCONIST,https://www.railwaytobacconist.com.au,Retail,2026-07-07T18:57:48+08:00,
Whitsunday Seafood,Whitsunday Seafood,https://www.whitsundayseafood.com.au,Groceries,2026-07-07T18:57:48+08:00,
Ballarat Wildlife Park,Ballarat Wildlife | Ballarat Wildlife Park,https://wildlifepark.com.au,Entertainment,2026-07-07T18:57:48+08:00,
Shepherd's Bakehouse,SHEPHERDS BAKEHOUSE | Shepherd's Bakehouse,https://www.shepherdsbakehouse.com.au,Dining Out,2026-07-07T18:57:48+08:00,
Cube Laundry Pty Ltd,CUBE LAUNDRY PTY LTD,https://www.cubelaundry.com.au,Retail,2026-07-07T18:57:48+08:00,
Lakes Entrance Bowls Club,LAKES ENTRANCE BOWLS | Lakes Entrance Bowls Club,https://www.lakesentrancebowlsclub.com.au,Entertainment,2026-07-07T18:57:48+08:00,
Big Asia Supermarket,Big Asia Supermarket,https://www.bigasia.com.au,Groceries,2026-07-07T18:57:48+08:00,
Logan Village Family,Logan Village Family,https://www.loganvillagefamily.com.au,Health,2026-07-07T18:57:48+08:00,
Geelong West Medical,GEELONG WEST MEDICAL,https://www.geelongwestmedical.com.au,Health,2026-07-07T18:56:59+08:00,
Cignall Cranbourne,CIGNALL CRANBOURNE,https://www.cignall.com.au,Retail,2026-07-07T18:56:59+08:00,
Livelife Pharmacy,LIVELIFE PHARM | Livelife Pharmacy,https://www.livelifepharmacy.com.au,Health,2026-07-07T18:56:59+08:00,
Prestige Salon Supplies,Prestige Salon Suppl | Prestige Salon Supplies,https://www.prestigesalonsupplies.com.au,Personal Care,2026-07-07T18:56:59+08:00,
Hanson Pizza Restaurant,HANSON PIZZA RESTAUR | Hanson Pizza Restaurant,https://www.hansonpizza.com.au,Dining Out,2026-07-07T18:56:59+08:00,
Spincity Coin Laundry,Spincity Coin Laundr | Spincity Coin Laundry,https://www.spincity.com.au,Retail,2026-07-07T18:56:59+08:00,
Southlake Newsagency,SOUTHLAKE NEWSAGENCY,https://www.southlakenewsagency.com.au,Information,2026-07-07T18:56:59+08:00,
Glengala Superfresh,GLENGALA SUPERFRESH,https://www.glengalasuperfresh.com.au,Groceries,2026-07-07T18:56:59+08:00,
ProNail & Spa Studio,PRONAIL & SPA STUDIO,https://www.pronailandspastudio.com,Personal Care,2026-07-07T18:56:59+08:00,
Port Hacking Newsagency,PORT HACKING NEWSAGE | Port Hacking Newsagency,https://www.google.com/maps/search/?api=1&query=Port+Hacking+Newsagency+Caringbah+NSW,Information,2026-07-07T18:56:59+08:00,
Drakes Allenby Gardens,DRAKES ALLENBY GARDE | Drakes Allenby Gardens,https://www.drakes.com.au/,Groceries,2026-07-07T18:56:59+08:00,
Genovese Carbarn,GENOVESE CARBARN,https://www.genovesecarbarn.com.au,Automotive,2026-07-07T18:56:09+08:00,
West Burleigh Bakery,West Burleigh Bakery,https://www.google.com/maps/search/West+Burleigh+Bakery,Dining Out,2026-07-07T18:56:09+08:00,
Lighthouse Takeaway,Lighthouse Takeaway,https://www.lighthousetakeaway.com.au,Dining Out,2026-07-07T18:56:09+08:00,
Petstock,PETSTOCK HOPPERS CRO | Petstock,https://www.petstock.com.au,Pet Care,2026-07-07T18:56:09+08:00,
Liberty Dandenong,LIBERTY DANDENONG,https://www.liberty.com.au,Automotive,2026-07-07T18:56:09+08:00,
Steve's Liquor,STEVES LIQUOR | Steve's Liquor,https://www.stevesliquor.com.au,Retail,2026-07-07T18:56:09+08:00,
Essential Beauty,ESSENTIAL BEAUTY,https://www.essentialbeauty.com.au,Personal Care,2026-07-07T18:56:09+08:00,
Edens Landing Doctor,Edens Landing Doctor,https://www.edenslandingdoctor.com.au,Health,2026-07-07T18:56:09+08:00,
Gobind Sweets,GOBIND SWEETS,https://www.gobindsweets.com.au,Dining Out,2026-07-07T18:56:09+08:00,
Cignall Collingwood,CIGNALL COLLINGWOOD,https://www.cignall.com.au,Retail,2026-07-07T18:56:09+08:00,
Bridgewater Hotel,Bridgewater Hotel,https://www.bridgewaterhotel.com.au,Travel,2026-07-07T18:56:09+08:00,
CanService Vending,CanService Vending,https://www.canservicevending.com.au,Retail,2026-07-07T18:56:09+08:00,
Hawthorn Road Bakery,Hawthorn Road Bakery,https://www.hawthornroadbakery.com.au,Dining Out,2026-07-07T18:56:09+08:00,
Matthews Petroleum,MATTHEWS PETROLEUM,https://www.matthewspetroleum.com.au,Automotive,2026-07-07T18:55:20+08:00,
Nike,Nike,https://www.nike.com,Retail,2026-07-07T18:55:20+08:00,
Macleay Island Hotel,Macleay Island Hotel,https://www.macleayislandhotel.com.au,Travel,2026-07-07T18:55:20+08:00,
South West Institute of TAFE,SOUTH WEST INSTITUTE | South West Institute of TAFE,https://www.southwesttafe.edu.au,Education,2026-07-07T18:55:20+08:00,
Endeavour Petroleum,ENDEAVOUR PETROLEUM,https://www.endeavourpetroleum.com.au,Automotive,2026-07-07T18:55:20+08:00,
Firebrand Sourdough,FIREBRAND SOURDOUGH,https://www.firebrandsourdough.com.au,Groceries,2026-07-07T18:55:20+08:00,
Currumbin Beach News,CURRUMBIN BEACH NEWS,https://www.currumbinbeachnews.com.au,Information,2026-07-07T18:55:20+08:00,
National Vending Corporation,National Vending Cor | National Vending Corporation,https://www.nationalvending.com.au,Retail,2026-07-07T18:55:20+08:00,
Gladstone Reef Hotel,Gladstone Reef Hotel,https://www.gladstonereefhotel.com.au,Travel,2026-07-07T18:54:32+08:00,
South Australian Amusement,South Australian Amu | South Australian Amusement,https://www.saamusement.com.au,Entertainment,2026-07-07T18:54:32+08:00,
Margaret River Veterinary Hospital,MARGARET RIVER VETER | Margaret River Veterinary Hospital,https://www.margaretrivervet.com.au,Pet Care,2026-07-07T18:54:32+08:00,
Station Newsagency,STATION NEWSAGENCY,https://maps.google.com/?q=Station+Newsagency+Hurstville,Information,2026-07-07T18:54:32+08:00,
Cash Converters,CASH CONV | CASH CONVERTERS,https://www.cashconverters.com.au,Retail,2026-07-07T18:54:32+08:00,
IGA Express Kangaroo,IGA EXPRESS KANGAROO,https://www.iga.com.au,Groceries,2026-07-07T18:54:32+08:00,
Kambalda West Pharmacy,KAMBALDA WEST PHARMA | Kambalda West Pharmacy,https://www.google.com/maps/search/Kambalda+West+Pharmacy,Health,2026-07-07T18:54:32+08:00,
Nutrition Warehouse,Nutrition Warehouse,https://www.nutritionwarehouse.com.au,Retail,2026-07-07T18:54:32+08:00,
Friendly Pharmacy Lake Munmorah,FRIENDLY PHARMACY LAKE MUNMORAH,https://www.friendlypharmacy.com.au/,Health,2026-07-07T18:54:32+08:00,
Bailey Road Pharmacy,BAILEY ROAD PHARMACY,https://maps.google.com/?q=Bailey+Road+Pharmacy+Deception+Bay,Health,2026-07-07T18:54:32+08:00,
Terry White Chemmart,TERRY WHITE CHEMMART,https://www.terrywhitechemmart.com.au,Health,2026-07-07T18:54:32+08:00,
Hong Xing Restaurant,HONG XING RESTAURANT,https://www.google.com/maps/search/Hong+Xing+Restaurant+Macquarie,Dining Out,2026-07-07T18:54:32+08:00,
Vendit Vending Services,Vendit Vending Servi | Vendit Vending Services,https://www.vendit.com.au,Retail,2026-07-07T18:54:32+08:00,
Carters Robe Tourist,CARTERS ROBE TOURIST,https://www.cartersrobe.com.au,Travel,2026-07-07T18:54:32+08:00,
Shannons Carwash,SHANNONS CARWASH,https://www.shannonscarwash.com.au,Automotive,2026-07-07T18:53:44+08:00,
Diamond Creek Barber,DIAMOND CREEK BARBER,https://www.google.com/maps/search/Diamond+Creek+Barber,Personal Care,2026-07-07T18:53:44+08:00,
Pelican Water Newsagency,PELICAN WATER NEWSAG | Pelican Water Newsagency,https://www.pelicanwaternewsagency.com.au,Information,2026-07-07T18:53:44+08:00,
Havana RnB Nightclub,Havana RnB nightclub,https://www.havananightclub.com.au,Entertainment,2026-07-07T18:53:44+08:00,
Showground Fish & Chips,SHOWGROUND FISH&CHIP | Showground Fish & Chips,https://www.google.com/maps/search/Showground+Fish+%26+Chips+Flemington,Dining Out,2026-07-07T18:53:44+08:00,
Game On Entertainment,GAME ON ENTERTAINMEN | Game On Entertainment,https://www.gameonentertainment.com.au,Entertainment,2026-07-07T18:53:44+08:00,
Mangles Corner Store,Mangles Corner Store,https://www.google.com/maps/search/Mangles+Corner+Store+South+Bunbury,Groceries,2026-07-07T18:53:44+08:00,
The Balcony Restaurant,The Balcony Restaura | The Balcony Restaurant,https://www.thebalconyrestaurant.com.au,Dining Out,2026-07-07T18:53:44+08:00,
Logan Reserve Bakehouse,Logan Reserve Bakeho | Logan Reserve Bakehouse,https://www.loganreservebakehouse.com.au,Dining Out,2026-07-07T18:53:44+08:00,
MGT Convenience,MGT Convenience,https://www.google.com/maps/search/?api=1&query=MGT+Convenience+Toongabbie,Groceries,2026-07-07T18:53:44+08:00,
Bargain Central,BARGAIN CENTRAL,https://www.bargaincentral.com.au,Department Stores,2026-07-07T18:53:44+08:00,
Chelsea Heights Bake,Chelsea heights bake,https://www.chelseaheightsbake.com.au,Dining Out,2026-07-07T18:53:44+08:00,
Footes,FOOTES LEICHHARDT | Footes,https://www.footes.com.au,Health,2026-07-07T18:53:44+08:00,
Chambers Coffee,Chambers Coffee,https://www.chamberscoffee.com.au,Dining Out,2026-07-07T18:53:44+08:00,
KFL Convenience Store,KFL CONVENIENCE STOR | KFL Convenience Store,https://www.google.com/maps/search/KFL+Convenience+Store+Doncaster,Groceries,2026-07-07T18:53:44+08:00,
Gladstone Fruit Shop,GLADSTONE FRUIT SHOP,https://www.google.com/maps/search/Gladstone+Fruit+Shop,Groceries,2026-07-07T18:52:55+08:00,
Sparkles Laundromat,sparkles laundromat,https://www.sparkleslaundromat.com.au,Retail,2026-07-07T18:52:55+08:00,
Flagstone Bakehouse,FLAGSTONE BAKEHOUSE,https://www.flagstonebakehouse.com.au,Dining Out,2026-07-07T18:52:55+08:00,
Free Choice Australia,Free Choice Australi | Free Choice Australia,https://www.freechoice.com.au,Retail,2026-07-07T18:52:55+08:00,
Sushi Sushi,SUSHI SUSHI,https://www.sushisushi.com.au,Dining Out,2026-07-07T18:52:55+08:00,
Asahi Beverages Australia,ASAHI BEVERAGES AUST | Asahi Beverages Australia,https://www.asahibeverages.com.au,Groceries,2026-07-07T18:52:55+08:00,2026-07-13T21:18:04+08:00
Dazzlers Car Wash,Dazzlers Car Wash,https://www.dazzlerscarwash.com.au,Automotive,2026-07-07T18:52:55+08:00,
Charcoal Chicken Cambridge,CHARCOAL CHICKEN CAM | Charcoal Chicken Cambridge,https://www.google.com/maps/search/Charcoal+Chicken+Cambridge,Dining Out,2026-07-07T18:52:55+08:00,
Merrylands West Pharmacy,MERRYLANDS WEST PHARM | Merrylands West Pharmacy,https://maps.google.com/?q=Merrylands+West+Pharmacy,Health,2026-07-07T18:52:55+08:00,
Chempro Chemist,CHEMPRO CHEMIST,https://www.chemprochemist.com.au,Health,2026-07-07T18:52:55+08:00,
Southland Lotteries,SOUTHLAND LOTTERIES,https://www.southlandlotteries.com.au,Gambling,2026-07-07T18:52:55+08:00,
Pasticceria Dolce,PASTICCERIA DOLCE,https://www.pasticceriadolce.com.au,Dining Out,2026-07-07T18:52:55+08:00,
The Liquid Library,THE LIQUID LIBRARY,https://theliquidlibrary.com.au,Retail,2026-07-07T18:52:08+08:00,
Gladstone Yacht Club,Gladstone Yacht Club,https://www.gladstoneyachtclub.com.au,Entertainment,2026-07-07T18:52:08+08:00,
Sourdough Bakehouse,SOURDOUGH BAKEHOUSE,https://www.sourdoughbakehouse.com.au,Dining Out,2026-07-07T18:52:08+08:00,
Smithfield Hotel,SMITHFIELD HOTEL PTY | Smithfield Hotel,https://www.smithfieldhotel.com.au,Travel,2026-07-07T18:52:08+08:00,
Express Carwash,Express Carwash,https://www.expresscarwash.com.au,Automotive,2026-07-07T18:52:08+08:00,
SG Tobacconist Thornlands,SG TOBACCONIST THORN | SG Tobacconist Thornlands,https://www.google.com/maps/search/SG+Tobacconist+Thornlands,Retail,2026-07-07T18:52:08+08:00,
Metro Maryborough,METRO MARYBOROUGH,https://www.metromaryborough.com.au,Automotive,2026-07-07T18:52:08+08:00,
Coffee Society,COFFEE SOCIETY,https://www.coffeesociety.com.au,Dining Out,2026-07-07T18:52:08+08:00,
Alive Pharmacy,ALIVE PHARMACY,https://www.alivepharmacy.com.au,Health,2026-07-07T18:52:08+08:00,
Bridgeport Hotel,BRIDGEPORT HOTEL,https://www.bridgeporthotel.com.au,Travel,2026-07-07T18:52:08+08:00,
Drakes Salisbury,DRAKES SALISBURY,https://www.drakes.com.au/,Groceries,2026-07-07T18:51:21+08:00,
Oishii Oishii Sushi,Oishii Oishii Sushi,https://www.oishii.com.au,Dining Out,2026-07-07T18:51:21+08:00,
Swanston St Takeaway,Swanston St Takeaway,https://www.google.com/maps/search/Swanston+St+Takeaway+South+Geelong,Dining Out,2026-07-07T18:51:21+08:00,
Abu Raby Supermarket,Abu Raby Supermarket,https://www.google.com/maps/search/Abu+Raby+Supermarket,Groceries,2026-07-07T18:51:21+08:00,
Munno Para Newsagency,MUNNO PARA NEWSAGENCSMITHFIELD | Munno Para Newsagency,https://www.munnoparanewsagency.com.au,Information,2026-07-07T18:51:21+08:00,
Liberty Clare Street,LIBERTY CLARE STREET,https://www.liberty.com.au/,Automotive,2026-07-07T18:51:21+08:00,
Battery World,Battery World,https://www.batteryworld.com.au/,Automotive,2026-07-07T18:51:21+08:00,
Southbank Beach News,SOUTHBANK BEACH NEWS,https://maps.google.com/?q=Southbank+Beach+News,Information,2026-07-07T18:51:21+08:00,
United Kingdom Hotel,United Kingdom Hotel,https://www.unitedkingdomhotel.com,Automotive,2026-07-07T18:51:21+08:00,
Paperboxx,PAPERBOXX,https://www.paperboxx.com.au,Retail,2026-07-07T18:50:34+08:00,
Clubhouse Bellvista,CLUBHOUSE BELLVISTA,https://www.clubhousebellvista.com.au,Entertainment,2026-07-07T18:50:34+08:00,
Strathpine Grocery,STRATHPINE GROCERY,https://www.google.com/maps/search/Strathpine+Grocery,Groceries,2026-07-07T18:50:34+08:00,
South Tamworth Bowling Club,STH TAMWORTH BOWLING | South Tamworth Bowling Club,https://www.southtamworthbowlingclub.com.au,Entertainment,2026-07-07T18:50:34+08:00,
Bottlemart Highgate,Bottlemart Highgate,https://www.bottlemart.com.au,Retail,2026-07-07T18:50:34+08:00,
Inlakesh Living Food,Inlakesh Living Food,https://inlakesh.com.au,Dining Out,2026-07-07T18:50:34+08:00,
Buckin' Bull,BUCKINGBULL-IPSWICH | Buckin' Bull,https://www.buckinbull.com.au,Dining Out,2026-07-07T18:50:34+08:00,
Blackwater Hotel Motel,BLACKWATER HOTEL MOT | Blackwater Hotel Motel,https://www.blackwaterhotelmotel.com.au,Travel,2026-07-07T18:50:34+08:00,
Kebab Zone,KEBAB ZONE,https://www.kebabzone.com.au,Dining Out,2026-07-07T18:50:34+08:00,
Martins Plaza Takeaway,MARTINS PLAZA TAKEAW | Martins Plaza Takeaway,https://www.google.com/maps/search/?api=1&query=Martins+Plaza+Takeaway+Parafield,Dining Out,2026-07-07T18:50:34+08:00,
Global Brands Outlet,Global Brands Outlet,https://www.globalbrandsoutlet.com.au,Retail,2026-07-07T18:50:34+08:00,
Kingsdene Pharmacy,KINGSDENE PHARMACY,https://www.kingsdenepharmacy.com.au,Health,2026-07-07T18:49:47+08:00,
Casey Supermarkets,CASEY SUPERMARKETS,https://www.caseysupermarkets.com.au,Groceries,2026-07-07T18:49:47+08:00,
Khans IGA Gerringong,KHANS IGA GERRINGONG,https://www.iga.com.au/,Groceries,2026-07-07T18:49:47+08:00,
The Hotel Queanbeyan,THE HOTEL QUEANBEYAN,https://thehotelqueanbeyan.com.au,Travel,2026-07-07T18:49:47+08:00,
Sanctuary Golf Resort,Sanctuary Golf Resor | Sanctuary Golf Resort,https://www.sanctuarygolfresort.com.au,Travel,2026-07-07T18:49:47+08:00,
Munmorah Liquor Supply,MUNMORAH LIQUOR SUPPLAKE | Munmorah Liquor Supply,https://www.google.com/maps/search/Munmorah+Liquor+Supply,Retail,2026-07-07T18:49:47+08:00,
Golden Nugget Bakery,Golden Nugget Bakery,https://www.goldennuggetbakery.com.au,Dining Out,2026-07-07T18:49:47+08:00,
Lighthouse Seafood,LIGHTHOUSE SEAFOOD,https://www.lighthouseseafood.com.au,Groceries,2026-07-07T18:49:47+08:00,
The Gem Bar and Dining,The Gem Bar And Dining,https://thegem.com.au,Dining Out,2026-07-07T18:48:59+08:00,
Ely Grocery,Ely Grocery,https://www.google.com/maps/search/?api=1&query=Ely+Grocery+Springvale,Groceries,2026-07-07T18:48:59+08:00,
Smoky Barbershop,Smoky Barbershop,https://www.smokybarbershop.com.au,Personal Care,2026-07-07T18:48:59+08:00,
V.T. Family Bakery,V. T Family Bakery,https://www.google.com/maps/search/?api=1&query=V.T.+Family+Bakery+Campbelltown,Dining Out,2026-07-07T18:48:59+08:00,
Goulburn Car Wash,Goulburn Car Wash,https://www.goulburncarwash.com.au,Automotive,2026-07-07T18:48:59+08:00,
Cobb and Co Carvery,Cobb And Co Carvery,https://www.cobbandco.com.au,Dining Out,2026-07-07T18:48:59+08:00,
Advanced Tel Pty Ltd,Advanced Tel Pty Ltd,https://www.advancedtel.com.au,Telecommunications,2026-07-07T18:48:59+08:00,
Dom's Pizza Parlour,Doms Pizza Parlour | Dom's Pizza Parlour,https://www.domspizza.com.au,Dining Out,2026-07-07T18:48:59+08:00,
Tweed River Seafoods,TWEED RIVER SEAFOODS,https://www.tweedriverseafoods.com.au,Groceries,2026-07-07T18:48:59+08:00,
Footbridge Fish & Chips,Footbridge Fish&Chip | Footbridge Fish & Chips,https://www.google.com/maps/search/Footbridge+Fish+%26+Chips+Lakes+Entrance,Dining Out,2026-07-07T18:48:59+08:00,
South Rocky Car Wash,South Rocky Car Wash,https://www.southrockycarwash.com.au,Automotive,2026-07-07T18:48:59+08:00,
East Maitland Bowling Club,EAST MAITLAND BOWLIN | East Maitland Bowling Club,https://www.eastmaitlandbowlingclub.com.au,Entertainment,2026-07-07T18:48:59+08:00,
Dynomite Climbing Gym,Dynomite Climbing Gy | Dynomite Climbing Gym,https://www.dynomiteclimbing.com.au,Gyms and other memberships,2026-07-07T18:48:59+08:00,
Freight Bar Restaurant,Freight Bar Restaura | Freight Bar Restaurant,https://www.freightbar.com.au,Dining Out,2026-07-07T18:48:59+08:00,
Evolve Laundromats,Evolve Laundromats,https://www.evolvelaundromats.com.au,Retail,2026-07-07T18:48:59+08:00,
Mad Mex,Madmex | Mad Mex,https://www.madmex.com.au,Dining Out,2026-07-07T18:48:11+08:00,
Pacific Green Grocery,Pacific Green Grocery,https://www.pacificgreengrocery.com.au,Groceries,2026-07-07T18:48:11+08:00,
Finsbury Hotel,Finsbury Hotel,https://www.finsburyhotel.com.au,Travel,2026-07-07T18:48:11+08:00,
Miriam Vale Bakery,Miriam Vale Bakery,https://www.facebook.com/MiriamValeBakery/,Dining Out,2026-07-07T18:48:11+08:00,
Spice Zone Indian Eate,Spice Zone Indian Eate,https://www.spicezoneindianeate.com.au,Dining Out,2026-07-07T18:48:11+08:00,
Cabo Pacific Grill,Cabo Pacific Grill,https://www.cabopacificgrill.com.au,Dining Out,2026-07-07T18:48:11+08:00,
Mt Druitt Chemist,Mt Druitt Chemist,https://www.mtdruittchemist.com.au,Health,2026-07-07T18:48:11+08:00,
Elizabeth Medical Centre,Elizabeth Medical Ce | Elizabeth Medical Centre,https://www.elizabethmedicalcentre.com.au,Health,2026-07-07T18:48:11+08:00,
Marble Meats Pty Ltd,Marble Meats | Marble Meats Pty Ltd,https://www.marblemeats.com.au,Groceries,2026-07-07T18:48:11+08:00,
Mt Bakery Pty Ltd,Mt Bakery Pty Ltd,https://www.mtbakery.com.au,Dining Out,2026-07-07T18:48:11+08:00,
Fairhills Milk Bar,Fairhills Milk Bar,https://maps.google.com/?q=Fairhills+Milk+Bar+Ferntree+Gully,Dining Out,2026-07-07T18:48:11+08:00,
Als Bakehouse Pty Ltd,Als Bakehouse | Als Bakehouse Pty Ltd,https://www.alsbakehouse.com.au,Dining Out,2026-07-07T18:48:11+08:00,
Classic Auto Wash,Classic Auto Wash,https://www.classicautowash.com.au,Automotive,2026-07-07T18:48:11+08:00,
Wafflepopz & Chur,Wafflepopz & Chur,https://www.wafflepopz.com.au,Dining Out,2026-07-07T18:48:11+08:00,
Millerpark Recreation Hotel,Millerpark Rec Hote | Millerpark Recreation Hotel,https://www.millerparkhotel.com.au,Travel,2026-07-07T18:48:11+08:00,
Axl & Co Pty Limited,Axl & Co Pty Limited,https://www.axlandco.com.au,Personal Care,2026-07-07T18:48:11+08:00,
Blue Mountains Food Co-op,Blue Mountains Food C | Blue Mountains Food Co-op,https://www.bluemountainsfoodcoop.com.au,Dining Out,2026-07-07T18:48:11+08:00,
Hecho En Mexico,Hecho En Mexico,https://www.hechoenmexico.com.au,Dining Out,2026-07-07T18:47:21+08:00,
Bomaderry Tasty Kebab Place,Bomaderry Tsty Kb Pl | Bomaderry Tasty Kebab Place,https://www.google.com/maps/search/Bomaderry+Tasty+Kebab+Place,Dining Out,2026-07-07T18:47:21+08:00,
Herbal Beauty Clinic,Herbal Beauty Clinic,https://www.herbalbeautyclinic.com.au,Health,2026-07-07T18:47:21+08:00,
Fuel Power Plus,Fuel Power Plus,https://www.fuelpowerplus.com.au,Automotive,2026-07-07T18:47:21+08:00,
GNC Kebab Express,Gnc Kebab Express,https://www.gnc.com,Dining Out,2026-07-07T18:47:21+08:00,
Wendy's Milk Bar,Wendys Milk Bar | Wendy's Milk Bar,https://www.wendysmilkbar.com.au,Dining Out,2026-07-07T18:47:21+08:00,
Crevelli St Milk Bar,Crevelli St Milk Bar,https://maps.google.com/?q=Crevelli+St+Milk+Bar+Reservoir+VIC,Dining Out,2026-07-07T18:47:21+08:00,
Yiros Kravings,Yiros Kravings,https://www.yiros-kravings.com.au,Dining Out,2026-07-07T18:47:21+08:00,
United Traralgon,United Traralgon,https://www.unitedpetroleum.com.au/,Automotive,2026-07-07T18:47:21+08:00,
Hipster,Hipster,https://www.hipster.com.au,Dining Out,2026-07-07T18:47:21+08:00,
Wauchope RSL Club,Wauchope Rsl Club,https://www.wauchopersl.com.au,Entertainment,2026-07-07T18:47:21+08:00,
Cupino Central,Cupino Central,https://www.cupinocentral.com.au,Dining Out,2026-07-07T18:47:21+08:00,
United Heavitree,United Heavitree,https://www.unitedheavitree.com.au,Automotive,2026-07-07T18:47:21+08:00,
Diamond Coffee N K,Diamond Coffee N K,https://www.google.com/maps/search/?api=1&query=Diamond+Coffee+N+K+Cessnock,Dining Out,2026-07-07T18:47:21+08:00,
Champions IGA Grovedale,Champions Iga Groved | Champions IGA Grovedale,https://www.iga.com.au/,Groceries,2026-07-07T18:47:21+08:00,
Calypso Pastries,Calypso Pastries,https://www.calypsopastries.com.au,Dining Out,2026-07-07T18:47:21+08:00,
IGA Supermarket,Iga Supermarket,https://www.iga.com.au,Groceries,2026-07-07T18:46:31+08:00,
Tobacco Square,Tobacco Square,https://www.tobaccosquare.com.au,Retail,2026-07-07T18:46:31+08:00,
The Last Straw Cafe,The Last Straw Cafe,https://www.thelaststrawcafe.com.au,Dining Out,2026-07-07T18:46:31+08:00,
Rocky Ridge Brewing Co.,Rocky Ridge Brewin | Rocky Ridge Brewing Co.,https://rockyridgebrewing.com.au,Dining Out,2026-07-07T18:46:31+08:00,
Turvey Park Hotel,Turvey Park Hotel,https://www.turveyparkhotel.com.au,Travel,2026-07-07T18:46:31+08:00,
United Lethbridge,United Lethbridge,https://www.unitedpetroleum.com.au/,Automotive,2026-07-07T18:46:31+08:00,
Lawleys Bakery Cafe,Lawleys Bakery Caff | Lawleys Bakery Cafe,https://www.lawleysbakery.com.au,Dining Out,2026-07-07T18:46:31+08:00,
El's Fried Chicken,Els Fried Chicken | El's Fried Chicken,https://www.elsfriedchicken.com.au,Dining Out,2026-07-07T18:46:31+08:00,
Barriekneal Fuels,Barriekneal Fuels,https://www.barrieknealfuels.com.au,Automotive,2026-07-07T18:46:31+08:00,
La Pizza Trattoria,La Pizza Trattoria,https://www.lapizzatrattoria.com.au,Dining Out,2026-07-07T18:46:31+08:00,
Hi Resort Activities,Hi Resort Activties | Hi Resort Activities,https://www.hamiltonisland.com.au/things-to-do/hi-resort-activities,Travel,2026-07-07T18:46:31+08:00,
U Save Pharmacies,U Save Pharmacies,https://www.usavepharmacies.com.au,Health,2026-07-07T18:46:31+08:00,
Fuel Espresso Bar,Fuel Espresso Bar,https://www.fuelespressobar.com.au,Dining Out,2026-07-07T18:46:31+08:00,
Surf Hogs Pty Ltd,Surf Hogs Pty Ltd,https://www.surfhogs.com.au,Retail,2026-07-07T18:46:31+08:00,
Fine Cut Quality Meat,Fine Cut Quality Meat,https://www.finecutqualitymeat.com.au,Groceries,2026-07-07T18:46:31+08:00,
West Hoxton Liquor,West Hoxton Liquor,https://www.google.com/maps/search/West+Hoxton+Liquor,Retail,2026-07-07T18:46:31+08:00,
Calendar Club Australia,Calendar Club Aus | Calendar Club Australia,https://www.calendarclub.com.au,Entertainment,2026-07-07T18:45:43+08:00,
Kamco Giftware,Kamco Giftware,https://www.kamcogiftware.com.au,Retail,2026-07-07T18:45:43+08:00,
Ohana Cafe and Ice,Ohana Cafe And Ice,https://www.ohanacafeandice.com.au,Dining Out,2026-07-07T18:45:43+08:00,
United North Richmond,United North Richmon | United North Richmond,https://www.unitednorthrichmond.com.au,Automotive,2026-07-07T18:45:43+08:00,
Eight Bakery,Eight Bakery,https://www.eightbakery.com.au,Dining Out,2026-07-07T18:45:43+08:00,
Chengs China Bar,Chengs China Bar,https://www.chengschinabar.com.au,Dining Out,2026-07-07T18:45:43+08:00,
Penshurst RSL Club,Penshurst Rsl Club,https://www.penshurstrsl.com.au,Entertainment,2026-07-07T18:45:43+08:00,
The Dessert House,The Dessert House,https://www.thedesserthouse.com.au,Dining Out,2026-07-07T18:45:43+08:00,
New Aryana Halal Mea,New Aryana Halal Mea,https://www.google.com/maps/search/New+Aryana+Halal+Mea+Blacktown,Groceries,2026-07-07T18:45:43+08:00,
Ice Cream & Coffee,Ice Cream & Coffee,https://www.icecreamandcoffee.com.au,Dining Out,2026-07-07T18:45:43+08:00,
Gilby's Takeaway,Gilbys Takeaway | Gilby's Takeaway,https://www.gilbystakeaway.com.au,Dining Out,2026-07-07T18:45:43+08:00,
Rose Shamrock Hotel,Rose Shamrock Htl | Rose Shamrock Hotel,https://www.roseshamrockhotel.com.au,Travel,2026-07-07T18:45:43+08:00,
Shire Coffee Bean,Shire Coffee Bean,https://www.shirecoffeebean.com.au,Dining Out,2026-07-07T18:45:43+08:00,
United Adelaide Airport,United Adelaide Aprt | United Adelaide Airport,https://www.unitedadelaideairport.com,Automotive,2026-07-07T18:45:43+08:00,
Tim's Fish and Chips,Tims Fish And Chips | Tim's Fish and Chips,https://www.timsfishandchips.com.au,Dining Out,2026-07-07T18:45:43+08:00,
CTC Brownstown Railway Station,Ctc Btown Rway Stati | CTC Brownstown Railway Station,https://www.transportnsw.info/,Retail,2026-07-07T18:45:43+08:00,
Public Transport Authority,Public TRNSP Authority | Public Transport Authority,https://www.pta.wa.gov.au,Transport,2026-07-07T18:44:56+08:00,
Mount Gambier Automobile,MOUNT GAMBIER AUTOMO | Mount Gambier Automobile,https://www.mountgambierautomotive.com.au,Automotive,2026-07-07T18:44:56+08:00,
Panda Convenience,PANDA CONVENIENCE,https://maps.google.com/?q=Panda+Convenience+Kelvin+Grove,Groceries,2026-07-07T18:44:56+08:00,
Romeo's IGA,ROMEOS IGA | Romeo's IGA,https://www.romecosiga.com.au,Groceries,2026-07-07T18:44:56+08:00,
The Lookout Bar,The Lookout Bar,https://www.thelookoutbar.com.au,Dining Out,2026-07-07T18:44:56+08:00,
Mail Exchange Hotel,Mail Exchange Htl | Mail Exchange Hotel,https://www.mailexchangehotel.com.au,Travel,2026-07-07T18:44:56+08:00,
BL Takeaway Pty Ltd,Bl Takeaway Pty Ltd,https://www.google.com/search?q=BL+Takeaway+Pty+Ltd,Dining Out,2026-07-07T18:44:56+08:00,
Delightful Cafe,Delightful Cafe,https://www.delightfulcafe.com.au,Dining Out,2026-07-07T18:44:56+08:00,
Scandal Hair Design,Scandal Hair Design,https://www.scandalhairdesign.com.au,Personal Care,2026-07-07T18:44:56+08:00,
United Coopers,United Coopers,https://www.unitedcoopers.com.au,Automotive,2026-07-07T18:44:56+08:00,
Chaddies on Regent,Chaddies On Regent,https://www.chaddiesonregent.com.au,Dining Out,2026-07-07T18:44:56+08:00,
Bottleshop Melton,Bottleshop Melton,https://www.bottleshopmelton.com.au,Retail,2026-07-07T18:44:56+08:00,
Ronnie's Pizza House,Ronnie's Pizza House,https://www.ronniespizzahouse.com.au,Dining Out,2026-07-07T18:44:56+08:00,
IGA Frenchs Forest,Iga Frenchs Forest,https://www.iga.com.au/,Groceries,2026-07-07T18:44:56+08:00,
Oaks Village Pharmacy,Oaks Village Pharmacy,https://maps.google.com/?q=Oaks+Village+Pharmacy+The+Oaks+NSW,Health,2026-07-07T18:44:56+08:00,
Benchmark on Booner,Benchmark On Booner,https://www.benchmarkonbooner.com.au,Dining Out,2026-07-07T18:44:56+08:00,
Pacific Way Supermarket,Pacific Way Supermar | Pacific Way Supermarke | Pacific Way Supermarket,https://www.pacificwaysupermarket.com.au,Groceries,2026-07-07T18:44:56+08:00,
LS Asian Savoury,Ls Asian Savoury,https://www.lsasiansavoury.com.au,Dining Out,2026-07-07T18:44:56+08:00,
Cambridge Milk Bar,CAMBRIDGEMILK BAR | Cambridge Milk Bar,https://www.google.com/maps/search/?api=1&query=Cambridge+Milk+Bar+Werribee+VIC,Dining Out,2026-07-07T18:44:07+08:00,
Venus Nails,Venus Nails | VENUS NAILS AND CO PTY LTD | Venus Nails And,https://www.venusnails.com.au,Personal Care,2026-07-10T09:58:46+08:00,
Foot Locker,Foot Locker,https://www.footlocker.com.au/,Retail,2026-07-07T18:44:07+08:00,
Raj's Corner Hamilton,RAJS CORNER HAMILTON PTY | Raj's Corner Hamilton,https://www.google.com/maps/search/Raj's+Corner+Hamilton,Dining Out,2026-07-07T18:44:07+08:00,
Great Northern Hotel,Great Northern Hotel,https://www.greatnorthernhotel.com.au,Travel,2026-07-07T18:44:07+08:00,
Your Chemist Shop,YOUR CHEMIST SHOP,https://www.yourchemistshop.com.au,Health,2026-07-07T18:44:07+08:00,
Ferryden Park Laundry,FERRYDEN PARK LAUNDR | Ferryden Park Laundry,https://maps.google.com/?q=Ferryden+Park+Laundry,Retail,2026-07-07T18:44:07+08:00,
Pho Master,PHO MASTER,https://www.phomaster.com.au,Dining Out,2026-07-07T18:44:07+08:00,
Mikawa Sushi,MIKAWA SUSHI,https://www.mikawasushi.com.au,Dining Out,2026-07-07T18:44:07+08:00,
Kirana Education,Kirana Education,https://www.kiranaeducation.com,Education,2026-07-07T18:44:07+08:00,
Coffin Bay Supermarket,COFFIN BAY SUPERMARKET,https://www.coffinbaysupermarket.com.au,Groceries,2026-07-07T18:44:07+08:00,
Messina,Messina,https://www.messinagelato.com/,Dining Out,2026-07-07T18:43:20+08:00,
Shellharbour City Shopping Centre,SHELLHARBOUR CITY SH | Shellharbour City Shopping Centre,https://www.shellharbourcityshoppingcentre.com.au,Retail,2026-07-07T18:43:20+08:00,
Southside Mechanical,SOUTHSIDE MECHANICAL,https://www.southsidemechanical.com.au,Automotive,2026-07-07T18:43:20+08:00,
Sunshine Coast Vendi,Sunshine Coast Vendi,https://www.sunshinecoastvendi.com.au,Retail,2026-07-07T18:43:20+08:00,2026-07-13T21:18:50+08:00
ACE Variety Discounts,ACE VARIETYDISCOUNTS | ACE Variety Discounts,https://www.acevarietydiscounts.com.au,Department Stores,2026-07-07T18:43:20+08:00,
IGA Marketplace Wisemaroo,IGA MARKETPLACE WISEMAROO,https://www.iga.com.au/,Groceries,2026-07-07T18:43:20+08:00,
Ingenia Eden Beachfront,INGENIA EDEN BEACHFR | Ingenia Eden Beachfront,https://www.ingeniaholidayparks.com.au/our-parks/nsw/south-coast/eden-beachfront-holiday-park,Travel,2026-07-07T18:43:20+08:00,
Caversham Newsagency,CAVERSHAM NEWSAGENCY,https://www.cavershamnewsagency.com.au,Information,2026-07-07T18:43:20+08:00,
Possums Store,POSSUMS STORE,https://www.possumsstore.com,Retail,2026-07-07T18:43:20+08:00,
Ning Jing Convenience,NING JING CONVENIENC | Ning Jing Convenience,https://maps.google.com/?q=Ning+Jing+Convenience+Marrickville,Groceries,2026-07-07T18:43:20+08:00,
Shellharbour Sharks,Shellharbour Sharks,https://www.shellharboursharks.com.au,Entertainment,2026-07-07T18:43:20+08:00,
Crown Supermarket,CROWN SUPERMARKET,https://www.crownsupermarket.com.au,Groceries,2026-07-07T18:43:20+08:00,
Freechoice Guildford,FREECHOICE GUILDFORD,https://www.freechoice.com.au/,Retail,2026-07-07T18:42:26+08:00,
Himalayan Groceries,HIMALAYAN GROCERIES,https://www.himalayangroceries.com.au,Groceries,2026-07-07T18:42:26+08:00,
Woolloongabba Tyre & Auto,WOOLLOONGABBA TYRE | Woolloongabba Tyre & Auto,https://www.woolloongabbatyre.com.au,Automotive,2026-07-07T18:42:26+08:00,
World Gym,WORLD GYM MARRICKVIL | World Gym,https://www.worldgym.com.au,Gyms and other memberships,2026-07-07T18:42:26+08:00,
Hallenstein Brothers,HALLENSTEIN BROTHERS,https://www.hallensteinbrothers.com,Retail,2026-07-07T18:42:26+08:00,
Petite Papillons,PETITE PAPILLONS,https://www.petitepapillons.com.au,Retail,2026-07-07T18:42:26+08:00,
Retravision,RETRAVISION,https://www.retravision.com.au,Retail,2026-07-07T18:42:26+08:00,
Nextra Swan Newsagency,NEXTRA SWAN NEWSAGEN | Nextra Swan Newsagency,https://www.nextra.com.au,Information,2026-07-07T18:42:26+08:00,
Glenelg East Pharmacy,GLENELGEAST PHARMACY | Glenelg East Pharmacy,https://maps.google.com/?q=Glenelg+East+Pharmacy,Health,2026-07-07T18:42:26+08:00,
Supashine Carwash,Supashine Carwash,https://supashinecarwash.com.au,Automotive,2026-07-07T18:42:26+08:00,
Champions IGA Strathfieldsaye,CHAMPIONS IGA STRATH | Champions IGA Strathfieldsaye,https://www.iga.com.au/,Groceries,2026-07-07T18:42:26+08:00,
JFA Automotive Pty Ltd,Jfa Automotive Pty Ltd,https://www.jfaautomotive.com.au,Automotive,2026-07-07T18:41:32+08:00,
Mollymook Beach Hut,Mollymook Beach Hut,https://www.mollymookbeachhut.com.au,Dining Out,2026-07-07T18:41:32+08:00,
Golden Nails,Golden Nails,https://www.goldennails.com.au,Personal Care,2026-07-07T18:41:32+08:00,
Commonwealth Hotel,Commonwealth Hotel,https://www.commonwealthhotel.com.au,Travel,2026-07-07T18:41:32+08:00,
Eiffel Hot Bread,Eiffel Hot Bread,https://www.google.com/maps/search/Eiffel+Hot+Bread+Mortdale,Dining Out,2026-07-07T18:41:32+08:00,
Murray Valley Tyre,Murray Valley Tyre,https://www.murrayvalleytyre.com.au,Automotive,2026-07-07T18:41:32+08:00,
Sephora Australia,Sephora Australia,https://www.sephora.com.au,Retail,2026-07-07T18:41:32+08:00,
Food Addict Cafe,Food Addict Cafe,https://www.foodaddictcafe.com.au,Dining Out,2026-07-07T18:41:32+08:00,
Jumbo Thai Pyrmont,Jumbo Thai Pyrmont,https://www.jumbothai.com.au,Dining Out,2026-07-07T18:41:32+08:00,
Wonderland Gifts,Wonderland Gifts,https://www.wonderlandgifts.com.au,Retail,2026-07-07T18:41:32+08:00,
Bellambi Hotel,Bellambi Hotel,https://www.bellambihotel.com.au,Travel,2026-07-07T18:41:32+08:00,
Kebab Connection,Kebab Connection,https://www.kebabconnection.com.au,Dining Out,2026-07-07T18:41:32+08:00,
Wingstop,Wingstop Australia | Wingstop,https://www.wingstop.com.au,Dining Out,2026-07-07T18:41:32+08:00,
Firstone Independent,FIRSTONE INDEPENDENT,https://www.firstone.com.au,Automotive,2026-07-07T18:41:32+08:00,
The Clubhouse Bellvi,The Clubhouse Bellvi,https://www.theclubhousebellvi.com.au,Dining Out,2026-07-07T18:41:32+08:00,
Adams Seafoods,AdamsSeafoodsPtyLtd | Adams Seafoods,https://www.adamsseafoods.com.au,Groceries,2026-07-07T18:41:32+08:00,
Super Noodle,SUPER NOODLE,https://www.supernoodle.com.au,Dining Out,2026-07-07T18:41:32+08:00,
Progressive Vending,Progressive Vending,https://www.progressivevending.com.au,Retail,2026-07-07T18:40:46+08:00,
Hunter Valley Chocolate Company,Hunter Valley Chocol | Hunter Valley Chocolate Company,https://www.huntervalleychocolate.com.au,Retail,2026-07-07T18:40:46+08:00,
Andy's Family Bakery,Andys Family Bakery | Andy's Family Bakery,https://www.andysfamilybakery.com.au,Dining Out,2026-07-07T18:40:46+08:00,
Ballaboosta,Ballaboosta,https://www.ballaboosta.com.au,Dining Out,2026-07-07T18:40:46+08:00,
The Great Australian,The Great Australian,https://www.thegreataustralian.com.au,Dining Out,2026-07-07T18:40:46+08:00,
Sylvania Heights Hot Bread,Sylvania Heights Hot | Sylvania Heights Hot Bread,https://www.sylvaniaheightshotbread.com.au,Dining Out,2026-07-07T18:40:46+08:00,
Bentspoke Brewing,Bentspoke Brewing,https://bentspokebrewing.com.au,Dining Out,2026-07-07T18:40:46+08:00,
Plaza Quality Meats,Plaza Quality Meats,https://www.google.com/maps/search/Plaza+Quality+Meats+Riverwood,Groceries,2026-07-07T18:40:46+08:00,
LS Bliss Coffee Roasters,Ls Bliss Coffee Roaster | LS Bliss Coffee Roasters,https://www.lsblisscoffee.com.au,Dining Out,2026-07-07T18:40:46+08:00,
United Gymnastics,United Gymnastics,https://www.unitedgymnastics.com.au,Gyms and other memberships,2026-07-07T18:40:46+08:00,
Junction Hotel Preston,Junction Htl Preston | Junction Hotel Preston,https://www.junctionhotel.com.au,Travel,2026-07-07T18:40:46+08:00,
Centura Realty Pty Ltd,Centura Realty Pty Ltd,https://www.centurarealty.com.au,Rent,2026-07-07T18:40:46+08:00,
Kerrie Road Bakery,Kerrie Road Bakery,https://www.kerrieroadbakery.com.au,Dining Out,2026-07-07T18:40:46+08:00,
Turkish Kitchen Takeaway,Turkish Kitchen Takea | Turkish Kitchen Takeaway,https://www.turkishkitchen.com.au,Dining Out,2026-07-07T18:40:46+08:00,
Food Express,Food Express,https://www.foodexpress.com.au,Dining Out,2026-07-07T18:40:46+08:00,
Royal Dental Hospital,Royal Dental Hospital,https://www.royaldentalhospital.vic.gov.au,Health,2026-07-07T18:40:46+08:00,
Maddington Mens Hairdressing,Maddington Mens Hairdr | Maddington Mens Hairdressing,https://www.google.com/maps/search/Maddington+Mens+Hairdressing,Personal Care,2026-07-07T18:39:59+08:00,
Main Grocery Market,Main Grocery Market,https://www.maingrocerymarket.com.au,Groceries,2026-07-07T18:39:59+08:00,
Cafe Divine,Cafe Divine,https://www.cafedivine.com.au,Dining Out,2026-07-07T18:39:59+08:00,
Aryaan Cuisine,Aryaan Cuisine,https://www.aryaancuisine.com.au,Dining Out,2026-07-07T18:39:59+08:00,
Tandoori Eats,Tandoori Eats,https://www.tandoorieats.com.au,Dining Out,2026-07-07T18:39:59+08:00,
Tomakin Sports & Social Club,Tomakin Sports & Soci | Tomakin Sports & Social Club,https://www.tomakinsports.com.au,Entertainment,2026-07-07T18:39:59+08:00,
Gold Coast Departures,Gold Coast Departures,https://www.goldcoastairport.com/,Travel,2026-07-07T18:39:59+08:00,
The Met Brisbane,The Met Brisbane,https://themetbrisbane.com.au,Entertainment,2026-07-07T18:39:59+08:00,
Capital Chemist Calwell,Capital Chmst Calwell | Capital Chemist Calwell,https://www.capitalchemist.com.au/,Health,2026-07-07T18:39:59+08:00,
Capcoast Tobacco Pty Ltd,Capcoast Tobacco Pty Lyeppoon | Capcoast Tobacco Pty Ltd,https://www.capcoasttobacco.com.au,Retail,2026-07-07T18:39:59+08:00,
Lucky Len Lotteries,Lucky Len Lotteries,https://www.luckylenlotteries.com.au,Gambling,2026-07-07T18:39:59+08:00,
Riverwood Hot Bread,Riverwood Hot Bread,https://www.google.com/maps/search/Riverwood+Hot+Bread,Dining Out,2026-07-07T18:39:09+08:00,
Groove Golf,Groove Golf,https://groovegolf.com.au,Entertainment,2026-07-07T18:39:09+08:00,
Alb Tobacconist,Alb Tobacconist,https://maps.google.com/?q=Alb+Tobacconist+Berkeley+NSW,Retail,2026-07-07T18:39:09+08:00,
Northern United Rugby,Northern United Rugby,https://www.northernunitedrugby.com.au,Entertainment,2026-07-07T18:39:09+08:00,
Totto's Take Away,Tottos Take Away | Totto's Take Away,https://www.tottostakeaway.com.au,Dining Out,2026-07-07T18:39:09+08:00,
TSG Wanniassa Lotto,Tsg Wanniassa Lotto,https://www.tsg.com.au/,Retail,2026-07-07T18:39:09+08:00,
Western Food Group,Western Food Group,https://www.westernfoodgroup.com.au,Dining Out,2026-07-07T18:39:09+08:00,
Gosford City Tenpin Bowling,Gosford City Tenpin Bow | Gosford City Tenpin Bowling,https://www.gosfordcitytenpinbowling.com.au,Entertainment,2026-07-07T18:39:09+08:00,
Cherry Blossom,Cherry Blossom,https://www.cherryblossom.com.au,Retail,2026-07-07T18:39:09+08:00,2026-07-13T21:18:50+08:00
Oz Chicken Emerton,Oz Chicken Emerton,https://www.ozchicken.com.au,Dining Out,2026-07-07T18:39:09+08:00,
Souvlaki Bar,Souvlaki Bar,https://www.souvlakibar.com.au,Dining Out,2026-07-07T18:39:09+08:00,
Coolangatta Barbers,Coolangatta Barbers,https://www.coolangattabarbers.com.au,Personal Care,2026-07-07T18:39:09+08:00,
The Brunswick Green,The Brunswick Green,https://thebrunswickgreen.com.au,Dining Out,2026-07-07T18:39:09+08:00,
Best Food Catering,Best Food Catering,https://www.bestfoodcatering.com.au,Dining Out,2026-07-07T18:39:09+08:00,
D' Cheesecake Paradise,D' Cheesecake Paradi | D' Cheesecake Paradise,https://www.dcheesecakeparadise.com.au,Dining Out,2026-07-07T18:39:09+08:00,
Tenda Charcoal Chicken,Tenda Charcoal Chicken,https://www.tendachicken.com.au,Dining Out,2026-07-07T18:39:09+08:00,
Wildleaf Dispensary,Wildleaf Dispensary,https://wildleafdispensary.com.au,Health,2026-07-07T18:39:09+08:00,
Mini Tobacconist,Mini Tobacconist,https://www.minitobacconist.com.au,Retail,2026-07-07T18:39:09+08:00,
Sushi Zone,Sushi Zone,https://www.sushizone.com.au,Dining Out,2026-07-07T18:38:21+08:00,
Sunshine Chicken,Sunshine Chrcl Chckn | Sunshine Chicken,https://www.sunshinechicken.com.au,Dining Out,2026-07-07T18:38:21+08:00,
Una Tobacconist,Una Tobacconist,https://www.google.com/maps/search/?api=1&query=Una+Tobacconist+Unanderra,Retail,2026-07-07T18:38:21+08:00,
Railway Hotel Yeppoon,Railway Hotel Yeppoon,https://www.railwayhotelyeppoon.com.au,Travel,2026-07-07T18:38:21+08:00,
Pelican Vending Pty Ltd,Pelican Vending | Pelican Vending Pty Ltd,https://www.pelicanvending.com.au,Retail,2026-07-07T18:38:21+08:00,
Narooma Plaza Cellars,Narooma Plaza Cellars,https://www.naroomaplazacellars.com.au,Retail,2026-07-07T18:38:21+08:00,
Bathurst Golf Centre,Bathurst Golf Centre,https://www.bathurstgolfcentre.com.au,Entertainment,2026-07-07T18:38:21+08:00,
The Tobacco Corner,The Tobacco Corner,https://www.thetobaccocorner.com.au,Retail,2026-07-07T18:38:21+08:00,
Big Barber,Big Barber,https://www.bigbarber.com.au,Personal Care,2026-07-07T18:38:21+08:00,
Tudor Hotel,Tudor Hotel,https://www.tudorhotel.com.au,Travel,2026-07-07T18:38:21+08:00,
Breakpoint Cafe,Breakpoint Cafe,https://www.breakpointcafe.com.au,Dining Out,2026-07-07T18:38:21+08:00,
Pear Energy,Pear Energy,https://www.pearenergy.com.au,Utilities,2026-07-07T18:38:21+08:00,
Great Western Hotel,Great Western Hotel,https://www.greatwesternhotel.com.au,Travel,2026-07-07T18:38:21+08:00,
SOS Phone Repairs,Sos Phone Repairs,https://www.sosphonerepairs.com.au,Telecommunications,2026-07-07T18:38:21+08:00,
One Stop Tobacco,One Stop Tobacco,https://www.onestoptobacco.com.au,Retail,2026-07-07T18:38:21+08:00,
Gentlemen's Barber,Gentlemen's Barber,https://www.gentlemensbarber.com.au,Personal Care,2026-07-07T18:38:21+08:00,
Station Pizza & Kebab,Station Pizza & Kebab,https://www.google.com/maps/search/Station+Pizza+%26+Kebab+Liverpool,Dining Out,2026-07-07T18:38:21+08:00,
Mariner Pizzeria,Mariner Pizzeria,https://www.marinerpizzeria.com.au,Dining Out,2026-07-07T18:38:21+08:00,
Middle Green Sports,Middle Green Sports,https://www.middlegreensports.com.au,Entertainment,2026-07-07T18:38:21+08:00,
Waterford District Fruit,Waterford Dis Fruit | Waterford District Fruit,https://www.google.com/maps/search/Waterford+District+Fruit+Waterford+Qld,Groceries,2026-07-07T18:37:33+08:00,
St Georges Basin Hotel,St Georges Basin Hotel,https://www.stgeorgesbasinhotel.com.au,Travel,2026-07-07T18:37:33+08:00,
AGM Electrical Supplies,Agm Electrical Sup | AGM Electrical Supplies,https://www.agmelectrical.com.au,Home Improvement,2026-07-07T18:37:33+08:00,
Zing Pop Culture,Zing Pop Culture,https://www.zingpopculture.com.au,Retail,2026-07-07T18:37:33+08:00,
Forest Brunch Bar,Forest Brunch Bar,https://www.forestbrunchbar.com.au,Dining Out,2026-07-07T18:37:33+08:00,
Mildura Asian Grocery,Mildura Asian Grocery,https://www.google.com/maps/search/Mildura+Asian+Grocery,Groceries,2026-07-07T18:37:33+08:00,
Ochre,Ochre Tuggeranong Sq | Ochre,https://www.ochre.net.au/,Dining Out,2026-07-07T18:37:33+08:00,
Precise Automotive Repairs,Precise Automotive Repst | Precise Automotive Repairs,https://www.preciseautomotive.com.au,Automotive,2026-07-07T18:37:33+08:00,
Pak Tregear Halal Meat,Pak Tregear Halal Meat,https://www.google.com/maps/search/Pak+Tregear+Halal+Meat+Tregear+NSW,Groceries,2026-07-07T18:37:33+08:00,
Aji Notomi Sushi,Aji Notomi Sushi,https://www.ajinotomisushi.com.au,Dining Out,2026-07-07T18:37:33+08:00,
Windsor RSL Club,Windsor Rsl Club,https://www.windsorrsl.com.au,Entertainment,2026-07-07T18:37:33+08:00,
Dumplings Galore,Dumplings Galore,https://www.dumplingsgalore.com.au,Dining Out,2026-07-07T18:37:33+08:00,
Royal Hotel Benalla,Royal Hotel Benalla,https://www.royalhotelbenalla.com.au,Travel,2026-07-07T18:37:33+08:00,
Morries Repair And Electrical,Morries Repair And Ele | Morries Repair And Electrical,https://www.morriesrepair.com.au,Home Improvement,2026-07-07T18:37:33+08:00,
Telegraph Hotel,Telegraph Hotel,https://www.telegraphhotel.com.au,Travel,2026-07-07T18:37:33+08:00,
Touchwood Flowers,Touchwood Flowers,https://www.touchwoodflowers.com.au,Retail,2026-07-07T18:37:33+08:00,
Mycare Jannali Pharmacy,Mycare Jannali Pharma | Mycare Jannali Pharmacy,https://www.mycare.com.au,Health,2026-07-07T18:37:33+08:00,
YMCA Victoria,VICTORIAN YMCA COMMUNI | YMCA Victoria,https://www.ymca.org.au/victoria,Gyms and other memberships,2026-07-07T18:34:55+08:00,
Food Odyssey,FOOD ODYSSEY,https://www.foododyssey.com.au,Dining Out,2026-07-07T18:34:55+08:00,
Beckenham Liquor Store,BECKENHAM LIQUOR STORE,https://www.google.com/maps/search/Beckenham+Liquor+Store,Retail,2026-07-07T18:34:55+08:00,
Brownsy Tobacconist,Brownsy Tobacconist,https://www.brownsytobacconist.com.au,Retail,2026-07-07T18:34:55+08:00,
V&R Gelato,V&R Gelato,https://www.vrgelato.com.au,Dining Out,2026-07-07T18:34:55+08:00,
Shire Kebabs,Shire Kebabs,https://www.shirekebabs.com.au,Dining Out,2026-07-07T18:34:55+08:00,
Cafe Mellow Fellow,Cafe Mellow Fellow,https://www.cafemellowfellow.com.au,Dining Out,2026-07-07T18:34:55+08:00,
Kings Pizza,Kings Pizza,https://www.kingspizza.com.au,Dining Out,2026-07-07T18:34:55+08:00,
The Cavill Hotel,The Cavill Hotel,https://www.thecavillhotel.com.au,Travel,2026-07-07T18:34:55+08:00,
Stafford Express Mart,Stafford Express Mart,https://www.staffordexpressmart.com.au,Groceries,2026-07-07T18:34:55+08:00,
Plumpton Fruit World,Plumpton Fruit World,https://www.google.com/maps/search/Plumpton+Fruit+World,Groceries,2026-07-07T18:34:55+08:00,
Teco Nail,Teco Nail,https://www.google.com/maps/search/Teco+Nail+Westpoint+Blacktown,Personal Care,2026-07-07T18:34:55+08:00,
My Motors,My Motors,https://www.mymotors.com.au,Automotive,2026-07-07T18:34:55+08:00,
Tumblegum Bakehouse,Tumblegum Bakehouse,https://www.tumblegumbakehouse.com.au,Dining Out,2026-07-07T18:34:55+08:00,
Thirsty Monkey,Thirsty Monkey,https://www.thirstymonkey.com.au,Dining Out,2026-07-07T18:34:55+08:00,
Penrith Rugby League Club,Penrith Rugby League | Penrith Rugby League Club,https://www.penrithrugbyleague.com.au,Entertainment,2026-07-07T18:34:55+08:00,
Victor's Barber Shop,Victors Barber Shop | Victor's Barber Shop,https://www.victorsbarbershop.com.au,Personal Care,2026-07-07T18:34:55+08:00,
Create Catering,Create Catering,https://www.createcatering.com.au,Dining Out,2026-07-07T18:34:55+08:00,
Bushranger Australia,BUSHRANGER AUSTRALIA,https://www.bushrangeraustralia.com,Automotive,2026-07-07T18:34:02+08:00,
Wattle Butchery,WATTLE BUTCHERY,https://www.wattlebutchery.com.au,Groceries,2026-07-07T18:34:02+08:00,
Normanville Bakery,Normanville Bakery,https://www.normanvillebakery.com.au,Dining Out,2026-07-07T18:34:02+08:00,
Racecourse Road Milkbar,Racecourse Road Milkbar,https://www.google.com/maps/search/?api=1&query=Racecourse+Road+Milkbar+Pakenham,Entertainment,2026-07-07T18:34:02+08:00,
Stratford General Store,Stratford General Stor | Stratford General Store,https://www.google.com/maps/search/Stratford+General+Store,Groceries,2026-07-07T18:34:02+08:00,
Cornerstone Parking,CORNERSTONE PARKING,https://www.cornerstoneparking.com.au,Transport,2026-07-07T18:34:02+08:00,
Hennessy's Cafe Bakery,HENNESSYS CAFE BAKERY | Hennessy's Cafe Bakery,https://www.hennessyscafe.com.au,Dining Out,2026-07-07T18:34:02+08:00,
Australian Fitness,AUSTRALIAN FITNESS,https://www.australianfitness.com.au,Gyms and other memberships,2026-07-07T18:34:02+08:00,
Star Express,STAR EXPRESS,https://www.starexpress.com.au,Transport,2026-07-07T18:34:02+08:00,
EnergyAustralia,ENERGYAUSTRALIA,https://www.energyaustralia.com.au,Utilities,2026-07-07T18:34:02+08:00,
Grand Junction Tavern,GRAND JUNCTION TAVERN,https://www.grandjunctiontavern.com.au,Dining Out,2026-07-07T18:34:02+08:00,
Two Brothers Tobacconist,TWO BROTHERS TOBACCONIST,https://www.google.com/maps/search/?api=1&query=Two+Brothers+Tobacconist+Ashmore,Retail,2026-07-07T18:34:02+08:00,
Lyndhurst Roadhouse,LYNDHURST ROADHOUSE,https://www.lyndhurstroadhouse.com.au,Automotive,2026-07-07T18:34:02+08:00,
Belong Mobile,BELONG MOBILE,https://www.belong.com.au,Telecommunications,2026-07-07T18:34:02+08:00,
Paramount Plus,Google Paramount Plus | Paramount Plus,https://www.paramountplus.com,Subscription TV,2026-07-07T18:34:02+08:00,
Crossways Lutheran School,CROSSWAYS LUTHERAN SCHOOL,https://www.crosswayslutheran.sa.edu.au,Education,2026-07-07T18:34:02+08:00,
Whittlesea Bowls Club,Whittlesea Bowls Club,https://www.whittleseabowlsclub.com.au,Entertainment,2026-07-07T18:34:02+08:00,
Crookwell IGA Supermarket,CROOKWELL IGA SUPERMAR | Crookwell IGA Supermarket,https://www.iga.com.au,Groceries,2026-07-07T18:34:02+08:00,
Mandavilla Catering,MANDAVILLA CATERING,https://www.mandavillacatering.com.au,Dining Out,2026-07-07T18:34:02+08:00,
Bellingen Hospital,Bellingen Hospital,https://www.bellingenhospital.com.au,Health,2026-07-07T18:33:11+08:00,
Metro Sandgate,Metro Sandgate,https://www.metro.com.au/,Automotive,2026-07-07T18:33:11+08:00,
Austa Supermart,Austa Supermart,https://www.austasupermart.com.au,Groceries,2026-07-07T18:33:11+08:00,
Lucchini Continental,Lucchini Continental,https://www.lucchini.com.au,Groceries,2026-07-07T18:33:11+08:00,
Batehaven Pharmacy,Batehaven Pharmacy,https://www.batehavenpharmacy.com.au,Health,2026-07-07T18:33:11+08:00,
Holroyd Newsagency,Holroyd Newsagency,https://www.google.com/maps/search/?api=1&query=Holroyd+Newsagency+Guildford,Information,2026-07-07T18:33:11+08:00,
Marayong Newsagency,Marayong Newsagency,https://www.google.com/maps/search/?api=1&query=Marayong+Newsagency,Information,2026-07-07T18:33:11+08:00,
Dandaloo Supermarket,DANDALOO SUPERMARKET,https://www.google.com/maps/search/?api=1&query=Dandaloo+Supermarket+Brownsville,Groceries,2026-07-07T18:33:11+08:00,
Marathon Convenience,Marathon Convenience,https://www.google.com/maps/search/?api=1&query=Marathon+Convenience+Craigieburn,Groceries,2026-07-07T18:33:11+08:00,
Charlestown Newsagency,Charlestown Newsagen | Charlestown Newsagency,https://www.charlestownnewsagency.com.au,Information,2026-07-07T18:33:11+08:00,
Rockhampton Veterinary,ROCKHAMPTON VETERINA | Rockhampton Veterinary,https://www.rockhamptonveterinary.com.au,Pet Care,2026-07-07T18:33:11+08:00,
Charlestown Pharmacy,Charlestown Pharmacy,https://www.charlestownpharmacy.com.au,Health,2026-07-07T18:33:11+08:00,
Dhanalakshmi Enterprise,DHANALAKSHMI ENTERPR | Dhanalakshmi Enterprise,https://www.google.com/maps/search/?api=1&query=Dhanalakshmi+Enterprise+Rockhampton,Groceries,2026-07-07T18:33:11+08:00,
Barginmania,BARGINMANIA,https://www.barginmania.com.au,Retail,2026-07-07T18:33:11+08:00,
Foodworks Goondiwindi,FOODWORKS GOONDIWIND | Foodworks Goondiwindi,https://www.foodworks.com.au/,Groceries,2026-07-07T18:33:11+08:00,
Father's Office,Fathers Office | Father's Office,https://fathersoffice.com.au,Dining Out,2026-07-07T18:32:17+08:00,
NewsXpress Oxenford,Newsxpress Oxenford,https://www.newsxpress.com.au/,Information,2026-07-07T18:32:17+08:00,
Narellan Newsagency,Narellan Newsagency,https://www.narellannewsagency.com.au,Information,2026-07-07T18:32:17+08:00,
Bubblebeetea Pty Ltd,Bubblebeetea Pty Ltd,https://www.bubblebeetea.com.au,Dining Out,2026-07-07T18:32:17+08:00,
Jemma's Convenience,Jemmas Convenience | Jemma's Convenience,https://www.google.com/maps/search/Jemma's+Convenience+Telopea,Groceries,2026-07-07T18:32:17+08:00,
Narrabeen Takeaway,Narrabeen Takeaway,https://www.google.com/maps/search/Narrabeen+Takeaway,Dining Out,2026-07-07T18:32:17+08:00,
Regal Charcoal Chicken,Regal Charcoal Chicken,https://www.regalcharcoalchicken.com.au,Dining Out,2026-07-07T18:32:17+08:00,
Pharmacy Management,Pharmacy Management,https://www.pharmacymanagement.com.au,Health,2026-07-07T18:32:17+08:00,
Greenbourne Nursery,Greenbourne Nursery,https://www.greenbournenursery.com.au,Home Improvement,2026-07-07T18:32:17+08:00,
Memorial Automotive,Memorial Automotive,https://www.memorialautomotive.com.au,Automotive,2026-07-07T18:32:17+08:00,
Minchinbury Pharmacy,Minchinbury Pharmac | Minchinbury Pharmacy,https://maps.google.com/?q=Minchinbury+Pharmacy,Health,2026-07-07T18:32:17+08:00,
Sooo Sushi,Sooo Sushi,https://www.sooosushi.com.au,Dining Out,2026-07-07T18:32:17+08:00,
Currumbin Hotel,Currumbin Hotel,https://www.currumbinhotel.com.au,Travel,2026-07-07T18:32:17+08:00,
Michel's Patisserie,Michels Patisserie | Michel's Patisserie,https://www.michelspatisserie.com.au,Dining Out,2026-07-07T18:32:17+08:00,
Helensvale Tavern,Helensvale Tavern,https://www.helensvaletavern.com.au,Dining Out,2026-07-07T18:32:17+08:00,
Pearl Nails,Pearlnails | Pearl Nails,https://www.pearlnails.com.au,Personal Care,2026-07-07T18:32:17+08:00,
Pineapple Hotel,Pineapple Hotel,https://www.pineapplehotel.com.au,Travel,2026-07-07T18:32:17+08:00,
Cornetts Supermarkets,CORNETTS SUPERMARKETS,https://www.cornetts.com.au,Groceries,2026-07-07T18:31:23+08:00,
EGR Tobacconist,Egr Tobacconist,https://www.egrtobacconist.com.au,Retail,2026-07-07T18:31:23+08:00,
Sapporo Sushi,Sapporo Sushi,https://www.sapporosushi.com.au,Dining Out,2026-07-07T18:31:23+08:00,
Mollymook Pharmacy,Mollymook Pharmacy,https://www.mollymookpharmacy.com.au,Health,2026-07-07T18:31:23+08:00,
Chemist Connect,Chemist Connect,https://www.chemistconnect.com.au,Health,2026-07-07T18:31:23+08:00,
Northlakes Tavern,Northlakes Tavern,https://www.northlakestavern.com.au,Dining Out,2026-07-07T18:31:23+08:00,
Champs Cafe Investment,Champs Cafe Investment,https://www.google.com/maps/search/Champs+Cafe+Investment+Sydney,Dining Out,2026-07-07T18:31:23+08:00,
Liverpool Catholic Club,Liverpool Catholic | Liverpool Catholic Club,https://www.liverpoolcatholicclub.com.au,Entertainment,2026-07-07T18:31:23+08:00,
Treetops Tavern,Treetops Tavern,https://www.treetopstavern.com.au,Dining Out,2026-07-07T18:31:23+08:00,
Asian Groceries Mermaid Waters,Asian Groceries Mermaid Water | Asian Groceries Mermaid Waters,https://www.google.com/maps/search/Asian+Groceries+Mermaid+Waters,Groceries,2026-07-07T18:31:23+08:00,
Fishbowl,Fishbowl Newington | Fishbowl,https://www.fishbowl.com.au,Dining Out,2026-07-07T18:31:23+08:00,
Doncaster Bowling Club,Doncaster Bowling Club,https://www.doncasterbowlingclub.com.au,Entertainment,2026-07-07T18:31:23+08:00,
LS Funtopia,Ls Funtopia,https://www.lsfuntopia.com.au,Entertainment,2026-07-07T18:31:23+08:00,
Westfield Bondi Junction,Westfield Bondi | Westfield Bondi Junction,https://www.westfield.com.au/bondijunction,Retail,2026-07-07T18:31:23+08:00,
Ashfield Newsagency,Ashfield Newsagency,https://www.google.com/maps/search/Ashfield+Newsagency,Information,2026-07-07T18:31:23+08:00,
OTR Golden Grove,OTR GOLDEN GROVE,https://www.otr.com.au,Automotive,2026-07-07T18:30:26+08:00,
Ged Erub Trading Daido Tavern,GED ERUB TRADING DAIDO TAVERN,https://www.daidotavern.com.au,Dining Out,2026-07-07T18:30:26+08:00,
BP Yeppoon,BP YEPPOON HOSKYNS | BP Yeppoon,https://www.bp.com/en_au/australia/home.html,Automotive,2026-07-07T18:30:26+08:00,
TAB,TAB LTD | TAB,https://www.tab.com.au,Gambling,2026-07-07T18:30:26+08:00,
Apollo Health,APOLLO HEALTH PTY LTSH | Apollo Health,https://www.apollohealth.com.au,Health,2026-07-07T18:30:26+08:00,
BP,BP EXP WEST COAST | BP,https://www.bp.com,Automotive,2026-07-07T18:30:26+08:00,
The Field by Zouki,THE FIELD BY ZOUKI,https://www.zouki.com.au/locations/the-field-by-zouki,Dining Out,2026-07-07T18:30:26+08:00,
Secure Parking,SecureParkingVoyager | Secure Parking,https://www.secureparking.com.au,Transport,2026-07-07T18:30:26+08:00,
Alberton Takeaway,Alberton Takeaway,https://www.google.com/maps/search/?api=1&query=Alberton+Takeaway,Dining Out,2026-07-07T18:30:26+08:00,
Themensroombarber,Themensroombarber,https://www.google.com/maps/search/Themensroombarber+Granville,Personal Care,2026-07-07T18:30:26+08:00,
Star Liquor Beaudesert,StarLiquorBeaudesert | Star Liquor Beaudesert,https://www.starliquor.com.au/,Retail,2026-07-07T18:30:26+08:00,
The Cheesecake Shop,TheCheesecakeShop | The Cheesecake Shop,https://www.thecheesecakeshop.com.au,Retail,2026-07-07T18:30:26+08:00,
Shenton Avenue Medical Centre,ShentonAveMedicalCtr | Shenton Avenue Medical Centre,https://www.shentonavemedicalcentre.com.au,Health,2026-07-07T18:30:26+08:00,
Silly Solly's,SILLYSOLLYSMORAYFIEL | Silly Solly | Silly Solly's,https://www.sillysollys.com.au,Retail,2026-07-07T18:30:26+08:00,
CPR Plant Repairs and Maintenance,CPRPLANTREPAIRSANDMA | CPR Plant Repairs and Maintenance,https://www.cprplantrepairs.com.au,Home Improvement,2026-07-07T18:30:26+08:00,
SUP Laundromats,SUPLAUNDROMATSS | SUP Laundromats,https://www.suplaundromats.com,Retail,2026-07-07T18:30:26+08:00,
Welcome Asia Grocery,Welcome Asia Grocery,https://www.google.com/maps/search/Welcome+Asia+Grocery+Para+Hills,Groceries,2026-07-07T18:29:32+08:00,
Shell,Shell,https://www.shell.com/,Automotive,2026-07-07T18:29:32+08:00,
Sando Soba Boys,Sando Soba Boys,https://www.sandosobaboys.com.au,Dining Out,2026-07-07T18:29:32+08:00,
ABC Mini-Mart Pty Ltd,Abc Mini-Mart Pty Ltd,https://www.google.com/maps/search/ABC+Mini-Mart+Baulkham+Hills,Groceries,2026-07-07T18:29:32+08:00,
Dollars and Sense,DOLLARS AND SENSE,https://www.dollarsandsense.com.au,Retail,2026-07-07T18:29:32+08:00,
Cranbourne West IGA,CRANBOURNE WEST IGA,https://www.iga.com.au,Groceries,2026-07-07T18:29:32+08:00,
Sushi Densha,SUSHI DENSHA,https://www.sushidensha.com.au,Dining Out,2026-07-07T18:29:32+08:00,
Berth Restaurant Bar,BERTH RESTAURANT BAR,https://www.berthrestaurantbar.com.au,Dining Out,2026-07-07T18:29:32+08:00,
United Broadmeadows,UNITED BROADMEADOWS,https://www.unitedpetroleum.com.au/,Automotive,2026-07-07T18:29:32+08:00,
TH Nails and Spa,TH NAILS AND SPA,https://www.google.com/maps/search/TH+Nails+and+Spa+Geelong,Personal Care,2026-07-07T18:29:32+08:00,
My Varieties Pty Ltd,MY VARIETIES PTY LTD,https://www.google.com/maps/search/?api=1&query=My+Varieties+Pty+Ltd+Murray+Bridge,Retail,2026-07-07T18:27:57+08:00,
Speedway Petroleum,SPEEDWAY PETROLEUM,https://www.speedway.com/,Automotive,2026-07-07T18:27:57+08:00,
Watervale Lotto & News,WATERVALE LOTTO NEWS,https://www.google.com/maps/search/Watervale+Lotto+News+Taylor's+Hill,Gambling,2026-07-07T18:27:57+08:00,
Thuan Phat Supermarket,THUAN PHAT SUPERMKTP | Thuan Phat Supermarket,https://www.google.com/maps/search/Thuan+Phat+Supermarket+Croydon+Park,Groceries,2026-07-07T18:27:57+08:00,
Sadleirs Pharmacy,SADLEIRS PHARMACY,https://www.sadleirspharmacy.com.au,Health,2026-07-07T18:27:57+08:00,
Cunnamulla Pharmacy,CUNNAMULLA PHARMACY,https://www.google.com/maps/search/Cunnamulla+Pharmacy+14+Stockyard+Street,Health,2026-07-07T18:27:57+08:00,
Federal Hotel Collie,FEDERAL HOTEL COLLIE,https://www.federalhotelcollie.com.au,Travel,2026-07-07T18:27:57+08:00,
Boddington Hardware,BODDINGTON HARDWARE,https://www.boddingtonhardware.com.au,Home Improvement,2026-07-07T18:27:57+08:00,
Wynnum West State School,WYNNUM WEST STATE SCH | Wynnum West State School,https://wynnumwestss.eq.edu.au,Education,2026-07-07T18:27:57+08:00,
EG Group,EG GROUP,https://www.eg-group.com,Automotive,2026-07-07T18:27:57+08:00,
Supa IGA Russell Island,SUPA IGA RUSSELL ISL | Supa IGA Russell Island,https://www.iga.com.au/,Groceries,2026-07-07T18:27:57+08:00,
Turbot Street Medical Centre,Turbot St Medical Cen | Turbot Street Medical Centre,https://maps.google.com/?q=Turbot+Street+Medical+Centre+Spring+Hill,Health,2026-07-07T18:27:57+08:00,
Yori Yori Mac Pty Ltd,Yori Yori Mac Pty Ltd,https://www.yoriyori.com.au,Dining Out,2026-07-07T18:27:57+08:00,
Nth St Marys Cellars,Nth St Marys Cellars,https://www.google.com/maps/search/?api=1&query=Nth+St+Marys+Cellars,Retail,2026-07-07T18:27:57+08:00,
Deija and Co Pty Ltd,Deija And Co Pty Ltd,https://www.deijaandco.com.au,Retail,2026-07-07T18:27:57+08:00,
Victoria Hotel,Victoria Hotel,https://www.victoriahotel.com.au,Travel,2026-07-07T18:27:57+08:00,
All Day Cravings Cafe,ALL DAY CRAVINGS CAF | All Day Cravings Cafe,https://maps.google.com/?q=All+Day+Cravings+Cafe+Glendenning,Dining Out,2026-07-07T18:27:02+08:00,
Beretta Cafe and Pizza,BERETTA CAFE AND PIZ | Beretta Cafe and Pizza,https://www.berettacafe.com.au,Dining Out,2026-07-07T18:27:02+08:00,
Kids World,KIDS WORLD,https://www.kidsworld.com.au,Retail,2026-07-07T18:27:02+08:00,
Quality Kebabs,QUALITY KEBABS,https://www.qualitykebabs.com.au,Dining Out,2026-07-07T18:27:02+08:00,
Adelaide Grocer,ADELAIDE GROCER,https://www.adelaidegrocer.com.au,Groceries,2026-07-07T18:27:02+08:00,
Marsden Mart Pty Ltd,MARSDEN MART PTY LTD,https://www.marsdenmart.com.au,Groceries,2026-07-07T18:27:02+08:00,
Taste of Fiji Islands,TASTE OF FIJI ISLANDS,https://www.tasteoffijiislands.com,Dining Out,2026-07-07T18:27:02+08:00,
Mount Morgan Pharmacy,MOUNT MORGAN PHARMCY | Mount Morgan Pharmacy,https://www.google.com/maps/search/Mount+Morgan+Pharmacy,Health,2026-07-07T18:27:02+08:00,
Choice West,CHOICE WEST GLADSTON | Choice West,https://www.choicehotels.com/,Travel,2026-07-07T18:27:02+08:00,
Metro Hamilton,METRO HAMILTON,https://www.metro.com.au/,Automotive,2026-07-07T18:26:09+08:00,
OTR Trinity Gardens,OTR TRINITY GARDENS,https://www.otr.com.au,Automotive,2026-07-07T18:26:09+08:00,
Valley Tavern,VALLEY TAVERN,https://www.valleytavern.com.au,Dining Out,2026-07-07T18:26:09+08:00,
Pearl East,PEARL EAST MAITLAND | Pearl East,https://www.pearleast.com.au,Dining Out,2026-07-07T18:26:09+08:00,
Dome,DOME DEEP WATER POIN | Dome,https://www.domecoffees.com.au,Dining Out,2026-07-07T18:26:09+08:00,
Jacobs Well Superette,JABOBS WELL SUPERETT | Jacobs Well Superette,https://www.google.com/maps/search/Jacobs+Well+Superette,Groceries,2026-07-07T18:26:09+08:00,
Port Augusta Chinese,PORT AUGUSTA CHINESE,https://www.google.com/maps/search/Port+Augusta+Chinese,Dining Out,2026-07-07T18:26:09+08:00,
Tans Seafood Takeaway,TANS SEAFOOD TAKEAWA | Tans Seafood Takeaway,https://www.google.com/maps/search/Tans+Seafood+Takeaway+Deception+Bay,Dining Out,2026-07-07T18:26:09+08:00,
The Bakery Alice Springs,THE BAKERY ALICE SPRALICE SPRINGSNT | The Bakery Alice Springs,https://www.thebakeryalicesprings.com.au,Dining Out,2026-07-07T18:26:09+08:00,
Mountain Creek Chemmart Pharmacy,MTN CREEK CHEM PHARM | Mountain Creek Chemmart Pharmacy,https://www.chemmart.com.au/,Health,2026-07-07T18:26:09+08:00,
Ettalong Beach Lotto,ETTALONG BEACH LOTTO,https://www.ettalongbeachlotto.com.au,Gambling,2026-07-07T18:26:09+08:00,
Mount Druitt Pharmacy,MOUNT DRUITT PHARMAC | Mount Druitt Pharmacy,https://maps.google.com/?q=Mount+Druitt+Pharmacy,Health,2026-07-07T18:25:16+08:00,
My Dear Bakery,MYDEAR BAKERY | My Dear Bakery,https://www.mydearbakery.com.au,Dining Out,2026-07-07T18:25:16+08:00,
The Rainforest Cafe,THE RAINFOREST CAFE,https://www.rainforestcafe.com,Dining Out,2026-07-07T18:25:16+08:00,
Money Cuts Barbers,MONEY CUTS BARBERS,https://www.moneycutsbarbers.com.au,Personal Care,2026-07-07T18:25:16+08:00,
Holy Spirit College Mount Pleasant,HOLY SPIRIT COLLEGE MOUNT PLEASAN | Holy Spirit College Mount Pleasant,https://www.holyspiritcollege.qld.edu.au,Education,2026-07-07T18:25:16+08:00,
Shelly News and Gifts,SHELLY NEWS AND GIFT | Shelly News and Gifts,https://www.google.com/maps/search/Shelly+News+and+Gifts+Shelly+Harbour+NSW,Information,2026-07-07T18:25:16+08:00,
Poultry Plus,POULTRY PLUS,https://www.poultryplus.com.au,Groceries,2026-07-07T18:25:16+08:00,
Mobil Mount Gambier,MOBIL MOUNT GAMBIER,https://www.mobil.com.au,Automotive,2026-07-07T18:25:16+08:00,
Willy's Carvery Cafe,WILLYS CARVERY CAFE | Willy's Carvery Cafe,https://www.willyscarverycafe.com.au,Dining Out,2026-07-07T18:25:16+08:00,
Astron Cannon Valley,ASTRON CANNON VALLEY,https://www.astroncannonvalley.com.au,Automotive,2026-07-07T18:25:16+08:00,
Best Friends Kainan,BEST FRIENDS KAINAN,https://www.bestfriendskainan.com.au,Dining Out,2026-07-07T18:24:25+08:00,
Jens Town Hall Hotel,JENS TOWN HALL HOTEL,https://www.jenstownhallhotel.com.au,Travel,2026-07-07T18:24:25+08:00,
White Bottle Pty Ltd,WHITE BOTTLE PTY LTD,https://www.google.com/search?q=White+Bottle+Pty+Ltd,Retail,2026-07-07T18:24:25+08:00,
Liberty Edinburgh,LIBERTY EDINBURGH,https://www.libertyedinburgh.com,Automotive,2026-07-07T18:24:25+08:00,
Mega Meats,MEGA MEATS,https://www.megameats.com.au,Groceries,2026-07-07T18:24:25+08:00,
Long's Chinese Kitchen,LONG'S CHINESE KITCH | Long's Chinese Kitchen,https://www.google.com/maps/search/Long's+Chinese+Kitchen+Canley+Heights,Dining Out,2026-07-07T18:24:25+08:00,
Tobacco Station,TOBACCO STN | TOBACCOSTATION | Tobacco Station,https://www.tobaccostation.com.au,Retail,2026-07-07T18:24:25+08:00,
Northeast Autoglass,NORTHEAST AUTOGLASS,https://www.northeastautoglass.com.au,Automotive,2026-07-07T18:24:25+08:00,
Just Crazy Bargains,JUST CRAZY BARGAINS,https://www.justcrazybargains.com.au,Retail,2026-07-07T18:22:03+08:00,
Port Lincoln Pharmacy,PORT LINCOLN PHARMAC | Port Lincoln Pharmacy,https://www.portlincolnpharmacy.com.au,Health,2026-07-07T18:22:03+08:00,
Valley Tavern Bistro,VALLEY TAVERN BISTRO,https://maps.google.com/?q=Valley+Tavern+Bistro+Niagara+Park,Dining Out,2026-07-07T18:22:03+08:00,
Eatons Hill Pharmacy,EATONS HILL PHARMACY,https://www.eatonshillpharmacy.com.au,Health,2026-07-07T18:22:03+08:00,
Izakaya Tori,IZAKAYA TORI,https://www.izakayatori.com.au,Dining Out,2026-07-07T18:22:03+08:00,
GP Discount Pharmacy,GP DISCOUNT PHARMACY,https://www.gpdpharmacy.com.au,Health,2026-07-07T18:22:03+08:00,
Berkshire Mini Mart,BERKSHIRE MINI MART,https://www.google.com/maps/search/Berkshire+Mini+Mart+Forrestfield,Groceries,2026-07-07T18:22:03+08:00,
Crowntea Banh Mi Pty,CROWNTEA BANH MI PTY,https://www.google.com/maps/search/Crowntea+Banh+Mi+Campbelltown,Dining Out,2026-07-07T18:22:03+08:00,
Bains Liquor,BAINS LIQUOR,https://www.bainsliquor.com.au,Retail,2026-07-07T18:22:03+08:00,
Dollar Dazzlers,DOLLAR DAZZLERS,https://www.dollardazzlers.com.au,Retail,2026-07-07T18:22:03+08:00,
Domino's Pizza,DOMINOS NARRE WARREN | Domino's Glenmore | Domino's Gladesvil | Domino's Pizza,https://www.dominos.com.au/,Dining Out,2026-07-07T18:20:53+08:00,
IGA Sandstone Point,IGA SANDSTONE POINT,https://www.iga.com.au,Groceries,2026-07-07T18:20:53+08:00,
Gabba Kebab,GABBA KEBAB,https://www.gabbakebab.com.au,Dining Out,2026-07-07T18:20:53+08:00,
Holland Place Supermarket,HOLLAND PLACE SUPERM | Holland Place Supermarket,https://www.google.com/maps/search/?api=1&query=Holland+Place+Supermarket+Holland+Park+QLD,Groceries,2026-07-07T18:20:53+08:00,
Livelife Pharmacy Coolum Beach,LIVELIFE PHARMACY COCOOLUM BEACH | Livelife Pharmacy Coolum Beach,https://www.livelifepharmacy.com.au,Health,2026-07-07T18:20:53+08:00,
Holland Place Bakery,HOLLAND PLACE BAKERY,https://www.hollandplacebakery.com.au,Dining Out,2026-07-07T18:20:53+08:00,
VP Convenience Store,VP CONVENIENCE STORE,https://www.google.com/maps/search/?api=1&query=VP+Convenience+Store+Victoria,Groceries,2026-07-07T18:20:53+08:00,
Kelvin Grove Seafood,KELVIN GROVE SEAFOOD,https://www.google.com/maps/search/Kelvin+Grove+Seafood,Groceries,2026-07-07T18:20:53+08:00,
OCS Fun Pty Ltd,Zlr*Ocs Fun Pty Ltd | OCS Fun Pty Ltd,https://www.ocsfun.com.au,Entertainment,2026-07-07T18:20:03+08:00,
Macca's Bakehouse,Macca's Bakehouse,https://www.maccasbakehouse.com.au,Dining Out,2026-07-07T18:20:03+08:00,
Hampton Park Tavern,Hampton Park Tavrn | Hampton Park Tavern,https://www.hamptonparktavern.com.au,Dining Out,2026-07-07T18:20:03+08:00,
Triple 8 GWH Car Wash,Triple 8 Gwh Car Wash,https://www.triple8carwash.com.au,Automotive,2026-07-07T18:20:03+08:00,
Mobil Gilles Plains,MOBIL GILLES PLAINS,https://www.mobil.com.au,Automotive,2026-07-07T18:20:03+08:00,
Kinglake Service Station,KINGLAKE SERV STATIO | Kinglake Service Station,https://www.google.com/maps/search/Kinglake+Service+Station,Automotive,2026-07-07T18:20:03+08:00,
Winnings Newsagency,WINNINGS NEWSAGENCY,https://www.winningsnewsagency.com.au,Information,2026-07-07T18:20:03+08:00,
Metro News,METRO NEWSCASTLE | Metro News,https://www.metronews.com.au,Information,2026-07-07T18:20:03+08:00,
Port Village Medical,PORT VILLAGE MEDICAL,https://www.portvillagemedical.com.au,Health,2026-07-07T18:20:03+08:00,
Pig N Whistle,PIG N WHISTLE,https://www.pignwhistle.com.au,Dining Out,2026-07-07T18:20:03+08:00,
Gladstone Park Lotto,GLADSTONE PARK LOTTO,https://www.google.com/maps/search/?api=1&query=Gladstone+Park+Lotto,Gambling,2026-07-07T18:20:03+08:00,
White Rabbit Double Bay,White Rabbit Double B | White Rabbit Double Bay,https://www.whiterabbitdoublebay.com.au,Dining Out,2026-07-07T18:19:14+08:00,
Turf Hut Espresso,Turf Hut Espresso,https://www.turfhutespresso.com.au,Dining Out,2026-07-07T18:19:14+08:00,
Dirty Laundry,Dirty Laundry,https://www.dirtylaundry.com.au,Retail,2026-07-07T18:19:14+08:00,
Swish Hair Studio,Swish Hair Studio,https://www.swishhairstudio.com.au,Personal Care,2026-07-07T18:19:14+08:00,
Golden Fresh Fruit,Golden Fresh Fruit,https://www.goldenfreshfruit.com.au,Groceries,2026-07-07T18:19:14+08:00,
Buckley Fish And Chips,Buckley Fish And Chip | Buckley Fish And Chips,https://www.google.com/maps/search/Buckley+Fish+And+Chips+Noble+Park,Dining Out,2026-07-07T18:19:14+08:00,
Cakes By Rach Cafe,Cakes By Rach Cafe,https://www.cakesbyrachcafe.com.au,Dining Out,2026-07-07T18:19:14+08:00,
Siby's Kebab and Pide,Siby's Kebab And Pide,https://www.sibys.com.au,Dining Out,2026-07-07T18:19:14+08:00,
The Beauty Lounge,The Beauty Lounge,https://www.thebeautylounge.com.au,Personal Care,2026-07-07T18:19:14+08:00,
Mark Anthony Cafe,Mark Anthony Cafe,https://www.google.com/maps/search/Mark+Anthony+Cafe+Dandenong,Dining Out,2026-07-07T18:19:14+08:00,
True South,True South,https://www.truesouth.com.au,Dining Out,2026-07-07T18:19:14+08:00,
Northbri Cafe,Northbri Cafe,https://www.northbricafe.com.au,Dining Out,2026-07-07T18:19:14+08:00,
Flame Coal Chicken,Flame Coal Chicke | Flame Coal Chicken,https://www.flamecoalchicken.com.au,Dining Out,2026-07-07T18:19:14+08:00,
Starvin Pizza Bar,Starvin Pizza Bar,https://www.starvinpizzabar.com.au,Dining Out,2026-07-07T18:19:14+08:00,
Build-A-Bear Workshop,Build A Bear Works | Build-A-Bear Workshop,https://www.buildabear.com,Retail,2026-07-07T18:18:26+08:00,
Caruso Beauty Pty Ltd,Caruso Beauty Pty Ltd,https://www.carusobeauty.com.au,Personal Care,2026-07-07T18:18:26+08:00,
Orbie Mini Donuts,Orbie Mini Donuts,https://www.orbie.com.au,Dining Out,2026-07-07T18:18:26+08:00,
Bondi Espresso Bar,Bondi Espresso Ba | Bondi Espresso Bar,https://www.bondiespressobar.com.au,Dining Out,2026-07-07T18:18:26+08:00,
Playford Chicken,Playford Chicken,https://www.playfordchicken.com.au,Dining Out,2026-07-07T18:18:26+08:00,
St Mina Bakery,St Mina Bakery,https://www.stminabakery.com.au,Dining Out,2026-07-07T18:18:26+08:00,
Harry's Liquor,Harry's Liquor,https://www.harrysliquor.com.au,Retail,2026-07-07T18:18:26+08:00,
Orchid Green Pty Ltd,Orchid Green Pty Ltd,https://www.orchidgreen.com.au,Retail,2026-07-07T18:18:26+08:00,2026-07-13T21:18:50+08:00
Bailey Road Baker,Bailey Road Baker,https://www.baileyroadbaker.com.au,Dining Out,2026-07-07T18:18:26+08:00,
Lola's Island Shop,Lola's Island Shop,https://www.lolasislandshop.com,Retail,2026-07-07T18:18:26+08:00,
Beyond Styles,Beyond Styles,https://www.beyondstyles.com.au,Personal Care,2026-07-07T18:18:26+08:00,
Pub Playoffs Pty Ltd,Pub Playoffs Pty Ltd,https://www.pubplayoffs.com.au,Dining Out,2026-07-07T18:18:26+08:00,
Dean's Barbecue Chicken,Deans Barbecue Chick | Dean's Barbecue Chicken,https://www.deansbarbecuechicken.com.au,Dining Out,2026-07-07T18:18:26+08:00,
KC Dry Cleaning,Kc Dry Cleaning,https://www.kcdrycleaning.com.au,Personal Care,2026-07-07T18:18:26+08:00,2026-07-13T21:18:50+08:00
Nemesis Pizza,Nemesis Pizza,https://www.nemesis-pizza.com.au,Dining Out,2026-07-07T18:18:26+08:00,
Saxbys Bakery Cafe,Smp*Saxbys Bakery Caf | Saxbys Bakery Cafe,https://www.saxbysbakery.com.au,Dining Out,2026-07-07T18:18:26+08:00,
Uncle John's Bakehouse,Uncle Johns Bakeh | Uncle John's Bakehouse,https://www.unclejohnsbakehouse.com.au,Dining Out,2026-07-07T18:18:26+08:00,
Court House Hotel,COURT HOUSE HOTEL,https://www.courthousehotelportdouglas.com.au,Travel,2026-07-07T18:17:38+08:00,
The Coffee Club,The Coffee Club,https://thecoffeeclub.com.au,Dining Out,2026-07-07T18:17:38+08:00,
Holiday Inn Warwick Farm,Holiday Inn WFarm | Holiday Inn Warwick Farm,https://www.ihg.com/holidayinn/hotels/us/en/warwick-farm,Travel,2026-07-07T18:17:38+08:00,
Sopranos Pizza,SOPRANOS GMT PIZ PAS | Sopranos Pizza,https://www.sopranospizza.com.au,Dining Out,2026-07-07T18:17:38+08:00,
Iris Shaft Hotel,IRIS SHAFT HOTEL,https://www.irisshafthotel.com.au,Travel,2026-07-07T18:17:38+08:00,
National Grocery,NATIONAL GROCERY,https://www.nationalgrocery.com.au,Groceries,2026-07-07T18:17:38+08:00,
House of Banh Mi,House Of Banh Mi,https://www.houseofbanhmi.com.au,Dining Out,2026-07-07T18:17:38+08:00,
Bondi Surf Seafoods,Bondi Surf Sfoods Pl | Bondi Surf Seafoods,https://www.bondisurfseafoods.com.au,Groceries,2026-07-07T18:17:38+08:00,
M&L Vending Pty Ltd,M&L Vending Pty Ltd,https://www.mlvending.com.au,Retail,2026-07-07T18:17:38+08:00,
The Monkey King,The Monkey King,https://www.themonkeyking.com.au,Dining Out,2026-07-07T18:17:38+08:00,
Caloundra Servo,Caloundra Servo,https://www.caloundraservo.com.au,Automotive,2026-07-07T18:17:38+08:00,
Cheviot Snack Bar,Cheviot Snack Bar,https://www.google.com/maps/search/Cheviot+Snack+Bar+Salisbury,Dining Out,2026-07-07T18:17:38+08:00,
Bakery On O'Connell,Bakery On O'Connell,https://www.bakeryonoconnell.com.au,Dining Out,2026-07-07T18:17:38+08:00,
Classic Cafe House,Classic Cafe Hous | Classic Cafe House,https://www.classiccafehouse.com,Dining Out,2026-07-07T18:17:38+08:00,
Para Hills Football Club,Para Hills Football | Para Hills Football Club,https://www.parahillsfc.com.au,Entertainment,2026-07-07T18:17:38+08:00,
Bottle Mart,BOTTLE MART,https://www.bottlemart.com.au,Retail,2026-07-07T18:16:52+08:00,
Sweet India Craigieburn,SWEET INDIA CRAIGIEB | Sweet India Craigieburn,https://www.sweetindia.com.au,Dining Out,2026-07-07T18:16:52+08:00,
Sharetea Helensvale,SHARETEA HELENSVALE,https://www.sharetea.com.au,Dining Out,2026-07-07T18:16:52+08:00,
Strathfield Sports Club,STRATHFIELD SPORTS C | Strathfield Sports Club,https://www.strathfieldsportsclub.com.au,Entertainment,2026-07-07T18:16:52+08:00,
Four Square,FOUR SQUARE LEICHHAR | Four Square,https://www.foursquare.co.nz/,Groceries,2026-07-07T18:16:52+08:00,
Chapel St Supermarket,CHAPEL ST SUPERMARKT | Chapel St Supermarket,https://maps.google.com/?q=Chapel+St+Supermarket+Kingsgrove+NSW,Groceries,2026-07-07T18:16:52+08:00,
Coles,Coles,https://www.coles.com.au,Groceries,2026-07-07T18:16:52+08:00,
Bek Cafe and Dessert,BEK CAFE AND DESSERT,https://www.google.com/maps/search/BEK+CAFE+AND+DESSERT+Maribyrnong,Dining Out,2026-07-07T18:16:52+08:00,
Murray Bridge Fuels,MURRAY BRIDGE FUELS,https://www.murraybridgefuels.com.au,Automotive,2026-07-07T18:16:52+08:00,
Pizza HQ Churchill,PIZZA HQ CHURCHILL PTY LT | Pizza HQ Churchill,https://www.pizzahq.com.au,Dining Out,2026-07-07T18:16:52+08:00,
Gurri Wanyarra Wellbeing Centre,Gurri Wanyarra Wel | Gurri Wanyarra Wellbeing Centre,https://www.gurriwanyarra.com.au,Gyms and other memberships,2026-07-07T18:16:52+08:00,
One Stop Convenience,ONE STOP CONVENIENCE,https://www.onestopconvenience.com.au,Groceries,2026-07-07T18:14:18+08:00,
Transcontinental Hotel,TRANSCONTINENTAL HOT | Transcontinental Hotel,https://www.transcontinentalhotel.com.au,Travel,2026-07-07T18:14:18+08:00,
Monaghans Lucky Agency,MONAGHANS LUCKY AGEN | Monaghans Lucky Agency,https://www.monaghans.com.au,Gambling,2026-07-07T18:14:18+08:00,
TSG Queanbeyan Lotto,TSG QUEANBEYAN LOTTO,https://www.tsg.com.au/,Retail,2026-07-07T18:14:18+08:00,
Leader Lottery Kiosk,LEADER LOTTERY KIOSK,https://www.leaderlotterykiosk.com.au,Gambling,2026-07-07T18:14:18+08:00,
Origin Kebabs,ORIGIN KEBABS,https://www.originkebabs.com.au,Dining Out,2026-07-07T18:14:18+08:00,
Optimal Pharmacy,OPTIMAL PHARMACY,https://www.optimalpharmacy.com.au,Health,2026-07-07T18:14:18+08:00,
Wildcatz Indoor Sport,WILDCATZ INDOOR SPORT,https://www.wildcatz.com.au,Entertainment,2026-07-07T18:14:18+08:00,
Ravenswood Post News,RAVENSWOOD POST NEWS,https://www.ravenswoodpostnews.com.au,Information,2026-07-07T18:14:18+08:00,
Huntingdale Tobacco,HUNTINGDALE TOBACCO,https://www.google.com/maps/search/Huntingdale+Tobacco,Retail,2026-07-07T18:14:18+08:00,
TSG Jerrabomberra,TSG JERRABOMBERRA,https://www.tsg.com.au/,Retail,2026-07-07T18:14:18+08:00,
Outlet Homewares,OUTLET HOMEWARES,https://www.outlethomewares.com.au,Home Improvement,2026-07-07T18:14:18+08:00,
Meadowbrook Bakery,MEADOWBROOK BAKERY,https://www.google.com/maps/search/Meadowbrook+Bakery+Meadowbrook+QLD,Dining Out,2026-07-07T18:13:30+08:00,
Coolangatta Store,COOLANGATTA STORE,https://www.google.com/maps/search/?api=1&query=Coolangatta+Store,Retail,2026-07-07T18:13:30+08:00,
Templestowe Cellars,TEMPLESTOWE CELLARS,https://www.templestowecellars.com.au,Retail,2026-07-07T18:13:30+08:00,
Bamyaan Supermar,BAMYAAN SUPERMAR,https://www.google.com/maps/search/Bamyaan+Supermar+Merrylands,Groceries,2026-07-07T18:13:30+08:00,
Queensland Hotel Goondiwindi,QUEENSLAND HOTEL GOOGOONDIWINDI | Queensland Hotel Goondiwindi,https://www.queenslandhotelgoondiwindi.com.au,Travel,2026-07-07T18:13:30+08:00,
Sunshine Kebabs,SUNSHINE KEBABS,https://www.google.com/maps/search/Sunshine+Kebabs+Rockhampton,Dining Out,2026-07-07T18:13:30+08:00,
Seventeenth Lafite,SEVENTEENTH LAFITE,https://www.seventeenthlafite.com.au,Dining Out,2026-07-07T18:13:30+08:00,
Choice Discount Store,CHOICE DISCOUNT STOR | Choice Discount Store,https://www.choicediscountstore.com.au,Department Stores,2026-07-07T18:13:30+08:00,
Camberwell Lotto,CAMBERWELL LOTTO,https://www.camberwelllotto.com.au,Gambling,2026-07-07T18:13:30+08:00,
TattsLotto,TATTSLOTTO SOUTHMORA | TattsLotto,https://www.tatts.com/,Gambling,2026-07-07T18:13:30+08:00,
Lucky Greenfield,LUCKY GREENFIELD,https://www.luckygreenfield.com.au,Gambling,2026-07-07T18:13:30+08:00,
Hoxton Park Cellars,Hoxton Park Cellars,https://www.hoxtonparkcellars.com.au,Retail,2026-07-07T18:12:43+08:00,
Dunmore Lang College,Dunmore Lang College,https://www.dunmorelangcollege.nsw.edu.au,Education,2026-07-07T18:12:43+08:00,
Bakery @ The Green,Bakery @ The Green,https://www.google.com/maps/search/Bakery+@+The+Green+Murray+Bridge,Dining Out,2026-07-07T18:12:43+08:00,
Specialty Donuts,Specialty Donuts,https://www.specialtydonuts.com.au,Dining Out,2026-07-07T18:12:43+08:00,
Top Dog Food Truck,Top Dog Food Truck,https://www.topdogfoodtruck.com,Pet Care,2026-07-07T18:12:43+08:00,
Manav Henna Art,Manav Henna Art,https://www.manavhennaart.com,Personal Care,2026-07-07T18:12:43+08:00,
Hampstead Mc Pharmacy,Hampstead Mc Pharmacy,https://www.hampsteadmcpharmacy.com.au,Health,2026-07-07T18:12:43+08:00,
Nail Artistry Studio,Nail Artistry Studio,https://www.nailartistrystudio.com.au,Personal Care,2026-07-07T18:12:43+08:00,
Peter's Fish Market,Peters Fish Market | Peter's Fish Market,https://www.petersfishmarket.com.au,Groceries,2026-07-07T18:12:43+08:00,
Lake Bolac Cafe,Lakebolac Cafe | Lake Bolac Cafe,https://www.facebook.com/LakeBolacCafe/,Dining Out,2026-07-07T18:12:43+08:00,
Longwei Foods Pty Ltd,Longwei Foods Pty Ltd,https://www.longweifoods.com.au,Dining Out,2026-07-07T18:12:43+08:00,
Fish & Chips And,Fish & Chips And,https://www.google.com/maps/search/?api=1&query=Fish+%26+Chips+And+Edmondson+Park,Dining Out,2026-07-07T18:12:43+08:00,
The Coffee Roaster,The Coffee Roaster,https://thecoffeeroaster.com.au,Dining Out,2026-07-07T18:12:43+08:00,
TSG Leppington,Tsg Leppington Pty L | TSG Leppington,https://www.tsg.com.au/,Retail,2026-07-07T18:12:43+08:00,
Baked & Wired,Baked & Wired Pty Lt | Baked & Wired,https://www.bakedandwired.com.au,Dining Out,2026-07-07T18:12:43+08:00,
Jetstar Airways,Jetstar Airways,https://www.jetstar.com,Travel,2026-07-07T18:12:43+08:00,
Astron,ASTRON BLAIRGOWRIE | Astron,https://www.astron.com.au,Automotive,2026-07-07T18:12:43+08:00,
Shoal Bay Country Club,Shoal Bay Countryclub | Shoal Bay Country Club,https://www.shoalbaycountryclub.com.au,Entertainment,2026-07-07T18:11:56+08:00,
Maple Season Store,Maple Season Store,https://www.google.com/maps/search/Maple+Season+Store+Warwick+Farm,Retail,2026-07-07T18:11:56+08:00,
Lash & Brow Clinic,Lash & Brow Clinic,https://www.lashandbrowclinic.com.au,Health,2026-07-07T18:11:56+08:00,
Social Booth Pty Ltd,Social Booth Pty Ltd,https://www.socialbooth.com.au,Entertainment,2026-07-07T18:11:56+08:00,
Homeworld Medical Centre,Homeworld H'Vale Med | Homeworld Medical Centre,https://www.homeworldmedical.com.au,Health,2026-07-07T18:11:56+08:00,
Crust and Cream,Crust And Cream,https://www.crustandcream.com.au,Dining Out,2026-07-07T18:11:56+08:00,
Premier Mobile Food,Premier Mobile Food,https://www.premiermobilefood.com.au,Dining Out,2026-07-07T18:11:56+08:00,
Goldworld Fresh,Goldworld Fresh,https://www.goldworldfresh.com.au,Groceries,2026-07-07T18:11:56+08:00,
Boost Settlement,Boost Settlement,https://www.boostsettlement.com,Debt Consolidation,2026-07-07T18:11:56+08:00,
Oz Convenience Store,Oz Convenience Store,https://www.ozconveniencestore.com.au,Groceries,2026-07-07T18:11:56+08:00,
Beanyet Espresso,Beanyet Espresso,https://www.beanyet.com.au,Dining Out,2026-07-07T18:11:56+08:00,
Caffe Cherrybeans,Caffe Cherrybeans,https://www.caffe-cherrybeans.com.au,Dining Out,2026-07-07T18:11:56+08:00,
Yo Way,Yo Way,https://www.yoway.com.au,Transport,2026-07-07T18:11:56+08:00,
The Donnybrook Hotel,The Donnybrook Hotel,https://www.thedonnybrookhotel.com.au,Travel,2026-07-07T18:11:56+08:00,
The Entrance Hotel,The Entrance Hotel,https://www.theentrancehotel.com.au,Travel,2026-07-07T18:11:56+08:00,
Heddon Greta Hotel,Heddon Greta Hotel,https://www.heddongretahotel.com.au,Travel,2026-07-07T18:11:10+08:00,
Ollie's Place,Ollie's Place,https://www.olliesplace.com.au,Retail,2026-07-07T18:11:10+08:00,
Pattison's Patisserie,Pattison's Patisseri | Pattison's Patisserie,https://www.pattisonspatisserie.com.au,Dining Out,2026-07-07T18:11:10+08:00,
Georges Hall Chicken,Georges Hall Chicken,https://www.google.com/maps/search/?api=1&query=Georges+Hall+Chicken,Dining Out,2026-07-07T18:11:10+08:00,
Desert Rose Cafe,Desert Rose Cafe,https://www.desertrosecafe.com.au,Dining Out,2026-07-07T18:11:10+08:00,
Metro Georges Hall,Metro Georges Hall,https://www.metro.com.au/,Automotive,2026-07-07T18:11:10+08:00,
Coffs Coast Wildlife,Coffs Coast Wildlife,https://www.coffscoastwildlife.com.au,Entertainment,2026-07-07T18:11:10+08:00,
Broadview Football Club,Broadview Football Cl | Broadview Football Club,https://www.broadviewfc.com.au,Entertainment,2026-07-07T18:11:10+08:00,
Snook's Thai Cuisine,Snook's Thai Cuisine,https://www.snooksthaicuisine.com.au,Dining Out,2026-07-07T18:11:10+08:00,
LS Power Supps,Ls Power Supps,https://www.lspowersupps.com.au,Health,2026-07-07T18:11:10+08:00,
News Extra,News Extra,https://www.newsextra.com.au,Information,2026-07-07T18:11:10+08:00,
Metro Chester Hill,Metro Chester Hill,https://www.metro.com.au/,Automotive,2026-07-07T18:11:10+08:00,
Qualityvend Pty Ltd,Qualityvend Pty Ltd,https://www.qualityvend.com.au,Retail,2026-07-07T18:11:10+08:00,
Aussie Food Truck,Aussie Food Truck,https://www.aussiefoodtruck.com.au,Dining Out,2026-07-07T18:11:10+08:00,
Animal Welfare Op Shop,Animal Welf.Opshop | Animal Welfare Op Shop,https://www.animalwelfareopshop.com.au,Donations,2026-07-07T18:11:10+08:00,
Kununurra Ice Creamery,KUNUNURRA ICE CREAMER | Kununurra Ice Creamery,https://www.kununurraicecreamery.com.au,Dining Out,2026-07-07T18:10:25+08:00,
Second Crack Bean Coffee,SECOND CRACK BEAN COFFEE,https://www.secondcrackbeancoffee.com.au,Dining Out,2026-07-07T18:10:25+08:00,
SuperCellars,SuperCellars,https://www.supercellars.com.au,Retail,2026-07-07T18:10:25+08:00,
Sunlit Asian Supermarket,SUNLIT ASIAN SUPERMAR | Sunlit Asian Supermarket,https://www.google.com/maps/search/Sunlit+Asian+Supermarket+South+Brisbane,Groceries,2026-07-07T18:10:25+08:00,
Mooloolah Bakery,Mooloolah Bakery,https://www.mooloolahbakery.com.au,Dining Out,2026-07-07T18:10:25+08:00,
Gelatissimo Lane Cove,Gelatissimo Lane Cove,https://www.gelatissimo.com.au,Dining Out,2026-07-07T18:10:25+08:00,
St George's Bakehouse,St Georges Bakehou | St George's Bakehouse,https://www.stgeorgesbakehouse.com.au,Dining Out,2026-07-07T18:10:25+08:00,
JJ Tobacco Pty Ltd,Jj Tobacco Pty Ltd,https://www.google.com/search?q=JJ+Tobacco+Pty+Ltd,Retail,2026-07-07T18:10:25+08:00,
The Pizza Box,The Pizza Box,https://www.thepizzabox.com.au,Dining Out,2026-07-07T18:10:25+08:00,
The Mitchell Road,The Mitchell Road,https://www.themitchellroad.com.au,Dining Out,2026-07-07T18:10:25+08:00,
Chhoung Phat Asian,Chhoung Phat Asian,https://www.google.com/maps/search/Chhoung+Phat+Asian+Parafield,Groceries,2026-07-07T18:10:25+08:00,
Hudson Hotel & Events,Hudson Hotel & Events,https://www.hudsonhotel.com.au,Travel,2026-07-07T18:10:25+08:00,
Bexley North Hotel,Bexley North Hotel,https://www.bexleynorthhotel.com.au,Travel,2026-07-07T18:10:25+08:00,
Best & Less,Best & Less,https://www.bestandless.com.au,Retail,2026-07-07T18:10:25+08:00,
Wokstar Chinese & Western,Sq *Wokstar Chinese & West | Wokstar Chinese & Western,https://www.wokstar.com.au,Dining Out,2026-07-07T18:10:25+08:00,
Tasco Petroleum,Tasco Petroleum,https://www.tascopetroleum.com.au,Automotive,2026-07-07T18:10:25+08:00,
Global Entertainment,GLOBAL ENTERTAINMENT,https://www.globalentertainment.com.au,Entertainment,2026-07-07T18:09:37+08:00,
Brooklyn Donuts,Brooklyn Donuts,https://www.brooklyndonuts.com.au,Dining Out,2026-07-07T18:09:37+08:00,
Queensland Children's Hospital,Qld Childrens Hospital | Queensland Children's Hospital,https://www.childrens.health.qld.gov.au/,Health,2026-07-07T18:09:37+08:00,
Australian Vending Company,Australian Vending Com | Australian Vending Compan | Australian Vending Company,https://www.australianvending.com.au,Retail,2026-07-07T18:09:37+08:00,
Pearl Energy,PEARLENERGYGLADSTONE42 TOOLOOA STREET | Pearl Energy,https://www.pearlenergy.com.au,Utilities,2026-07-07T18:09:37+08:00,
Bennetts Petroleum,BENNETTS PETROLEUM,https://www.bennettspetroleum.com.au,Automotive,2026-07-07T18:09:37+08:00,
Three Amigos Vending,THREE AMIGOS VENDING,https://www.threeamigosvending.com.au,Retail,2026-07-07T18:09:37+08:00,
HealthRx Group Pharmac,HEALTHRX GROUP PHARMAC,https://www.healthrx.com.au,Health,2026-07-07T18:09:37+08:00,
nib Health Funds,nib Health Funds Limited | nib Health Funds,https://www.nib.com.au,Insurance,2026-07-07T18:09:37+08:00,
ALH Venues,ALH VENUES,https://www.alg.com.au/,Dining Out,2026-07-07T18:09:37+08:00,
Eastbourne Primary School,EASTBOURNE PRIMARY SC | Eastbourne Primary School,https://www.eastbourneps.vic.edu.au,Education,2026-07-07T18:09:37+08:00,
Optus,OPTUS,https://www.optus.com.au,Telecommunications,2026-07-07T18:09:37+08:00,
TCS Takeaway,TCS TAKEAWAY,https://www.tcs-takeaway.com,Dining Out,2026-07-07T18:09:37+08:00,
Real Fresh Paratha,REAL FRESH PARATHA,https://www.realfreshparatha.com,Groceries,2026-07-07T18:09:37+08:00,
Star Liquor,StarLiquor | StarLiquorNthIpswich | Star Liquor,https://starliquor.com.au,Retail,2026-07-07T18:08:51+08:00,
Telstar Telecommunications,TELSTAR TELECOMMUNIC | Telstar Telecommunications,https://www.telstar.com,Telecommunications,2026-07-07T18:08:51+08:00,
Finn McCool's Irish Bar,FinnMcCool'sIrishBar | Finn McCool's Irish Bar,https://www.finnmccoolsirishbar.com.au,Dining Out,2026-07-07T18:08:51+08:00,
Greenfields Newsagency,GREENFIELDS NEWSAGEN | Greenfields Newsagency,https://www.google.com/maps/search/Greenfields+Newsagency+Greenfield+WA,Information,2026-07-07T18:08:51+08:00,
Allround Vending Pty Ltd,Allround Vending Pty | Allround Vending Pty Ltd,https://www.allroundvending.com.au,Retail,2026-07-07T18:08:51+08:00,
Charnwood Newsagency,CHARNWOOD NEWSAGENCY,https://www.google.com/maps/search/Charnwood+Newsagency+ACT,Information,2026-07-07T18:08:51+08:00,
Provender Australia,Provender Australia,https://www.provender.com.au,Groceries,2026-07-07T18:08:51+08:00,
Sugarlands Newsagency,SUGARLANDS NEWSAGENC | Sugarlands Newsagency,https://www.google.com/maps/search/?api=1&query=Sugarlands+Newsagency+Bundaberg,Information,2026-07-07T18:08:51+08:00,
Worongary Newsagency,WORONGARY NEWSAGENCY,https://www.google.com/maps/search/Worongary+Newsagency,Information,2026-07-07T18:07:54+08:00,
Mooloolah Newsagency,MOOLOOLAH NEWSAGENCY,https://www.google.com/maps/search/Mooloolah+Newsagency,Information,2026-07-07T18:07:54+08:00,
Campbellfield Kebab,CAMPBELLFIELD KEBAB,https://www.google.com/maps/search/Campbellfield+Kebab,Dining Out,2026-07-07T18:07:54+08:00,
Deception Bay Aquatic Centre,DeceptionBay Aquatic | Deception Bay Aquatic Centre,https://www.moretonbay.qld.gov.au/Services/Sport-Facilities/Aquatic-Centres/Deception-Bay-Aquatic-Centre,Gyms and other memberships,2026-07-07T18:07:54+08:00,
Sushi Train Indooroopilly,SUSHI TRAIN INDOOROO | Sushi Train Indooroopilly,https://www.sushitrain.com.au,Dining Out,2026-07-07T18:07:54+08:00,
Cellabration Southbank,CELLABRATION SOUTH | Cellabration Southbank,https://www.cellabration.com.au,Retail,2026-07-07T18:07:54+08:00,
Thirlmere Newsagency,THIRLMERE NEWSAGENCY,https://www.google.com/maps/search/Thirlmere+Newsagency,Information,2026-07-07T18:07:54+08:00,
Seasons Supermarket,SEASONS SUPERMARKETS | Seasons Supermarket,https://www.seasonssupermarkets.com.au,Groceries,2026-07-07T18:06:49+08:00,
GYG BNE Service Centre,GYGBNEServiceCentre | GYG BNE Service Centre,https://www.gyg.com.au,Dining Out,2026-07-07T18:06:49+08:00,
Coolalinga Newsagency,COOLALINGA NEWSAGENC | Coolalinga Newsagency,https://www.coolalinganewsagency.com.au,Information,2026-07-07T18:06:04+08:00,
Milsons Point Pharmacy,MilsonsPoint Pharmac | Milsons Point Pharmacy,https://maps.google.com/?q=Milsons+Point+Pharmacy,Health,2026-07-07T18:06:04+08:00,
Horseland,HORSELAND,https://www.horseland.com.au,Pet Care,2026-07-07T18:06:04+08:00,
Bassendean Newsagency,BASSENDEAN NEWSAGENC | Bassendean Newsagency,https://maps.google.com/?q=Bassendean+Newsagency,Information,2026-07-07T18:06:04+08:00,
Chemistworks Edmondson Park,Chemistworks Edmonds | Chemistworks Edmondson Park,https://www.chemistworks.com.au/,Health,2026-07-07T18:06:04+08:00,
Cafe Vending Australia,Cafe Vending Austral | Cafe Vending Australia,https://www.cafevending.com.au,Dining Out,2026-07-07T18:06:04+08:00,
Chippindall Newsagency,CHIPPINDALL NEWSAGEN | Chippindall Newsagency,https://www.google.com/maps/search/Chippindall+Newsagency+Bundaberg,Information,2026-07-07T18:06:04+08:00,
Freechoice Traralgon,FREECHOICE TRARALGON,https://www.freechoice.com.au/,Retail,2026-07-07T18:06:04+08:00,
Thithi Cafe Restaurant,Thithi Cafe Restau | Thithi Cafe Restaurant,https://www.google.com/maps/search/Thithi+Cafe+Restaurant+Harkness,Dining Out,2026-07-07T18:05:19+08:00,
Dudley Hotel,Dudley Hotel,https://www.dudleyhotel.com.au,Travel,2026-07-07T18:05:19+08:00,
Grease Monkey,Grease Monkey,https://www.greasemonkey.com.au,Automotive,2026-07-07T18:05:19+08:00,
Grounded Coffee,Grounded Coffee,https://www.groundedcoffee.com.au,Dining Out,2026-07-07T18:05:19+08:00,
St Bernards Hotel,St Bernards Hotel,https://www.stbernardshotel.com.au,Travel,2026-07-07T18:05:19+08:00,
Pharmacy 4 Less,Pharmacy 4 Less,https://www.pharmacy4less.com.au,Health,2026-07-07T18:05:19+08:00,
Plumpton Fruitworld,Plumpton Fruitworld,https://www.google.com/maps/search/Plumpton+Fruitworld,Groceries,2026-07-07T18:05:19+08:00,
ZA Tobacconist,Smp*Za Tobacconist | ZA Tobacconist,https://www.zatobacconist.com.au,Retail,2026-07-07T18:05:19+08:00,
5 Star Handimarkets,5 Star Handimarkets,https://www.5starhandimarkets.com.au,Groceries,2026-07-07T18:05:19+08:00,
The Three Brothers,The Three Brothers,https://www.thethreebrothers.com.au,Dining Out,2026-07-07T18:05:19+08:00,
Gladstone Mechanical,Gladstone Mechanical,https://www.gladstonemechanical.com.au,Automotive,2026-07-07T18:05:19+08:00,
Paradise Tobacconist,paradisetobacconist | Paradise Tobacconist,https://www.paradisetobacconist.com.au,Retail,2026-07-07T18:05:19+08:00,
Mandalong Stock Feeds,Mandalong Stock Feeds,https://www.mandalongstockfeeds.com.au,Pet Care,2026-07-07T18:04:33+08:00,
SP ESNC Perfumery,Sp Esnc Perfumery,https://www.spesncperfumery.com,Personal Care,2026-07-07T18:04:33+08:00,
Mary's Seafood & Takeaway,Marys Seafood & Takea | Mary's Seafood & Takeaway,https://www.marysseafood.com.au,Dining Out,2026-07-07T18:04:33+08:00,
Pennas Prestons Pharmacy,Pennas Prestons Pharm | Pennas Prestons Pharmacy,https://www.pennaspharmacy.com.au,Health,2026-07-07T18:04:33+08:00,
Cronulla Beach Kebabs,Cronulla Beach Keb | Cronulla Beach Kebabs,https://www.cronullabeachkebabs.com.au,Dining Out,2026-07-07T18:04:33+08:00,
Jaycar Electronics,Jaycar Electronics,https://www.jaycar.com.au,Retail,2026-07-07T18:04:33+08:00,
Harahetta Ramen,Harahetta Ramen,https://www.harahettaramen.com,Dining Out,2026-07-07T18:04:33+08:00,
East West Cafe,East West Cafe,https://www.eastwestcafe.com.au,Dining Out,2026-07-07T18:04:33+08:00,
The Fresh Collective,The Fresh Collecti | The Fresh Collective,https://thefreshcollective.com.au,Groceries,2026-07-07T18:04:33+08:00,
Gladstone Park Hotel,Gladstone Park Hotel,https://www.gladstoneparkhotel.com.au,Travel,2026-07-07T18:04:33+08:00,
Rami's Pizza & Manoosh,Rami's Pizza & Manoosh,https://www.ramispizza.com.au,Dining Out,2026-07-07T18:04:33+08:00,
Addison Fruit & Veg,Addison Fruit & Veg,https://www.google.com/maps/search/Addison+Fruit+%26+Veg+Marrickville,Groceries,2026-07-07T18:04:33+08:00,
Evolution Barber Shop,Evolution Barber Shop,https://www.evolutionbarbershop.com.au,Personal Care,2026-07-07T18:04:33+08:00,
La Praline Patisserie,La Praline Patisseri | La Praline Patisserie,https://www.lapraline.com.au,Dining Out,2026-07-07T18:04:33+08:00,
Tobacco Town,Tobacco Town,https://www.tobaccotown.com.au,Retail,2026-07-07T18:04:33+08:00,
Double Bay Calipress,Doublebay Calipress | Double Bay Calipress,https://www.calipress.com.au,Personal Care,2026-07-07T18:04:33+08:00,
The Canadian Kitchen,The Canadian Kitchen,https://thecanadiankitchen.com.au,Dining Out,2026-07-07T18:04:33+08:00,
Kildare Automotive,Kildare Automotive,https://www.kildareautomotive.com.au,Automotive,2026-07-07T18:03:47+08:00,
The Tobacconist Green,The Tobacconist Green,https://www.thetobacconist.com.au,Retail,2026-07-07T18:03:47+08:00,
Full House Tobacconist,Full House Tobacconis | Full House Tobacconist,https://www.google.com/maps/search/Full+House+Tobacconist+Bathurst,Retail,2026-07-07T18:03:47+08:00,
Thornton Post and News,Thornton Post And News,https://maps.google.com/?q=Thornton+Post+And+News,Information,2026-07-07T18:03:47+08:00,
TJ Tobacconist & Shisha,Tj Tobacconist & Shis | TJ Tobacconist & Shisha | TJ TOBACCONIST SHISHA PTY LTD,https://www.google.com/maps/search/TJ+Tobacconist+%26+Shisha+Toongabbie,Retail,2026-07-10T09:39:48+08:00,
Phonetouch Pty Ltd,Phonetouch Pty Ltd,https://www.phonetouch.com.au,Telecommunications,2026-07-07T18:03:47+08:00,
Health & Beauty Express,Health & Beauty Expres | Health & Beauty Express,https://www.healthandbeautyexpress.com.au,Health,2026-07-07T18:03:47+08:00,
Narrabeen Coffee,Narrabeen Coffee,https://www.narrabeencoffee.com.au,Dining Out,2026-07-07T18:03:47+08:00,
Barista On Wheelz,Barista On Wheelz,https://www.baristaonwheelz.com.au,Dining Out,2026-07-07T18:03:47+08:00,
Myrtle Street Pharmacy,Myrtle Street Pharmac | Myrtle Street Pharmacy,https://www.myrtlestreetpharmacy.com.au,Health,2026-07-07T18:03:47+08:00,
Foveaux Corner Store,Foveaux Corner Store,https://maps.google.com/?q=Foveaux+Corner+Store+Liverpool+NSW,Groceries,2026-07-07T18:03:47+08:00,
TSG Mountain Gate,Tsg Mountain Gate,https://www.tsg.com.au/,Retail,2026-07-07T18:03:47+08:00,
Australian Mobile,Australian Mobile,https://www.australianmobile.com.au,Telecommunications,2026-07-07T18:03:47+08:00,
Roseville Fresh Food,Roseville Fresh Food,https://www.rosevillefreshfood.com.au,Dining Out,2026-07-07T18:03:47+08:00,
Urimbirra Wildlife,Urimbirra Wildlifemccracken Sa Au | Urimbirra Wildlife,https://www.urimbirrawildlife.com.au,Entertainment,2026-07-07T18:03:47+08:00,
Sandwich Studio,Sandwich Studio,https://www.sandwichstudio.com.au,Dining Out,2026-07-07T18:03:47+08:00,
Barber Industries,Barber Industries,https://www.barberindustries.com.au,Personal Care,2026-07-07T18:03:47+08:00,
The George Tavern,The George Tavern,https://www.thegeorgetavern.com.au,Dining Out,2026-07-07T18:02:59+08:00,
Your Health Store,Your Health Store,https://www.yourhealthstore.com.au,Health,2026-07-07T18:02:59+08:00,
Super Centre News,Super Centre News,https://www.supercentrenews.com.au,Information,2026-07-07T18:02:59+08:00,
Lawes Street Food,Lawes Street Food,https://www.lawesstreetfood.com.au,Dining Out,2026-07-07T18:02:59+08:00,
QLD Supermart,Qld Supermart,https://www.qldsupermart.com.au,Groceries,2026-07-07T18:02:59+08:00,
Pho Viet Restaurant,Pho Viet Restaurant,https://www.google.com/maps/search/Pho+Viet+Restaurant+Cabramatta,Dining Out,2026-07-07T18:02:59+08:00,
Chinese Express Food,Chinese Express Food,https://www.google.com/maps/search/Chinese+Express+Food+Dandenong,Dining Out,2026-07-07T18:02:59+08:00,
Outlook Resale Shop,Outlook Resale Shop,https://www.outlookresaleshop.com.au,Retail,2026-07-07T18:02:59+08:00,
Gungahlin Kebab,Gungahlin Kebab,https://www.google.com/maps/search/?api=1&query=Gungahlin+Kebab,Dining Out,2026-07-07T18:02:59+08:00,
Mountain Munchies,Mountain Munchies,https://www.mountainmunchies.com.au,Dining Out,2026-07-07T18:02:59+08:00,
Nobby's Discount Store,Nobbys Discount Store | Nobby's Discount Store,https://www.nobbysdiscountstore.com.au,Department Stores,2026-07-07T18:02:59+08:00,
Hills Auto Electrical,Hills Auto Electrical,https://www.hillsautoelectrical.com.au,Automotive,2026-07-07T18:02:59+08:00,
Craigmore Newsagency,Craigmore Newsagency,https://www.craigmorenewsagency.com.au,Information,2026-07-07T18:02:59+08:00,
Coffee House Granville,Coffee House Granvil | Coffee House Granville,https://www.coffeehousegranville.com.au,Dining Out,2026-07-07T18:02:59+08:00,
Metro Peakhurst West,Metro Peakhurst West,https://www.metro.com.au/,Automotive,2026-07-07T18:02:59+08:00,
Sams Supermarket,Sams Supermarket,https://www.samssupermarket.com.au,Groceries,2026-07-07T18:02:59+08:00,
EQ Bakehouse,Eq Bakehouse,https://www.eqbakehouse.com.au,Dining Out,2026-07-07T18:02:59+08:00,
MK Tobacconist Store,Mk Tobacconist Store,https://www.google.com/maps/search/?api=1&query=MK+Tobacconist+Store+Guildford,Retail,2026-07-07T18:02:59+08:00,
Black Grain,Black Grain,https://www.blackgrain.com.au,Dining Out,2026-07-07T18:02:10+08:00,
Tongli Supermarket,Tongli Supermarket,https://www.google.com/maps/search/Tongli+Supermarket+Blacktown,Groceries,2026-07-07T18:02:10+08:00,
Commercial Hotel,Commercial Hotel,https://www.commercialhotelwarragul.com.au,Travel,2026-07-07T18:02:10+08:00,
USA Convenience,Usa Convenience,https://maps.google.com/?q=USA+Convenience+Brunswick,Groceries,2026-07-07T18:02:10+08:00,
Broadwater Hotel,Broadwater Hotel,https://www.broadwaterhotel.com.au,Travel,2026-07-07T18:02:10+08:00,
Shree Krishna Supermarket,Shree Krishna Suprmrkt | Shree Krishna Supermarket,https://www.google.com/maps/search/Shree+Krishna+Supermarket+St+Marys+NSW,Groceries,2026-07-07T18:02:10+08:00,
Saycheese Photo Studio,Saycheese Photo Studio,https://www.saycheesephotostudio.com.au,Entertainment,2026-07-07T18:02:10+08:00,2026-07-13T21:39:03+08:00
Seaforth Local Grocer,Seaforth Local Grocer,https://www.seaforthlocalgrocer.com.au,Groceries,2026-07-07T18:02:10+08:00,
Jay Jays,Jay Jays,https://www.jayjays.com/,Retail,2026-07-07T18:02:10+08:00,
Fairfield Bowling Club,Fairfield Bowling | Fairfield Bowling Club,https://www.fairfieldbowlingclub.com.au,Entertainment,2026-07-07T18:02:10+08:00,
Market Street Coffee,Market Street Coffee,https://www.marketstreetcoffee.com.au,Dining Out,2026-07-07T18:02:10+08:00,
Erindale Chicken,Erindale Chicken,https://www.erindalechicken.com.au,Dining Out,2026-07-07T18:02:10+08:00,
Dist Docklands Lotto,Dist Docklands Lotto,https://www.google.com/maps/search/?api=1&query=Dist+Docklands+Lotto+Docklands+VIC,Gambling,2026-07-07T18:02:10+08:00,
Bliss and Espresso,Bliss And Espresso,https://www.blissandespresso.com.au,Dining Out,2026-07-07T18:02:10+08:00,
Cronulla RSL Memorial Club,Cronulla Rsl Memorial | Cronulla RSL Memorial Club,https://www.cronullarsl.com.au,Entertainment,2026-07-07T18:02:10+08:00,
Somersby General Store,Somersby General Stor | Somersby General Store,https://www.somersbygeneralstore.com.au,Groceries,2026-07-07T18:02:10+08:00,
Vincenzo's Pizzeria,Vincenzo's Pizzeria,https://www.vincenzospizzeria.com.au,Dining Out,2026-07-07T18:02:10+08:00,
Simmiller Catering,Simmiller Catering,https://www.simmillercatering.com.au,Dining Out,2026-07-07T18:01:21+08:00,
Goulburn Soldiers Club,Goulburn Soldiers Clu | Goulburn Soldiers Club,https://www.goulburnsoldiersclub.com.au,Entertainment,2026-07-07T18:01:21+08:00,
The Outback Bakery,The Outback Bakery,https://www.theoutbackbakery.com.au,Dining Out,2026-07-07T18:01:21+08:00,
Maroubra Seals Sports Club,Maroubra Seals Sports | Maroubra Seals Sports Club,https://www.maroubraseals.com.au,Entertainment,2026-07-07T18:01:21+08:00,
Warrawong H Pharmacy,Warrawong H Pharmacy,https://www.google.com/maps/search/Warrawong+H+Pharmacy,Health,2026-07-07T18:01:21+08:00,
Roundabout Bakery,Roundabout Bakery,https://www.roundaboutbakery.com.au,Dining Out,2026-07-07T18:01:21+08:00,
Daily Wash,Daily Wash,https://www.dailywash.com.au,Automotive,2026-07-07T18:01:21+08:00,
Gordon Hotel,Gordon Htl | Gordon Hotel,https://www.gordonhotel.com.au,Travel,2026-07-07T18:01:21+08:00,
LS Fury Industries Pty Ltd,Ls Fury Industries Pty | LS Fury Industries Pty Ltd,https://www.lsfuryindustries.com.au,Automotive,2026-07-07T18:01:21+08:00,2026-07-13T21:19:18+08:00
Viscosity Bar,Viscosity Bar,https://www.viscositybar.com.au,Dining Out,2026-07-07T18:01:21+08:00,
Ferguson Plarre Bakehouses,Ferguson Plarre | Ferguson Plarre Bakehouses,https://www.fergusonplarre.com.au,Dining Out,2026-07-07T18:01:21+08:00,
Glassons,Glassons,https://www.glassons.com,Retail,2026-07-07T18:01:21+08:00,
Tongli Super Markets,Tongli Super Markets,https://www.google.com/maps/search/Tongli+Super+Markets+Liverpool,Groceries,2026-07-07T18:01:21+08:00,
Convenience On Spe,Convenience On Spe,https://maps.google.com/?q=Convenience+On+Spe+Melbourne,Groceries,2026-07-07T18:01:21+08:00,
Tjay Petroleum Pty Ltd,Tjay Petroleum Pty Ltd,https://www.tjay.com.au,Automotive,2026-07-07T18:01:21+08:00,
Suhhtan Pizza Bakery,Suhhtan Pizza Bakery,https://www.google.com/maps/search/Suhhtan+Pizza+Bakery+Bankstown,Dining Out,2026-07-07T18:01:21+08:00,
Northern Convenience,NORTHERN CONVENIENCE,https://www.northernconvenience.com.au,Groceries,2026-07-07T17:59:50+08:00,
Mildura Basketball Association,MILDURA BASKETBALL ASSOCI | Mildura Basketball Association,https://www.mildurabasketball.com.au,Entertainment,2026-07-07T17:59:50+08:00,
St Georges Bakehouse,St Georges Bakehouse,https://www.stgeorgesbakehouse.com.au,Dining Out,2026-07-07T17:59:50+08:00,
Traralgon Newsagency,Traralgon Newsagency,https://www.google.com/maps/search/Traralgon+Newsagency,Information,2026-07-07T17:59:50+08:00,
IGA Dawesville Supermarket,IGA DAWESVILLE SUPERMA | IGA Dawesville Supermarket,https://www.iga.com.au,Groceries,2026-07-07T17:59:50+08:00,
Maddington Landscape and,MADDINGTON LANDSCAPE ANDS | Maddington Landscape and,https://www.google.com/maps/search/?api=1&query=Maddington+Landscape+and+Kenwick,Home Improvement,2026-07-07T17:59:50+08:00,
Thirsty Camel,THIRSTY CAMEL,https://www.thirstycamel.com.au,Retail,2026-07-07T17:59:50+08:00,
CTC Cessnock City Centre,Ctc Cessnock City Cent | CTC Cessnock City Centre,https://www.ctc.org.au/,Retail,2026-07-07T17:59:50+08:00,
Blakeview Newsagency,Blakeview Newsagency,https://www.google.com/maps/search/Blakeview+Newsagency,Information,2026-07-07T17:59:50+08:00,
Wow Wow Supermarket,Wow Wow Supermarket,https://www.wowwowsupermarket.com.au,Groceries,2026-07-07T17:59:50+08:00,
Touch of India,Touch Of India,https://www.touchofindia.com.au,Dining Out,2026-07-07T17:59:50+08:00,
Katoomba Fried Chicken,Katoomba Fried Chicke | Katoomba Fried Chicken,https://www.katoombafriedchicken.com.au,Dining Out,2026-07-07T17:59:50+08:00,
Apollo General Practice,Apollo General Pract | Apollo General Practice,https://www.apollogeneralpractice.com.au,Health,2026-07-07T17:59:50+08:00,
Ryft Newsagency,Ryft Newsagency,https://www.ryftnewsagency.com.au,Information,2026-07-07T17:59:50+08:00,
Metro Petrol,Metro Petrol,https://www.metropetrol.com.au,Automotive,2026-07-07T17:59:50+08:00,
Tass Bakery,Tass Bakery,https://www.tassbakery.com.au,Dining Out,2026-07-07T17:59:00+08:00,
Hairhouse Warehouse,Hairhouse Top Ryde | Hairhouse Warehouse,https://www.hairhouse.com.au/,Retail,2026-07-07T17:59:00+08:00,
Hilltree Newsagency,Hilltree Newsagency,https://www.google.com/maps/search/?api=1&query=Hilltree+Newsagency+Ermington,Information,2026-07-07T17:59:00+08:00,
Ballina's Indian Kitchen,Ballinas Indian Kitche | Ballina's Indian Kitchen,https://www.ballinasindiankitchen.com.au,Dining Out,2026-07-07T17:59:00+08:00,
Acacia Ridge Pharmacy,Acaciaridgepharmacy | Acacia Ridge Pharmacy,https://www.acaciaridgepharmacy.com.au,Health,2026-07-07T17:59:00+08:00,
Evolution Barbershop,Evolution Barbershop,https://www.evolutionbarbershop.com.au,Personal Care,2026-07-07T17:59:00+08:00,
Terminus Hotel Quirindi,TERMINUSHOTELQUIRIND | Terminus Hotel Quirindi,https://www.terminushotelquirindi.com.au,Travel,2026-07-07T17:59:00+08:00,
Southside Newsagency,Southside Newsagency,https://www.southsidenewsagency.com.au,Information,2026-07-07T17:59:00+08:00,
Cornetts Supermarket,CORNETTS SUPERMARKET,https://www.cornetts.com.au,Groceries,2026-07-07T17:59:00+08:00,
Santorini Restaurant,Santorini Restaurant,https://www.santorini.com.au/,Dining Out,2026-07-07T17:59:00+08:00,
Sovereign Hill Museums,SovereignHillMuseums | Sovereign Hill Museums,https://sovereignhill.com.au,Entertainment,2026-07-07T17:59:00+08:00,
Homebush Supermarket,Homebush Supermarket,https://www.google.com/maps/search/Homebush+Supermarket+Ashfield,Groceries,2026-07-07T17:58:12+08:00,
Petro Alliance,Petro Alliance,https://www.petroalliance.com.au,Automotive,2026-07-07T17:58:12+08:00,
Canberra Quality Meats,Canberra Quality Meats,https://www.canberraqualitymeats.com.au,Groceries,2026-07-07T17:58:12+08:00,
Lismore Tobacconist,Lismore Tobacconist,https://www.google.com/maps/search/?api=1&query=Lismore+Tobacconist,Retail,2026-07-07T17:58:12+08:00,
Express Car Wash,Express Car Wash,https://www.expresscarwash.com.au,Automotive,2026-07-07T17:58:12+08:00,
Portogalo Chicken,Portogalo Chicken,https://www.portogalochicken.com.au,Dining Out,2026-07-07T17:58:12+08:00,
Hurstville Bottler,Hurstville Bottler,https://www.hurstvillebottler.com.au,Retail,2026-07-07T17:58:12+08:00,
Sydney Park Kiosk,Sydneyparkkiosk | Sydney Park Kiosk,https://www.sydneyparkkiosk.com.au,Dining Out,2026-07-07T17:58:12+08:00,
Chop Master Steakhouse,Chop Master Steakhouse,https://www.chopmastersteakhouse.com.au,Dining Out,2026-07-07T17:58:12+08:00,
Joyland Amusements,Joyland Amusements,https://www.joylandamusements.com.au,Entertainment,2026-07-07T17:58:12+08:00,
Meadows Pharmacy,Meadows Pharmacy,https://www.meadowspharmacy.com.au,Health,2026-07-07T17:58:12+08:00,
Cranebrook Bakehouse,Cranebrook Bakehouse,https://www.cranebrookbakehouse.com.au,Dining Out,2026-07-07T17:58:12+08:00,
Camperdown Cellars,Camperdown Cellars,https://www.camperdowncellars.com.au,Retail,2026-07-07T17:58:12+08:00,
Fairfield Petroleum,Fairfield Petroleum,https://www.fairfieldpetroleum.com.au,Automotive,2026-07-07T17:58:12+08:00,
Sadaqat Supermarket,Sadaqat Supermarket,https://www.google.com/maps/search/Sadaqat+Supermarket+Ptmerryla+Nswau,Groceries,2026-07-07T17:57:25+08:00,
Queanbeyan Leagues Club,Queanbeyan Leagues | Queanbeyan Leagues Club | QUEANBEYAN LEAGUES CLUB LTD,https://www.queanbeyanleagues.com.au,Entertainment,2026-07-10T09:24:14+08:00,
Thai Secret Restaurant,Thai Secret Restaurant,https://www.thaisecret.com.au,Dining Out,2026-07-07T17:57:25+08:00,
Integra Automotive,Integra Automotive,https://www.integraautomotive.com.au,Automotive,2026-07-07T17:57:25+08:00,
Caloundra Tobacconist,Caloundra Tobacconist,https://www.google.com/maps/search/Caloundra+Tobacconist,Retail,2026-07-07T17:57:25+08:00,
Abercrombie Hotel,Abercrombie Hotel,https://www.abercrombiehotel.com.au,Travel,2026-07-07T17:57:25+08:00,
Mudgeeraba Aquatic,Mudgeeraba Aquatic,https://www.mudgeerabaaquatic.com.au,Entertainment,2026-07-07T17:57:25+08:00,
Metro Heatherbrae,Metro Heatherbrae,https://www.metroheatherbrae.com.au,Automotive,2026-07-07T17:57:25+08:00,
Wellington Aquatic,Wellington Aquatic,https://www.wellingtonaquatic.com.au,Entertainment,2026-07-07T17:57:25+08:00,
LMF Games & Amusements,Lmf Games & Amusements,https://www.lmfgames.com.au,Entertainment,2026-07-07T17:57:25+08:00,
United Vending Service,United Vending Service,https://www.unitedvending.com.au,Automotive,2026-07-07T17:57:25+08:00,
Pacific Laundromat,Pacific Laundromat,https://www.pacificlaundromat.com.au,Retail,2026-07-07T17:57:25+08:00,
Croatian Sports Centre,Croation Sports Centre | Croatian Sports Centre,https://www.croatiansportscentre.com.au,Gyms and other memberships,2026-07-07T17:57:25+08:00,
Cranbourne Meat,CRANBOURNE MEAT,https://www.cranbournemeat.com.au,Groceries,2026-07-07T17:56:35+08:00,
BP Uncle Leo's,BP UNCLELEOS RDHOUS | BP Uncle Leo's,https://www.bp.com/en_au/australia/home.html,Automotive,2026-07-07T17:56:35+08:00,
Fast Wok,FAST WOK PTY LTD ATF T MERMAID WATER | Fast Wok,https://www.fastwok.com.au,Dining Out,2026-07-07T17:56:35+08:00,
CTC Kings Langley,CTC KINGS LANGLEY,https://maps.google.com/?q=CTC+Kings+Langley,Retail,2026-07-07T17:56:35+08:00,
Royal Donuts,ROYAL DONUTS,https://www.royaldonuts.com.au,Dining Out,2026-07-07T17:56:35+08:00,
Balmoral Cafe,BALMORAL CAFE,https://www.balmoralcafe.com.au,Dining Out,2026-07-07T17:56:35+08:00,
Happy Valley Foodland,HAPPY VALLEY FOODLAN | Happy Valley Foodland,https://www.foodland.com.au,Groceries,2026-07-07T17:56:35+08:00,
Pacific Bay Resort,PACIFIC BAY RESORT,https://www.pacificbayresort.com.au,Travel,2026-07-07T17:56:35+08:00,
Ingenia Holidays,IngeniaHolidaysTwnsvil | Ingenia Holidays,https://www.ingeniaholidays.com.au,Travel,2026-07-07T17:56:35+08:00,
Wilson Parking,WIlsonParking | Wilson Parking,https://www.wilsonparking.com.au,Transport,2026-07-07T17:56:35+08:00,
Carwash 44,Carwash 44,https://www.carwash44.com.au,Automotive,2026-07-07T17:56:35+08:00,
Peppers Mantra,PeppersMantraBkfree Surfers Para | Peppers Mantra,https://www.peppers.com.au/,Travel,2026-07-07T17:56:35+08:00,
Adelaide Entertainment Centre,ADELAIDE ENTERTAINMENT | Adelaide Entertainment Centre,https://www.adelaideentertainmentcentre.com.au,Entertainment,2026-07-07T17:56:35+08:00,
Heatherbrae's Pies,Heatherbraes Pies | Heatherbrae's Pies,https://heatherbraespies.com.au,Dining Out,2026-07-07T17:56:35+08:00,
Pharmacy Junction,Pharmacy Junction,https://www.pharmacyjunction.com.au,Health,2026-07-07T17:56:35+08:00,
Choice Homewares,Choice Homewares,https://www.choicehomewares.com.au,Home Improvement,2026-07-07T17:56:35+08:00,
Little Joeys Pizza,Little Joeys Pizza,https://www.littlejoeypizza.com.au,Dining Out,2026-07-07T17:55:42+08:00,
Muddy Waters Coffee,Muddy Waters Coffe | Muddy Waters Coffee,https://www.muddywaterscoffee.com.au,Dining Out,2026-07-07T17:55:42+08:00,
Eva's Sandwich Cafe,Eva's Sandwich Cafe,https://www.evassandwichcafe.com.au,Dining Out,2026-07-07T17:55:42+08:00,
BFAM Food Factory,Bfam Food Factory,https://www.bfamfoodfactory.com.au,Dining Out,2026-07-07T17:55:42+08:00,
Blacksmiths Cafe,BLACKSMITHS CAFE,https://www.blacksmithscafe.com.au,Dining Out,2026-07-07T17:55:42+08:00,
Ryan's IGA Ballarat East,RYAN'S IGA BALLARAT EAST,https://www.iga.com.au,Groceries,2026-07-07T17:55:42+08:00,
Dan Murphy's,DAN MURPHY'S,https://www.danmurphys.com.au,Retail,2026-07-07T17:55:42+08:00,
Sunny's Car and Dog Wash,SUNNYS CAR AND DOG WASH | Sunny's Car and Dog Wash,https://www.sunnyscarwash.com.au,Pet Care,2026-07-07T17:55:42+08:00,
West Wyalong Services and Citizens Club,West Wyalong S+C Club | West Wyalong Services and Citizens Club,https://www.westwyalongservicesclub.com.au,Entertainment,2026-07-07T17:55:42+08:00,
Henley Beach Hotel,Henley Beach Hotel,https://www.henleybeachhotel.com.au,Travel,2026-07-07T17:55:42+08:00,
Ice Box Liquor,Ice Box Liqr | Ice Box Liquor,https://www.iceboxliquor.com.au,Retail,2026-07-07T17:55:42+08:00,
Werribee Supa IGA,WERRIBEE SUPA IGA,https://www.iga.com.au,Groceries,2026-07-07T17:55:42+08:00,
Zak's Barber Shop,Zak's Barber Shop,https://www.zaksbarbershop.com.au,Personal Care,2026-07-07T17:42:38+08:00,
Colonel Wash Pty. Ltd.,Colonel Wash Pty. Ltd.,https://www.colonelwash.com.au,Automotive,2026-07-07T17:42:38+08:00,
Bh Pizza,Bh Pizza Pty Ltd | Bh Pizza,https://www.bhpizza.com.au,Dining Out,2026-07-07T17:42:38+08:00,
Criniti's Castle Hill,Criniti's Castle Hill,https://www.crinitis.com.au/,Dining Out,2026-07-07T17:42:38+08:00,
Bakers La Vie,Bakers La Vie,https://www.bakerslavie.com.au,Dining Out,2026-07-07T17:42:38+08:00,
Nailed It Nail Bar,Nailed It Nail Bar,https://www.naileditnailbar.com.au,Personal Care,2026-07-07T17:42:38+08:00,
Farm Pizza And Kebab,Farm Pizza And Kebab,https://www.google.com/maps/search/Farm+Pizza+And+Kebab+Warwick+Farm,Dining Out,2026-07-07T17:42:38+08:00,
Green Hub Mart Pty Ltd,Green Hub Mart Pty L | Green Hub Mart Pty Ltd,https://www.google.com/maps/search/Green+Hub+Mart+Darlinghurst,Groceries,2026-07-07T17:42:38+08:00,
Dang Pharmacy,Dang Pharmacy,https://www.dangpharmacy.com.au,Health,2026-07-07T17:42:38+08:00,
The Fish and Chip,The Fish And Chip,https://www.google.com/maps/search/?api=1&query=The+Fish+and+Chip+Taylors+Lakes,Dining Out,2026-07-07T17:42:38+08:00,
Terry's Hot Bread,Terry's Hot Bread,https://www.google.com/maps/search/Terry's+Hot+Bread+Marrickville,Dining Out,2026-07-07T17:42:38+08:00,
Uroko Sushi On Train,Uroko Sushi On Train,https://www.urokosushi.com.au,Dining Out,2026-07-07T17:42:38+08:00,
I Love Food Trucks,I Love Food Trucks,https://www.ilovefoodtrucks.com.au,Dining Out,2026-07-07T17:42:38+08:00,
Good News Newsagency,GOOD NEWS NEWSAGENCY,https://www.google.com/maps/search/Good+News+Newsagency+Kambalda+West,Information,2026-07-07T17:41:58+08:00,
Riverbank Tatts Card,RIVERBANK TATTS CARD,https://www.tatts.com/,Gambling,2026-07-07T17:41:58+08:00,
Cignal Sunnybank Hills,CIGNAL SUNNYBANK HIL | Cignal Sunnybank Hills,https://www.cignal.com.au,Telecommunications,2026-07-07T17:41:58+08:00,
Grandeez Restaurant,GRANDEEZ RESTAURANT,https://www.grandeez.com.au,Dining Out,2026-07-07T17:41:58+08:00,
Pizza Pasta Gelato,PIZZA PASTA GELATO,https://www.pizzapastagelato.com.au,Dining Out,2026-07-07T17:41:58+08:00,
Station Meats,STATION MEATS,https://www.stationmeats.com.au,Groceries,2026-07-07T17:41:58+08:00,
Lucky Hot Bread Shop,Lucky Hot Bread Shop,https://www.google.com/maps/search/Lucky+Hot+Bread+Shop+Regents+Park,Dining Out,2026-07-07T17:41:58+08:00,
Bowen Hills Beer Mart,Bowen Hills Beer Mart,https://www.bowenhillsbeermart.com.au,Groceries,2026-07-07T17:41:58+08:00,
Grand Junction Car Wash,Grand Junction Car Was | Grand Junction Car Wash,https://www.grandjunctioncarwash.com.au,Automotive,2026-07-07T17:41:58+08:00,
Chemmart Murray Bridge,CHEMMART | Chemmart Murray Bridge,https://www.chemmart.com.au/,Health,2026-07-07T17:41:08+08:00,
Toolooa St Foodworks,TOOLOOA ST FOODWORKS,https://www.foodworks.com.au/,Groceries,2026-07-07T17:41:08+08:00,
Hurlstone Newsagency,HURLSTONE NEWSAGENCY,https://www.google.com/maps/search/?api=1&query=Hurlstone+Newsagency+Hurlstone+Park+NSW,Information,2026-07-07T17:41:08+08:00,
SmokeMart,SMOKEMART PORT PLAZA | SmokeMart,https://www.smokemart.com.au,Retail,2026-07-07T17:41:08+08:00,
Mobil Salamander Bay,MOBIL SALAMANDER BAY,https://www.mobil.com.au,Automotive,2026-07-07T17:25:17+08:00,
Petrogas Pty Limited,PETROGAS PTY LIMITED,https://www.petrogas.com.au,Automotive,2026-07-07T17:25:17+08:00,
Bestcuts Hair Design,BESTCUTS HAIRDESIGN | Bestcuts Hair Design,https://www.bestcuts.com.au,Personal Care,2026-07-07T17:25:17+08:00,
Glenquarie Newsagency,GLENQUARIE NEWSAGENC | Glenquarie Newsagency,https://www.google.com/maps/search/?api=1&query=Glenquarie+Newsagency+Macquarie+F+QLD,Information,2026-07-07T17:24:59+08:00,
Mobil Tamworth South,MOBIL TAMWORTH SOUTH,https://www.mobil.com.au,Automotive,2026-07-07T17:24:59+08:00,
Enterprise Hotel Motel Charters Towers,ENTERPRISE HOTEL MOTCHARTERS TOWEQL | Enterprise Hotel Motel Charters Towers,https://www.enterprisehotel.com.au,Travel,2026-07-07T17:24:59+08:00,
Hikaru Queensland,HIKARU QUEENSLAND,https://www.hikaru.com.au,Dining Out,2026-07-07T17:24:59+08:00,
Burnett Heads Pharmacy,BURNETT HEADS PHARMA | Burnett Heads Pharmacy,https://www.burnettheadspharmacy.com.au,Health,2026-07-07T17:24:59+08:00,
Star Discount Chemist,STAR DISCOUNT CHEMIS | Star Discount Chemist,https://www.stardiscountchemist.com.au,Health,2026-07-07T17:24:10+08:00,
Parklands Chemmart,PARKLANDS CHEMMART,https://www.chemmart.com.au/,Health,2026-07-07T17:24:10+08:00,
Gourmet Pizza Pantry,GOURMET PIZZA PANTRY,https://www.gourmetpizzapantry.com.au,Dining Out,2026-07-07T17:23:22+08:00,
Kings Charcoal Chicken,KINGS CHARCOAL CHIKN | Kings Charcoal Chicken,https://www.kingscharcoalchicken.com.au,Dining Out,2026-07-07T17:23:22+08:00,
Brady Rd Supermarket,BRADY RD SUPERMARKET,https://www.google.com/maps/search/?api=1&query=Brady+Rd+Supermarket+Dandenong+North,Groceries,2026-07-07T17:23:22+08:00,
Direct Chemist Outlet,DIRECT CHEMIST DINGLDINGLEY VILLAGE | DIRECT CHEMIST OUTLE | Direct Chemist Outlet,https://www.directchemistoutlet.com.au,Health,2026-07-07T17:23:22+08:00,
Lighthouse Hotel Motel,LIGHTHOUSE HOTEL MOT | Lighthouse Hotel Motel,https://www.lighthousehotelmotel.com.au,Travel,2026-07-07T17:23:22+08:00,
Cignall Tobacconist,CIGNALL TOBACCONIST,https://www.cignall.com.au,Retail,2026-07-07T17:23:22+08:00,
MQ Partners Pty Ltd,Mq Partners Pty Ltd,https://www.mqpartners.com.au,Debt Collection,2026-07-07T17:22:35+08:00,2026-07-13T21:19:18+08:00
Queens Hotel Gladstone,QUEENS HOTEL GLADSTO | Queens Hotel Gladstone,https://www.queenshotelgladstone.com.au,Travel,2026-07-07T17:22:35+08:00,
Mobil Port Macquarie,MOBIL PORT MACQUARIE,https://www.mobil.com.au,Automotive,2026-07-07T17:22:35+08:00,
Enhance Albion Park,Enhance Albion Park,https://www.enhancealbionpark.com.au,Personal Care,2026-07-07T17:21:48+08:00,
Health At The Ridge,Health At The Ridge,https://healthattheridge.com.au,Health,2026-07-07T17:21:48+08:00,
Manipedi Nail Salon,Manipedi Nail Salon,https://www.manipedi.com.au,Personal Care,2026-07-07T17:21:48+08:00,
IGA Currumbin Fair,Iga Currumbin Fair,https://www.iga.com.au/,Groceries,2026-07-07T17:21:48+08:00,
Donut Tempt Me,Donut Tempt Me,https://www.donuttemptme.com.au,Dining Out,2026-07-07T17:21:48+08:00,
Blendz & Beanz,Blendz &amp; Beanz | Blendz & Beanz,https://www.blendzandbeanz.com.au,Dining Out,2026-07-07T17:21:48+08:00,
Fountain Gate Bingo,Fountain Gate Bingo,https://www.fountaingatebingo.com.au,Gambling,2026-07-07T17:21:48+08:00,
Shivan Barber Shop,Shivan Barber Shop,https://www.google.com/maps/search/Shivan+Barber+Shop+Wagga+Wagga,Personal Care,2026-07-07T17:21:48+08:00,
Auto Masters,Auto Masters,https://www.automasters.com.au,Automotive,2026-07-07T17:21:48+08:00,
AJ Catering Pty Ltd,Aj Catering Pty Ltd,https://www.ajcatering.com.au,Dining Out,2026-07-07T17:21:48+08:00,
Elies Butchery,Elies Butchery,https://www.eliesbutchery.com.au,Groceries,2026-07-07T17:21:48+08:00,
Magical Touch Massage,Magical Touch Massage,https://www.magicaltouchmassage.com.au,Personal Care,2026-07-07T17:21:48+08:00,
Paparazzi Studios,Paparazzi Studios,https://paparazzistudios.com.au,Entertainment,2026-07-07T17:21:48+08:00,2026-07-13T21:19:18+08:00
Coffee Hub,Coffee Hub,https://www.coffeehub.com.au,Dining Out,2026-07-07T17:21:48+08:00,
Valley Brow and Beauty,Valley Brow And Beauty,https://www.valleybrowandbeauty.com.au,Personal Care,2026-07-07T17:21:48+08:00,
Sussex Inlet Tavern,Sussex Inlet Tavern,https://www.sussexinlettavern.com.au,Dining Out,2026-07-07T17:21:48+08:00,
Stoney Aqua Park,Stoney Aqua Park,https://www.stoneyaquapark.com.au,Entertainment,2026-07-07T17:20:59+08:00,
Walsh Rd Takeaway,Walsh Rd Takeaway,https://www.google.com/maps/search/Walsh+Rd+Takeaway+Warrnambool,Dining Out,2026-07-07T17:20:59+08:00,
David Jones,David Jones,https://www.davidjones.com,Department Stores,2026-07-07T17:20:59+08:00,
Bok's Butchery,Bok's Butchery,https://www.boksbutchery.com.au,Groceries,2026-07-07T17:20:59+08:00,
Sushi Hiro,Sushi Hiro,https://www.sushihiro.com.au,Dining Out,2026-07-07T17:20:59+08:00,
Exotic Asian Grocery,Exotic Asian Grocery,https://www.google.com/maps/search/Exotic+Asian+Grocery+Tweed+Heads,Groceries,2026-07-07T17:20:59+08:00,
U-Go,U-Go Canley Heights | U-Go,https://www.u-go.com.au,Transport,2026-07-07T17:20:59+08:00,2026-07-13T21:19:18+08:00
Strathfield Village Pharmacy,S'Field B'Vde Pharmacy | Strathfield Village Pharmacy,https://maps.google.com/?q=Strathfield+Village+Pharmacy,Health,2026-07-07T17:20:59+08:00,
Outback Jacks,Outbackjacks | Outback Jacks,https://www.outbackjacks.com.au,Dining Out,2026-07-07T17:20:59+08:00,
Fortune Dragon Pty Ltd,Fortune Dragon Pty Lt | Fortune Dragon Pty Ltd,https://www.google.com/search?q=Fortune+Dragon+Pty+Ltd+Cabramatta,Dining Out,2026-07-07T17:20:59+08:00,
The Woods Coffee,The Woods Coffee,https://www.thewoodscoffee.com.au,Dining Out,2026-07-07T17:20:59+08:00,
Salty Crew Kiosk,Salty Crew Kiosk,https://www.saltycrew.com.au/,Retail,2026-07-07T17:20:59+08:00,
West Hoxton Supermarket,West Hoxton Supermar | West Hoxton Supermarket,https://www.google.com/maps/search/West+Hoxton+Supermarket,Groceries,2026-07-07T17:20:59+08:00,
Crepes Aubras,Crepes Aubras,https://www.crepesaubras.com.au,Dining Out,2026-07-07T17:20:59+08:00,
I Love Pizza,I Love Pizza,https://www.ilovepizza.com.au,Dining Out,2026-07-07T17:20:59+08:00,
Topz Shopz,Topz Shopz,https://www.topzshopz.com.au,Retail,2026-07-07T17:20:59+08:00,
The Summit Brisbane,The Summit Brisbane,https://www.thesummitbrisbane.com.au,Dining Out,2026-07-07T17:20:59+08:00,
Norris Endeavours Pty Ltd,Norris Endeavours | Norris Endeavours Pty Ltd,https://www.norrisendeavours.com.au,Home Improvement,2026-07-07T17:20:07+08:00,2026-07-13T21:19:18+08:00
Louis Discount Shop,Louis Discount Shop | LOUIS DISCOUNT SHOP PTY LTD | Star Value,https://www.louisdiscountshop.com.au,Retail,2026-07-10T09:45:51+08:00,
Croc's Playcentre,Croc's Playcentre,https://www.crocsplaycentre.com.au/,Entertainment,2026-07-07T17:20:07+08:00,
Moustache Barber,Moustache Barber,https://www.moustachebarber.com.au,Personal Care,2026-07-07T17:20:07+08:00,
Coffee At The Kombi,Coffee At The Kombi,https://www.coffeeatthekombi.com.au,Dining Out,2026-07-07T17:20:07+08:00,
Chester Hill Kindergarten & Child Care Centre,Chester Hill Kindergarten & Child Care | Chester Hill Kindergarten & Child Care Centre,https://www.chesterhillkindergarten.com.au,Education,2026-07-07T17:20:07+08:00,
Pak Supermarket,Pak Supermarket,https://www.paksupermarket.com.au,Groceries,2026-07-07T17:20:07+08:00,
Tasty Fresh,Tasty Fresh Pty Ltd | Tasty Fresh,https://www.tastyfresh.com.au,Groceries,2026-07-07T17:20:07+08:00,
Wattle Grove Bakery,Wattle Grove Bakery,https://www.wattlegrovebakery.com.au,Dining Out,2026-07-07T17:20:07+08:00,
Parkridge Fruit Shed,Parkridge Fruit Shed,https://www.parkridgefruitshed.com.au,Groceries,2026-07-07T17:20:07+08:00,
Elizabeth Park News,Elizabeth Park News,https://www.google.com/maps/search/Elizabeth+Park+News,Information,2026-07-07T17:20:07+08:00,
The Coffee Cartel,The Coffee Cartel,https://www.thecoffeecartel.com.au,Dining Out,2026-07-07T17:20:07+08:00,
Ivanhoe Medical Clinic,Ivanhoe Medical Clinic,https://www.ivanhoemedicalclinic.com.au,Health,2026-07-07T17:20:07+08:00,
Tampo Mixed Business,Tampo Mixed Business,https://www.google.com/maps/search/?api=1&query=Tampo+Mixed+Business+Canley+Vale,Groceries,2026-07-07T17:20:07+08:00,
Broadway Hub Pty Ltd,Broadway Hub Pty Ltd,https://www.broadwayhub.com.au,Rent,2026-07-07T17:20:07+08:00,2026-07-13T21:19:18+08:00
Sweet Land Patisserie,Sweet Land Patisseri | Sweet Land Patisserie,https://www.sweetlandpatisserie.com.au,Dining Out,2026-07-07T17:20:07+08:00,
Breaking Grounds Cafe,Breaking Grounds Cafe,https://www.breakinggroundscafe.com.au,Dining Out,2026-07-07T17:20:07+08:00,
Aar Ess Enterprises,Aar Ess Enterprises,https://www.aar-ess.com.au,Groceries,2026-07-07T17:20:07+08:00,2026-07-13T21:19:18+08:00
Browco,Browco,https://www.browco.com.au,Personal Care,2026-07-07T17:19:18+08:00,
Camy Chargrill Chicken,Camy Chargrill Chickn | Camy Chargrill Chicken,https://www.camychargrill.com.au,Dining Out,2026-07-07T17:19:18+08:00,
Da Vinci Ristorante,Da Vinci Ristorante,https://www.davinciristorante.com.au,Dining Out,2026-07-07T17:19:18+08:00,
Zone Bowling,Zone Bowling,https://www.zonebowling.com.au/,Entertainment,2026-07-07T17:19:18+08:00,
Spanian's Kebabs,Spanian?S Kebabs,https://www.spanianskebabs.com.au,Dining Out,2026-07-07T17:19:18+08:00,
Bonbons Bakery,Bonbons Bakery,https://bonbonsbakery.com.au,Dining Out,2026-07-07T17:19:18+08:00,
Lalor Park Pizza & Bread,Lalorpark Pizza&Bread | Lalor Park Pizza & Bread,https://www.google.com/maps/search/Lalor+Park+Pizza+%26+Bread+Lalor+Park+NSW,Dining Out,2026-07-07T17:19:18+08:00,
JNT Variety Pty Ltd,Jnt Variety Pty Ltd,https://www.google.com/search?q=JNT+Variety+Pty+Ltd,Department Stores,2026-07-07T17:19:18+08:00,
Sydney Tools,Sydney Tools,https://www.sydneytools.com.au/,Home Improvement,2026-07-07T17:19:18+08:00,
Uncle Bob's Tobacconi,Uncle Bob's Tobacconi,https://www.unclebobstobacconi.com.au,Retail,2026-07-07T17:19:18+08:00,
Silver Spoon,Silver Spoon,https://www.silverspoon.com.au,Dining Out,2026-07-07T17:19:18+08:00,
Chempro Chemist Evans Head,Evans Head Chempro Che | Chempro Chemist Evans Head,https://www.chempro.com.au/,Health,2026-07-07T17:19:18+08:00,
Stand Up Coffee,Stand Up Coffee,https://standupcoffee.com.au,Dining Out,2026-07-07T17:19:18+08:00,
Nelson Bay Newsagency,Nelson Bay Newsagency,https://www.nelsonbaynewsagency.com.au,Information,2026-07-07T17:19:18+08:00,
Baker's Delight,Smp*Bakersdelight | Baker's Delight,https://www.bakersdelight.com.au,Dining Out,2026-07-07T17:19:18+08:00,
Rooty Hill Newsagency,Rooty Hill Newsagency,https://www.rootyhillnewsagency.com.au,Information,2026-07-07T17:19:18+08:00,
Parker's Bakehouse,Parker's Bakehouse,https://www.parkersbakehouse.com.au,Dining Out,2026-07-07T17:19:18+08:00,
Minchinbury Newsagency,MINCHINBURY NEWSAGEN | Minchinbury Newsagency,https://www.google.com/maps/search/?api=1&query=Minchinbury+Newsagency,Information,2026-07-07T17:18:31+08:00,
North Richmond Cellars,NORTH RICHMOND CELLARS,https://www.northrichmondcellars.com.au,Retail,2026-07-07T17:18:31+08:00,
Little Weiner Takeaway,LITTLE WEINER TAKEAWAY,https://www.google.com/maps/search/?api=1&query=Little+Weiner+Takeaway+Homebush,Dining Out,2026-07-07T17:18:31+08:00,
Marangaroo Childcare,Marangaroo Childca | Marangaroo Childcare,https://www.marangaroochildcare.com.au,Education,2026-07-07T17:18:31+08:00,
Central Hotel Bottleshop,CENTRAL HOTEL BOTTLESH | Central Hotel Bottleshop,https://www.centralhotelportdouglas.com.au/,Retail,2026-07-07T17:18:31+08:00,
Optus Billing Services,OPTUS BILLING SERVICES,https://www.optus.com.au,Telecommunications,2026-07-07T17:18:31+08:00,
Fuel Bakehouse,Fuel Bakehouse,https://www.fuelbakehouse.com.au,Dining Out,2026-07-07T17:18:31+08:00,
Lightning Laundromat,LIGHTNING LAUNDROMAT,https://www.lightninglaundromat.com.au,Retail,2026-07-07T17:18:31+08:00,
The Butcher's Daughter,THE BUTCHERS DAUGHTER | The Butcher's Daughter,https://www.thebutchersdaughter.com.au,Groceries,2026-07-07T17:18:31+08:00,
Netflix,NETFLIX AUSTRALIA PTY LTD | Netflix,https://www.netflix.com,Subscription TV,2026-07-07T17:18:31+08:00,
Shoppingtown Lotto,SHOPPINGTOWN LOTTO,https://www.shoppingtownlotto.com.au,Gambling,2026-07-07T17:18:31+08:00,
The Food Depot,The Food Depot,https://thefooddepot.com.au,Dining Out,2026-07-07T17:18:31+08:00,
Bargain Mania,Bargain Mania,https://www.bargainmania.com.au,Department Stores,2026-07-07T17:17:42+08:00,
Fast and Ezy,Fast And Ezy,https://www.fastandezy.com.au,Groceries,2026-07-07T17:17:42+08:00,2026-07-13T21:19:18+08:00
Watergardens Nursery,WATERGARDENS NURSERY,https://www.watergardensnursery.com.au,Home Improvement,2026-07-07T17:17:42+08:00,
Foodworks Warracknabeal,FOODWORKS WARRACKNAB | Foodworks Warracknabeal,https://www.foodworks.com.au/,Groceries,2026-07-07T17:17:42+08:00,
Bacchus Marsh Newsagency,BACCHUSMARSHNEWSAGEN | Bacchus Marsh Newsagency,https://www.bacchusmarshnewsagency.com.au,Information,2026-07-07T17:17:42+08:00,
Middlemount Newsagency,MIDDLEMOUNT NEWSAGEN | Middlemount Newsagency,https://www.middlemountnewsagency.com.au,Information,2026-07-07T17:17:42+08:00,
Narraweena Newsagent,NARRAWEENA NEWSAGENT,https://www.google.com/maps/search/Narraweena+Newsagent,Information,2026-07-07T17:17:42+08:00,
Frenzy Park,Frenzy Park,https://www.frenzypark.com.au,Entertainment,2026-07-07T17:16:57+08:00,
O Chicken,O Chicken,https://www.ochicken.com.au,Dining Out,2026-07-07T17:16:57+08:00,
Bankstown Kebab House,Bankstown Kebab | Bankstown Kebab House,https://www.google.com/maps/search/Bankstown+Kebab+House,Dining Out,2026-07-07T17:16:57+08:00,
Bailey Bottle Shop,Bailey Bottle Shop,https://www.baileybottleshop.com.au,Retail,2026-07-07T17:16:57+08:00,
Gregory Hills Hotel,Gregory Hils Hotel | Gregory Hills Hotel,https://www.gregoryhillshotel.com.au,Travel,2026-07-07T17:16:57+08:00,
Semaphore Local Grocer,Semaphore Local Grocer,https://www.semaphorelocalgrocer.com.au,Groceries,2026-07-07T17:16:57+08:00,
Bay Mechanical Service,Bay Mechanical Service,https://www.baymechanical.com.au,Automotive,2026-07-07T17:16:57+08:00,
Dollar World Australia,Dollar World Australia,https://www.dollarworld.com.au,Department Stores,2026-07-07T17:16:57+08:00,
Seed Macarthur Square,Seed Macarthur Square,https://www.seedheritage.com/au/stores/macarthur-square,Retail,2026-07-07T17:16:57+08:00,
Dawa Pharmaceuticals,Dawa Pharmaceuticals,https://www.dawapharma.com/,Health,2026-07-07T17:16:57+08:00,
Three Little Birds,Three Little Birds,https://www.google.com/maps/search/Three+Little+Birds+Kangaroo+Point,Dining Out,2026-07-07T17:16:57+08:00,
Wang Pizza & Diner,Wang Pizza & Diner,https://www.google.com/maps/search/Wang+Pizza+%26+Diner+Wallerawang,Dining Out,2026-07-07T17:16:57+08:00,
Mermaid Mercado,Mermaid Mercado,https://www.mermaidmercado.com.au,Groceries,2026-07-07T17:16:57+08:00,
Broaster Chicken,Broaster Chicken,https://www.broasterchicken.com.au/,Dining Out,2026-07-07T17:16:57+08:00,
Fiji Bakery & Coffee,Fiji Bakery & Coffee,https://www.google.com/maps/search/Fiji+Bakery+%26+Coffee+Campbelltown,Dining Out,2026-07-07T17:16:57+08:00,
EMA Tobacconist Pty Ltd,Ema Tobacconist Pty Lt | EMA Tobacconist Pty Ltd,https://www.google.com/search?q=EMA+Tobacconist+Pty+Ltd,Retail,2026-07-07T17:16:09+08:00,
Carl's Jr.,Carls Jr | Carl's Jr.,https://www.carlsjr.com.au,Dining Out,2026-07-07T17:16:09+08:00,
Sarova Petroleum,Sarova Petroleum,https://sarovapetroleum.com.au,Automotive,2026-07-07T17:16:09+08:00,
G Grocer Kingsford,G Grocer Kingsford,https://www.ggrocer.com.au,Groceries,2026-07-07T17:16:09+08:00,
Canterbury Kebabs,Canterbury Kebabs,https://www.google.com/maps/search/Canterbury+Kebabs+Canterbury+NSW,Dining Out,2026-07-07T17:16:09+08:00,
Ugwu Healthcare Services,Ugwu Healthcare Servi | Ugwu Healthcare Services,https://www.ugwuhealthcare.com.au,Health,2026-07-07T17:16:09+08:00,
Authentic Spice Mart,Authentic Spice Mart,https://www.google.com/maps/search/?api=1&query=Authentic+Spice+Mart+Shepparton,Groceries,2026-07-07T17:16:09+08:00,
Drunken Monkey Cafe,Drunken Monkey Cafe,https://www.drunkenmonkeycafe.com.au,Dining Out,2026-07-07T17:16:09+08:00,
Beach Street Liquor,Beach Street Liquor,https://www.beachstreetliquor.com.au,Retail,2026-07-07T17:16:09+08:00,
Teddy & Co Funland,Teddy & Co Funland | TEDDY CO FUNLAND PTY LTD | Teddy Funland,https://www.teddyandco.com.au,Entertainment,2026-07-10T09:51:20+08:00,
Riverstone Hot Bread,Riverstone Hot Bread,https://www.riverstonehotbread.com.au,Dining Out,2026-07-07T17:16:09+08:00,
IGA Xpress Ripponlea,Iga Xpress Ripponlripponlea | IGA Xpress Ripponlea,https://www.iga.com.au/,Groceries,2026-07-07T17:16:09+08:00,
BKS Kebabs and Burgers,Bks Kebabs And Burgers,https://www.google.com/maps/search/BKS+Kebabs+and+Burgers+bankstown,Dining Out,2026-07-07T17:16:09+08:00,
Pristine The Ultimate,Pristine The Ultimate,https://www.pristinetheultimate.com.au,Automotive,2026-07-07T17:16:09+08:00,2026-07-13T21:19:18+08:00
Jones and Daughters,Jones And Daughters,https://www.jonesanddaughters.com.au,Dining Out,2026-07-07T17:16:09+08:00,
Manhattan Pizza,Manhattan Pizza,https://www.manhattanpizza.com.au,Dining Out,2026-07-07T17:16:09+08:00,
Spar Jetty Village,Spar Jetty Village,https://www.sparjettyvillage.com.au,Groceries,2026-07-07T17:16:09+08:00,
Medicalshoppe,Medicalshoppe,https://www.medicalshoppe.com.au,Health,2026-07-07T17:16:09+08:00,
Shell Coles Express,Shell Coles Express,https://www.shell.com.au/motorists/shell-stations.html,Groceries,2026-07-07T17:16:09+08:00,
Ettalong Cake Shop,Ettalong Cake Shop,https://www.ettalongcakeshop.com.au,Dining Out,2026-07-07T17:14:50+08:00,
Royal George Hotel,Royal George Hotel,https://www.royalgeorgehotel.com.au,Travel,2026-07-07T17:14:50+08:00,
Delicious Chinese Restaurant,Delicious Chinese Res | Delicious Chinese Restaurant,https://www.google.com/maps/search/Delicious+Chinese+Restaurant+Kingsford,Dining Out,2026-07-07T17:14:50+08:00,
Rosalie Milton Clinic,Rosalie Milton Clinic,https://www.rosaliemiltonclinic.com.au,Health,2026-07-07T17:14:50+08:00,
Allens Mens Hairdress,Allens Mens Hairdress,https://www.google.com/maps/search/?api=1&query=Allens+Mens+Hairdress+Kingswood,Personal Care,2026-07-07T17:14:50+08:00,
Churchill's Sportsbar,Churchill's Sportsbar,https://www.churchillssportsbar.com.au,Dining Out,2026-07-07T17:14:50+08:00,
Ryyan Supermarket,Ryyan Supermarket,https://www.google.com/maps/search/?api=1&query=Ryyan+Supermarket+Granville,Groceries,2026-07-07T17:14:50+08:00,
Paperrun Espresso,Paperrun Espresso,https://www.paperrunespresso.com,Dining Out,2026-07-07T17:14:50+08:00,
Coffee Brothers,Coffee Brothers,https://www.coffeebrothers.com.au,Dining Out,2026-07-07T17:14:50+08:00,
Logan Central News,Logan Central News,https://www.google.com/maps/search/Logan+Central+News,Information,2026-07-07T17:14:50+08:00,
Cuppa Turca,Cuppa Turca,https://www.cuppaturca.com.au,Dining Out,2026-07-07T17:14:50+08:00,
AA Tobacconist & C,Sq *Aa Tobacconist & C | AA Tobacconist & C,https://www.google.com/maps/search/?q=AA+Tobacconist+%26+C+North+Richmond+NSW,Retail,2026-07-07T17:14:50+08:00,
Overlander Hotel/Motel,Overlander Htl/Mtl | Overlander Hotel/Motel,https://www.overlanderhotel.com.au,Travel,2026-07-07T17:14:50+08:00,
Parkmore Dumpling,Parkmore Dumpling,https://www.parkmoredumpling.com.au,Dining Out,2026-07-07T17:14:50+08:00,
Carwash King,Carwash King,https://www.carwashking.com.au,Automotive,2026-07-07T17:14:50+08:00,
Envogue Enterprises,Envogue Enterprises,https://www.envogue.com.au,Retail,2026-07-07T17:14:04+08:00,
Mumu Life,Mumu Life,https://www.mumulife.com.au,Retail,2026-07-07T17:14:04+08:00,
Eastern Suburbs Cafe,Eastern Suburbs Cafe,https://www.easternsuburbscafe.com.au,Dining Out,2026-07-07T17:14:04+08:00,
The Universal Barber,The Universal Barber,https://www.theuniversalbarber.com.au,Personal Care,2026-07-07T17:14:04+08:00,
Ezyas Carwash,Ezyas Carwash,https://www.ezyascarwash.com.au,Automotive,2026-07-07T17:14:04+08:00,
Coffee Mate,Coffee Mate Kingswood | Coffee Mate,https://www.coffeemate.com.au,Dining Out,2026-07-07T17:14:04+08:00,
Thirlmere Local Servo,Thirlmere Local Servo,https://www.google.com/maps/search/Thirlmere+Local+Servo,Automotive,2026-07-07T17:14:04+08:00,
Green Valley Spice,Green Valley Spice,https://www.greenvalleyspice.com.au,Groceries,2026-07-07T17:14:04+08:00,
Mad Grillz Smokehouse,Mad Grillz Smokehouse,https://www.madgrillz.com.au,Dining Out,2026-07-07T17:14:04+08:00,
The Butchers Block,The Butchers Block,https://thebutchersblock.com.au,Groceries,2026-07-07T17:14:04+08:00,
Amcal Pharmacy Moorebank,Moorebank Amcal Pharm | Amcal Pharmacy Moorebank,https://www.amcal.com.au/,Health,2026-07-07T17:14:04+08:00,
Cincotta Discount Chemist,Cincotta Discount Che | Cincotta Discount Chemist,https://www.cincottachemist.com.au,Health,2026-07-07T17:14:04+08:00,
Fifty Five Trading,Fifty Five Trading,https://www.fiftyfivetrading.com.au,Automotive,2026-07-07T17:14:04+08:00,2026-07-13T21:19:18+08:00
Four Corners Medical,Four Corners Medical,https://www.fourcornersmedical.com.au,Health,2026-07-07T17:14:04+08:00,
Bottlemart,Bottlemart,https://www.bottlemart.com.au,Retail,2026-07-07T17:14:04+08:00,
Fantastic Watch World,Fantastic Wtch World | Fantastic Watch World,https://www.fantasticwatchworld.com.au,Retail,2026-07-07T17:14:04+08:00,
Barry's Quality Pies,Barrys Quality Pies | Barry's Quality Pies,https://www.barrysqualitypies.com.au,Dining Out,2026-07-07T17:13:18+08:00,
Vincentia Chinese Restaurant,Vincentia Chinese Res | Vincentia Chinese Restaurant,https://maps.google.com/?q=Vincentia+Chinese+Restaurant,Dining Out,2026-07-07T17:13:18+08:00,
Bakehouse Steakhouse,Bakehouse Steakhouse,https://www.bakehousesteakhouse.com.au,Dining Out,2026-07-07T17:13:18+08:00,
Canberra Raiders,Canberra Raiders,https://www.raiders.com.au,Entertainment,2026-07-07T17:13:18+08:00,
Twisted Sista,Twisted Sista,https://www.twistedsista.com.au,Personal Care,2026-07-07T17:13:18+08:00,
Handsome Dan's Barber,Handsome Dans Barb | Handsome Dan's Barber,https://www.handsomedansbarber.com,Personal Care,2026-07-07T17:13:18+08:00,
Nader Group Convenience,Nader Group Convenie | Nader Group Convenience,https://www.nadergroup.com.au,Groceries,2026-07-07T17:13:18+08:00,
Anahat Petroleum,Anahat Petroleum,https://www.anahatpetroleum.com.au,Automotive,2026-07-07T17:13:18+08:00,
Quality Fresh Meat,Quality Fresh Meat,https://www.qualityfreshmeat.com.au,Groceries,2026-07-07T17:13:18+08:00,
Poplar Avenue Milk,Poplar Avenue Milk,https://www.poplaravenuemilk.com.au,Groceries,2026-07-07T17:13:18+08:00,
The Gift Surfers,The Gift Surfers,https://www.thegiftsurfers.com.au,Retail,2026-07-07T17:13:18+08:00,
JB Liverpool Hospital,Jb Liverpool Hospital,https://www.jbhifi.com.au/,Retail,2026-07-07T17:13:18+08:00,
Vinata Bakery,Vinata Bakery,https://www.google.com/maps/search/Vinata+Bakery+Bonnbonnyrigg+NSW,Dining Out,2026-07-07T17:13:18+08:00,
Mac's Warrnambool Rc,Macs Warrnambool Rc | Mac's Warrnambool Rc,https://www.macshotel.com.au/,Dining Out,2026-07-07T17:13:18+08:00,
GYG Victoria Point,Gyg Victoria Point,https://www.gyg.com.au/,Dining Out,2026-07-07T17:13:18+08:00,
Crust Gourmet Pizza,Crust Gourmet Pizza,https://www.crust.com.au,Dining Out,2026-07-07T17:13:18+08:00,
Market Place Newsagency,Market Place Newsagenc | Market Place Newsagency,https://www.google.com/maps/search/?api=1&query=Market+Place+Newsagency+Raymond+Terrace,Groceries,2026-07-07T17:13:18+08:00,
Mishmish Tyres,MISHMISH TYRES,https://www.mishmishtyres.com.au,Automotive,2026-07-07T17:12:14+08:00,
Green Bean Coffee Roasters,GreenBeanCoffeeRoast | Green Bean Coffee Roasters,https://greenbeancoffeeroasters.com.au,Dining Out,2026-07-07T17:12:14+08:00,
Goodlife Health Clubs,Goodlife | Goodlife Health Clubs,https://www.goodlife.com.au/,Health,2026-07-07T17:12:14+08:00,
Morningside Chempro Chemist,MORNINGSIDE CHEMPRO CH | Morningside Chempro Chemist,https://www.chempro.com.au/,Health,2026-07-07T17:12:14+08:00,
Aitkenvale Tobacconist,Aitkenvale Tobaccon | Aitkenvale Tobacconist,https://www.google.com/maps/search/?api=1&query=Aitkenvale+Tobacconist+Aitkenvale,Retail,2026-07-07T17:12:14+08:00,
Rockhampton State High School,ROCKHAMPTON STATE HIGH | Rockhampton State High School,https://rockhamptonshs.eq.edu.au,Education,2026-07-07T17:12:14+08:00,
Canterbury Car Wash,Canterbury Car Wash,https://maps.google.com/?q=Canterbury+Car+Wash+Penshurst+NSW,Automotive,2026-07-07T17:12:14+08:00,
Albaraka Quality Meat,Albaraka Quality Meat,https://www.albarakaqualitymeat.com.au,Groceries,2026-07-07T17:12:14+08:00,
Complete Stationery,Complete Stationery,https://www.completestationery.com.au,Information,2026-07-07T17:12:14+08:00,
Eaglevale Newsagency,Eaglevale Newsagency,https://www.google.com/maps/search/Eaglevale+Newsagency+Eagle+Vale,Information,2026-07-07T17:12:14+08:00,
Kempsey Newsagency,Kempsey Newsagency,https://www.kempseynewsagency.com.au,Information,2026-07-07T17:12:14+08:00,
Woodpark Cafe Takeaway,Woodpark Cafe Takeaw | Woodpark Cafe Takeaway,https://www.google.com/maps/search/Woodpark+Cafe+Takeaway+Smithfield+NSW,Dining Out,2026-07-07T17:12:14+08:00,
Imperial Hotel,Imperial Hotel,https://www.imperialhotel.com.au,Travel,2026-07-07T17:12:14+08:00,
Harbour Convenience,Harbour Convenience,https://www.google.com/maps/search/?api=1&query=Harbour+Convenience+Carramar,Groceries,2026-07-07T17:11:28+08:00,
Maryborough Sports,Maryborough Sports,https://www.maryboroughsports.com.au,Entertainment,2026-07-07T17:11:28+08:00,
Thornton Discount Drug,Thornton Discount Drug,https://www.thorntondiscountdrug.com.au,Retail,2026-07-07T17:11:28+08:00,
Raijin Japanese Cuisine,Raijin Japanese Cuisin | Raijin Japanese Cuisine,https://www.raijinjapanese.com.au,Dining Out,2026-07-07T17:11:28+08:00,
Penshurst Newsagency,Penshurst Newsagency,https://www.google.com/maps/search/Penshurst+Newsagency,Information,2026-07-07T17:11:28+08:00,
Kickstart Expresso,Kickstart Expresso,https://www.kickstartexpresso.com.au,Dining Out,2026-07-07T17:11:28+08:00,
Wauchope Chargrilled Chicken,Wauchope Charc Chicken | Wauchope Chargrilled Chicken,https://www.google.com/maps/search/Wauchope+Chargrilled+Chicken,Dining Out,2026-07-07T17:11:28+08:00,
Friendly Pharmacy,Friendly Pharmacy,https://www.friendlypharmacy.com.au/,Health,2026-07-07T17:11:28+08:00,
Hotel Royal Torrensville,Hotel Royal Torrensviltorrensville | Hotel Royal Torrensville,https://www.hotelroyaltorrensville.com.au,Travel,2026-07-07T17:11:28+08:00,
Young Aussie Drive Thru,YoungAussieDriveThru | Young Aussie Drive Thru,https://www.youngaussiedrivethru.com.au,Retail,2026-07-07T17:11:28+08:00,
Silly Sollys,SillySollys | Silly Sollys,https://www.sillysollys.com.au,Retail,2026-07-07T17:11:28+08:00,
Rozzi's Greensborough,Rozzis Greensborough | Rozzi's Greensborough,https://www.rozzis.com.au,Dining Out,2026-07-07T17:11:28+08:00,
Junction Lucky Lotton,JUNCTIONLUCKYLOTTON | Junction Lucky Lotton,https://www.junctionluckylotton.com.au,Gambling,2026-07-07T17:11:28+08:00,
El Jannah,ElJannah | El Jannah,https://www.eljannah.com.au,Dining Out,2026-07-07T17:11:28+08:00,
Goonellabah Laundromat,Goonellabah Laundrom | Goonellabah Laundromat,https://www.google.com/maps/search/Goonellabah+Laundromat,Retail,2026-07-07T17:11:28+08:00,
Burleigh Heads Tobacco,BurleighHeadsTobacco | Burleigh Heads Tobacco,https://www.google.com/maps/search/Burleigh+Heads+Tobacco,Retail,2026-07-07T17:11:28+08:00,
Chatswood Internews,CHATSWOODINTERNEWS | Chatswood Internews,https://www.internews.com.au,Retail,2026-07-07T17:11:28+08:00,
Red Panda Noodles,Red Panda Noodles,https://www.redpandanoodles.com.au,Dining Out,2026-07-07T17:10:38+08:00,
Southside Cellars,Southside Cellars,https://www.southsidecellars.com.au,Retail,2026-07-07T17:10:38+08:00,
Maranello's Woodfired Pizza,Maranellos Wdfired Piz | Maranello's Woodfired Pizza,https://www.maranellos.com.au,Dining Out,2026-07-07T17:10:38+08:00,
Lakeside Espresso,Lakeside Espresso,https://www.lakesideespresso.com.au,Dining Out,2026-07-07T17:10:38+08:00,
Bonville Service Station,Bonville Service Stati | Bonville Service Station,https://www.google.com/maps/search/Bonville+Service+Station,Automotive,2026-07-07T17:10:38+08:00,
Ringwood Indoor Sports,Ringwood Indoor Sports,https://www.ringwoodindoorsports.com.au,Entertainment,2026-07-07T17:10:38+08:00,
Eastlake Football Club,Eastlake Football Club,https://eastlakefc.com.au,Entertainment,2026-07-07T17:10:38+08:00,
Romeo's Rainbow,Romeos Rainbow | Romeo's Rainbow,https://www.romeosrainbow.com.au,Groceries,2026-07-07T17:10:38+08:00,
Flowers Whisperer,Flowers Whisperer,https://www.flowerswhisperer.com.au,Retail,2026-07-07T17:10:38+08:00,
Tobacco Emporium,Tobacco Emporium,https://www.tobaccoemporium.com.au,Retail,2026-07-07T17:10:38+08:00,
Londonderry Liquor,Londonderry Liquor,https://www.londonderryliquor.com.au,Retail,2026-07-07T17:10:38+08:00,
Broccoli Brothers,Broccoli Brothers,https://www.broccolibrothers.com.au,Groceries,2026-07-07T17:10:38+08:00,
Riverwood Newsagency,Riverwood Newsagency,https://www.riverwoodnewsagency.com.au,Information,2026-07-07T17:10:38+08:00,
Gravatt Tobacconist,Gravatt Tobacconist,https://www.google.com/maps/search/?api=1&query=Gravatt+Tobacconist,Retail,2026-07-07T17:10:38+08:00,
The Cleaning Warehouse,The Cleaning Warehouse,https://thecleaningwarehouse.com.au,Retail,2026-07-07T17:10:38+08:00,
Pattisons Patisserie,Pattisons Patisserie,https://www.pattisonspatisserie.com.au,Dining Out,2026-07-07T17:10:38+08:00,
Chemistworks Broadway,Chemistworksbroadway | Chemistworks Broadway,https://www.chemistworks.com.au/,Health,2026-07-07T17:09:49+08:00,
Cabcharge,Cabcharge,https://www.cabcharge.com.au,Transport,2026-07-07T17:09:49+08:00,
Caboolture Hospital,CabooltureHospital | Caboolture Hospital,https://www.health.qld.gov.au/caboolture,Health,2026-07-07T17:09:49+08:00,
Helensvale Convenience,HELENSVALE CONVENIENCE,https://www.google.com/maps/search/Helensvale+Convenience,Groceries,2026-07-07T17:09:49+08:00,
Forrestfield Pharmacy,FORRESTFIELD PHARMAC | Forrestfield Pharmacy,https://www.forrestfieldpharmacy.com.au,Health,2026-07-07T17:09:49+08:00,
Campbelltown Pharmacy,CAMPBELLTOWN PHARMAC | Campbelltown Pharmacy,https://www.campbelltownpharmacy.com.au,Health,2026-07-07T17:09:49+08:00,
Royal Convenience Store,Royal Convenience Stor | Royal Convenience Store,https://www.google.com/maps/search/?api=1&query=Royal+Convenience+Store+Craigieburn,Groceries,2026-07-07T17:09:49+08:00,
Ingleburn Newsagency,Ingleburn Newsagency,https://www.google.com/maps/search/?api=1&query=Ingleburn+Newsagency,Information,2026-07-07T17:09:49+08:00,
Madhouse Discvariety,Madhouse Discvariety,https://www.madhouse.com.au,Retail,2026-07-07T17:09:49+08:00,
Homewares Plus,Homewares Plus,https://www.homewaresplus.com.au,Home Improvement,2026-07-07T17:09:49+08:00,
Skinkandy,Skinkandy,https://www.skinkandy.com,Personal Care,2026-07-07T17:09:49+08:00,
Baywash Southside,Baywash Southside,https://www.baywash.com.au,Automotive,2026-07-07T17:09:49+08:00,
The Naked Duck,Thenakedduck | The Naked Duck,https://www.thenakedduck.com.au,Dining Out,2026-07-07T17:09:49+08:00,
Sense of Taste Portside,Senseoftaste Portside | Sense of Taste Portside,https://www.senseoftaste.com.au/,Dining Out,2026-07-07T17:09:49+08:00,
Tamworth Tobacconist,Tamworth Tobacconist,https://www.google.com/maps/search/Tamworth+Tobacconist,Retail,2026-07-07T17:09:49+08:00,
Currumbin Cellars,Currumbin Cellars,https://www.currumibincellars.com.au,Retail,2026-07-07T17:09:49+08:00,
Crowne Plaza Surfers Paradise,Crowne Plaza Surfer | Crowne Plaza Surfers Paradise,https://www.crowneplaza.com,Retail,2026-07-07T17:09:01+08:00,
Viet Lotus Catering,VIET LOTUS CATERING,https://www.vietlotuscatering.com.au,Dining Out,2026-07-07T17:09:01+08:00,
Loaves and Fishes Care,LOAVES AND FISHES CARE,https://www.loavesandfishes.org.au,Donations,2026-07-07T17:09:01+08:00,
French Hot Bread,FRENCH HOT B | French Hot Bread,https://www.google.com/maps/search/?api=1&query=French+Hot+Bread+Port+Augusta,Dining Out,2026-07-07T17:09:01+08:00,
Ballarat Trotting Club,BALLARAT TROTTING | Ballarat Trotting Club,https://www.ballaratharnessracing.com.au/,Entertainment,2026-07-07T17:09:01+08:00,
Station Refreshments,STATION REFRESHMEN | Station Refreshments,https://www.stationrefreshments.com.au,Dining Out,2026-07-07T17:09:01+08:00,
The Jardine Motel,THE JARDINE MOTEL,https://www.jardinemotel.com.au,Travel,2026-07-07T17:09:01+08:00,
Hope Energy,HOPE ENERGY,https://www.hopeenergy.com.au,Utilities,2026-07-07T17:09:01+08:00,
Junction Lucky Lotton News,JUNCTIONLUCKYLOTTONEWS | Junction Lucky Lotton News,https://www.google.com/maps/search/?api=1&query=Junction+Lucky+Lotton+News+Dandenong,Gambling,2026-07-07T17:09:01+08:00,
Queanbeyan Tobacconist,Queanbeyan Tobacconist,https://www.google.com/maps/search/Queanbeyan+Tobacconist,Retail,2026-07-07T17:09:01+08:00,
Perks Group Hotel,Perks Group Hotel,https://www.perksgroup.com.au,Travel,2026-07-07T17:08:14+08:00,
Bull and Bush Hotel,Bull And Bush Hotel,https://www.bullandbush.com.au,Travel,2026-07-07T17:08:14+08:00,
The Lucky Australian,The Lucky Australian,https://www.facebook.com/TheLuckyAustralian/,Dining Out,2026-07-07T17:08:14+08:00,
Little Cha,Little Cha,https://www.littlecha.com.au,Dining Out,2026-07-07T17:08:14+08:00,
Hills The Flower Mark,Hills The Flower Mark,https://www.hillstheflowermark.com.au,Retail,2026-07-07T17:08:14+08:00,
Mac's Hotel Mount Gambier,Macs Htl Mt Gambier | Mac's Hotel Mount Gambier,https://www.macshotel.com.au,Travel,2026-07-07T17:08:14+08:00,
Avanti Pizza And Kebab,Avanti Pizza And Keba | Avanti Pizza And Kebab,https://www.avanti.com.au,Dining Out,2026-07-07T17:08:14+08:00,
Metro St Mary Pty Ltd,Metro St Mary Pty Ltd,https://www.metrostmary.com.au,Automotive,2026-07-07T17:08:14+08:00,
Brunch N Brew,Brunch N Brew,https://www.brunchandbrew.com.au,Dining Out,2026-07-07T17:08:14+08:00,
Novas Pies And Kebabs,Novas Pies And Kebabs,https://www.google.com/maps/search/Novas+Pies+And+Kebabs+Batemans+Bay,Dining Out,2026-07-07T17:08:14+08:00,
Al Tazah Charcoal Chicken,Al Tazah Charcoal Chi | Al Tazah Charcoal Chicken,https://www.altazah.com.au,Dining Out,2026-07-07T17:08:14+08:00,
Sun's Katsu House,Sun's Katsu House,https://sunkatsuhouse.com.au,Dining Out,2026-07-07T17:08:14+08:00,
Hari Australia Pty Ltd,Hari Australia Pty Lt | Hari Australia Pty Ltd,https://www.hariaustralia.com.au,Groceries,2026-07-07T17:08:14+08:00,2026-07-13T21:19:18+08:00
Pak Shop,Pak Shop,https://www.pakshop.com.au,Retail,2026-07-07T17:08:14+08:00,
OTR Mount Barker,Otr Mount Barker,https://www.otr.com.au/,Automotive,2026-07-07T17:08:14+08:00,
The Gully Public House,The Gully Public House,https://www.thegullypublichouse.com.au,Dining Out,2026-07-07T17:08:14+08:00,
MPG Burpengary Pty Ltd,Mpg Burpengary Pty L | MPG Burpengary Pty Ltd,https://www.mpg.com.au,Home Improvement,2026-07-07T17:07:25+08:00,2026-07-13T21:19:18+08:00
Coffs Coast GP Super,Coffs Coast Gp Super,https://www.coffscoastgp.com.au,Health,2026-07-07T17:07:25+08:00,
Westland Hotel Motel,Westland Hotel Motel,https://www.westlandhotelmotel.com.au/,Travel,2026-07-07T17:07:25+08:00,
Chop Butchery,Chop Butchery,https://www.chopbutchery.com.au,Groceries,2026-07-07T17:07:25+08:00,
Humm Coffee Roasters,Humm Coffee Roasters,https://hummcoffee.com.au,Dining Out,2026-07-07T17:07:25+08:00,
Choice Browns Plains,Choice Browns Plains,https://www.choicehotels.com/,Travel,2026-07-07T17:07:25+08:00,
The Scoop Artisan,The Scoop Artisan,https://www.thescoopartisan.com.au,Dining Out,2026-07-07T17:07:25+08:00,
Mansfield Park Hotel,Mansfield Park Hotel,https://www.mansfieldparkhotel.com.au,Travel,2026-07-07T17:07:25+08:00,
NT Oriental Emporium,NT ORIENTAL EMPORIUM,https://www.ntorientalemporium.com.au,Retail,2026-07-07T17:07:25+08:00,
Mackay Supermarket,MACKAY SUPERMARKET,https://www.mackaysupermarket.com.au,Groceries,2026-07-07T17:07:25+08:00,
High Street Medical & Dental Centre,High Street Medical & Dental Centre,https://www.highstreetmedical.com.au,Health,2026-07-07T17:07:25+08:00,
Aldinga Football Club,ALDINGA FOOTBALL CLUB,https://www.aldingafc.com.au,Entertainment,2026-07-07T17:07:25+08:00,
Camms Road Convenience,Camms Road Convenien | Camms Road Convenience,https://www.google.com/maps/search/Camms+Road+Convenience,Groceries,2026-07-07T17:07:25+08:00,
Pie World,PIE WORLD,https://www.pieworld.com.au,Dining Out,2026-07-07T17:07:25+08:00,
Warners Bay Newsagency,WARNERS BAY NEWSAGEN | Warners Bay Newsagency,https://www.warnersbaynewsagency.com.au,Information,2026-07-07T17:07:25+08:00,
Australian Motel Group,AUSTRALIAN MOTEL GROU | Australian Motel Group,https://www.australianmotelgroup.com.au,Travel,2026-07-07T17:07:25+08:00,
Lilli Pilli Patisserie,LILLI PILLI PATISSERI | Lilli Pilli Patisserie,https://www.lillipillipatisserie.com.au,Dining Out,2026-07-07T17:07:25+08:00,
Golden Grove Football Club,Golden Grove Football | Golden Grove Football Club,https://www.goldengrovefc.com.au,Entertainment,2026-07-07T17:07:25+08:00,
McQ Metro Store,Mcq Metro Store,https://www.mcqmetro.com.au,Retail,2026-07-07T17:07:25+08:00,
Saddik Halal Meat,Saddik Halal Meat,https://www.saddikhalalmeat.com.au,Groceries,2026-07-07T17:07:25+08:00,
Mydear Bakery,Mydear Bakery,https://www.mydearbakery.com.au,Dining Out,2026-07-07T17:06:33+08:00,
Bear Bones Espresso,Bear Bones Espresso,https://www.bearbonesespresso.com.au,Dining Out,2026-07-07T17:06:33+08:00,
Sirromet Wines,Sirromet Wines,https://www.sirromet.com,Dining Out,2026-07-07T17:06:33+08:00,
United Adelaide Air,United Adelaide Air,https://www.unitedadelaideair.com.au,Automotive,2026-07-07T17:06:33+08:00,
Two Sons Coffee,Two Sons Coffee,https://twosonscoffee.com.au,Dining Out,2026-07-07T17:06:33+08:00,
North Coast Tavern,North Coast Tavern,https://www.northcoasttavern.com.au,Dining Out,2026-07-07T17:06:33+08:00,
Mt Pritchard Pharmacy,Mt Pritchard Pharmacy,https://www.mtpritchardpharmacy.com.au,Health,2026-07-07T17:06:33+08:00,
The Estate Eatery,The Estate Eatery,https://www.theestateeatery.com.au,Dining Out,2026-07-07T17:06:33+08:00,
Thai Touch Tide Restaurant,Thai Touch Tide Rest | Thai Touch Tide Restaurant,https://www.thaittide.com.au,Dining Out,2026-07-07T17:06:33+08:00,
Blooms The Chemist,Blooms The Chemist,https://www.bloomsthechemist.com.au,Health,2026-07-07T17:06:33+08:00,
The Local Espresso,The Local Espresso,https://www.thelocalespresso.com.au,Dining Out,2026-07-07T17:06:33+08:00,
The Hideout Cafe,The Hideout Cafe,https://www.thehideoutcafe.com.au,Dining Out,2026-07-07T17:06:33+08:00,
OTR Evanston Gardens,Otr Evanston Gardens,https://www.otr.com.au/,Automotive,2026-07-07T17:06:33+08:00,
South Coast Barber,Sq *South Coast Barber | South Coast Barber,https://www.google.com/maps/search/South+Coast+Barber+Batemans+Bay,Personal Care,2026-07-07T17:06:33+08:00,
Krazybird,Krazybird,https://www.krazybird.com.au,Dining Out,2026-07-07T17:05:45+08:00,
Metro Kurri,Metro Kurri,https://www.metro.com.au/,Automotive,2026-07-07T17:05:45+08:00,
Drakes,Drakes,https://www.drakes.com.au,Groceries,2026-07-07T17:05:45+08:00,
Allambie News Agency,Allambie News Agency,https://www.allambienewsagency.com.au,Information,2026-07-07T17:05:45+08:00,
Fraz Family Pharmacy,Fraz Family Pharmacy,https://www.frazfamilypharmacy.com.au,Health,2026-07-07T17:05:45+08:00,
Springfield Discount Pharmacy,Spingfield D/N Pharma | Springfield Discount Pharmacy,https://www.springfielddiscountpharmacy.com.au,Health,2026-07-07T17:05:45+08:00,
Sea Dragon Nails,Sea Dragon Nails,https://www.seadragonnails.com.au,Personal Care,2026-07-07T17:05:45+08:00,
Norman Brown Hair,Norman Brown Hair,https://www.normanbrownhair.com.au,Personal Care,2026-07-07T17:05:45+08:00,
Aitken Kebab and Cafe,Aitken Kebab And Cafe,https://www.google.com/maps/search/?api=1&query=Aitken+Kebab+And+Cafe+Craigieburn,Dining Out,2026-07-07T17:05:45+08:00,
Bean There Coffee,Bean There Coffee,https://www.beantherecoffee.com.au,Dining Out,2026-07-07T17:05:45+08:00,
Hoxton Park Bakehouse,Hoxton Park Bakehouse,https://www.google.com/maps/search/Hoxton+Park+Bakehouse,Dining Out,2026-07-07T17:05:45+08:00,
Vision Barbershop,Vision Barbershop,https://www.visionbarbershop.com.au,Personal Care,2026-07-07T17:05:45+08:00,
Diamond Cuts Pty Ltd,Diamond Cuts | Diamond Cuts Pty Ltd,https://www.diamondcuts.com.au,Personal Care,2026-07-07T17:05:45+08:00,
Bella's Chargrill,Bella's Chargrill,https://www.bellaschargrill.com.au,Dining Out,2026-07-07T17:05:45+08:00,
Fish Fish,Fish Fish,https://www.fishfish.com.au,Dining Out,2026-07-07T17:05:45+08:00,
Firecracker Catering,FIRECRACKER CATERING,https://www.firecrackercatering.com.au,Dining Out,2026-07-07T17:04:55+08:00,
Eastgardens Newsagency,EASTGARDENS NEWSAGEN | Eastgardens Newsagency,https://www.eastgardensnewsagency.com.au,Information,2026-07-07T17:04:55+08:00,
Jerrabomberra Hotel,JERRABOMBERRA HOTEL,https://www.jerrahotel.com.au,Travel,2026-07-07T17:04:55+08:00,
BWS,BWS LIQUOR | BWS,https://www.bws.com.au,Retail,2026-07-07T17:04:55+08:00,
Booleroo Centre Pharmacy,Booleroo Centre Phar | Booleroo Centre Pharmacy,https://www.booleroocentrepharmacy.com.au,Health,2026-07-07T17:04:55+08:00,
Bojangles Saloon,Bojangles Saloon,https://www.facebook.com/BojanglesSaloon/,Dining Out,2026-07-07T17:04:55+08:00,
Pure Petroleum,Pure Petroleum,https://www.purepetroleum.com.au,Automotive,2026-07-07T17:04:55+08:00,
Illaroo Football Club,Illaroo Football Club,https://www.facebook.com/IllarooFootballClub/,Entertainment,2026-07-07T17:04:55+08:00,
Indian Beauty Secret,Indian Beauty Secret,https://www.google.com/maps/search/Indian+Beauty+Secret+Mount+Druitt,Dining Out,2026-07-07T17:04:55+08:00,
Keysborough Hotel,Keysborough Hotel,https://www.keysboroughhotel.com.au,Travel,2026-07-07T17:04:02+08:00,
Queen Street Shisha,Queen Street Shisha,https://www.queenstreetshisha.com.au,Dining Out,2026-07-07T17:04:02+08:00,
Rochedale Hot Bread,Rochedale Hot Bread,https://www.google.com/maps/search/Rochedale+Hot+Bread,Dining Out,2026-07-07T17:04:02+08:00,
Cabramatta Golf Club,Cabramatta Golf Club,https://www.cabramattagolfclub.com.au,Entertainment,2026-07-07T17:04:02+08:00,
Winston Hills Hotel,Winston Hills Hotel,https://www.winstonhillshotel.com.au,Travel,2026-07-07T17:04:02+08:00,
Star City Supermarket,Star City Supermarket,https://www.starcitysupermarket.com.au,Groceries,2026-07-07T17:04:02+08:00,
Hills Shire Massage,Hills Shire Massage,https://www.hillsshiremassage.com.au,Personal Care,2026-07-07T17:04:02+08:00,
Club Central Hurstville,Club Central Hurstvil | Club Central Hurstville,https://www.clubcentral.com.au/,Entertainment,2026-07-07T17:04:02+08:00,
Clean Streak Laundry,Clean Streak Laundry,https://www.cleanstreaklaundry.com.au,Retail,2026-07-07T17:04:02+08:00,
Andrews,ANDREWS INDOOROOPILL | Andrews,https://www.andrews.com.au,Groceries,2026-07-07T17:04:02+08:00,
PCR Bamyaan Supermarket,Pcr Bamyaan Supermark | PCR Bamyaan Supermarket,https://www.google.com/maps/search/?api=1&query=PCR+Bamyaan+Supermarket+Merrylands,Groceries,2026-07-07T17:03:06+08:00,
Chester Hill Newsagency,Chester Hill Newsagen | Chester Hill Newsagency,https://www.chesterhillnewsagency.com.au,Information,2026-07-07T17:03:06+08:00,
Dunsborough Bakery,Dunsborough Bakery,https://www.dunsboroughbakery.com.au,Dining Out,2026-07-07T17:03:06+08:00,
Gong Cha,Emerald Hills Gongcha | Gong Cha,https://www.gongcha.com.au/,Dining Out,2026-07-07T17:03:06+08:00,
Speciality Donuts & M,Speciality Donuts & M,https://www.specialitydonuts.com.au,Dining Out,2026-07-07T17:03:06+08:00,
Nachos Muchacho Man,Nachos Muchacho Man,https://www.nachosmuchachoman.com.au,Dining Out,2026-07-07T17:03:06+08:00,
Mannix Convenient Store,Mannix Convenient Stor | Mannix Convenient Store,https://www.google.com/maps/search/?api=1&query=Mannix+Convenient+Store+Warwick+NSW,Retail,2026-07-07T17:03:06+08:00,
Tiger Bar Operations,Tiger Bar Operations,https://www.tigerbar.com.au,Dining Out,2026-07-07T17:03:06+08:00,
The Fryers Collective,The Fryers Collective,https://www.thefryerscollective.com.au,Dining Out,2026-07-07T17:03:06+08:00,
The Albion Rooftop,The Albion Rooftop,https://thealbionrooftop.com.au,Dining Out,2026-07-07T17:03:06+08:00,
TSG North Melbourne,Tsg North Melbourne,https://www.tsg.com.au/,Retail,2026-07-07T17:03:06+08:00,
Ellenbrook Metro Fresh,Ellenbrook Metro Fresh,https://www.ellenbrookmetrofresh.com.au,Groceries,2026-07-07T17:03:06+08:00,
Costis Seafood & Grill,Costis Seafood & Gril | Costis Seafood & Grill,https://www.costisseafood.com.au,Dining Out,2026-07-07T17:03:06+08:00,
Hotel Pennant Hills,Hotel Pennant Hills,https://www.hotelpennanthills.com.au,Travel,2026-07-07T17:03:06+08:00,
The Smelly Cheesecak,The Smelly Cheesecak,https://www.thesmellycheesecak.com.au,Dining Out,2026-07-07T17:03:06+08:00,
Sneaky Burger,Sneaky Burger,https://www.sneakyburger.com.au,Dining Out,2026-07-07T17:02:13+08:00,
Calypso Cafe Juice Bar,Calypso Cafe Juice Bar | CALYPSO CAFE JUICE BAR PTY LTD,https://www.calypsocafe.com.au,Dining Out,2026-07-10T09:24:14+08:00,
The Charming Squire,The Charming Squire,https://thecharmingsquire.com.au,Dining Out,2026-07-07T17:02:13+08:00,
Lotto Luck Watergardens,Lotto Luck Watergarden | Lotto Luck Watergardens,https://www.lottoluck.com.au/,Gambling,2026-07-07T17:02:13+08:00,
Super Cellars,Super Cellars,https://www.supercellars.com.au,Retail,2026-07-07T17:02:13+08:00,
Roller Roller,Roller Roller,https://www.rollerroller.com.au,Entertainment,2026-07-07T17:02:13+08:00,
Fields Chicken Shop,Fields Chicken Shop,https://www.fieldsgroup.com.au/,Dining Out,2026-07-07T17:02:13+08:00,
Cravin Kebabs,Cravin Kebabs,https://www.cravinkebabs.com.au,Dining Out,2026-07-07T17:02:13+08:00,
Diem Hen Restaurant,Diem Hen Restaurant,https://www.diemhenrestaurant.com.au,Dining Out,2026-07-07T17:02:13+08:00,
Saffron Convenience,Saffron Convenience,https://www.google.com/maps/search/?api=1&query=Saffron+Convenience+Leppington,Groceries,2026-07-07T17:02:13+08:00,
Harrington Plaza News,Harrington Plaza News,https://www.google.com/maps/search/Harrington+Plaza+News,Information,2026-07-07T17:02:13+08:00,
Mini Market Surfers,Mini Market Surfers,https://www.google.com/maps/search/?api=1&query=Mini+Market+Surfers+Surfers+Paradise,Groceries,2026-07-07T17:02:13+08:00,
Ferntree Gully Auto,Ferntree Gully Auto,https://www.ferntreegullyauto.com.au,Automotive,2026-07-07T17:02:13+08:00,
Sneaky Snack Vending,Sneaky Snack Vending,https://www.sneakysnackvending.com.au,Retail,2026-07-07T17:02:13+08:00,
Vending For You,Vending For You,https://www.vendingforyou.com.au,Retail,2026-07-07T17:02:13+08:00,
Big Top Amusements,Big Top Amusements,https://www.bigtopamusements.com.au,Entertainment,2026-07-07T17:02:13+08:00,
Antipasti Deli Cafe,Antipasti Deli Caf | Antipasti Deli Cafe,https://www.google.com/maps/search/?api=1&query=Antipasti+Deli+Cafe+Yarravile,Dining Out,2026-07-07T17:01:19+08:00,
Tap & Go Car Wash,Tap & Go Car Wash,https://www.tapandgocarwash.com.au,Automotive,2026-07-07T17:01:19+08:00,
Greenhills Car Wash,Greenhills Car Wash,https://www.greenhillscarwash.com.au,Automotive,2026-07-07T17:01:19+08:00,
Mt Pritchard Newsagency,Mt Pritchard Newsagenc | Mt Pritchard Newsagency,https://www.google.com/maps/search/?api=1&query=Mt+Pritchard+Newsagency,Information,2026-07-07T17:01:19+08:00,
Beresfield Bake House,Beresfield Bake House,https://www.beresfieldbakehouse.com.au,Dining Out,2026-07-07T17:01:19+08:00,
Mr Magic Automation,Mr Magic Automation,https://www.mrmagicautomation.com.au,Home Improvement,2026-07-07T17:01:19+08:00,
Nail Studio Parramatta,Nail Studio Parramatt | Nail Studio Parramatta,https://www.nailstudioparramatta.com.au,Personal Care,2026-07-07T17:01:19+08:00,
Little Saigon Grocerie,Little Saigon Grocerie,https://www.google.com/maps/search/?api=1&query=Little+Saigon+Grocerie+Noble+Park,Groceries,2026-07-07T17:01:19+08:00,
Empire Nightclub,Empire Nightclub,https://www.empirenightclub.com.au,Entertainment,2026-07-07T17:01:19+08:00,
Federation Hotel,Federation Hotel,https://www.federationhotel.com.au/,Travel,2026-07-07T17:01:19+08:00,
Newcastle Mater Hospital,Newcastle Mater Hospit | Newcastle Mater Hospital,https://www.mater.org.au/,Health,2026-07-07T17:01:19+08:00,
Beverly Hills Store,Beverly Hills Store,https://www.beverlyhillsstore.com,Retail,2026-07-07T17:01:19+08:00,
TSG Wentworth Point,Tsg Wentworth Point,https://www.tsg.com.au/,Retail,2026-07-07T17:01:19+08:00,
Espresso Watergardens,Espresso Watergardens,https://www.watergardens.com.au/dine/espresso-watergardens,Dining Out,2026-07-07T17:01:19+08:00,
Braidwood Foodmarket,Braidwood Foodmarket,https://www.braidwoodfoodmarket.com.au,Groceries,2026-07-07T17:00:25+08:00,
Sunshine Laundromat,Sunshine Laundromat,https://www.sunshinelaundromat.com.au,Retail,2026-07-07T17:00:25+08:00,
Blacktown Station News,Blacktown Station News,https://www.blacktownstationnews.com.au,Information,2026-07-07T17:00:25+08:00,
Riverstone Petroleum,Riverstone Petroleum,https://www.riverstonepetroleum.com.au,Automotive,2026-07-07T17:00:25+08:00,
Carisbrook Supermarket,CARISBROOKSUPERMARKE | Carisbrook Supermarket,https://www.google.com/maps/search/Carisbrook+Supermarket,Groceries,2026-07-07T17:00:25+08:00,
Leppington Village Pharmacy,Leppington Village Ph | Leppington Village Pharmacy,https://www.leppingtonvillagepharmacy.com.au,Health,2026-07-07T17:00:25+08:00,
Luxe Patisserie & Sweets,Luxe Patisserie & Swe | Luxe Patisserie & Sweets,https://www.luxepatisserie.com.au,Dining Out,2026-07-07T17:00:25+08:00,
New Sydney Supermarket,New Sydney Supermarke | New Sydney Supermarket,https://www.newsydneysupermarket.com.au,Groceries,2026-07-07T17:00:25+08:00,
Clublinks Golf Management,Clublinks Golf Managem | Clublinks Golf Management,https://www.clublinks.com.au,Entertainment,2026-07-07T17:00:25+08:00,
Hot Bargain International,Hot Bargain Internatioraymond Terra Au | Hot Bargain International,https://www.hotbargain.com.au,Department Stores,2026-07-07T17:00:25+08:00,
Euro Bites,Euro Bites,https://www.eurobites.com.au,Dining Out,2026-07-07T17:00:25+08:00,
Clovercrest Newsagency,Clovercrest Newsagency,https://www.clovercrestnewsagency.com.au,Information,2026-07-07T17:00:25+08:00,
Healthy Gourmet,Healthy Gourmet,https://www.healthygourmet.com.au,Dining Out,2026-07-07T17:00:25+08:00,
Singleton's Butchery,Singletons Butchery | Singleton's Butchery,https://www.singletonsbutchery.com.au,Groceries,2026-07-07T17:00:25+08:00,
Moorebank Bakehouse,Moorebank Bakehous | Moorebank Bakehouse,https://www.moorebankbakehouse.com.au,Dining Out,2026-07-07T16:59:29+08:00,
Summerhill Laundromat,Summerhill Laundromat,https://maps.google.com/?q=Summerhill+Laundromat+Reservoir,Retail,2026-07-07T16:59:29+08:00,
Wesam Convenience Store,Wesam Convenience Stor | Wesam Convenience Store,https://www.google.com/maps/search/?api=1&query=Wesam+Convenience+Store+Liverpool+NSW,Groceries,2026-07-07T16:59:29+08:00,
Hurstville Tobacconi,Hurstville Tobacconi,https://www.google.com/maps/search/?api=1&query=Hurstville+Tobacconi+Hurstville,Retail,2026-07-07T16:59:29+08:00,
Fantastic Watchworld,Fantastic Watchworld,https://www.fantasticwatchworld.com.au,Retail,2026-07-07T16:59:29+08:00,
Relaxation Station,Relaxation Station,https://www.relaxationstation.com.au,Personal Care,2026-07-07T16:59:29+08:00,
Sgardelis Pharmacies,Sgardelis Pharmacies,https://www.sgardelispharmacies.com.au,Health,2026-07-07T16:59:29+08:00,
Macquarie Hotel,Macquarie Hotel,https://www.macquariehotel.com.au,Travel,2026-07-07T16:59:29+08:00,
Doughkyo Franchising,Doughkyo Franchising,https://www.doughkyo.com.au,Dining Out,2026-07-07T16:59:29+08:00,
Burpengary State School,Burpengary State Schoo | Burpengary State School,https://burpengaryss.eq.edu.au,Education,2026-07-07T16:59:29+08:00,
Translink,Translink,https://translink.com.au,Transport,2026-07-07T16:59:29+08:00,
Underwood Seafood Market,Underwood Seafood Mrkt | Underwood Seafood Market,https://www.underwoodseafoodmarket.com.au,Groceries,2026-07-07T16:59:29+08:00,
Batehaven Supermarket,Batehaven Supermarket,https://www.google.com/maps/search/Batehaven+Supermarket,Groceries,2026-07-07T16:59:29+08:00,
Blackjack Tobacconist,Blackjack Tobacconist,https://www.blackjacktobacconist.com.au,Retail,2026-07-07T16:59:29+08:00,
Mercedes-Benz Melbourne,Mercedes Benz Melbourn | Mercedes-Benz Melbourne,https://www.mercedes-benz-melbourne.com.au,Automotive,2026-07-07T16:59:29+08:00,
La Famiglia Ristorante,La Famiglia Ristorante,https://www.lafamigliaristorante.com.au,Dining Out,2026-07-07T16:59:29+08:00,
SmartClinics Chermside,Smartclinics Chermsid | SmartClinics Chermside,https://www.smartclinics.com.au/,Health,2026-07-07T16:59:29+08:00,
Sunshine One Fairfield,Sunshine One Fairfield,https://www.sunshineone.com.au/,Groceries,2026-07-07T16:55:56+08:00,2026-07-13T21:19:56+08:00
Braidwood Service Station,Braidwood Servicemnes | Braidwood Service Station,https://www.braidwoodservicestation.com.au,Automotive,2026-07-07T16:55:56+08:00,
Blacktown Supermarket,Blacktown Supermarket,https://www.google.com/maps/search/Blacktown+Supermarket,Groceries,2026-07-07T16:55:56+08:00,
Ross Roderick Tyres,ROSS RODERICK TYRES,https://www.rossrodericktyres.com.au,Automotive,2026-07-07T16:55:44+08:00,
Lincraft Hamilton,LINCRAFT HAMILTON,https://www.lincraft.com.au/,Retail,2026-07-07T16:55:44+08:00,
Spotlight,SPOTLIGHT,https://www.spotlightstores.com,Department Stores,2026-07-07T16:55:44+08:00,
Cafe for the Common,CAFE FOR THE COMMON,https://www.cafeforthecommon.com.au,Dining Out,2026-07-07T16:55:44+08:00,
Crossroads Cafe,CROSSROADS CAFE,https://www.crossroadscafe.com.au,Dining Out,2026-07-07T16:55:44+08:00,
All Foods Market,ALL FOODS MARKET,https://www.allfoodsmarket.com.au,Dining Out,2026-07-07T16:55:44+08:00,
Scully Swimming Pools,SCULLY SWIMMING POO | Scully Swimming Pools,https://www.scullyswimmingpools.com.au,Home Improvement,2026-07-07T16:55:44+08:00,
Autoserve Vending,Autoserve Vending,https://www.autoservevending.com.au,Retail,2026-07-07T16:55:44+08:00,
Starliquor Surfers,Starliquorsurfers | Starliquor Surfers,https://www.starliquor.com.au/,Retail,2026-07-07T16:55:44+08:00,
Wallers Amusements,Wallers Amusememts | Wallers Amusements,https://www.wallersamusements.com.au,Entertainment,2026-07-07T16:55:44+08:00,
Ulladulla Tobacconist,Ulladulla Tobacconist,https://www.google.com/maps/search/Ulladulla+Tobacconist,Retail,2026-07-07T16:55:44+08:00,
Elizabeth Vale IGA,Elizabeth Vale Iga,https://www.iga.com.au/,Groceries,2026-07-07T16:54:54+08:00,
Diwin News Agency,Diwin News Agency,https://www.diwinnewsagency.com.au,Information,2026-07-07T16:54:54+08:00,
C Town Tobacconist,C Town Tobacconist,https://www.google.com/maps/search/?q=C+Town+Tobacconist+Campbelltown,Retail,2026-07-07T16:54:54+08:00,
George Minimart,George Minimart,https://www.google.com/maps/search/?api=1&query=George+Minimart+Brisbane,Groceries,2026-07-07T16:54:54+08:00,
Village Medical Centre,Village Medical Centr | Village Medical Centre,https://www.villagemedicalcentre.com.au,Health,2026-07-07T16:54:54+08:00,
Base Backpackers Airlie Beach,Base Backpackers Airl | Base Backpackers Airlie Beach | BASE BACKPACKERS AIRLIE BEACH PTY LTD,https://www.basebackpackers.com/,Travel,2026-07-10T09:48:26+08:00,
Joa Sushi,Joa Sushi,https://www.joasushi.com.au,Dining Out,2026-07-07T16:54:54+08:00,
OTR Whyalla,Otr Whyalla,https://www.otr.com.au,Automotive,2026-07-07T16:54:54+08:00,
Sushi Sapporo,Sushi Sapporo,https://www.sushisapporo.com.au,Dining Out,2026-07-07T16:54:54+08:00,
KDC Kebab Deluxe,Kdc Kebab Deluxe,https://www.kdckebabdeluxe.com.au,Dining Out,2026-07-07T16:54:54+08:00,
George Grocer,George Grocer,https://www.georgegrocer.com.au,Groceries,2026-07-07T16:54:54+08:00,
Aberfoyle Hub Hotel,Aberfoyle Hub Hotel,https://www.aberfoylehubhotel.com.au,Travel,2026-07-07T16:54:54+08:00,
Quality Foodz,Quality Foodz,https://www.qualityfoodz.com.au,Dining Out,2026-07-07T16:54:54+08:00,
Tweed Convenience,Tweed Convenience,https://www.tweedconvenience.com.au,Groceries,2026-07-07T16:54:54+08:00,
Medicines R Us,Medicines R Us,https://www.medicinesrus.com.au,Health,2026-07-07T16:54:54+08:00,
Priceline Pharmacy Wetherill Park,Pline Pharm Weth Park | Priceline Pharmacy Wetherill Park,https://www.priceline.com.au/store/wetherill-park,Health,2026-07-07T16:54:05+08:00,
Trinity Medical Centre,Trinity Medical Centr | Trinity Medical Centre,https://www.trinitymedicalcentre.com.au,Health,2026-07-07T16:54:05+08:00,
The Yiros Shop,The Yiros Shop,https://theyiros.shop,Retail,2026-07-07T16:54:05+08:00,
Innovative Retail,Innovative Retail,https://www.innovativeretail.com.au,Retail,2026-07-07T16:54:05+08:00,
Linda's Discount,Lindas Discount | Linda's Discount,https://www.google.com/maps/search/?api=1&query=Linda%27s+Discount+Chester+Hill,Retail,2026-07-07T16:54:05+08:00,
Expresso Sandwich Cafe,Expresso Sandwich Caf | Expresso Sandwich Cafe,https://www.google.com/maps/search/Expresso+Sandwich+Cafe+Terrey+Hills,Dining Out,2026-07-07T16:54:05+08:00,
On Site Vending Services,On Site Vending Servic | On Site Vending Services,https://www.onsitevendingservices.com.au,Retail,2026-07-07T16:54:05+08:00,
Tarameade Stock Feeds,Tarameade Stock Feeds,https://www.tarameadestockfeeds.com.au,Pet Care,2026-07-07T16:54:05+08:00,
QLD Wholesale Foods,Qld Wholesale Foods,https://www.qldwholesalefoods.com.au,Groceries,2026-07-07T16:54:05+08:00,2026-07-13T21:19:56+08:00
Purple Fitness Pty Ltd,Purple Fitness | Purple Fitness Pty Ltd,https://www.purplefitness.com.au,Gyms and other memberships,2026-07-07T16:54:05+08:00,
NS Hairdressing For Me,Ns Hairdressing For Me,https://www.google.com/maps/search/?api=1&query=NS+Hairdressing+For+Me+Upper+Mount+Gravatt,Personal Care,2026-07-07T16:54:05+08:00,
Cherry Asian Grocery,Cherry Asian Grocery,https://www.google.com/maps/search/?api=1&query=Cherry+Asian+Grocery+Logan+Central,Groceries,2026-07-07T16:53:15+08:00,
Glengala Rd Pharmacy,Glengala Rd Pharmacy,https://www.google.com/maps/search/?api=1&query=Glengala+Rd+Pharmacy+Sunshine+West,Health,2026-07-07T16:53:15+08:00,
Jones Hotels,Jones Hotels,https://www.joneshotels.com.au,Travel,2026-07-07T16:53:15+08:00,
The Citybridge Trust,The Citybridge Trust,https://www.citybridge.com.au,Donations,2026-07-07T16:53:15+08:00,
Sushi & More,Sushi&More,https://www.sushiandmore.com.au,Dining Out,2026-07-07T16:53:15+08:00,
The Emporium Showbag,The Emporium Showbag,https://www.theemporiumshowbag.com.au,Retail,2026-07-07T16:53:15+08:00,
Bensons Trading Company,Bensons Trading Comp | Bensons Trading Company,https://www.bensons.com.au,Retail,2026-07-07T16:53:15+08:00,
Windsor Castle Hotel,Windsor Castle Hotel,https://www.windsorcastlehotel.com.au,Travel,2026-07-07T16:53:15+08:00,
Choice Discounts,CHOICE DISCOUNTS,https://www.choicediscounts.com.au,Retail,2026-07-07T16:53:15+08:00,
Glanville Golf Course,Glanville Golf Course,https://www.glanvillegolfcourse.com.au,Entertainment,2026-07-07T16:53:15+08:00,
Pokero Sushi Poke,Pokero Sushi Poke,https://www.pokerosushi.com.au,Dining Out,2026-07-07T16:53:15+08:00,
HMH Tobacconist,Hmh Tobacconist Pty L | HMH Tobacconist,https://www.google.com/maps/search/?api=1&query=HMH+Tobacconist+South+Windsor,Retail,2026-07-07T16:53:15+08:00,
The Grand Vaudeville,The Grand Vaudevil | The Grand Vaudeville,https://www.thegrandvaudeville.com.au,Entertainment,2026-07-07T16:53:15+08:00,
The Plough Inn,The Plough Inn,https://www.theploughinn.com.au,Travel,2026-07-07T16:53:15+08:00,
Petco Animal Supplies,Petco Animal Sppls | Petco Animal Supplies,https://www.petco.com,Pet Care,2026-07-07T16:53:15+08:00,
Jordan's Coffee House,Jordans Coffee House | Jordan's Coffee House,https://www.jordanscoffeehouse.com.au,Dining Out,2026-07-07T16:52:24+08:00,
Gilligans Backpackers,Gilligans Backpackers,https://gilligans.com.au,Travel,2026-07-07T16:52:24+08:00,
Laverton Award Baklava,Laverton Award Bak | Laverton Award Baklava,https://www.google.com/maps/search/?api=1&query=Laverton+Award+Baklava,Dining Out,2026-07-07T16:52:24+08:00,
Krispy Kreme,Krispy Kreme,https://www.krispykreme.com.au,Dining Out,2026-07-07T16:52:24+08:00,
Burleigh Town Tavern,Burleigh Town Tavern,https://www.burleightowntavern.com.au,Dining Out,2026-07-07T16:52:24+08:00,
Calvin's Chicken,Calvins Chicken | Calvin's Chicken,https://www.calvinschicken.com.au,Dining Out,2026-07-07T16:52:24+08:00,
Revolutions Health,Revolutions Health,https://www.revolutionshealth.com.au,Health,2026-07-07T16:52:24+08:00,
Royal Blends Barbers,Royal Blends Barbers,https://www.royalblendsbarbers.com.au,Personal Care,2026-07-07T16:52:24+08:00,
Hospital for Special Surgery,Hospital For Special | Hospital for Special Surgery,https://www.hss.edu,Health,2026-07-07T16:52:24+08:00,
Saddleworth Roadhouse,Saddleworth Roadhouse,https://www.saddleworthroadhouse.com.au,Automotive,2026-07-07T16:52:24+08:00,
Sushi Hub,Sushi Hub,https://www.sushihub.com.au,Dining Out,2026-07-07T16:52:24+08:00,
Moorebank Rugby League Club,Moorebank Rugby Leag | Moorebank Rugby League Club,https://www.moorebankrugby.com.au,Entertainment,2026-07-07T16:52:24+08:00,
Lifestyle Food Group,Lifestyle Food Group,https://www.lifestylefoodgroup.com.au,Groceries,2026-07-07T16:52:24+08:00,2026-07-13T21:19:56+08:00
Settlement City News,Settlement City News,https://www.settlementcitynews.com.au,Information,2026-07-07T16:51:37+08:00,
Berry Boost,Berry Boost,https://www.berryboost.com.au,Dining Out,2026-07-07T16:51:37+08:00,
Coopers Surf Australia,Coopers Surf Austral | Coopers Surf Australia,https://www.coopersurf.com.au,Retail,2026-07-07T16:51:37+08:00,
Mitsuki Sushi,Mitsuki Sushi,https://www.mitsukisushi.com.au,Dining Out,2026-07-07T16:51:37+08:00,
Banter Coffee,Banter Coffee,https://www.bantercoffee.com.au,Dining Out,2026-07-07T16:51:37+08:00,
Last Drop Espresso,Last Drop Espresso,https://www.lastdropespresso.com.au,Dining Out,2026-07-07T16:51:37+08:00,
Piggotts Pharmacy,Piggotts Pharmacy,https://www.piggottspharmacy.com.au,Health,2026-07-07T16:51:37+08:00,
Caffeine Hit Espresso,Caffeine Hit Espre | Caffeine Hit Espresso,https://www.caffeinehitespresso.com.au,Dining Out,2026-07-07T16:51:37+08:00,
Mykitchen Cafe,Mykitchen Cafe,https://www.mykitchencafe.com.au,Dining Out,2026-07-07T16:51:37+08:00,
Coolangatta Surf Club,Coolangatta Surf Club,https://www.coolangattasurfclub.com.au,Entertainment,2026-07-07T16:51:37+08:00,
Powerhouse Health,Powerhouse Health,https://www.powerhousehealth.com.au,Health,2026-07-07T16:51:37+08:00,
TK Maxx,Tk Maxx,https://www.tkmaxx.com,Department Stores,2026-07-07T16:51:37+08:00,
Harmonie German Club,Harmonie German Club,https://harmonieclub.com.au,Entertainment,2026-07-07T16:51:37+08:00,
Greenhills Newsagency,Greenhills Newsagency,https://www.greenhillsnewsagency.com.au,Information,2026-07-07T16:51:37+08:00,
Springloaded,Sq *Springloaded | Springloaded,https://springloaded.com.au,Entertainment,2026-07-07T16:51:37+08:00,
Event Cinemas,Event Cinemas,https://www.eventcinemas.com.au,Entertainment,2026-07-07T16:51:37+08:00,
IGA Allambie Heights,Iga Allambie Heights,https://www.iga.com.au/,Groceries,2026-07-07T16:51:37+08:00,
Hi Performance Rubber,Hi Prformance Rubber | Hi Performance Rubber,https://www.hiperformancerubber.com.au,Automotive,2026-07-07T16:50:47+08:00,
Swing City,Swing City Pty Limited | Swing City,https://www.swingcity.com.au,Entertainment,2026-07-07T16:50:47+08:00,2026-07-13T21:19:56+08:00
Joymaxs Friendly Gro,Joymaxs Friendly Gro,https://www.google.com/maps/search/Joymaxs+Friendly+Gro+Sunshine+West,Groceries,2026-07-07T16:50:47+08:00,
Sweet Moments Florist,Sweet Moments Florist,https://www.sweetmomentsflorist.com.au,Retail,2026-07-07T16:50:47+08:00,
Jimbo's Barbershop,Ls Jimbos Barbershop | Jimbo's Barbershop,https://www.jimbosbarbershop.com.au,Personal Care,2026-07-07T16:50:47+08:00,
Chameleon Cafe,Chameleon Cafe,https://www.chameleoncafe.com.au,Dining Out,2026-07-07T16:50:47+08:00,
Snacklab,Snacklab,https://snacklab.com.au,Retail,2026-07-07T16:50:47+08:00,
Menai Variety Discount,Menai Variety Discou | Menai Variety Discount,https://www.menaivariety.com.au,Department Stores,2026-07-07T16:50:47+08:00,
Espresso Warriors,Espresso Warriors,https://www.espressowarriors.com.au,Dining Out,2026-07-07T16:50:47+08:00,
Smokers Paradise,Smokers Paradise,https://www.smokersparadise.com.au,Retail,2026-07-07T16:50:47+08:00,
Walker's Doughnuts,Walker'sdoughnuts | Walker's Doughnuts,https://www.walkersdoughnuts.com.au,Dining Out,2026-07-07T16:50:47+08:00,
The Coffee Container,The Coffee Contain | The Coffee Container,https://www.thecoffeecontainer.com.au,Dining Out,2026-07-07T16:50:47+08:00,
Mountain High Pies,Mountain High Pies,https://www.mountainhighpies.com.au,Dining Out,2026-07-07T16:50:47+08:00,
Lucky Happiness Supermarket,Lucky Happiness Supe | Lucky Happiness Supermarket,https://www.google.com/maps/search/?api=1&query=Lucky+Happiness+Supermarket+Campbelltown,Groceries,2026-07-07T16:50:47+08:00,
Transport for NSW Opal,Transportfornsw Opal | Transport for NSW Opal,https://transportnsw.info/opal,Transport,2026-07-07T16:49:56+08:00,
Domino's,Dominos | Domino's,https://www.dominos.com.au/,Dining Out,2026-07-07T16:49:56+08:00,
Chittaway Bakehouse,Chittaway Bakehouse,https://www.chittawaybakehouse.com.au,Dining Out,2026-07-07T16:49:56+08:00,
Vegetarian Express,Vegetarian Express,https://www.vegetarianexpress.com.au,Dining Out,2026-07-07T16:49:56+08:00,
CTC Cabramatta Station,Ctc Cabramatta Station,https://www.google.com/maps/search/CTC+Cabramatta+Station,Retail,2026-07-07T16:49:56+08:00,
Milkflower,Milkflower,https://www.milkflower.com.au,Dining Out,2026-07-07T16:49:56+08:00,2026-07-13T21:19:56+08:00
Maxishine Car & Dog Wash,Maxishine Car & Dog Wash,https://www.maxishine.com.au,Pet Care,2026-07-07T16:49:56+08:00,
Soul Origin,Soul Origin,https://soulorigin.com.au,Dining Out,2026-07-07T16:49:56+08:00,
Crown Hotel Parramatta,Crownhotel Parramatta | Crown Hotel Parramatta,https://www.crownhotelparramatta.com.au,Travel,2026-07-07T16:49:56+08:00,
Nextra Macquarie Centre,Nextra Macquariecentre | Nextra Macquarie Centre,https://www.nextra.com.au/,Information,2026-07-07T16:49:56+08:00,
Goldfields Tattersalls,Goldfields Tattersalls,https://www.goldfieldstatts.com.au,Gambling,2026-07-07T16:49:56+08:00,
Burwood Convenience,Burwood Convenienc | Burwood Convenience,https://maps.google.com/?q=Burwood+Convenience+Camberwell,Groceries,2026-07-07T16:49:56+08:00,
Bamyan Supermarket,Bamyan Supermarket,https://www.google.com/maps/search/Bamyan+Supermarket,Groceries,2026-07-07T16:49:56+08:00,
Seasons Supermarkets,Seasons Supermarkets,https://www.seasonssupermarkets.com.au,Groceries,2026-07-07T16:49:56+08:00,
Supa Fresh Market,Supa Fresh Market,https://www.supafresh.com.au,Groceries,2026-07-07T16:49:07+08:00,
Ripe Maternity Wear,RIPE MATERNITY WEAR,https://www.ripematernity.com.au,Retail,2026-07-07T16:49:07+08:00,
United Taylors,UNITED TAYLORS,https://www.unitedtaylors.com.au,Automotive,2026-07-07T16:49:07+08:00,
Scully Swimming Pool,SCULLY SWIMMING POOL,https://www.scullyswimmingpool.com.au,Home Improvement,2026-07-07T16:49:07+08:00,
Supa IGA Summer Centre,SUPA IGA SUMMER CNTR | Supa IGA Summer Centre,https://www.iga.com.au,Groceries,2026-07-07T16:49:07+08:00,
Michaels Fresh Food,MICHAELS FRESH FOOD,https://www.michaelsfreshfood.com.au,Dining Out,2026-07-07T16:49:07+08:00,
United Perth Airport,UNITED PERTH AIRPORT,https://www.perthairport.com.au,Automotive,2026-07-07T16:49:07+08:00,
OTR Horsham,OTR HORSHAM,https://www.otr.com.au/,Automotive,2026-07-07T16:49:07+08:00,
Hospital Hill Pharmacy,Hospitalhillpharmacy | Hospital Hill Pharmacy,https://www.hospitalhillpharmacy.com.au,Health,2026-07-07T16:49:07+08:00,
Tintenbar General Store,Tintenbargeneralstore | Tintenbar General Store,https://www.google.com/maps/search/Tintenbar+General+Store,Groceries,2026-07-07T16:49:07+08:00,
Silly Solly's Airlie Beach,Sillysollysairliebch | Silly Solly's Airlie Beach,https://www.sillysollys.com.au,Retail,2026-07-07T16:49:07+08:00,
Doppio Zero,Doppiozero | Doppio Zero,https://www.doppiozero.com.au,Dining Out,2026-07-07T16:49:07+08:00,
Replenish Food & Beverage,Replenish Food & Bever | Replenish Food & Beverage,https://www.replenishfoodandbeverage.com,Dining Out,2026-07-07T16:49:07+08:00,
Nadia's Cafe,Nadia'scafeparramatta | Nadia's Cafe,https://www.google.com/maps/search/Nadia's+Cafe+Parramatta,Dining Out,2026-07-07T16:49:07+08:00,
Bucking Bull,Buckingbull | Bucking Bull,https://www.buckingbull.com.au,Dining Out,2026-07-07T16:49:07+08:00,
Luminous Restaurant,Luminous Restaurant,https://www.luminousrestaurant.com.au,Dining Out,2026-07-07T16:49:07+08:00,
Costco,Costco,https://www.costco.com.au/,Groceries,2026-07-07T16:48:16+08:00,
JD Sports,Jd Sports Fashion | JD Sports,https://www.jdsports.com.au,Entertainment,2026-07-07T16:48:16+08:00,
Sp Cave Sports Nutriti,Sp Cave Sports Nutriti,https://www.spcavesportsnutriti.com,Entertainment,2026-07-07T16:48:16+08:00,
West Tamworth Leagues Club,West Tamworth Leagues | West Tamworth Leagues Club,https://www.westtamworthleagues.com.au,Entertainment,2026-07-07T16:48:16+08:00,
Shandiz Cafe Bar Restaurant,Shandiz Cafe Bar Rest | Shandiz Cafe Bar Restaurant,https://www.shandizcafe.com.au,Dining Out,2026-07-07T16:48:16+08:00,
Hoyts,The Hoyts Corporation | Hoyts,https://www.hoyts.com.au,Entertainment,2026-07-07T16:48:16+08:00,
Grima Bros Wholesale,Grima Bros Wholesale,https://www.grimabros.com.au,Groceries,2026-07-07T16:48:16+08:00,
Guns N Hoses Carwash,Guns N Hoses Carwash,https://www.gunsnhosescarwash.com.au,Automotive,2026-07-07T16:48:16+08:00,
Batemans Bay Bakehouse,Batemans Bay Bakehouse,https://www.batemansbaybakehouse.com.au,Dining Out,2026-07-07T16:48:16+08:00,
Port Plaza Laundrette,Port Plaza Laundrette,https://www.google.com/maps/search/Port+Plaza+Laundrette+Port+Macquarie,Retail,2026-07-07T16:48:16+08:00,
Stanwell Park Cellars,Stanwell Park Cellars,https://www.stanwellparkcellars.com.au,Retail,2026-07-07T16:48:16+08:00,
Riddells Creek Bakery,Riddells Creek Bakery,https://www.riddellscreekbakery.com.au,Dining Out,2026-07-07T16:48:16+08:00,
Crescent Head Service Station,Crescent Head Service | Crescent Head Service Station,https://www.google.com/maps/search/Crescent+Head+Service+Station,Automotive,2026-07-07T16:48:16+08:00,
The Mall Newsagency,The Mall Newsagency,https://www.google.com/maps/search/?api=1&query=The+Mall+Newsagency+Campbelltown,Information,2026-07-07T16:48:16+08:00,
Hoppers Indoor Sportz,Hoppers Indoor Sportz,https://www.hoppersindoorsportz.com.au,Gyms and other memberships,2026-07-07T16:47:22+08:00,
Victoria Point Bakery,Victoria Point Bakery,https://www.victoriapointbakery.com.au,Dining Out,2026-07-07T16:47:22+08:00,
IGA Express Kangaroo Point,Iga Express Kangaroo P | IGA Express Kangaroo Point,https://www.iga.com.au/,Groceries,2026-07-07T16:47:22+08:00,
The Macarthur Tavern,The Macarthur Tavern,https://www.themacarthurtavern.com.au,Dining Out,2026-07-07T16:47:22+08:00,
Wolfe Vending Pty Ltd,Wolfe Vending Pty Ltd,https://www.wolfevending.com.au,Retail,2026-07-07T16:47:22+08:00,
Aussie Broadband,Aussie Broadband Limited | Aussie Broadband,https://www.aussiebroadband.com.au,Telecommunications,2026-07-07T16:47:22+08:00,
Mollymook Fresh,Mollymook Fresh,https://www.mollymookfresh.com.au,Groceries,2026-07-07T16:47:22+08:00,
Grafton Car Wash,Grafton Car Wash,https://www.graftoncarwash.com.au,Automotive,2026-07-07T16:47:22+08:00,
Mediadvice Pharmacy,Mediadvice Pharmacy,https://www.mediadvice.com.au,Health,2026-07-07T16:47:22+08:00,
Ezymart,Ezymart Fortitude Vly | Ezymart,https://www.ezymart.com.au,Groceries,2026-07-07T16:47:22+08:00,
Yeronga Park Swimming,Yeronga Park Swimming,https://www.yerongaparkswimming.com.au,Gyms and other memberships,2026-07-07T16:47:22+08:00,
Spencer Gulf Restaurant,Spencer Gulf Restauran | Spencer Gulf Restaurant,https://www.spencergulfrestaurant.com.au,Dining Out,2026-07-07T16:47:22+08:00,
Bon Appetit Catering,Bon Appetit Catering,https://www.bonappetitcatering.com.au,Dining Out,2026-07-07T16:47:22+08:00,
Stacks Vending Pty Ltd,Stacks Vending Pty Ltd,https://www.stacksvending.com.au,Retail,2026-07-07T16:47:22+08:00,
JC Vending Systems Pty Ltd,Jc Vending Systems Pty | JC Vending Systems Pty Ltd,https://www.jcvending.com.au,Retail,2026-07-07T16:47:22+08:00,
Southern Fried Chicken,Southern Fried Ghouse | Southern Fried Chicken,https://www.southernfriedchicken.com.au,Dining Out,2026-07-07T16:47:22+08:00,
Riverbank Animal Hospital,Riverbank Animal Hosp | Riverbank Animal Hospital,https://riverbankanimalhospital.com.au,Pet Care,2026-07-07T16:46:29+08:00,
Costco Wholesale,Costco Wholesale,https://www.costco.com.au/,Groceries,2026-07-07T16:46:29+08:00,
Jaghori Auto Service,Jaghori Auto Service,https://www.google.com/maps/search/?api=1&query=Jaghori+Auto+Service+Guildford+NSW,Automotive,2026-07-07T16:46:29+08:00,
Goodtime Kiddie Rides,Goodtime Kiddie Rides,https://www.goodtimekiddierides.com.au,Entertainment,2026-07-07T16:46:29+08:00,
Millionlife Au Pty Ltd,Millionlife Au Pty Ltd,https://www.millionlife.com.au,Insurance,2026-07-07T16:46:29+08:00,
Beauty Stop,Beauty Stop,https://www.beautystop.com.au,Personal Care,2026-07-07T16:46:29+08:00,
Brooklyn Fine Meat,Brooklyn Fine Meat,https://www.brooklynfinemeat.com.au,Groceries,2026-07-07T16:46:29+08:00,
Michael Chang's Food,Michael Changs Food | Michael Chang's Food,https://www.google.com/maps/search/Michael+Chang's+Food+Campbelltown,Dining Out,2026-07-07T16:46:29+08:00,
Ace Laundromat,Ace Laundromat,https://www.acelaundromat.com.au,Retail,2026-07-07T16:46:29+08:00,
Hair Colosseum,Hair Colosseum,https://haircolosseum.com.au,Personal Care,2026-07-07T16:46:29+08:00,
Osmanli Kebab,Osmanli Kebab,https://www.osmanlikebab.com.au,Dining Out,2026-07-07T16:46:29+08:00,
Sparkletown Operations,Sparkletown Operations,https://www.sparkletown.com.au,Entertainment,2026-07-07T16:45:38+08:00,
Freechoice Lethbridge,Freechoicelethbridge | Freechoice Lethbridge,https://www.freechoice.com.au/,Retail,2026-07-07T16:45:38+08:00,
Forever 21,Forevertwentyone | Forever 21,https://www.forever21.com,Retail,2026-07-07T16:45:38+08:00,
Neighbourhood Market Co,Neighbourhoodmarketco | Neighbourhood Market Co,https://neighbourhoodmarketco.com.au,Groceries,2026-07-07T16:45:38+08:00,
Telstra Shop,Telstra Shop,https://www.telstra.com.au/shop,Telecommunications,2026-07-07T16:45:38+08:00,
Minchinbury Fruit Market,Minchinbury Fruit Mark | Minchinbury Fruit Market,https://www.google.com/maps/search/?api=1&query=Minchinbury+Fruit+Market,Groceries,2026-07-07T16:45:38+08:00,
Sunny Bakery Enterprise,Sunny Bakery Enterpris | Sunny Bakery Enterprise,https://www.google.com/maps/search/Sunny+Bakery+Enterprise+Collingwood,Dining Out,2026-07-07T16:45:38+08:00,
Caulfield Glasshouse,Caulfield Glasshouse,https://www.caulfieldglasshouse.com.au,Dining Out,2026-07-07T16:45:38+08:00,
Barber.Pafic,Barber.Pafic,https://www.barberpafic.com,Personal Care,2026-07-07T16:45:38+08:00,
Parc Fitness,Parc Fitness,https://www.parcfitness.com.au,Gyms and other memberships,2026-07-07T16:45:38+08:00,
Woolworths,WOOLWORTHS,https://www.woolworths.com.au,Groceries,2026-07-07T16:45:38+08:00,
Desi Bazzar Supermarket,DESI BAZZAR SUPERMARKET,https://www.google.com/maps/search/?api=1&query=Desi+Bazzar+Supermarket+Higunghalin,Groceries,2026-07-07T16:45:38+08:00,
Murphys Quality Butchers,Murphys Quality Butch | Murphys Quality Butchers,https://www.murphysqualitybutchers.com.au,Groceries,2026-07-07T16:45:38+08:00,
Choice Pharmacy,Choice Pharmacy,https://www.choicepharmacy.com.au,Health,2026-07-07T16:45:38+08:00,
TSG Tobacco,Tsg Tobacco,https://www.tsg.com.au,Retail,2026-07-07T16:45:38+08:00,
Platinum Vending Pty Ltd,Platinum Vending | Platinum Vending Pty Ltd,https://www.platinumvending.com.au,Retail,2026-07-07T16:45:38+08:00,
Latest Amusement Games,Latest Amusement Games,https://www.latestamusementgames.com.au,Entertainment,2026-07-07T16:45:38+08:00,
Purtill's Service Station,Purtills Service Stati | Purtill's Service Station,https://www.google.com/maps/search/Purtill's+Service+Station+Deniliquin,Automotive,2026-07-07T16:44:43+08:00,
United Cranbourne,UNITED CRANBOURNE,https://www.unitedpetroleum.com.au/,Automotive,2026-07-07T16:44:43+08:00,
United Cinemas Cranbourne,UNITED CRANBOURNE | United Cinemas Cranbourne,https://www.unitedcinemas.com.au/cranbourne,Automotive,2026-07-07T16:44:43+08:00,
Chicken Treat,CHICKENTREAT | Chicken Treat,https://www.chickentreat.com.au,Dining Out,2026-07-07T16:44:43+08:00,
Aldi,Aldi Stores | Aldi,https://www.aldi.com.au,Groceries,2026-07-07T16:44:43+08:00,
Jerrabomberra Meats,Jerrabomberra Meats,https://www.jerrabomberrameats.com.au,Groceries,2026-07-07T16:44:43+08:00,
Donut King,Donutking | Donut King,https://www.donutking.com.au/,Dining Out,2026-07-07T16:44:43+08:00,
Blue Hippo Laundry,Blue Hippo Laundry,https://bluehippolaundry.com.au,Retail,2026-07-07T16:44:43+08:00,
Dobinsons,Dobinsons Tuggeranong | Dobinsons,https://www.dobinsons.com.au/,Automotive,2026-07-07T16:44:43+08:00,
Marketfair Newsagency,Marketfair Newsagency,https://www.marketfairnewsagency.com.au,Information,2026-07-07T16:44:43+08:00,
ZLR Convenience Tobacco,Zlr*Convenience Tobacc | ZLR Convenience Tobacco,https://www.google.com/maps/search/?api=1&query=ZLR+Convenience+Tobacco+Narrabundah,Retail,2026-07-07T16:44:43+08:00,
Origin Kebab,Originkebab | Origin Kebab,https://www.originkebab.com.au,Dining Out,2026-07-07T16:44:43+08:00,
Westfield Eastgardens,Westfield Eastgardens,https://www.westfield.com.au/eastgardens,Retail,2026-07-07T16:44:43+08:00,
Studfield IGA Everyday,Studfield Iga Everyday,https://www.iga.com.au/,Groceries,2026-07-07T16:43:46+08:00,
NewsXpress Campbelltown,Newsxpress Campbellto | NewsXpress Campbelltown,https://www.newsxpress.com.au/,Information,2026-07-07T16:43:46+08:00,
Northmead Convenience,Northmead Convenience,https://maps.google.com/?q=Northmead+Convenience+Pennant+Hills,Groceries,2026-07-07T16:43:46+08:00,
Dawtrey International,Dawtrey International,https://www.dawtrey.com.au,Retail,2026-07-07T16:43:46+08:00,2026-07-13T21:19:56+08:00
No Sense Entertainment,No Sense Entertainment,https://www.facebook.com/NoSenseEntertainment/,Entertainment,2026-07-07T16:43:46+08:00,
Splash Laundromat,Splash Laundromat,https://www.splashlaundromat.com.au,Retail,2026-07-07T16:43:46+08:00,
Elanora Heights Bakery,Elanora Heights Bakery,https://www.google.com/maps/search/Elanora+Heights+Bakery,Dining Out,2026-07-07T16:43:46+08:00,
Zippy's Car Wash,Zippys Car Wash | Zippy's Car Wash,https://www.zippyscarwash.com.au,Automotive,2026-07-07T16:43:46+08:00,
Common Cents Homeware,Common Cents Homeware,https://www.commoncentshomeware.com.au,Retail,2026-07-07T16:43:46+08:00,
Woodgrove Lotto & Tobacco,Woodgrove Lotto Tobacc | Woodgrove Lotto & Tobacco,https://www.woodgrovelotto.com.au,Retail,2026-07-07T16:43:46+08:00,
NewsXpress Surfers Paradise,Newsxpress Surfers Par | NewsXpress Surfers Paradise,https://www.newsxpress.com.au,Information,2026-07-07T16:43:46+08:00,
Reddy Express,Reddy Express,https://www.reddyexpress.com.au,Automotive,2026-07-07T16:43:46+08:00,
Sorn's Hammondville Bak,Sorns Hammondville Bak | Sorn's Hammondville Bak,https://www.google.com/maps/search/Sorn's+Hammondville+Bak,Groceries,2026-07-07T16:43:46+08:00,
Moonlight Asian Grocer,Moonlight Asian Grocer,https://www.google.com/maps/search/?api=1&query=Moonlight+Asian+Grocer+Macquarie+Park,Groceries,2026-07-07T16:43:46+08:00,
Muffin Break,Muffinbreak | Muffin Break,https://www.muffinbreak.com.au,Dining Out,2026-07-07T16:40:33+08:00,
TSG Wentworthville,Tsg Wentworthville,https://www.tsg.com.au/,Retail,2026-07-07T16:40:33+08:00,
Lotus Laundromat,Lotus Laundromat,https://www.lotuslaundromat.com.au,Retail,2026-07-07T16:40:33+08:00,
The Chicken Run,Thechickenrun | The Chicken Run,https://www.thechickenrun.com.au,Dining Out,2026-07-07T16:40:33+08:00,
Betty's Burgers,Bettys Burgers | Betty's Burgers,https://www.bettysburgers.com.au,Dining Out,2026-07-07T16:40:33+08:00,
Cigarettes Wheelers,Cigarettes Wheelers,https://www.cigaretteswheelers.com.au,Retail,2026-07-07T16:40:33+08:00,
Revolver Upstairs,Revolver Upstairs,https://revolverupstairs.com.au,Entertainment,2026-07-07T15:56:37+08:00,
Endeavour Hotels,Endeavour Hotels,https://www.endeavourhotels.com.au,Travel,2026-07-07T15:56:37+08:00,
Evolve Wahroonga,Evolve Wahroonga,https://www.evolvewahroonga.com.au,Gyms and other memberships,2026-07-07T15:56:37+08:00,
Insaf Super Market,Insaf Super Market,https://www.google.com/maps/search/Insaf+Super+Market+Blacktown,Groceries,2026-07-07T15:56:37+08:00,
Oxford Tobacconist,Oxford Tobacconist,https://www.oxfordtobacconist.com.au,Retail,2026-07-07T15:56:37+08:00,
Taiko Sushi,Taiko Sushi,https://www.taikosushi.com.au,Dining Out,2026-07-07T15:56:37+08:00,
Waves Carwash Cafe,Waves Carwash Cafe,https://www.wavescarwashcafe.com.au,Dining Out,2026-07-07T15:56:37+08:00,
Industrie Clothing,Industrie Clothing,https://www.industrie.com.au/,Retail,2026-07-07T14:34:06+08:00,
Mamak Lunch Malaysia,Mamak Lunch Malaysia,https://mamak.com.au/,Dining Out,2026-07-07T14:33:30+08:00,
iPlay Rockingham,iPlay Rockingham,https://www.iplayaustralia.com.au/,Entertainment,2026-07-07T14:33:30+08:00,
Just Cuts,Just Cuts,https://www.justcuts.com.au/,Personal Care,2026-07-07T14:33:30+08:00,
Uniqlo,Uniqlo,https://www.uniqlo.com/au/en/,Retail,2026-07-07T14:33:30+08:00,
Tradetools,Tradetools,https://www.tradetools.com/,Home Improvement,2026-07-07T14:32:29+08:00,
Entertainment Park Bankstown,Entertainment Park Bankstown,https://entertainmentpark.com.au/,Entertainment,2026-07-07T14:30:28+08:00,
Campion Education,Campion Education,https://www.campion.com.au/,Education,2026-07-07T14:29:27+08:00,
Bushranger,Bushranger,https://bushranger.com.au/,Automotive,2026-07-07T14:28:24+08:00,
Degani,Degani,https://www.degani.com.au/,Dining Out,2026-07-07T14:28:24+08:00,
Jaycar Cranbourne,Jaycar Cranbourne,https://www.jaycar.com.au/,Retail,2026-07-07T14:28:24+08:00,
Outdoor Supacentre,Outdoor Supacentre,https://www.4wdsupacentre.com.au/,Automotive,2026-07-07T14:27:26+08:00,
Daiso,Daiso,https://www.daisojapan.com.au/,Department Stores,2026-07-07T14:27:26+08:00,
Hamilton Island,Hamilton Island,https://www.hamiltonisland.com.au/,Travel,2026-07-07T14:27:26+08:00,
Funtopia Cranbourne,Funtopia Cranbourne,https://www.funtopiaworld.com.au/,Entertainment,2026-07-07T14:26:26+08:00,
Hemingways Brewery,Hemingways Brewery,https://www.hemingwaysbrewery.com/,Dining Out,2026-07-07T14:26:26+08:00,
Sushihiro Fremantle,Sushihiro Fremantle,https://sushihiro.com.au/,Dining Out,2026-07-07T14:25:24+08:00,
Mantra Wollongong,Mantra Wollongong,https://www.mantrahotels.com/mantra-wollongong/,Travel,2026-07-07T14:25:24+08:00,
DCO Werribee Village,DCO Werribee Village,https://www.directchemistoutlet.com.au/,Health,2026-07-07T14:24:22+08:00,
United Cinemas Broadmeadows,United Cinemas Broadmeadows,https://www.unitedcinemas.com.au/,Automotive,2026-07-07T14:24:22+08:00,
United Bundaberg,United Bundaberg,https://www.unitedpetroleum.com.au/,Automotive,2026-07-07T14:24:22+08:00,
Rugby Australia,Rugby Australia | AUSTRALIAN RUGBY,https://australia.rugby/,Entertainment,2026-07-10T18:54:46+08:00,
Reading Cinemas,Reading Cinemas,https://readingcinemas.com.au/,Entertainment,2026-07-07T14:23:23+08:00,
Yaralla Sports Club,Yaralla Sports Club,https://www.yarallasportsclub.com.au/,Entertainment,2026-07-07T14:20:20+08:00,
Stonewall Hotel,Stonewall Hotel,https://www.stonewallhotel.com/,Travel,2026-07-07T14:19:23+08:00,
CarePark Circle on Cav,CarePark Circle on Cav,https://www.carepark.com.au/,Transport,2026-07-07T14:12:30+08:00,
Achiever Group,Achiever Group,https://achievergroup.com.au/,Education,2026-07-07T14:11:28+08:00,2026-07-13T21:19:56+08:00
Bottle Mart Whittlesea,Bottle Mart Whittlesea,https://www.bottlemart.com.au/,Retail,2026-07-07T14:11:28+08:00,
Transcontinental Hotel Brisbane,Transcontinental Hotel Brisbane,https://www.transhotel.com.au/,Travel,2026-07-07T14:10:25+08:00,
Tropical Jewellery,Tropical Jewellery,https://www.tropicaljewellery.com.au/,Retail,2026-07-07T14:10:25+08:00,
Cellarbrations,Cellarbrations,https://www.cellarbrations.com.au/,Retail,2026-07-07T14:09:22+08:00,
Pline PH Bridgewater,Pline PH Bridgewater,https://www.priceline.com.au/,Health,2026-07-07T14:09:22+08:00,
Acai World,Acai World,https://www.acaiworld.com.au/,Dining Out,2026-07-07T14:08:19+08:00,
Pop Mart Oceania,Pop Mart Oceania,https://www.popmart.com/au,Groceries,2026-07-07T14:08:19+08:00,
Animal Welfare League Op Shop Currumbin,Animal Welfare League Op Shop Currumbin,https://www.awlqld.com.au/op-shops/,Donations,2026-07-07T14:07:18+08:00,
Lobethal Bakery,Lobethal Bakery,https://lobethalbakery.com.au/,Dining Out,2026-07-07T14:06:17+08:00,
The Source Bulk Foods,The Source Bulk Foods,https://thesourcebulkfoods.com.au/,Dining Out,2026-07-07T14:06:17+08:00,
Carter's,Carter's,https://www.cartersoshkosh.com.au/,Retail,2026-07-07T14:06:17+08:00,
Catalina Country Club,Catalina Country Club,https://www.catalinaclub.com.au/,Entertainment,2026-07-07T14:06:17+08:00,
Coffs Coast Wildlife Sanctuary,Coffs Coast Wildlife Sanctuary,https://www.coffscoastwildlifesanctuary.com.au/,Entertainment,2026-07-07T14:06:17+08:00,
Kogarah RSL Club,Kogarah RSL Club,https://www.kogarahclubhouse.com.au/,Entertainment,2026-07-07T14:06:17+08:00,
Ibis Brisbane Airport,Ibis Brisbane Airport,https://all.accor.com/hotel/9546/index.en.shtml,Travel,2026-07-07T14:05:17+08:00,
Mercure Wagga Wagga,Mercure Wagga Wagga,https://all.accor.com/hotel/9939/index.en.shtml,Travel,2026-07-07T14:05:17+08:00,
Southwest Rocks Taxis,Southwest Rocks Taxis,https://southwestrockstaxis.com.au/,Transport,2026-07-07T14:05:17+08:00,
CTC Btown Rway Conven,CTC Btown Rway Conven,https://www.ctctobacconist.com.au/,Retail,2026-07-07T14:05:17+08:00,
Metro South Hospital and Cleveland,Metro South Hospital and Cleveland,https://metrosouth.health.qld.gov.au/,Health,2026-07-07T14:04:15+08:00,
Wahlburgers,Wahlburgers,https://wahlburgers.com.au/,Dining Out,2026-07-07T14:04:15+08:00,
CoinOp Operations,CoinOp Operations,https://www.coinopgroup.com.au/,Entertainment,2026-07-07T14:04:15+08:00,
WashWorks Laundromat,WashWorks Laundromat,https://www.washworks.com.au/,Retail,2026-07-07T14:03:13+08:00,
ProfessioNail,ProfessioNail,https://www.professionail.com.au/,Personal Care,2026-07-07T14:02:10+08:00,
Firefighters Calendar,Firefighters Calendar,https://www.australianfirefighterscalendar.com/,Donations,2026-07-07T14:01:10+08:00,
Stefan Hair Fashions,Stefan Hair Fashions,https://www.stefan.com.au/,Personal Care,2026-07-07T14:01:10+08:00,
Horseland Strathpine,Horseland Strathpine,https://www.horseland.com.au/,Retail,2026-07-07T14:00:04+08:00,
Miniso,Miniso,https://www.miniso-au.com/,Retail,2026-07-07T14:00:04+08:00,
Kingsleys Chicken,Kingsleys Chicken,https://kingsleyschicken.com/,Dining Out,2026-07-07T13:58:06+08:00,
Urimbirra Wildlife Park,Urimbirra Wildlife Park,https://urimbirra.com.au/,Entertainment,2026-07-07T13:57:15+08:00,
Gosford Hospital,Gosford Hospital,https://www.cclhd.health.nsw.gov.au/our-services/gosford-hospital/,Health,2026-07-07T13:57:15+08:00,
Chambers Cellars,Chambers Cellars,https://www.chamberscellars.com.au/,Retail,2026-07-07T13:56:24+08:00,
Me Coffee Merchants,Me Coffee Merchants,https://www.mecoffee.com.au/,Dining Out,2026-07-07T13:56:24+08:00,
Thirsty Camel Ellenbrook,Thirsty Camel Ellenbrook,https://www.thirstycamel.com.au/,Retail,2026-07-07T13:53:46+08:00,
Bounce Holdings,Bounce Holdings,https://www.bounceinc.com.au/,Entertainment,2026-07-07T13:52:53+08:00,
Liberty,Liberty,https://www.libertyoil.com.au/,Automotive,2026-07-07T13:52:00+08:00,
Melbourne Airport,Melbourne Airport,https://www.melbourneairport.com.au/,Travel,2026-07-07T13:52:00+08:00,
Sushia Southcity Glenfield,Sushia Southcity Glenfield,https://www.sushia.com.au/,Dining Out,2026-07-07T13:52:00+08:00,
TSG Darlinghurst,TSG Darlinghurst,https://www.tobaccosg.com/,Retail,2026-07-07T13:52:00+08:00,
Colyton Friendly Grocer,Colyton Friendly Grocer,https://www.friendlygrocer.com.au/,Groceries,2026-07-07T13:51:08+08:00,
Westfield Belconnen,Westfield Belconnen,https://www.westfield.com.au/,Retail,2026-07-07T13:51:08+08:00,
Healthsave Pharmacy Dandenong,Healthsave Pharmacy Dandenong,https://www.healthsave.com.au/,Health,2026-07-07T13:50:12+08:00,
Ingenia Holidays Townsville,Ingenia Holidays Townsville,https://www.ingeniaholidays.com.au/,Travel,2026-07-07T13:50:12+08:00,
Famous Footwear,Famous Footwear,https://www.famousfootwear.com.au/,Retail,2026-07-07T13:49:18+08:00,
Pasta Go Go,Pasta Go Go,https://www.pastagogo.com.au/,Dining Out,2026-07-07T13:49:18+08:00,
King of the Pack,King of the Pack,https://www.kingofthepack.com.au/,Retail,2026-07-07T13:48:23+08:00,
Nextra Forest Lake,Nextra Forest Lake,https://www.nextra.com.au/,Information,2026-07-07T13:48:23+08:00,
Redlea Chickens,Redlea Chickens,https://www.redlea.com.au/,Groceries,2026-07-07T13:48:23+08:00,
Ezy Mart,Ezy Mart,https://www.ezymart.com.au/,Groceries,2026-07-07T13:47:25+08:00,
Inland Petroleum,Inland Petroleum,https://www.inlandpetroleum.com.au/,Automotive,2026-07-07T13:47:25+08:00,
Capital Chemist,Capital Chemist,https://www.capitalchemist.com.au/,Health,2026-07-07T13:45:31+08:00,
FreshWorld,FreshWorld,https://freshworld.com.au/,Groceries,2026-07-07T13:44:31+08:00,
Port Macquarie Hotel,Port Macquarie Hotel,https://www.portmacquariehotel.com.au/,Travel,2026-07-07T13:44:31+08:00,
Shannons Carriers,Shannons Carriers,https://www.shannons.com.au/,Insurance,2026-07-07T13:43:36+08:00,
Sunshine Plaza,Sunshine Plaza,https://www.sunshineplaza.com/,Retail,2026-07-07T13:43:36+08:00,
Alice City Tyrepower,Alice City Tyrepower,https://www.tyrepower.com.au/,Automotive,2026-07-07T13:42:38+08:00,
Auto Masters Munno Para,Auto Masters Munno Para,https://www.automasters.com.au/,Automotive,2026-07-07T13:40:47+08:00,
Sydney Cricket Ground,Sydney Cricket Ground,https://www.sydneycricketground.com.au/,Entertainment,2026-07-07T13:40:47+08:00,
Golden Race,Golden Race,https://goldenrace.com/,Gambling,2026-07-07T13:38:57+08:00,
Perrymans Bakery,Perrymans Bakery,https://perrymansbakery.com.au/,Dining Out,2026-07-07T13:38:04+08:00,
Cibo Espresso,Cibo Espresso,https://www.ciboespresso.com.au/,Dining Out,2026-07-07T13:38:04+08:00,
Harris Farm Markets,Harris Farm Markets,https://www.harrisfarm.com.au/,Groceries,2026-07-07T13:38:04+08:00,
Zagame Caulfield Club,Zagame Caulfield Club,https://www.zagamescaulfield.com.au/,Entertainment,2026-07-07T13:38:04+08:00,
The Factory Theatre,The Factory Theatre,https://factorytheatre.com.au/,Entertainment,2026-07-07T13:35:21+08:00,
Phat Chicken,Phat Chicken,https://phatchicken.com.au/,Dining Out,2026-07-07T13:35:21+08:00,
Discount Drug Stores,Discount Drug Stores,https://www.discountdrugstores.com.au/,Retail,2026-07-07T13:34:29+08:00,
Our Medical Penrith,Our Medical Penrith,https://www.ourmedicalhome.com.au/medical-centres/penrith,Health,2026-07-07T13:34:29+08:00,
Rivers,Rivers,https://www.rivers.com.au/,Retail,2026-07-07T13:33:34+08:00,
Wara Sushi,Wara Sushi,https://warasushi.com.au/,Dining Out,2026-07-07T13:32:40+08:00,
Syd Tools,Syd Tools,https://sydneytools.com.au/,Home Improvement,2026-07-07T13:31:43+08:00,
Club Southport,Club Southport,https://www.clubsouthport.com.au/,Entertainment,2026-07-07T13:31:43+08:00,
Lifeline Retail,Lifeline Retail,https://www.lifeline.org.au/shops/,Donations,2026-07-07T13:31:43+08:00,
Chemist King,Chemist King,https://www.chemistking.com.au/,Health,2026-07-07T13:30:50+08:00,
Jamaica Blue,Jamaica Blue,https://www.jamaicablue.com.au/,Dining Out,2026-07-07T13:30:50+08:00,
Laserforce,Laserforce,https://www.laserforce.com.au/,Entertainment,2026-07-07T13:30:50+08:00,
EzyCharge,EzyCharge,https://ezycharge.com.au/,Automotive,2026-07-07T13:29:59+08:00,
Ogalo,Ogalo,https://www.ogalo.com.au/,Dining Out,2026-07-07T13:29:59+08:00,
Peter Alexander,Peter Alexander,https://www.peteralexander.com.au/,Retail,2026-07-07T13:29:59+08:00,
Foodbank South,Foodbank South,https://www.foodbank.org.au/,Donations,2026-07-07T13:29:07+08:00,
Viva Leisure,Viva Leisure,https://www.vivaleisure.com.au/,Gyms and other memberships,2026-07-07T13:29:07+08:00,
OOM Energy,OOM Energy,https://oomenergy.com.au/,Utilities,2026-07-07T13:27:30+08:00,
Loaves and Fishes Care Services,Loaves and Fishes Care Services,https://www.loavesandfishes.org.au/,Donations,2026-07-07T13:27:30+08:00,
Specsavers Rockdale,Specsavers Rockdale,https://www.specsavers.com.au/,Health,2026-07-07T13:27:30+08:00,
Pestana Group,Pestana Group,https://www.pestana.com/en,Travel,2026-07-07T13:26:41+08:00,
Drake Supermarkets,Drake Supermarkets,https://www.drakes.com.au/,Groceries,2026-07-07T13:25:55+08:00,
Caffe Cherry Beans,Caffe Cherry Beans,https://www.cherrybeans.com.au/,Dining Out,2026-07-07T13:25:07+08:00,
Metro Newcastle West,Metro Newcastle West,https://www.metropetroleum.com.au/,Automotive,2026-07-07T13:25:07+08:00,
Lifehouse Care Op Coffs Harbour,Lifehouse Care Op Coffs Harbour,https://lifehousecare.org.au/,Health,2026-07-07T13:24:20+08:00,
Pig N Whistle Rivers Brisbane,Pig N Whistle Rivers Brisbane,https://www.pignwhistle.com.au/,Dining Out,2026-07-07T13:24:20+08:00,
Port City Breakers,Port City Breakers,https://www.portcitybreakers.com.au/,Entertainment,2026-07-07T13:24:20+08:00,
The Sound Garden,The Sound Garden,https://www.thesoundgarden.com.au/,Home Improvement,2026-07-07T13:24:20+08:00,
Market Organics,Market Organics,https://www.marketorganics.com.au/,Groceries,2026-07-07T13:23:33+08:00,
Jetaway Airport Park,Jetaway Airport Park,https://jetawayairportparking.com.au/,Travel,2026-07-07T13:22:47+08:00,
Pandora,Pandora | PANDORA AND CO PTY LTD | Pandora And,https://au.pandora.net/,Retail,2026-07-10T10:00:25+08:00,
Daniels Donuts,Daniels Donuts,https://danielsdonuts.com.au/,Dining Out,2026-07-07T13:22:00+08:00,
Master Rolls,Master Rolls,https://www.masterrolls.com.au/,Dining Out,2026-07-07T13:22:00+08:00,2026-07-13T21:19:56+08:00
Sushi Train,Sushi Train,https://www.sushitrain.com.au/,Dining Out,2026-07-07T13:22:00+08:00,
Vapiano,Vapiano,https://www.vapiano.com.au/,Dining Out,2026-07-07T13:22:00+08:00,
Chemistworks,Chemistworks,https://www.chemistworks.com.au/,Health,2026-07-07T13:20:25+08:00,
Max Brenner,Max Brenner,https://maxbrenner.com.au/,Dining Out,2026-07-07T13:19:39+08:00,
Connor Clothing,Connor Clothing,https://www.connor.com.au/,Retail,2026-07-07T13:19:39+08:00,
Mercedes-Benz Melbourne Southbank,Mercedes-Benz Melbourne Southbank,https://www.mbmelbourne.com.au/,Automotive,2026-07-07T13:18:53+08:00,
Delaware North,Delaware North,https://www.delawarenorth.com/,Dining Out,2026-07-07T13:18:06+08:00,
Healthyworld Pharmacy,Healthyworld Pharmacy,https://www.healthyworldpharmacy.com.au/,Health,2026-07-07T13:18:06+08:00,
Riverwood Hotel,Riverwood Hotel,https://www.riverwoodhotel.com.au/,Travel,2026-07-07T13:18:06+08:00,
Watermarc Banyule,Watermarc Banyule,https://www.watermarcbanyule.com.au/,Gyms and other memberships,2026-07-07T13:17:18+08:00,
Flipout Fountain Gate,Flipout Fountain Gate,https://www.flipout.com.au/,Entertainment,2026-07-07T13:16:29+08:00,
Seoul Garden,Seoul Garden,https://www.seoulgarden.com.au/,Home Improvement,2026-07-07T13:16:29+08:00,
Hotel Greenwood,Hotel Greenwood,https://hotelgreenwood.com/,Travel,2026-07-07T13:15:41+08:00,
Lollipop's Playland,Lollipop's Playland,https://www.lollipopsplayland.com.au/,Entertainment,2026-07-07T13:15:41+08:00,
The Yiros Shop Burleigh Heads,The Yiros Shop Burleigh Heads,https://www.theyirosshop.com.au/,Retail,2026-07-07T13:15:41+08:00,
Burger Point,Burger Point,https://burgerpoint.com.au/,Dining Out,2026-07-07T13:14:52+08:00,
Toymate,Toymate,https://toymate.com.au/,Retail,2026-07-07T13:14:52+08:00,
Guardian Interlock,Guardian Interlock,https://www.guardianinterlock.com.au/,Automotive,2026-07-07T13:14:52+08:00,
Planet Smoothie,Planet Smoothie,https://www.planetsmoothie.com/,Dining Out,2026-07-07T13:14:52+08:00,
Wholelife Healthfood,Wholelife Healthfood,https://www.wholelife.com.au/,Health,2026-07-07T13:14:52+08:00,
Prouds Jewellers,Prouds Jewellers,https://www.prouds.com.au/,Retail,2026-07-07T13:14:04+08:00,
Springloaded Port Macquarie,Springloaded Port Macquarie,https://www.springloaded.com.au/,Entertainment,2026-07-07T13:14:04+08:00,
WHSmith,WHSmith,https://www.whsmith.com.au/,Retail,2026-07-07T13:14:04+08:00,
Bluesfest,Bluesfest,https://www.bluesfest.com.au/,Entertainment,2026-07-07T13:13:16+08:00,
Cube Laundry,Cube Laundry,https://www.cubelaundry.com.au/,Retail,2026-07-07T13:13:16+08:00,
Sydney Showground,Sydney Showground,https://www.sydneyshowground.com.au/,Entertainment,2026-07-07T13:13:16+08:00,
Tweed Palliative Support,Tweed Palliative Support,https://www.tweedpalliative.org.au/,Donations,2026-07-07T13:13:16+08:00,
Chempro Chemist Wynnum,Chempro Chemist Wynnum,https://www.chempro.com.au/,Health,2026-07-07T13:12:29+08:00,
Freedom Fuels,Freedom Fuels,https://www.freedomfuels.com.au/,Automotive,2026-07-07T13:11:41+08:00,
Future Swim,Future Swim,https://www.futureswim.com.au/,Education,2026-07-07T13:11:41+08:00,
Port City Bowling Club,Port City Bowling Club,https://portcity.com.au/,Entertainment,2026-07-07T13:10:06+08:00,
Wests Group Macarthur,Wests Group Macarthur,https://westslc.com.au/,Gambling,2026-07-07T13:10:06+08:00,
Augustus Gelatery,Augustus Gelatery,https://augustusgelatery.com.au/,Dining Out,2026-07-07T13:09:17+08:00,
X Convenience,X Convenience,https://xconvenience.com.au/,Automotive,2026-07-07T13:09:17+08:00,
Budget Petrol,Budget Petrol,https://budgetpetrol.com.au/,Automotive,2026-07-07T13:07:38+08:00,
Provender,Provender,https://www.provender.com.au/,Groceries,2026-07-07T13:07:38+08:00,
Harris Scarfe,Harris Scarfe,https://www.harrisscarfe.com.au/,Department Stores,2026-07-07T13:06:47+08:00,
Cruise Whitsundays,Cruise Whitsundays,https://www.cruisewhitsundays.com/,Travel,2026-07-07T13:05:54+08:00,
Outback Steakhouse,Outback Steakhouse,https://www.outbacksteakhouse.com.au/,Dining Out,2026-07-07T13:05:54+08:00,
Village Roadshow,Village Roadshow,https://www.villageroadshow.com.au/,Entertainment,2026-07-07T13:05:54+08:00,
Fairbairn Bros,Fairbairn Bros,https://fairbairnbakery.com.au/,Dining Out,2026-07-07T12:28:09+08:00,
Engie,Engie,https://www.engie.com.au/,Utilities,2026-07-07T12:28:09+08:00,
Kawana Waters Hotel,Kawana Waters Hotel,https://www.kawanawatershotel.com.au/,Travel,2026-07-07T12:28:09+08:00,
Metricon Homes,Metricon Homes,https://www.metricon.com.au/,Home Improvement,2026-07-07T12:28:09+08:00,
The Surf Club Mooloolaba,The Surf Club Mooloolaba,https://www.thesurfclub.com.au/,Entertainment,2026-07-07T12:28:09+08:00,
Calvary Private,CALVARY PRIVATE,https://www.calvarycare.org.au/,Health,2026-07-08T18:12:36+08:00,
Clontarf Foundation,CLONTARF FOUNDAT | Clontarf Foundation,https://www.clontarffoundation.com.au,Education,2026-07-08T18:37:02+08:00,
Voyager Trailers,Voyager Trailers,https://www.voyagertrailers.com.au,Automotive,2026-07-08T18:37:02+08:00,
Athenaeum Club,ATHENAEUM CLUB,https://www.athenaeumclub.com.au,Entertainment,2026-07-08T18:37:02+08:00,
Batrosa Concrete,BATROSA CONCRETE,https://www.batrosaconcrete.com.au,Home Improvement,2026-07-08T18:37:02+08:00,
Bank of Queensland,BANK OF QLD | Bank of Queensland,https://www.bankofqueensland.com.au,Information,2026-07-08T18:54:52+08:00,
Keybuild Services,KEYBUILD SERVICE | Keybuild Services,https://www.keybuildservices.com.au,Home Improvement,2026-07-08T18:54:52+08:00,
Weipa Service Centre,WEIPA SERVICENTR | Weipa Service Centre,https://goo.gl/maps/weipa-service-centre,Automotive,2026-07-08T18:54:52+08:00,
KoolBeanz,KoolBeanz,https://www.koolbeanz.com.au,Dining Out,2026-07-08T18:54:52+08:00,
Essential Nursing,ESSENTIAL NURSIN | Essential Nursing,https://www.essentialnursing.com.au,Health,2026-07-08T18:54:52+08:00,
Unihealth,UNIHEALTH,https://www.unihealth.com.au,Health,2026-07-08T18:54:52+08:00,
Lions at Springwood,LIONS AT SPRINGW | Lions at Springwood,https://www.lionsclubspringwood.org.au,Donations,2026-07-08T18:54:52+08:00,
Kings Currency Exchange,Kings Currency Exc | Kings Currency Exchange,https://www.kingscurrencyexchange.com,Travel,2026-07-08T18:54:52+08:00,
Browns English Language School,BROWNS English L | Browns English Language School,https://www.brownsenglish.com.au/,Education,2026-07-08T18:54:52+08:00,
Mee's Bus Lines,Mee's Bus Lines,https://www.meesbuslines.com.au,Transport,2026-07-08T18:54:52+08:00,
McCallum Disability Services,MCCALLUM DISABIL | McCallum Disability Services,https://www.mccallumdisability.com.au,Health,2026-07-08T18:54:52+08:00,
Eurostone,EUROSTONE,https://www.eurostone.com.au,Home Improvement,2026-07-08T18:54:52+08:00,
Gosford Air,Gosford Air,https://www.gosfordair.com.au,Home Improvement,2026-07-08T18:54:52+08:00,
Multicare Services,MULTICARE SERVIC | Multicare Services,https://www.multicareservices.com.au,Health,2026-07-08T18:54:52+08:00,
Gumboots Early Learning Centre,GUMBOOTS ELC | Gumboots Early Learning Centre,https://www.gumbootselc.com.au,Education,2026-07-08T18:54:52+08:00,
Mamu Health Service,MAMU HEALTH SERV | Mamu Health Service,https://www.mamuhealthservice.com.au,Health,2026-07-08T18:54:52+08:00,
Greenstorm Foods,Greenstorm Foods,https://www.google.com/search?q=Greenstorm+Foods,Groceries,2026-07-08T19:02:13+08:00,
Heatherlie Homes,HEATHERLIE HOMES,https://www.google.com/search?q=Heatherlie+Homes,Rent,2026-07-08T19:02:13+08:00,
Paragalli Haulage,Paragalli Haulage,https://www.google.com/search?q=Paragalli+Haulage,Transport,2026-07-08T19:02:13+08:00,
JWB Construction,JWB CONSTRUCTION,https://www.google.com/search?q=JWB+Construction,Home Improvement,2026-07-08T19:02:13+08:00,
Iconic Property,ICONIC PROPERTY,https://www.google.com/search?q=Iconic+Property,Rent,2026-07-08T19:02:13+08:00,
Stepping Stones,STEPPING STONES,https://www.steppingstones.com.au,Health,2026-07-08T19:09:45+08:00,
Saturn Pathology,SATURN PATHOLO GY | Saturn Pathology,https://www.saturnpathology.com.au,Health,2026-07-08T19:09:45+08:00,
Dairy Direct,Dairy Direct,https://www.dairydirect.com.au,Groceries,2026-07-08T19:09:45+08:00,
Taylors Farm Supply,TAYLORS FARM SUP | Taylors Farm Supply,https://www.taylorsfarm.com.au,Retail,2026-07-08T19:09:45+08:00,
Coochin Creek Coop,COOCHIN CREEK COOP,https://www.coochincreekcoop.com.au,Retail,2026-07-08T19:09:45+08:00,
Mills Brands Pty Ltd,MILLS BRANDS PTY | Mills Brands Pty Ltd,https://www.millsbrands.com.au,Retail,2026-07-08T19:09:45+08:00,
Gadaleta Steel,Gadaleta Steel,https://www.gadaletasteel.com.au,Home Improvement,2026-07-08T19:09:45+08:00,
Care Alliance,Care Alliance,https://www.carealliance.com.au,Health,2026-07-08T19:09:45+08:00,
Rollies Speed Shop,Rollies Speed | Rollies Speed Shop,https://www.rolliesspeedshop.com,Automotive,2026-07-08T19:09:45+08:00,
CLJ Dentistry,Clj Dentistry,https://www.cljdentistry.com.au,Health,2026-07-08T19:09:45+08:00,
Uptown Vibes,Uptown Vibes,https://www.uptownvibes.com.au,Entertainment,2026-07-08T19:09:45+08:00,
The BarberBar,THE BARBERBAR,https://www.thebarberbar.com.au,Personal Care,2026-07-08T19:09:45+08:00,
Wellcamp ARFF,Wellcamp ARFF,https://www.wellcampairport.com.au,Transport,2026-07-08T19:09:45+08:00,
Johns Motor Service,JOHNS MOTOR SERV | Johns Motor Service,https://www.johnsmotorservice.com.au,Automotive,2026-07-08T19:09:45+08:00,
Bulk Regional Express,BULK REGIONAL EX | Bulk Regional Express,https://www.bulkregionalexpress.com.au,Transport,2026-07-08T19:09:45+08:00,
MyBudget Pty Ltd,Mybudget Pty Ltd,https://www.mybudget.com.au/,Debt Consolidation,2026-07-08T19:15:06+08:00,
DGL Warehousing,Dgl Warehousing,https://www.dgl.com.au/,Transport,2026-07-08T19:27:22+08:00,
Bartos Construction,BARTOS CONSTRUC | Bartos Construction,https://www.bartosconstruction.com.au/,Home Improvement,2026-07-08T19:27:22+08:00,
Kyndred Group,Kyndred Group,https://kyndredgroup.com.au/,Information,2026-07-08T19:27:22+08:00,
Jobwire Australia,Jobwire Australi | Jobwire Australia,https://www.jobwire.com.au/,Information,2026-07-08T19:27:22+08:00,
FJM Developments,FJM DEVELOPMENTS,https://www.fjmdevelopments.com.au/,Home Improvement,2026-07-08T19:27:22+08:00,
Young Guns Contracting,YOUNG GUNS CONTA | Young Guns Contracting,https://younggunscontracting.com.au/,Home Improvement,2026-07-08T19:27:22+08:00,
Walkerston Bakery,WALKERSTON BAK ER BAKERY | Walkerston Bakery,https://maps.google.com/?q=Walkerston+Bakery,Dining Out,2026-07-08T19:27:22+08:00,
BGC,BGC,https://www.bgc.com.au/,Home Improvement,2026-07-08T19:27:22+08:00,
Master Appliances,MASTER APPLIANCE | Master Appliances,https://www.masterappliances.com.au,Retail,2026-07-08T19:34:41+08:00,
Accurate Asphalt,Accurate Asphalt,https://www.accurateasphalt.com.au,Home Improvement,2026-07-08T19:34:41+08:00,
Cornerstone Dental,CORNERSTONE DENT | Cornerstone Dental,https://www.cornerstonedental.com.au,Health,2026-07-08T19:34:41+08:00,
Hygiene Systems,HYGIENE SYSTEMS,https://www.hygienesystems.com.au,Health,2026-07-08T19:34:41+08:00,
RnB Brasserie,RnB Brasserie,https://www.rnbbrasserie.com.au,Dining Out,2026-07-08T19:34:41+08:00,
VB Motels,VB MOTELS,https://www.google.com/search?q=VB+Motels,Travel,2026-07-08T19:44:25+08:00,
Little Locals,Little Locals,https://www.google.com/search?q=Little+Locals+childcare,Education,2026-07-08T19:44:25+08:00,
MGC Solutions,MGC Solutions,https://www.google.com/search?q=MGC+Solutions,Information,2026-07-08T19:44:25+08:00,
Lift4 Pty Ltd,Lift4 Pty Ltd,https://www.google.com/search?q=Lift4+Pty+Ltd,Home Improvement,2026-07-08T19:44:25+08:00,
1st Class Earthworks,1ST CLASS EARTH | 1st Class Earthworks,https://www.google.com/search?q=1st+Class+Earthworks,Home Improvement,2026-07-08T19:44:25+08:00,
Bridgebury Real Estate,Bridgebury Real | Bridgebury Real Estate,https://www.google.com/search?q=Bridgebury+Real+Estate,Rent,2026-07-08T19:44:25+08:00,
Excellent Laundry,Excellent Laundr | Excellent Laundry,https://www.google.com/search?q=Excellent+Laundry,Personal Care,2026-07-08T19:44:25+08:00,
Bayside Demolition,Bayside Demo | Bayside Demolition,https://www.google.com/search?q=Bayside+Demolition,Home Improvement,2026-07-08T19:44:25+08:00,2026-07-13T21:20:51+08:00
Corbett Earthmoving,CORBETT EARTHMOV | Corbett Earthmoving,https://www.google.com/search?q=Corbett+Earthmoving,Home Improvement,2026-07-08T19:44:25+08:00,2026-07-13T21:20:51+08:00
Sincera Supports,SINCERA SUPPORTS,https://www.google.com/search?q=Sincera+Supports,Health,2026-07-08T19:44:25+08:00,2026-07-13T21:20:51+08:00
CASPA Services,CASPA SERVICES,https://www.caspaservices.org.au,Health,2026-07-08T19:44:25+08:00,
Karratha Asphalt,Karratha Asphalt,https://www.karrathaasphalt.com.au,Home Improvement,2026-07-08T19:44:25+08:00,2026-07-13T21:20:51+08:00
Aussietrans Pty Ltd,Aussietrans Pty | Aussietrans Pty Ltd,https://www.aussietrans.com.au,Transport,2026-07-08T19:44:25+08:00,2026-07-13T21:20:51+08:00
Goodstart Early Learning,GOODSTART EARLY | Goodstart Early Learning,https://www.goodstart.org.au,Education,2026-07-08T19:44:25+08:00,
City Fine Food Services,CITYFINEFOODSER | City Fine Food Services,https://www.cityfinefoodservices.com.au,Dining Out,2026-07-08T19:44:25+08:00,
Amplify,Amplify,https://amplify.com,Education,2026-07-08T19:44:25+08:00,2026-07-13T21:21:22+08:00
Australia Post,Australian Post | Australia Post,https://auspost.com.au,Transport,2026-07-08T19:44:25+08:00,2026-07-13T21:21:22+08:00
Meals on Wheels,Meals on Wheels,https://www.mealsonwheels.org.au/,Health,2026-07-08T19:44:25+08:00,
Hinterland Aviation,HINTERLAND AVIAT | Hinterland Aviation,https://www.google.com/search?q=HINTERLAND+AVIAT,Transport,2026-07-08T19:54:36+08:00,
Whitsunday Foods,Whitsunday Foods,https://www.google.com/search?q=Whitsunday+Foods,Groceries,2026-07-08T19:54:36+08:00,
Corner Pantry Cafe,CORNERPANTRYCAFE | Corner Pantry Cafe,https://www.google.com/search?q=CORNERPANTRYCAFE,Dining Out,2026-07-08T19:54:36+08:00,
Aquashield Bathroom,AQUASHIELD BATHR | Aquashield Bathroom,https://www.google.com/search?q=AQUASHIELD+BATHR,Home Improvement,2026-07-08T19:54:36+08:00,
Days Landscaping,DAYS LANDSCAPING,https://www.google.com/search?q=DAYS+LANDSCAPING,Home Improvement,2026-07-08T19:54:36+08:00,
Tompsett Asphalt,Tompsett Asphalt,https://www.google.com/search?q=Tompsett+Asphalt,Home Improvement,2026-07-08T19:54:36+08:00,
Ausconnect,AUSCONNECT,https://www.google.com/search?q=AUSCONNECT,Telecommunications,2026-07-08T19:54:36+08:00,
Waste Management,WASTE MANAGEME | Waste Management,https://www.wm.com,Utilities,2026-07-08T19:54:36+08:00,2026-07-13T21:21:22+08:00
Racing Australia,Racing Australia,https://www.racingaustralia.com.au,Entertainment,2026-07-08T19:54:36+08:00,
Taree RSL & Golf,Taree RSL & Golf,https://www.tareersl.com.au,Entertainment,2026-07-08T19:54:36+08:00,
Transport Parts,TRANSPORT PARTS,https://www.google.com/maps/search/Transport+Parts+WA,Automotive,2026-07-08T19:54:36+08:00,
Trinity Academy,TRINITY ACADEMY,https://www.google.com/maps/search/Trinity+Academy+Wembley,Education,2026-07-08T19:54:36+08:00,
Empire Scaffold,EMPIRE SCAFFOLD,https://www.google.com/maps/search/Empire+Scaffold,Home Improvement,2026-07-08T19:54:36+08:00,
Newtek Joinery,NEWTEK JOINERY,https://www.google.com/maps/search/Newtek+Joinery,Home Improvement,2026-07-08T19:54:36+08:00,
Phantom Slabs,PHANTOM SLABS PT | Phantom Slabs,https://www.google.com/search?q=Phantom+Slabs+Australia,Home Improvement,2026-07-08T20:05:13+08:00,2026-07-13T21:21:22+08:00
Rosso Coffee,Rosso Coffee Exp | Rosso Coffee,https://www.google.com/search?q=Rosso+Coffee+Australia,Dining Out,2026-07-08T20:05:13+08:00,2026-07-13T21:21:22+08:00
Tile Wizards,TILE WIZARDS COF | Tile Wizards,https://www.google.com/search?q=Tile+Wizards+Australia,Home Improvement,2026-07-08T20:05:13+08:00,
TL Vegetation Management,TL Vegetation Ma | TL Vegetation Management,https://www.google.com/search?q=TL+Vegetation+Australia,Home Improvement,2026-07-08T20:05:13+08:00,2026-07-13T21:21:22+08:00
Torres Health,TORRES HEALTH IN | Torres Health,https://www.google.com/search?q=Torres+Health+Australia,Health,2026-07-08T20:05:13+08:00,
Western Game Pro,Western Game Pro,https://www.google.com/search?q=Western+Game+Pro+Australia,Entertainment,2026-07-08T20:05:13+08:00,2026-07-13T21:21:22+08:00
ALD Corporate,ALD CORPORATE PT | ALD Corporate,https://www.google.com/search?q=ALD+Corporate+Australia,Automotive,2026-07-08T20:05:13+08:00,2026-07-13T21:40:20+08:00
Clarkson Early Learning Centre,CLARKSON ELC | Clarkson Early Learning Centre,https://www.google.com/maps/search/?api=1&query=Clarkson+ELC,Education,2026-07-08T20:05:13+08:00,
LJC Fire Protection,LJC FIRE PROTECT | LJC Fire Protection,https://www.google.com/search?q=LJC+Fire+Protection,Home Improvement,2026-07-08T20:05:13+08:00,2026-07-13T21:21:22+08:00
Sundown Foods,SUNDOWN FOODS,https://www.sundownfoods.com.au,Groceries,2026-07-08T20:05:13+08:00,
Tasmanian Butter,Tasmanian Butter,https://www.tasmanianbutter.com.au,Groceries,2026-07-08T20:05:13+08:00,
Westvic Tyres,WESTVIC TYRES,https://www.westvictyres.com.au,Automotive,2026-07-08T20:05:13+08:00,
Dolphin Cafe,DOLPHIN CAFE,https://www.google.com/maps/search/?api=1&query=Dolphin+Cafe,Dining Out,2026-07-08T20:05:13+08:00,
Marquis Macadamia,Marquis Macadami | Marquis Macadamia,https://www.marquisaustralia.com,Groceries,2026-07-08T20:05:13+08:00,
Ontime Group,ONTIME GROUP,https://www.ontimegroup.com.au,Transport,2026-07-08T20:05:13+08:00,
Adrian Brien Automotive,ADRIAN BRIEN AUT | Adrian Brien Automotive,https://www.google.com/search?q=Adrian+Brien+Automotive,Automotive,2026-07-08T20:05:13+08:00,
Punjab Curry Club,PUNJABCURRYCLUB | Punjab Curry Club,https://www.punjabcurryclub.com.au/,Dining Out,2026-07-08T20:12:32+08:00,
Woodside,woodside,https://www.woodside.com/,Utilities,2026-07-08T20:12:32+08:00,
Black Community Health Service,BLACK COMMUNITY | Black Community Health Service,https://www.bchs.org.au/,Health,2026-07-08T20:12:32+08:00,
Northern Region NRCC,NORTHERN REGION NRCC,https://www.nrcc.nsw.edu.au/,Education,2026-07-08T20:12:32+08:00,
Ceduna Aboriginal Corporation,Ceduna Aborigina | Ceduna Aboriginal Corporation,https://www.cedunaaboriginal.org.au/,Donations,2026-07-08T20:12:32+08:00,2026-07-13T21:21:22+08:00
Civil Infrastructure Group,Civil Infrastruc | Civil Infrastructure Group,https://www.civilinfrastructuregroup.com.au/,Home Improvement,2026-07-08T20:12:32+08:00,
Byron Bay Builders,Byron Bay Buildi | Byron Bay Builders,https://www.google.com/search?q=Byron+Bay+Builders,Home Improvement,2026-07-08T20:12:32+08:00,
Better Than Supplements,Better Than Supp | Better Than Supplements,https://www.google.com/search?q=Better+Than+Supplements,Health,2026-07-08T20:12:32+08:00,
Family Centred Learning,Family Centred L | Family Centred Learning,https://www.google.com/search?q=Family+Centred+Learning,Education,2026-07-08T20:12:32+08:00,
Purple Hills Painting,Purple Hills Pa | Purple Hills Painting,https://www.google.com/search?q=Purple+Hills+Painting,Home Improvement,2026-07-08T20:12:32+08:00,
The Cricket Centre,The Cricket Cent | The Cricket Centre,https://www.google.com/search?q=The+Cricket+Centre,Entertainment,2026-07-08T20:12:32+08:00,
Action on Disability,Action On Disabi | Action on Disability,https://www.google.com/search?q=Action+on+Disability,Health,2026-07-08T20:12:32+08:00,
Heinemann Australia,HEINEMANN AUSTRA | Heinemann Australia,https://www.heinemann.com/,Education,2026-07-08T20:21:13+08:00,
Coastal Restaura,COASTAL RESTAURA,https://www.google.com/search?q=Coastal+Restaura,Dining Out,2026-07-08T20:21:13+08:00,
Logiwest Pty Ltd,LOGIWEST PTY LTD,https://www.google.com/search?q=Logiwest+Pty+Ltd,Transport,2026-07-08T20:21:13+08:00,
Statewide Align,Statewide Align,https://www.google.com/search?q=Statewide+Align,Automotive,2026-07-08T20:21:13+08:00,
Body Balance,BODY BALANCE,https://www.google.com/search?q=Body+Balance,Health,2026-07-08T20:21:13+08:00,
Richardson & Wrench,Richardson &amp; Wre | Richardson & Wrench,https://www.richardsonandwrench.com.au/,Rent,2026-07-08T20:21:13+08:00,2026-07-13T21:21:58+08:00
Wayfern Pty Ltd,WAYFERN PTY LTD,https://www.google.com/maps/search/?api=1&query=Wayfern+Pty+Ltd,Transport,2026-07-08T20:21:13+08:00,
IQ Autobody WA,IQAUTOBODY WA PT | IQ Autobody WA,https://www.google.com/maps/search/?api=1&query=IQ+Autobody+WA,Automotive,2026-07-08T20:21:13+08:00,
Timbertown Motel,TIMBERTOWN MOTEL,https://www.google.com/maps/search/?api=1&query=Timbertown+Motel,Travel,2026-07-08T20:21:13+08:00,
MHM Scaffolding,MHM SCAFFOLDING,https://www.google.com/maps/search/?api=1&query=MHM+Scaffolding,Home Improvement,2026-07-08T20:21:13+08:00,
RyJax Drainage,RYJAX DRAINAGE,https://www.google.com/maps/search/?api=1&query=RyJax+Drainage,Home Improvement,2026-07-08T20:21:13+08:00,
Consolidated Construction,CONSOLIDATED CON | Consolidated Construction,https://www.google.com/maps/search/?api=1&query=Consolidated+Construction,Home Improvement,2026-07-08T20:21:13+08:00,
Hawkesbury Race Club,Hawkesbury Race | Hawkesbury Race Club,https://www.hawkesburyraceclub.com.au/,Entertainment,2026-07-08T20:21:13+08:00,
Brax Construction,BRAX CONSTRUCTIO | Brax Construction,https://www.google.com/maps/search/?api=1&query=Brax+Construction,Home Improvement,2026-07-08T20:21:13+08:00,
Manning Pavement,MANNING PAVEMENT,https://www.manningpavement.com.au,Home Improvement,2026-07-08T20:28:49+08:00,
UCBC Contracting,UCBC CONTRACTING,https://www.ucbccontracting.com.au,Home Improvement,2026-07-08T20:28:49+08:00,
PD Mart,PD MART PTY LTD | PD Mart,https://www.pdmart.com.au,Retail,2026-07-08T20:28:49+08:00,
Tech Mahindra,Tech Mahindra,https://www.techmahindra.com,Information,2026-07-08T20:28:49+08:00,
Dollarite,Dollarite,https://www.dollarite.com.au,Retail,2026-07-08T20:28:49+08:00,
Familia Brands,Familia Brands,,Retail,2026-07-08T20:43:31+08:00,
Plastering Supply,PLASTERING SUPPL | Plastering Supply,,Home Improvement,2026-07-08T20:43:31+08:00,
Lucrete Concreting,Lucrete concreting,,Home Improvement,2026-07-08T20:43:31+08:00,
REM Lodge Pty Ltd,REM Lodge | REM Lodge Pty Ltd,,Travel,2026-07-08T20:43:31+08:00,
Tongue & Groove Solid Oak,Tongue & Groove Solid Oak,,Home Improvement,2026-07-08T20:43:31+08:00,
In Electrics Pty Ltd,IN ELECTRICS PTY | In Electrics Pty Ltd,,Home Improvement,2026-07-08T20:43:31+08:00,
Middleton Logistics,MIDDLETON LOGIS | Middleton Logistics,,Transport,2026-07-08T20:43:31+08:00,
Jarratt Transport,JARRATT TRANSPORT,,Transport,2026-07-08T20:43:31+08:00,
Access Recreation,Access Recreation,,Entertainment,2026-07-08T20:43:31+08:00,
GA Glass,GA GLASS,,Home Improvement,2026-07-08T20:43:31+08:00,
Bask Early Learning,BaskEarly Learning | Bask Early Learning,,Education,2026-07-08T20:43:31+08:00,
Baabayn J Barber,BaabaynJBarber | Baabayn J Barber,,Personal Care,2026-07-08T20:43:31+08:00,
City & Regional Fuels,City & Reg Fuels | City & Regional Fuels,,Automotive,2026-07-08T20:43:31+08:00,
Keith's Quality Foods,Keith's Quality | Keith's Quality Foods,,Groceries,2026-07-08T20:43:31+08:00,
Ecological Tree ETS,ECOLOGICAL TREE ETS,,Home Improvement,2026-07-08T20:43:31+08:00,2026-07-13T21:22:38+08:00
Fragile Removals,FRAGILE REMOVALS,,Transport,2026-07-08T20:43:31+08:00,
Albany Monumental,ALBANY MONUMENTAL,,Retail,2026-07-08T20:43:31+08:00,
Capitol Concrete,CAPITOL CONCRETE,,Home Improvement,2026-07-08T20:43:31+08:00,
Lighthouse Hotel,LIGHTHOUSE HOTEL,,Travel,2026-07-08T20:43:31+08:00,
Geraldton Towing,GERALDTON TOWING,,Automotive,2026-07-08T20:43:31+08:00,
TFMXpress Pty Ltd,TFMXpress Pty Ltd,,Transport,2026-07-08T20:43:31+08:00,2026-07-13T21:22:38+08:00
Wurli Wurlinjang Health Service,WURLI HEALTH SVES | Wurli Wurlinjang Health Service,,Health,2026-07-08T20:43:31+08:00,
EconoClean Systems,EconoClean | EconoClean Systems,,Home Improvement,2026-07-08T20:43:31+08:00,
Adept Fire Protection,ADEPT FIRE PROTECT | Adept Fire Protection,,Home Improvement,2026-07-08T20:43:31+08:00,
Barber Master,BARBER MASTER,,Personal Care,2026-07-08T20:43:31+08:00,
Freedman Electro,Freedman Electro,,Home Improvement,2026-07-08T20:43:31+08:00,
Future Civil Group,FUTURE CIVIL GROUP,,Home Improvement,2026-07-08T20:43:31+08:00,2026-07-13T21:22:38+08:00
Xpert Moto Group,Xpert moto group,,Automotive,2026-07-08T20:43:31+08:00,
Kent Institute,KENT INSTITUTE,,Education,2026-07-08T20:43:31+08:00,
Total Physiotherapy,TOTAL PHYSIOTHER | Total Physiotherapy,,Health,2026-07-08T20:43:31+08:00,
Marnies Gourmet,MARNIES GOURMET,,Dining Out,2026-07-08T20:43:31+08:00,2026-07-13T21:22:38+08:00
Peppercorn Pizza,PEPPERCORN PIZZA,,Dining Out,2026-07-08T20:43:31+08:00,
R2S Medical,R2S Medical,,Health,2026-07-08T20:43:31+08:00,
EJT Logistics Pty Ltd,EJT LOGISTICS | EJT Logistics Pty Ltd,,Transport,2026-07-08T20:43:31+08:00,2026-07-13T21:22:38+08:00
Betnale Pty Ltd,BETNALE PTY LTD,,Gambling,2026-07-08T20:43:31+08:00,2026-07-13T21:22:38+08:00
Lindsay Civil,Lindsay Civil,,Home Improvement,2026-07-08T20:43:31+08:00,2026-07-13T21:22:38+08:00
Marino Bros,Marino Bros,,Transport,2026-07-08T20:43:31+08:00,
OZ Building,OZ BUILDING,,Home Improvement,2026-07-08T20:43:31+08:00,
Kim and Yoshida Dental,KIM AND YOSHIDA | Kim and Yoshida Dental,,Health,2026-07-08T20:43:31+08:00,
Blue Lion Moving,Blue Lion Moving,,Transport,2026-07-08T20:43:31+08:00,
Aaron's Mini Excavations,Aaron's Mini Exc | Aaron's Mini Excavations,,Home Improvement,2026-07-08T20:43:31+08:00,
Living Gems,Living Gems,https://www.livinggems.com.au/,Rent,2026-07-08T20:43:31+08:00,2026-07-13T21:22:38+08:00
ABM Landscaping,ABM LANDSCAPING,,Home Improvement,2026-07-08T20:43:31+08:00,
Secure Shutters,SECURE SHUTTERS,,Home Improvement,2026-07-08T20:43:31+08:00,
Campaspe Meat Co,Campaspe Meat Co,,Groceries,2026-07-08T20:43:31+08:00,2026-07-13T21:23:51+08:00
Austrack,AUSTRACK,,Automotive,2026-07-08T20:43:31+08:00,2026-07-13T21:23:51+08:00
Palmwoods Hotel,PALMWOODS HOTEL,,Travel,2026-07-08T20:43:31+08:00,
Hotel Collingwood,HOTEL COLLINGWOO | Hotel Collingwood,,Travel,2026-07-08T20:43:31+08:00,
Farmers Centre,FARMERS CENTRE,,Retail,2026-07-08T20:43:31+08:00,
FH Express Pty Ltd,F H EXPRESS PTY | FH Express Pty Ltd,,Transport,2026-07-08T20:43:31+08:00,
MCTrucks Pty Ltd,MCTRUCKS PTY LTD,,Transport,2026-07-08T20:43:31+08:00,
Black Mountain Joinery,Black Mt Joinery | Black Mountain Joinery,,Home Improvement,2026-07-08T20:43:31+08:00,
Bowen Flexi Care,BOWEN FLEXI CARE,,Health,2026-07-08T20:43:31+08:00,
Stageset Pty Ltd,STAGESET PTY LTD,,Entertainment,2026-07-08T20:43:31+08:00,2026-07-13T21:23:51+08:00
First Choice EEC,FIRST CHOICE EEC,,Education,2026-07-08T20:43:31+08:00,
St Michael Group,ST MICHAEL GROUP | ST MICHAEL GROUP PTY LTD | Nollamara Iga,,Groceries,2026-07-10T09:44:03+08:00,2026-07-13T21:23:51+08:00
Gold Couriers,GOLD COURIERS,,Transport,2026-07-08T20:43:31+08:00,
ABL Red Meat Pty Ltd,ABL RED MEAT PTY | ABL Red Meat Pty Ltd,,Groceries,2026-07-08T20:43:31+08:00,2026-07-13T21:23:51+08:00
Tomkat Roofing,TOMKAT ROOFING,,Home Improvement,2026-07-08T20:43:31+08:00,
Clayfield Child Wagner Road Early Childhood Centre,CLAYFIELD CHILD WAGNER ROAD ECC | Clayfield Child Wagner Road Early Childhood Centre,,Education,2026-07-08T20:43:31+08:00,
Canberra Dental,CANBERRADENTAL | Canberra Dental,,Health,2026-07-08T20:43:31+08:00,
Nurse West Pty Ltd,Nurse West Pty L | Nurse West Pty Ltd,,Health,2026-07-08T20:43:31+08:00,
AA Painters Pty Ltd,AA PAINTERS | AA Painters Pty Ltd,,Home Improvement,2026-07-08T20:43:31+08:00,
ATSICHS Brisbane,ATSICHS BRISBANE,,Health,2026-07-08T20:43:31+08:00,
The Precasters,THE PRECASTERS,,Home Improvement,2026-07-08T20:43:31+08:00,2026-07-13T21:24:19+08:00
AHC Brisbane,Affordable House AHC | AHC Brisbane,,Rent,2026-07-08T20:43:31+08:00,2026-07-13T21:24:19+08:00
Ocean Clipper Hotel,OCEAN CLIPPER | Ocean Clipper Hotel,,Travel,2026-07-08T20:43:31+08:00,
QA Steel Fixing,QA STEEL FIXING,,Home Improvement,2026-07-08T20:43:31+08:00,
MGroup T&L Pty Ltd,MGroup T&L Pty Ltd,,Transport,2026-07-08T20:43:31+08:00,2026-07-13T21:24:19+08:00
Coffs Harbour Hardware,Coffs Hbr Hwds | Coffs Harbour Hardware,,Home Improvement,2026-07-08T20:43:31+08:00,
Home Caring,HOME CARING,,Health,2026-07-08T20:43:31+08:00,
Credaro Family,CREDARO FAMILY,,Retail,2026-07-08T20:43:31+08:00,2026-07-13T21:24:19+08:00
Fresh Beginnings,FRESH BEGINNINGS,,Health,2026-07-08T20:43:31+08:00,
Priors Bus Service,PRIORS BUS SERVI | Priors Bus Service,,Transport,2026-07-08T20:43:31+08:00,
Kelly's on King,Kelly's on King,,Dining Out,2026-07-08T20:43:31+08:00,
Olssons,OLSSONS,,Groceries,2026-07-08T20:43:31+08:00,2026-07-13T21:24:19+08:00
Highlands and Gravel,HIGHLANDSANDGRAV | Highlands and Gravel,,Home Improvement,2026-07-08T20:43:31+08:00,2026-07-13T21:24:19+08:00
Westal Windows,WESTAL WINDOWS,,Home Improvement,2026-07-08T20:43:31+08:00,
iRentalz Pty Ltd,iRentalz Pty Ltd,,Transport,2026-07-08T20:43:31+08:00,2026-07-13T21:24:49+08:00
Full Throttle BBQ,Full Throttle BB | Full Throttle BBQ,,Dining Out,2026-07-08T20:43:31+08:00,
Sushi Rocks,SUSHI ROCKS,,Dining Out,2026-07-08T20:43:31+08:00,
Max Door Solutions,MAX DOOR SOLUTIO | Max Door Solutions,,Home Improvement,2026-07-08T20:43:31+08:00,
Babushka's Kefir,Babushka's Kefir,,Groceries,2026-07-08T20:43:31+08:00,
Premier Concrete,PREMIER CONCRETE,,Home Improvement,2026-07-08T20:43:31+08:00,
Custom Ceilings Supplier,CUSTOM CEILINGS SUPPLIER,,Home Improvement,2026-07-08T20:43:31+08:00,
Eltham Learning,Eltham Learning,,Education,2026-07-08T20:43:31+08:00,
Alpine Angus,ALPINE ANGUS,,Dining Out,2026-07-08T20:43:31+08:00,2026-07-13T21:24:49+08:00
Anstel Brands,ANSTEL BRANDS,,Retail,2026-07-08T20:43:31+08:00,2026-07-13T21:24:49+08:00
C Brown Racing,C Brown Racing,,Entertainment,2026-07-08T20:43:31+08:00,2026-07-13T21:24:49+08:00
Bide with Care,BIDE WITH CARE,,Health,2026-07-08T20:43:31+08:00,
PhysioChoice,PHYSIOCHOICE,,Health,2026-07-08T20:43:31+08:00,
Action Demolition,ACTION DEMOLITIO | Action Demolition,,Home Improvement,2026-07-08T20:43:31+08:00,
Furkids Funhouse,FURKIDS FUNHOUSE,,Pet Care,2026-07-08T20:43:31+08:00,
Malwa Fleet Pty Ltd,MALWA FLEET PTY | Malwa Fleet Pty Ltd,,Transport,2026-07-08T20:52:37+08:00,2026-07-13T21:25:15+08:00
Mary Street Public School,PS Mary St | Mary Street Public School,,Education,2026-07-08T20:52:37+08:00,
Patrick Auto Group,PATRICK AUTO GRO | Patrick Auto Group,,Automotive,2026-07-08T20:52:37+08:00,
Eastlake Youth Centre,EASTLAKE YOUTH C | Eastlake Youth Centre,,Education,2026-07-08T20:52:37+08:00,
Advanced Aqua Blasting,ADV AQUA BLASTNG | Advanced Aqua Blasting,,Home Improvement,2026-07-08T20:52:37+08:00,
A25 Pizzeria,A25 Pizzeria,,Dining Out,2026-07-08T20:52:37+08:00,
ShoringCo,ShoringCo,,Home Improvement,2026-07-08T20:52:37+08:00,
Herita Scaffolding,HERITASCAFFPT | Herita Scaffolding,,Home Improvement,2026-07-08T20:52:37+08:00,
Roscos Chevron,ROSCOS CHEVRON,,Automotive,2026-07-08T20:52:37+08:00,
Home at Heart,HOME AT HEART,,Health,2026-07-08T20:52:37+08:00,
E D Medical Group,E D MEDICAL GROU | E D Medical Group,,Health,2026-07-08T20:52:37+08:00,
Batter N Crumz,BATTER N CRUMZ,,Dining Out,2026-07-08T20:52:37+08:00,2026-07-13T21:25:15+08:00
RRMR Dental Pty Ltd,RRMR DENTAL P/L | RRMR Dental Pty Ltd,,Health,2026-07-08T20:52:37+08:00,
Physic Chall,PHYSIC CHALL,,Education,2026-07-08T20:52:37+08:00,2026-07-13T21:25:45+08:00
Hunter Buildings,HUNTER BLDGS | Hunter Buildings,,Home Improvement,2026-07-08T20:52:37+08:00,2026-07-13T21:25:45+08:00
Infruit Pty Ltd,INFRUIT | Infruit Pty Ltd,,Groceries,2026-07-08T20:52:37+08:00,
TK Formbuild Constructions,TK FORMBUILD CON | TK Formbuild Constructions,,Home Improvement,2026-07-08T20:52:37+08:00,2026-07-13T21:25:45+08:00
Base Services,BASE SERVICES IN | Base Services | BASE SERVICES AND CO PTY LTD | Base Services And | Base Analytics,,Information,2026-07-10T09:56:42+08:00,2026-07-13T21:25:45+08:00
Jones and Co,JONES AND CO,,Retail,2026-07-08T20:52:37+08:00,2026-07-13T21:25:45+08:00
1-World Charity,1-WORLD CHARITY,,Donations,2026-07-08T20:52:37+08:00,
Rooforce,ROOFORCE,,Home Improvement,2026-07-08T20:52:37+08:00,
The School Photo,THE SCHOOL PHOTO,,Education,2026-07-08T20:52:37+08:00,
Fruitique Wholesale,FRUITIQUE WHOLES | Fruitique Wholesale,,Groceries,2026-07-08T20:52:37+08:00,
Bliss Living Furniture,BLISS LIVING FUR | Bliss Living Furniture,,Retail,2026-07-08T20:52:37+08:00,
Openica Logistics,OPENICA LOGI | Openica Logistics,,Transport,2026-07-08T20:52:37+08:00,
MDEEC,MDEEC,,Education,2026-07-08T20:52:37+08:00,
Dental Logic,DENTAL LOGIC,,Health,2026-07-08T20:52:37+08:00,
Canberra Data Centres,CANBERRA DATA CE | Canberra Data Centres,https://www.cdc.com.au,Information,2026-07-08T20:52:37+08:00,
Taylor Child Care,Taylor Child Car | Taylor Child Care,,Education,2026-07-08T20:52:37+08:00,
Bundaleer Lodge,BUNDALEER LODGE,,Travel,2026-07-08T20:52:37+08:00,
Murrell Tyres,MURRELL TYRES,,Automotive,2026-07-08T20:52:37+08:00,
The Bakeologist,THEBAKEOLOG | The Bakeologist,,Dining Out,2026-07-08T20:52:37+08:00,
Riverina Traffic,RIVERINA TRAFFIC,,Transport,2026-07-08T20:52:37+08:00,
Outback Motel,OUTBACKMOTEL | Outback Motel,,Travel,2026-07-08T20:52:37+08:00,
The Spirited Goat,SpiritedGoat | The Spirited Goat,,Dining Out,2026-07-08T20:52:37+08:00,
Cashmere Village,CASHMERE VILLAGE,,Retail,2026-07-08T20:52:37+08:00,
Essential Trades,Essential Trades,,Home Improvement,2026-07-08T20:52:37+08:00,
Grounded Landscaping,Grounded Landsca | Grounded Landscaping,,Home Improvement,2026-07-08T20:52:37+08:00,
Hughenden Hotels,HUGHENDEN HOTELS,,Travel,2026-07-08T20:52:37+08:00,
Pharmascope,PHARMASCOPE,,Health,2026-07-08T20:52:37+08:00,
Aztech Services,Aztech Services,,Information,2026-07-08T20:52:37+08:00,
Thought Compass,Thought Compass,,Information,2026-07-08T20:52:37+08:00,
Coastal Letting Co,Coastal Letting | Coastal Letting Co,,Rent,2026-07-08T20:52:37+08:00,
S Field Child Care,S FIELD CHILD CARE,,Education,2026-07-08T20:52:37+08:00,
Platinum Plumbing,PLATINUMPLUMBING | Platinum Plumbing,,Home Improvement,2026-07-08T20:52:37+08:00,
Kleen Duct Australia,KLEENDUCT | Kleen Duct Australia,,Home Improvement,2026-07-08T20:52:37+08:00,
Blackdown Accommodation,BLACKDOWN ACCOMM | Blackdown Accommodation,,Travel,2026-07-08T20:52:37+08:00,
Theatre Royal,Theatre Royal,,Entertainment,2026-07-08T20:52:37+08:00,
Essential Coffee,Essential Coffee,,Dining Out,2026-07-08T21:00:27+08:00,
Hivesville Fuel,HIVESVILLE FUEL,,Automotive,2026-07-08T21:00:27+08:00,
Friendlies Pharmacy,FRIENDLIES PHCY | Friendlies Pharmacy,,Health,2026-07-08T21:00:27+08:00,
Rangeview Logistics,RANGEVIEW LOGIST | Rangeview Logistics,,Transport,2026-07-08T21:00:27+08:00,
Sweet Dreams,Sweet Dreams,,Retail,2026-07-08T21:00:27+08:00,
Ever Hospitality,EVER HOSPITALITY,,Dining Out,2026-07-08T21:00:27+08:00,
Traffic QLD,Traffic QLD,,Transport,2026-07-08T21:00:27+08:00,
Inspire Allied Health,INSPIRE ALLIED H | Inspire Allied Health,,Health,2026-07-08T21:00:27+08:00,
Complete Coolroom,COMPLETE COOLROO | Complete Coolroom,,Home Improvement,2026-07-08T21:00:27+08:00,
Active Vehicle Rentals,Active Vehicle R | Active Vehicle Rentals,,Automotive,2026-07-08T21:00:27+08:00,
Reardon Towing,REARDON TOWING,,Transport,2026-07-08T21:00:27+08:00,
Mid West Irrigation,MID WEST IRRIGAT | Mid West Irrigation,,Home Improvement,2026-07-08T21:00:27+08:00,
Superior Courier,SUPERIOR COURIER,,Transport,2026-07-08T21:00:27+08:00,
Burpengary Aged Care,Burpengary Aged | Burpengary Aged Care,,Health,2026-07-08T21:00:27+08:00,
Riverside Hotel,Riverside Hotel,,Travel,2026-07-08T21:00:27+08:00,
Brighton Medical,Brighton Medical,,Health,2026-07-08T21:00:27+08:00,
Allergy First,ALLERGY FIRST,,Health,2026-07-08T21:00:27+08:00,
Sunset Cinema,SUNSET CINEMA,,Entertainment,2026-07-08T21:00:27+08:00,
Caboolture Motel,Caboolture Motel,,Travel,2026-07-08T21:00:27+08:00,
Dubbo Radio Cabs,DUBBO RADIO CABS,,Transport,2026-07-08T21:00:27+08:00,
Battery Hill Vet,Battery Hill Vet,,Pet Care,2026-07-08T21:00:27+08:00,
Vital Care Accommodation,Vital Care Accom | Vital Care Accommodation,,Health,2026-07-08T21:00:27+08:00,
Redlynch State School P&C OSHC,Redlynch State | Redlynch State School P&C OSHC,,Education,2026-07-08T21:00:27+08:00,
Joondalup Early Learning Centre,JOONDALUP EARLY | Joondalup Early Learning Centre,,Education,2026-07-08T21:00:27+08:00,
Armajun Aboriginal Health Service,Armajun Aborigin | Armajun Aboriginal Health Service,,Health,2026-07-08T21:00:27+08:00,
Westside Takeaway,Westsidetakeaway | Westside Takeaway,,Dining Out,2026-07-08T21:00:27+08:00,
Hohl Plumbing,HOHL PLUMBING,,Home Improvement,2026-07-08T21:00:27+08:00,
Keating Freight,KEATING FREIGHT,,Transport,2026-07-08T21:00:27+08:00,
Griffin Bricklaying,GRIFFIN BRICKLAY | Griffin Bricklaying,,Home Improvement,2026-07-08T21:00:27+08:00,
Carline Automotive,CARLINE AUTOMOTI | Carline Automotive,,Automotive,2026-07-08T21:00:27+08:00,
De-Construct,DE-CONSTRUCT,,Home Improvement,2026-07-08T21:00:27+08:00,
Byrne Plaster,BYRNE PLASTER,,Home Improvement,2026-07-08T21:00:27+08:00,
Marjens Medical,Marjens Medical,,Health,2026-07-08T21:00:27+08:00,
Wilson Facades,WILSON FACADES,,Home Improvement,2026-07-08T21:00:27+08:00,
Rainbow Meat,RAINBOW MEAT,,Groceries,2026-07-08T21:00:27+08:00,
Real Property WA,Real Property WA,,Rent,2026-07-08T21:00:27+08:00,
Infinity QCare,INFINITY QCARE,,Health,2026-07-08T21:00:27+08:00,
Joinery Eleven,Joinery Eleven,,Home Improvement,2026-07-08T21:00:27+08:00,
Qualrent Pty Ltd,Qualrent Pty Ltd,,Rent,2026-07-08T21:00:27+08:00,
Queensland Health Gladstone,QH Gladstone | Queensland Health Gladstone,,Health,2026-07-08T21:00:27+08:00,
Matilda School,Matilda School,,Education,2026-07-08T21:00:27+08:00,
Goodna Investment Kids ELC,GOODNA INVESTMEN KIDS ELC | Goodna Investment Kids ELC,,Education,2026-07-08T21:00:27+08:00,
Cornubia Child Care Centre,CORNUBIA CCC | Cornubia Child Care Centre,,Education,2026-07-08T21:00:27+08:00,
MLH Concrete,MLH CONCRETE,,Home Improvement,2026-07-08T21:00:27+08:00,
Far East Restaurants,FAREASTRESTAURANTS | Far East Restaurants,,Dining Out,2026-07-09T11:14:11+08:00,
Cairns Quality Homes,CAIRNSQUALITYHOMES | Cairns Quality Homes,,Home Improvement,2026-07-09T11:14:11+08:00,
Simple Hospitality,SIMPLE HOSPITALITY,,Dining Out,2026-07-09T11:14:11+08:00,
Boulus Construction,BOULUS CONSTRUCTIO | Boulus Construction,,Home Improvement,2026-07-09T11:14:11+08:00,
Davange Care,DAVANGE CARE,,Health,2026-07-09T11:14:11+08:00,
Schulte's Meat,SCHULTE'S MEAT,,Groceries,2026-07-09T11:14:11+08:00,
Insurance Australia,Insurance Australia | INSURANCE AUSTRALIA LIMITED | NRMA Insurance | NRMA INSURANCE LTD | NRMA Insurance Ltd-Workers Compensation | NRMA Insurance Workers Compensation | Wesfarmers Federation Insurance | Aim Dealer Services | Aim Insurance | Airport Buddy | Assureme | Australian Union Assurance | Bitsy Cover | C G U Trade Credit Insurance | C G U Travel Insurance | CGU Trade Credit Insurance | CGU Travel Insurance | Dairypol | Grain Farmers Crop Insurance Agency | Grainpol | IAG Insurance | IAG Re Australia | IAL.com.au | Insurance 4 That | Insurance for That | InsureLite | Kwikinsure | Lumley Connect | Lumley General Insurance | Lumley GI | Lumley Insurance | Lumley Marine & Logistics | LUMLEY MARINE AND LOGISTICS | Lumley Online | Lumley Retail Warranty | Lumley Special Vehicles | Metrorider | Motorassist | Mums & | MUMS AND COMPANY | Mums And | My.Place@Lumley | NRMA Home Loans | NRMA Home Security | NRMA Security | Pounce Pet Insurance | Prestige Boat Insurance | Prestige Home Insurance | Quick Insure | Rollin' Insurance | Safer Journeys | SGI Insurance | SGIC | SGIC Insurance | SGIO | SGIO Home Security | SGIO Insurance | Sharecover Enterprises | Swann Insurance | The United Insurance | THE UNITED INSURANCE CO | THE UNITED INSURANCE COMPANY | VACC Insurance | VACC Rural Insurance | Warrante-Link Warranty Solutions | Warrantyassist,,Insurance,2026-07-10T09:22:59+08:00,
Fuel Distributors OF Western Australia,Fuel Distributors OF Western Australia | FUEL DISTRIBUTORS OF WESTERN AUSTRALIA PTY LTD | Caltex Chadwick OPT | Caltex Dalwallinu | Caltex Manjimup | Caltex Merredin Roadhouse | Caltex Moora | Caltex Wagin | FDWA Carnarvon OPT | Karridale Roadhouse | Merredin Roadhouse | Perth Tanker Repairs | Puma Castletown | Puma Dalwallinu Motors | Puma Wagin Roadhouse | Puma York Roadhouse,,Automotive,2026-07-10T09:22:59+08:00,
Ergon Energy Queensland,Ergon Energy Queensland | ERGON ENERGY QUEENSLAND PTY LTD | Ergon Energy | Ergon Energy Retail | Ergon Retail,,Utilities,2026-07-10T09:22:59+08:00,
Carmela,Carmela | CARMELA CORPORATION PTY LTD | Motor Corp Ldv | Motor Ldv,,Dining Out,2026-07-10T09:22:59+08:00,
Imedical,Imedical | IMEDICAL PTY LTD,,Health,2026-07-10T09:22:59+08:00,
Eskapold Logistics,Eskapold Logistics | ESKAPOLD LOGISTICS PTY LTD,,Transport,2026-07-10T09:22:59+08:00,
Mario Tascone & Rafla,Mario Tascone & Rafla | MARIO TASCONE AND RAFLA PTY LTD | Mario Tascone And Rafla | Chemist Warehouse Marcoola,,Health,2026-07-10T09:22:59+08:00,
Reading Entertainment Australia,Reading Entertainment Australia | READING ENTERTAINMENT AUSTRALIA PTY LIMITED | Reading Cinemas,,Entertainment,2026-07-10T09:22:59+08:00,
Harmoney Australia,Harmoney Australia | HARMONEY AUSTRALIA PTY LTD,,Debt Consolidation,2026-07-10T09:22:59+08:00,
Hankooktyre Australia Retail,Hankooktyre Australia Retail | HANKOOKTYRE AUSTRALIA RETAIL PTY LTD | A. Jax Quickfit | A. Jaxquickfit | jax car care | jax quickfit | Jax Quickfit Tyres | Jax Tyres | Jax Tyres And Auto | Jaxquickfit | jaxquickfit tyres,,Automotive,2026-07-10T09:22:59+08:00,
Leefrais,Leefrais | LEEFRAIS PTY LTD | Currency,,Travel,2026-07-10T09:22:59+08:00,
Aba,Aba | ABA PTY LTD | Royal Eyebrows,,Personal Care,2026-07-10T09:22:59+08:00,
Angel Business,Angel Business | ANGEL BUSINESS PTY LTD | Boost Juice (Redbank),,Dining Out,2026-07-10T09:22:59+08:00,
Natural*,Natural* | NATURAL PTY LTD | NATURAL CORPORATION PTY LTD,,Health,2026-07-10T09:55:03+08:00,
Karmzal,Karmzal | KARMZAL PTY LTD | Cocoa & Bean | COCOA AND BEAN,,Dining Out,2026-07-10T09:22:59+08:00,
B Clinic,B Clinic | B CLINIC PTY LTD | b Beautiful Clinic | b Laser Clinic | b self | b virtual clinics | Miss b | The Association OF Aesthetic Medical Practitioners,,Health,2026-07-10T09:22:59+08:00,
Holey Moley Australia,Holey Moley Australia | HOLEY MOLEY AUSTRALIA PTY LTD | Holey Moley | Holey Moley Funhouse | Holey Moley Golf Club | Jukes Karaoke Bar | Red Herring Escape,,Entertainment,2026-07-10T09:22:59+08:00,
Masonry,Masonry | MASONRY PTY LTD,,Home Improvement,2026-07-10T09:22:59+08:00,
Cotton ON Australia,Cotton ON Australia | COTTON ON AUSTRALIA PTY LTD | Ceres Life | Cotton ON | Cotton On Childcare | Supre | the beckley cafe,,Retail,2026-07-10T09:22:59+08:00,
Whitton Malt House,Whitton Malt House | WHITTON MALT HOUSE PTY LTD | Riverina Field Days,,Dining Out,2026-07-10T09:22:59+08:00,
Red Spoon Thai,Red Spoon Thai | RED SPOON THAI PTY LTD,,Dining Out,2026-07-10T09:22:59+08:00,
Amused Australia,Amused Australia | AMUSED AUSTRALIA PTY LTD | Bet Nation | Betdeluxe | BetExpress | BetJet AU | BigBet AU | MightyBet | Noisy AU | PulseBet | Surge AU | YesBet,,Entertainment,2026-07-10T09:22:59+08:00,
Revel Events,Revel Events | REVEL EVENTS PTY LTD,,Entertainment,2026-07-10T09:22:59+08:00,
The Beachy Byron Bay,The Beachy Byron Bay | THE BEACHY BYRON BAY PTY LTD | Beach Hotel | Beach Hotel Byron Bay | Beach Resort Byron Bay | The Shack Beach Hotel Byron Bay,,Travel,2026-07-10T09:22:59+08:00,
Learning,Learning | LEARNING CORP PTY LTD | LEARNING AND CO PTY LIMITED | Learning And,,Education,2026-07-10T09:58:46+08:00,
Office Choice,Office Choice | OFFICE CHOICE LIMITED | Choice News | Office Choice Furniture | Office Choice Printers | Office Connexions,,Retail,2026-07-10T09:22:59+08:00,
Mona B,Mona B | MONA B PTY LTD | Cambooya Discount Community Pharmacy,,Retail,2026-07-10T09:22:59+08:00,
Boiling Pot Brewing,Boiling Pot Brewing | BOILING POT BREWING COMPANY PTY LTD,,Dining Out,2026-07-10T09:22:59+08:00,
Burwood Hotel Sydney,Burwood Hotel Sydney | BURWOOD HOTEL SYDNEY PTY LTD | Artisaint | Artisaint Bakery | Artisaint Coffee | Artisaint Patisserie | Artisaint Wholefoods | Onyx Grill | Skye Bar,,Travel,2026-07-10T09:22:59+08:00,
Smile Izakaya,Smile Izakaya | SMILE IZAKAYA PTY LTD | Shibuya Izakaya,,Dining Out,2026-07-10T09:22:59+08:00,
Fishsmiths,Fishsmiths | FISHSMITHS PTY LTD,,Dining Out,2026-07-10T09:22:59+08:00,
Point Perry,Point Perry | POINT PERRY PTY LTD | Coolum Beach Bar,,Dining Out,2026-07-10T09:22:59+08:00,
Claremont Fresh Food,Claremont Fresh Food | CLAREMONT FRESH FOOD PTY LTD | Sushi Hub Claremont,,Groceries,2026-07-10T09:22:59+08:00,
Australian Neurosciences Network Australia,Australian Neurosciences Network Australia | Anna,,Health,2026-07-10T09:22:59+08:00,
Spendless Shoes,Spendless Shoes | SPENDLESS SHOES PTY LTD | Spend-Less Shoes | Spendless,,Retail,2026-07-10T09:22:59+08:00,
Australian Bearings,Australian Bearings | AUSTRALIAN BEARINGS CORPORATION PTY LTD | Abc Heavy Engineering | AUSTRALIAN BEARI,https://www.australianbearings.com.au,Automotive,2026-07-10T18:54:46+08:00,
Gefion Investments,Gefion Investments | GEFION INVESTMENTS PTY LTD | The Coffee Club Rumba,,Dining Out,2026-07-10T09:22:59+08:00,
J Lee Trading,J Lee Trading | J LEE TRADING PTY LTD | Got rice?,,Dining Out,2026-07-10T09:22:59+08:00,
Pvh Brands Australia,Pvh Brands Australia | PVH BRANDS AUSTRALIA PTY LIMITED | Calvin Klein | CK Jeanswear | CK Underwear | Pvh Heritage Brands | Tommy Hilfiger | Van Heusen,,Retail,2026-07-10T09:22:59+08:00,
M.E Coppola & M.S Coppola,M.E Coppola & M.S Coppola | M E COPPOLA AND M S COPPOLA | Melissa Coppola & Mark Coppola | MELISSA COPPOLA AND MARK COPPOLA | Donut King | Herbal T Bliss,,Dining Out,2026-07-10T09:24:14+08:00,
Indebted Australia,Indebted Australia | INDEBTED AUSTRALIA PTY LTD | InDebted,,Debt Collection,2026-07-10T09:24:14+08:00,
Zestful Foods,Zestful Foods | ZESTFUL FOODS PTY LTD | The Noodle Spot,,Dining Out,2026-07-10T09:24:14+08:00,
Power And Water,Power And Water | POWER AND WATER CORPORATION,,Utilities,2026-07-10T09:24:14+08:00,
Qantas Airways,Qantas Airways | QANTAS AIRWAYS LIMITED | QANTAS AIRWAYS LTD | Qantas | Qantas Insurance | Qantas Store Australia | Qantas Wine,,Travel,2026-07-10T09:24:14+08:00,
Sallina Investments,Sallina Investments | SALLINA INVESTMENTS PTY LIMITED | Victoria Hotel,,Travel,2026-07-10T09:24:14+08:00,
Aroma Coffee Roastery,Aroma Coffee Roastery | AROMA COFFEE ROASTERY PTY LTD | Artisan Brands | Black Drum Roasters | Coffee & Co Roasters | COFFEE AND CO ROASTERS | Coffee And Roasters | Coffee N | COFFEE N CO | Fat Poppy Specialty Coffee | Private Label Coffee Roastery | Rishi Tea Australia,,Dining Out,2026-07-10T09:24:14+08:00,
Bakers Hill,Bakers Hill | BAKERS HILL PTY LTD,,Groceries,2026-07-10T09:24:14+08:00,
Golden Dragon,Golden Dragon | GOLDEN DRAGON PTY LTD | Fashion Carpet & Tile Court | FASHION CARPET AND TILE COURT,,Dining Out,2026-07-10T09:24:14+08:00,
Retirement Care Australia Operations (2),Retirement Care Australia Operations (2) | RETIREMENT CARE AUSTRALIA OPERATIONS 2 PTY LTD | RETIREMENT CARE AUSTRALIA OPERATIONS 2 PTY LIMITED | Regis Aged Care,,Health,2026-07-10T09:24:14+08:00,
Complete Credit Solutions,Complete Credit Solutions | COMPLETE CREDIT SOLUTIONS PTY LTD | CCS Sydney,,Debt Collection,2026-07-10T09:24:14+08:00,
Thai Siri Group,Thai Siri Group | THAI SIRI GROUP PTY LTD | Red Spoon Thai @ Mt Annan | Red Spoon Thai @ Penrith,,Dining Out,2026-07-10T09:24:14+08:00,
Manon,Manon | MANON PTY LTD | Manon Brasserie,,Dining Out,2026-07-10T09:24:14+08:00,
Thai Jusminrice,Thai Jusminrice | THAI JUSMINRICE PTY LIMITED,,Dining Out,2026-07-10T09:24:14+08:00,
Mybet,Mybet | MYBET PTY LTD | My Bet,,Gambling,2026-07-10T09:24:14+08:00,
Aapc Properties,Aapc Properties | AAPC PROPERTIES PTY LIMITED | First Class Lounge | Ibis Brisbane | Ibis Melbourne | Ibis Newcastle | Ibis Perth | Ibis Sydney Airport | Ibis Sydney Darling Harbour | Ibis Sydney Thornleigh | Ibis Wollongong | Mecure Brisbane | Mercure Grand Hotel Melbourne | Mercure Hotel Brisbane | Mercure Hotel Melbourne | Mercure Hotel Parramatta | Mercure Hotel Perth | Mercure Melbourne Treasury Gardens | New Zealand Branch | Novotel & Ibis Sydney Olympic Park | NOVOTEL AND IBIS SYDNEY OLYMPIC PARK | Novotel Brisbane | Novotel Canberra | Novotel Darling Harbour | Novotel Glen Waverley | Novotel ST Kilda | Pullman AT Sydney Olympic Park | Academy Sofitel | All Seasons | Arena Brasserie | Arena Wine Bar | Bacar Restaurant & Bar & Lounge | BACAR RESTAURANT AND BAR AND LOUNGE | Homebush Bay Lager | Homebush Bay Premium | Hydrant ON Hay | Ibar Lounge | Ibistro | Mercure | Mercure Brisbane | Novotel | Novotel DH | Novotel Melbourne ST Kilda | Novotel Sydney | Pullman Hotels And Resorts | Rubix,,Travel,2026-07-10T09:24:14+08:00,
Shafston Point,Shafston Point | SHAFSTON POINT PTY LTD | The Point Brisbane | Aira Rooftop | Eagles Nest Brisbane | Frank's at Point Hotel | Frank's Pantry | Kin at Point Hotel | Lamberts Bar And Grill | Lamberts Restaurant | Point Hotel | The Point Brisbane Hotel,,Travel,2026-07-10T09:24:14+08:00,
Amusements,Amusements | AMUSEMENTS CORP PTY LTD,,Entertainment,2026-07-10T09:24:14+08:00,
OM Mahalaxmii,OM Mahalaxmii | OM MAHALAXMII PTY LTD | Iga Goodna | Iga Fortitude Valley | Iga South Brisbane | Iga West Ipswich | Supa Iga Brassall,,Groceries,2026-07-10T09:24:14+08:00,
Booval Chempro Chemist,David NG Pharmacy Trust & The Trustee For Slc Pharmacy Trust | THE TRUSTEE FOR DAVID NG PHARMACY TRUST AND THE TRUSTEE FOR SLC PHARMACY TRUST | Booval Chempro Chemist,,Health,2026-07-10T09:24:14+08:00,
Mobile Business Devices,Mobile Business Devices | MOBILE BUSINESS DEVICES PTY LTD | Aicid | littlemoney.com.au | One Click Business | OneClickServices.com.au,,Retail,2026-07-10T09:24:14+08:00,
PH Penrith,PH Penrith | PH PENRITH PTY LTD,,Dining Out,2026-07-10T09:24:14+08:00,
AU Market,AU Market | AU MARKET PTY LTD,,Groceries,2026-07-10T09:24:14+08:00,
Auto Fixit,Auto Fixit | AUTO FIXIT PTY LTD,,Automotive,2026-07-10T09:24:14+08:00,
Venue Booth,Venue Booth | VENUE BOOTH CO PTY LTD,,Entertainment,2026-07-10T09:24:14+08:00,
J&T,J&T | J AND T CO PTY LTD | J And T | J AND T PTY LTD | Shucks & Nibs | SHUCKS AND NIBS,,Transport,2026-07-10T09:32:21+08:00,
Persal & CO. Transmission,Persal & CO. Transmission | PERSAL AND CO TRANSMISSION PTY LTD | Persal And Transmission | Carriers Arms Hotel | Station Square Cellars,,Automotive,2026-07-10T09:24:14+08:00,
Maroochydore Surf Life Saving Supporters Association,Maroochydore Surf Life Saving Supporters Association | MAROOCHYDORE SURF LIFE SAVING SUPPORTERS ASSOCIATION INC | Maroochy Surf,,Donations,2026-07-10T09:24:14+08:00,
Franks N Beans,Franks N Beans | FRANKS N BEANS PTY LIMITED,,Dining Out,2026-07-10T09:24:14+08:00,
Zepto,Zepto | ZEPTO PTY LTD,,Groceries,2026-07-10T09:24:14+08:00,
Halse Lodge Backpackers Noosa Beach,Halse Lodge Backpackers Noosa Beach | HALSE LODGE BACKPACKERS NOOSA BEACH PTY LTD | Halse Lodge,,Travel,2026-07-10T09:24:14+08:00,
WA Growers Fresh,WA Growers Fresh | WA GROWERS FRESH CO PTY LTD,,Groceries,2026-07-10T09:24:14+08:00,
Sydney Air,Sydney Air | SYDNEY AIR CO PTY LTD,,Travel,2026-07-10T09:24:14+08:00,
T.M.W. Photographers,T.M.W. Photographers | T M W PHOTOGRAPHERS PTY LIMITED | Schoolpix | BizPix | CorporatePix | Easypix | SportsPix,,Education,2026-07-10T09:24:14+08:00,
CT Orlando Enterprises,CT Orlando Enterprises | CT ORLANDO ENTERPRISES PTY LTD | Bakers Delight,,Groceries,2026-07-10T09:24:14+08:00,
Ferraro Group,Ferraro Group | FERRARO GROUP PTY LIMITED | Coffee en Route,,Dining Out,2026-07-10T09:24:14+08:00,
Scarlett Oxford,Scarlett Oxford | SCARLETT OXFORD PTY LTD | Royal Mail Hotel,,Dining Out,2026-07-10T09:24:14+08:00,
Mehrotra Industries,Mehrotra Industries | MEHROTRA INDUSTRIES PTY LTD | IGA Botany,,Groceries,2026-07-10T09:24:14+08:00,
Boil Ups Are US,Boil Ups Are US | BOIL UPS ARE US PTY LTD,,Dining Out,2026-07-10T09:24:14+08:00,
Maleny Golf Club,Maleny Golf Club | MALENY GOLF CLUB INCORPORATED,,Gyms and other memberships,2026-07-10T09:25:36+08:00,
3HB,3HB | 3HB PTY LTD | Office Choice Griffith | Office Choice Leeton | Office Choice Echuca | Office Choice Shepparton | 3HB AND COMPANY PTY LTD | 3HB And,,Retail,2026-07-10T09:39:48+08:00,
Brisbane Outboard Aquatic Touring Club,Brisbane Outboard Aquatic Touring Club | Boat Club | BOAT CLUB INC,,Gyms and other memberships,2026-07-10T09:25:36+08:00,
05 Transport,05 Transport | 05 TRANSPORT PTY LTD,,Transport,2026-07-10T09:25:36+08:00,
Sushi Sunshine,Sushi Sunshine | SUSHI SUNSHINE PTY LTD | Sushi Ari Yandina,,Dining Out,2026-07-10T09:25:36+08:00,
Pharmacy,Pharmacy | PHARMACY CO PTY LTD | Alexandria Pharmacy | Compounding Australia Roseville Pharmacy | Compoundingaustralia | Kent ST Chemist | Lincoln Compounding Pharmacy | Lincoln Dispensary | Little Edward Day Hospital Pharmacy | Little Edward Street Pharmacy | Melbourne IVF Pharmacy | Mermaid Beach Pharmacy | Monash Broadwater IVF Pharmacy | Pharmacy 517 | PHARMACY CO | Repromed Pharmacy | Roseville Pharmacy | Spring Hill Pharmacy,,Health,2026-07-10T09:25:36+08:00,
Maa Trading Group,Maa Trading Group | MAA TRADING GROUP PTY LTD | Cigees Bar,,Dining Out,2026-07-10T09:25:36+08:00,
Blacktown Workers' Club,Blacktown Workers' Club | BLACKTOWN WORKERS CLUB LTD | Blacktown Workers Club Group | Blacktown Workers Group | Blacktown Workers Sports | Blacktown Workers' Sports Club | Hubertus Country Club | Parkside Lifestyle | Parkside Lifestyle Communities | Parkside Lifestyle Community | Sports Haircare | Workers Blacktown | Workers Care | Workers Club Group | Workers Community Care | Workers Haircare | Workers Hospitality Group | Workers Hubertus | Workers Hubertus Club | Workers Hubertus Country Club | Workers Hubertus Hotel And Convention Centre | Workers Lifestyle Group | Workers Sports | Workers' Sports Club | Workers Sports Hair Care,,Gambling,2026-07-10T09:25:36+08:00,
Commercial Credit Control,Commercial Credit Control | COMMERCIAL CREDIT CONTROL PTY LTD | Comcredit,,Debt Collection,2026-07-10T09:25:36+08:00,
Agl Retail Energy,Agl Retail Energy | AGL RETAIL ENERGY LIMITED | Agl Energy Shop,,Utilities,2026-07-10T09:25:36+08:00,
Fig Petroleum,Fig Petroleum | FIG PETROLEUM PTY LTD | BP Manly West,,Transport,2026-07-10T09:25:36+08:00,
Phone Care,Phone Care | PHONE CARE PTY LTD,,Retail,2026-07-10T09:25:36+08:00,
Betting Services Australia,Betting Services Australia | BETTING SERVICES AUSTRALIA PTY LTD | Beastbet | Betbull | Betcoin | BetNova | BetNow | BetRaven | BetStorm | DashBet | Falconbet | FireBet | Icebet | MidasBet | Moonbet | NinjaBet | PandaBet | PuntZone | Royalbet | RushBet | Sonicbet | Spicybet | Strikebet,,Gambling,2026-07-10T09:25:36+08:00,
Rapid Restoration Australia,Rapid Restoration Australia | RAPID RESTORATION AUSTRALIA PTY LTD | 24/7 Flood | Water Damage Restoration Adelaide | 24 7 FLOOD WATER DAMAGE RESTORATION ADELAIDE | Water Damage Restoration Ballarat | 24 7 FLOOD WATER DAMAGE RESTORATION BALLARAT | Water Damage Restoration Ballina | 24 7 FLOOD WATER DAMAGE RESTORATION BALLINA | Water Damage Restoration Bendigo | 24 7 FLOOD WATER DAMAGE RESTORATION BENDIGO | Water Damage Restoration Brisbane | 24 7 FLOOD WATER DAMAGE RESTORATION BRISBANE | Water Damage Restoration Bunbury | 24 7 FLOOD WATER DAMAGE RESTORATION BUNBURY | Water Damage Restoration Bundaberg | 24 7 FLOOD WATER DAMAGE RESTORATION BUNDABERG | Water Damage Restoration Byron Bay | 24 7 FLOOD WATER DAMAGE RESTORATION BYRON BAY | Water Damage Restoration Cairns | 24 7 FLOOD WATER DAMAGE RESTORATION CAIRNS | Water Damage Restoration Canberra | 24 7 FLOOD WATER DAMAGE RESTORATION CANBERRA | Water Damage Restoration Central Coast | 24 7 FLOOD WATER DAMAGE RESTORATION CENTRAL COAST | Water Damage Restoration Central QLD | 24 7 FLOOD WATER DAMAGE RESTORATION CENTRAL QLD | Water Damage Restoration Geelong | 24 7 FLOOD WATER DAMAGE RESTORATION GEELONG | Water Damage Restoration Gladstone | 24 7 FLOOD WATER DAMAGE RESTORATION GLADSTONE | Water Damage Restoration Gold Coast | 24 7 FLOOD WATER DAMAGE RESTORATION GOLD COAST | Water Damage Restoration Hervey Bay | 24 7 FLOOD WATER DAMAGE RESTORATION HERVEY BAY | Water Damage Restoration Hobart | 24 7 FLOOD WATER DAMAGE RESTORATION HOBART | Water Damage Restoration Lismore | 24 7 FLOOD WATER DAMAGE RESTORATION LISMORE | Water Damage Restoration Mackay | 24 7 FLOOD WATER DAMAGE RESTORATION MACKAY | Water Damage Restoration Melbourne | 24 7 FLOOD WATER DAMAGE RESTORATION MELBOURNE | Water Damage Restoration Newcastle | 24 7 FLOOD WATER DAMAGE RESTORATION NEWCASTLE | Water Damage Restoration North Coast NSW | 24 7 FLOOD WATER DAMAGE RESTORATION NORTH COAST NSW | Water Damage Restoration Perth | 24 7 FLOOD WATER DAMAGE RESTORATION PERTH | Water Damage Restoration Rockhampton | 24 7 FLOOD WATER DAMAGE RESTORATION ROCKHAMPTON | Water Damage Restoration Sunshine Coast | 24 7 FLOOD WATER DAMAGE RESTORATION SUNSHINE COAST | Water Damage Restoration Sydney | 24 7 FLOOD WATER DAMAGE RESTORATION SYDNEY | Water Damage Restoration Toowoomba | 24 7 FLOOD WATER DAMAGE RESTORATION TOOWOOMBA | Water Damage Restoration Townsville | 24 7 FLOOD WATER DAMAGE RESTORATION TOWNSVILLE | Water Damage Restoration Woollongong | 24 7 FLOOD WATER DAMAGE RESTORATION WOOLLONGONG | Armour Rug Protection | Australian Restoration Network | Emergency Damage Restoration | Flood - Water - Mould Restoration Brisbane | FLOOD WATER MOULD RESTORATION BRISBANE EMERGENCY DAMAGE RESTORATION | Flood - Water - Mould Restoration Sydney | FLOOD WATER MOULD RESTORATION SYDNEY AUSTRALIAN RESTORATION NETWORK | High Powered Rug Cleaning | High Powered Services | Mould Experts Brisbane - Removal | Restoration | Testing | MOULD EXPERTS BRISBANE REMOVAL RESTORATION TESTING | Mould Experts Bundaberg - Removal | MOULD EXPERTS BUNDABERG REMOVAL RESTORATION TESTING | Mould Experts Cairns - Removal | MOULD EXPERTS CAIRNS REMOVAL RESTORATION TESTING | Mould Experts Gladstone - Removal | MOULD EXPERTS GLADSTONE REMOVAL RESTORATION TESTING | Mould Experts Gold Coast - Removal | MOULD EXPERTS GOLD COAST REMOVAL RESTORATION TESTING | Mould Experts Hervey Bay - Removal | MOULD EXPERTS HERVEY BAY REMOVAL RESTORATION TESTING | Mould Experts Mackay - Removal | MOULD EXPERTS MACKAY REMOVAL RESTORATION TESTING | Mould Experts Rockhampton - Removal | MOULD EXPERTS ROCKHAMPTON REMOVAL RESTORATION TESTING | Mould Experts Sunshine Coast - Removal | MOULD EXPERTS SUNSHINE COAST REMOVAL RESTORATION TESTING | Mould Experts Toowoomba - Removal | MOULD EXPERTS TOOWOOMBA REMOVAL RESTORATION TESTING | Mould Experts Townsville - Removal | MOULD EXPERTS TOWNSVILLE REMOVAL RESTORATION TESTING | Premier Restoration Services | Premier Rug Cleaning And Washing - Gold Coast | Premier Rug Cleaning And Washing - Northern NSW | Premier Rug Cleaning And Washing - Sunshine Coast | Premier Rug Cleaning And Washing - Toowoomba | Premier Rug Cleaning Services | Rapid Restoration - Flood - Fire - Mould | Rapid Restoration - Flood - Water - Mould | Cairns | RAPID RESTORATION FLOOD WATER MOULD CAIRNS | Mackay | RAPID RESTORATION FLOOD WATER MOULD MACKAY | Rapid Restoration - Water - Fire - Mould - Brisbane | Rapid Restoration - Water - Fire - Mould - Gold Coast | Rapid Restoration - Water - Fire - Mould - Sunshine Coast | Rapid Restoration - Water - Fire - Mould - Townsville | Rapid Restoration - Water - Flood - Fire - Mould | Toowoomba | RAPID RESTORATION WATER FLOOD FIRE MOULD TOOWOOMBA | Rapid Restoration - Water - Flood - Mould | NSW | RAPID RESTORATION WATER FLOOD MOULD NSW | Servicex Pro,,Home Improvement,2026-07-10T09:25:36+08:00,
Pyorend,Pyorend | PYOREND PTY LIMITED | Looking Good,,Personal Care,2026-07-10T09:25:36+08:00,
Peninsula Training & Employment Program,Peninsula Training & Employment Program | PENINSULA TRAINING AND EMPLOYMENT PROGRAM INC | Peninsula Training And Employment Program | Advance | Advance Community College,,Education,2026-07-10T09:25:36+08:00,
Rethink IT,Rethink IT | RETHINK IT PTY LTD | ReThinkIT | 62.com.au | Aboriginal Art Gallery | Achievement | Activation | Acts | Adorn | Advanced Laser | Advertising Scooters | Aero Kits | Aerospace | Affection | Against | Albanian | Alda | All Clear | Alternative Therapies | Aluminium Fencing | American Car Imports | Ancora | Anima | Art Of Cooking | Aruba | Arundel | athletes world | Atonement | Auction Guide | Aussie Foods | Australia Wine | Australian Boat Sales | Australian Charities | Authenticated | Auto Repairer | Baby Blog | Bait N Tackle | Baltic | baltimore | Barbecued | Baroness | Bathroom Tiles | Bathrooms Plus | Bayleys | Bbh | Bearish | Beautiful Nails | Beauty Makeover | Belgian | Bengal | Berri | Best Smile | Better Day | Better Design | Better Loan | Better Printing | Better Value | Bevs | Bible Quotes | Bid Online | Billabongs | Birthday Invitations | Biscotti | black knight | black sea | Blinds And Curtains | Blue House | Blurb Marketing | Bnews | Body Challenge | Body Products | Body Rock | Bodystyle | Bonacci | Bonavista | Boof | Boomers | Bootylicious | Botox Cream | Bottled Spring Water | Bourse | Breakfast Show | Bribe | Brick Cleaning | Bridal Exhibitions | Bridal Services | Bsd | Btt | bubba | Bubble Gum | Buddha | Budget Furniture | Budget Plumbing | Budget Rentals | Budget Towing | Bullish | Business Concepts | Business Forum | Business Pbx | Business Stationary | Cameras Online | Car Clean | Car Wreckers | Carbons | Carpet Dry | cashmere | centennial | chichi | city circle | Cmd | coach me | come on | commercial supplies | como | cosmeceutical | dcn | derrick | Di | dubois | dvb | elektra | elisa | fav | Fbl | fdf | fno | fpf | fran | gabi | gbt | gd | georgina | good service | Hnc | Hvm | Ipr | jamison | jardin | joel | kell | Kfm | kikki | langham | ldm | lennon | Lfx | luv | michelle | mj | mlb | mobile media | mrv | nani | npg | oh oh oh | ohl | oprah | ovi | pdr | Per | Ran | rbc | rcb | ronnie | rosalinda | rosenbaum | rrt | snell | Sng | sr | sundeep | tamara | tdn | tdo | ted | tina | Tox | trev | Two Two Two | vader | Vik | wazza | wee | white man | Wmt | ym | zappos | Zero Zero Zero Zero | Chantilly-Spabaths Mut Mkl Brazilian Gld Leroy Dvm Justabout Nbk Recreational Mlx Lifebalance Fad Hollandia Fab Leona Nnf Bojangles Irresistible Kds Inverness Hnr Innerbeauty Clr 777 RP Boathouse Dng,,Information,2026-07-10T09:25:36+08:00,
Aliexpress,Aliexpress | ALIEXPRESS PTY LTD,,Retail,2026-07-10T09:25:36+08:00,
Hairmasters,Hairmasters | HAIRMASTERS CO PTY LTD | HAIRMASTERS CO,,Personal Care,2026-07-10T09:25:36+08:00,
Flavourful,Flavourful | FLAVOURFUL PTY LTD,,Dining Out,2026-07-10T09:25:36+08:00,
7 Day Bread Run,7 Day Bread Run | 7 DAY BREAD RUN PTY LTD | Bakery N | BAKERY N CO,,Groceries,2026-07-10T09:25:36+08:00,
Advance Care (NSW),Advance Care (NSW) | ADVANCE CARE NSW PTY LTD,,Health,2026-07-10T09:25:36+08:00,
Brooklyn &,Brooklyn & | BROOKLYN AND CO PTY LTD | Brooklyn And | BROOKLYN CORPORATION PTY LIMITED,,Dining Out,2026-07-10T09:58:46+08:00,
IM IM Street Food,IM IM Street Food | IM IM STREET FOOD PTY LTD | IM IM STREET FOO D,https://maps.google.com/?q=IM+IM+Street+Food+Noosaville,Dining Out,2026-07-13T17:47:37+08:00,
Western Suburbs (N'cle) Leagues Club,Western Suburbs (N'cle) Leagues Club | WESTERN SUBURBS N CLE LEAGUES CLUB LTD | Western Suburbs (Ncle) Leagues Club | WESTERN SUBURBS NCLE LEAGUES CLUB LTD | Ada May Pantry | Balance Collective | Balance Health Club | Bar 88 | Brasserie 88 | Bunkr | Cantina Mexican Restaurant | Cardiff Brewery | Cast Iron Kitchen | Chophouse Grill | City Espresso | City Life Yoga | Emerald Gardens Asian Restaurant | Emporium 88 | Expresso Gelato | Fire & Stone Pizzeria | FIRE AND STONE PIZZERIA | Hobart's Restaurant | Hopsmith Sports Bar | Jordan Bar | Kingstown Bar | Knights Youth | KNIGHTS YOUTH CO | Lure Restaurant | Main Bar | Nelson Bay Diggers | New Beijing | Newcastle Convention Centre | Newcastle Exhibition and Convention Center | Newcastle Exhibition Centre | Patisserie 88 | Reload Cafe | Rosella's Perch | T Bones Tex Mex | Texas Bar-B-Q Grill | The Executive Inn | The Figtree Restaurant And Bar | The Gateway Convention Centre | The Locker Room | The Wests Group Australia | Wests Bowling Club | Wests Cardiff | Wests City | Wests Mayfield | Wests Nelson Bay | Wests Nelson Bay Diggers,,Entertainment,2026-07-10T09:25:36+08:00,
Perth Airport,Perth Airport | PERTH AIRPORT PTY LTD | Skyfields BY Perth Airport,,Travel,2026-07-10T09:25:36+08:00,
Burswood Nominees,Burswood Nominees | BURSWOOD NOMINEES LTD | 1520 | 42 Bar | 42 by Don Julio | 88 Noodle Bar | Atrium Buffet | Baccarat Room | Bistro Guillaume Perth | Botanical Meeting Rooms | Brasserie Astoria | Burgers by ES | Burswood Entertainment Complex | Burswood Resort Casino | Canopy Bar | Canopy Lobby | Canopy Lobby Bar | Carvers Buffet | Cotta AT Crown | Crack'd Burgers by ES | Crown Ballroom | Crown College Perth | Crown Eats | Crown Events & Conferences Perth | CROWN EVENTS AND CONFERENCES PERTH | Crown Metropol | Crown Metropol Perth | Crown Perth | Crown Promenade | Crown Promenade Perth | Crown Sports Bar | Crown Theatre | Crown Towers Perth | Crystal Club Bar & Restaurant AT Crown | CRYSTAL CLUB BAR AND RESTAURANT AT CROWN | DJ42 | DJ42 at Crown | DJ42 Bar | DJ42 Speakeasy | Dude Tea | East End Bar at Crown | Eats by Crown | Egg Burger by ES | EggGlut Burger by ES | Epicurean by Crown | Eve Nightclub | Fusion Bar | Gladstones Wine Bar | Groove Bar & Lounge | GROOVE BAR AND LOUNGE | High Cheese | High Coffee at TWR | Highline Rooftop Bar | Hi-Line Rooftop Bar | International Gaming Facility | Isika Perth | Junction Grill | Khao San Sek | La Vie Champagne Lounge | Lobby Lounge | Market & | MARKET AND CO | Market And | Market & CO AT Crown | MARKET AND CO AT CROWN | Market And AT Crown | Meridian Room | Mesh Bar at Crown Perth | Minq Bar And Lounge | Modo Mio Cucina Italiana | Nobu Perth | Paddy Hannans | Pink Gin High Tea | Poolside Bar & Grill | POOLSIDE BAR AND GRILL | Riverside Bar | Riverside Cafe at Crown Perth | Riverside Room | Saigon Story at Crown | SidePiece Pizza | Silks | Snax at Crown Perth | Studio Meeting Rooms | Tekka Bar | Tekka Bar Aussie | The Astral Room | The Beer Garden at UFD | The Beer Garden at Urban Food District | The Food Court at Crown | The Grand Ballroom | The Merrywell | Transit at Crown | Transit Bar at Crown | Twr Bar | Urban Food District,,Groceries,2026-07-10T09:25:36+08:00,
Chantelle,Chantelle | CHANTELLE PTY LTD,,Retail,2026-07-10T09:25:36+08:00,
Delta Rent,Delta Rent | DELTA RENT PTY LTD,,Rent,2026-07-10T09:25:36+08:00,
International Substance Abuse and Addiction Coalition,International Substance Abuse and Addiction Coalition | Isaac,,Donations,2026-07-10T09:25:36+08:00,
Butch,Butch | BUTCH PTY LTD,,Groceries,2026-07-10T09:27:18+08:00,
Retka,Retka | RETKA PTY LTD | Cignall Moranbah | KPG Tobacconists | TSG Bowen | Upper Ross Newsagency,,Retail,2026-07-10T09:27:18+08:00,
Newground Facilities Management,Newground Facilities Management | NEWGROUND FACILITIES MANAGEMENT PTY LTD | Marri Park Golf,,Entertainment,2026-07-10T09:27:18+08:00,
Endless Ride,Endless Ride | ENDLESS RIDE PTY LTD | Village Bicycle,,Retail,2026-07-10T09:27:18+08:00,
Francisco's Pizza,Francisco's Pizza | FRANCISCO S PIZZA PTY LTD,,Dining Out,2026-07-10T09:27:18+08:00,
Sas Convenience Shop,Sas Convenience Shop | SAS CONVENIENCE SHOP PTY LTD,,Groceries,2026-07-10T09:27:18+08:00,
Flight Centre Travel Group,"Flight Centre Travel Group | FLIGHT CENTRE TRAVEL GROUP LIMITED | Flight Centre | FLIGHT CENTRE LIMITED | Cruiseabout | Escape Travel | Fcbs | Healthwise Active Travel | Healthwise Global | Infinity Holidays | Overseas Working Holidays | Quickbeds | Student Flights | Travel Associates | Vfr Flights | Ashmore, Harris & James Travel Associates | ASHMORE HARRIS AND JAMES TRAVEL ASSOCIATES | Aunt Betty | Backroads Touring | Barry Buttigieg & Turner Travel Associates | BARRY BUTTIGIEG AND TURNER TRAVEL ASSOCIATES | Cafe MOFOS | Carrington & James Travel Associates | CARRINGTON AND JAMES TRAVEL ASSOCIATES | Carswell & Turner Travel Associates | CARSWELL AND TURNER TRAVEL ASSOCIATES | Chrisakis & Turner Travel Associates | CHRISAKIS AND TURNER TRAVEL ASSOCIATES | Connelly & Turner Travel Associates | CONNELLY AND TURNER TRAVEL ASSOCIATES | Cross Hotels and Resorts | Crossman & Turner Travel Associates | CROSSMAN AND TURNER TRAVEL ASSOCIATES | CruiseHQ | Davis & James Travel Associates | DAVIS AND JAMES TRAVEL ASSOCIATES | Earl & Turner Travel Associates | EARL AND TURNER TRAVEL ASSOCIATES | Egan & Turner Travel Associates | EGAN AND TURNER TRAVEL ASSOCIATES | Evans & Turner Travel Associates | EVANS AND TURNER TRAVEL ASSOCIATES | Flight Centre Business Travel | Flightcentre.Com | Gannon & Turner Travel Associates | GANNON AND TURNER TRAVEL ASSOCIATES | Gunther & Turner Travel Associates | GUNTHER AND TURNER TRAVEL ASSOCIATES | Houston & Turner Travel Associates | HOUSTON AND TURNER TRAVEL ASSOCIATES | Kennedy & Turner Travel Associates | KENNEDY AND TURNER TRAVEL ASSOCIATES | Kinkead & James Travel Associates | KINKEAD AND JAMES TRAVEL ASSOCIATES | Langhorne & James Travel Associates | LANGHORNE AND JAMES TRAVEL ASSOCIATES | Lewis & Turner Travel Associates | LEWIS AND TURNER TRAVEL ASSOCIATES | Low & James Travel Associates | LOW AND JAMES TRAVEL ASSOCIATES | Maria & Turner Travel Associates | MARIA AND TURNER TRAVEL ASSOCIATES | Martin, Stockdale & Turner Travel Associates | MARTIN STOCKDALE AND TURNER TRAVEL ASSOCIATES | Moneywise Global | Noller & Turner Travel Associates | NOLLER AND TURNER TRAVEL ASSOCIATES | Perchalla & Turner Travel Associates | PERCHALLA AND TURNER TRAVEL ASSOCIATES | Press & James Travel Associates | PRESS AND JAMES TRAVEL ASSOCIATES | Reserved by Travel Associates | Ross & Turner Travel Associates | ROSS AND TURNER TRAVEL ASSOCIATES | Schmitzer & James Travel Associates | SCHMITZER AND JAMES TRAVEL ASSOCIATES | Student Universe | Tailby & James Travel Associates | TAILBY AND JAMES TRAVEL ASSOCIATES | The Travel Junction | Travel Associates Belconnen | Travel Associates Brighton | Travel Associates Broadbeach | Travel Associates Burleigh | Travel Associates Cleveland | Travel Associates Cottesloe | Travel Associates Cronulla | Travel Associates Cruise Boutique | Travel Associates Elsternwick | Travel Associates Geelong | Travel Associates Hawthorne | Travel Associates Kew | Travel Associates Norwood Place | Travel Associates Paddington | Travel Associates Runaway Bay | Travel Associates Shellharbour | Travel Associates Toorak | Travel Associates Turramurra | Travel Associates Victoria Point | Travel Expo | Trendell & Turner Travel Associates | TRENDELL AND TURNER TRAVEL ASSOCIATES | Wolf & Turner Travel Associates | WOLF AND TURNER TRAVEL ASSOCIATES | Woodley & James Travel Associates | WOODLEY AND JAMES TRAVEL ASSOCIATES | Wye & James Travel Associates | WYE AND JAMES TRAVEL ASSOCIATES | Yee & Turner Travel Associates | YEE AND TURNER TRAVEL ASSOCIATES",,Travel,2026-07-10T09:27:18+08:00,
Australian Theatre,Australian Theatre | AUSTRALIAN THEATRE COMPANY INC | Atc | ATC INC | AUSTRALIAN THEAT,,Entertainment,2026-07-10T18:54:46+08:00,
Lazer Services,Lazer Services | LAZER SERVICES PTY LTD | NextPayDay,,Debt Consolidation,2026-07-10T09:27:18+08:00,
Mourning Roast,Mourning Roast,,Dining Out,2026-07-10T09:27:18+08:00,
C Banias & P.N Philip,C Banias & P.N Philip | C BANIAS AND P N PHILIP | Chemist Warehouse Griffith,,Health,2026-07-10T09:27:18+08:00,
Diagnostic Services,Diagnostic Services | DIAGNOSTIC SERVICES PTY LTD | Launceston Pathology | North West Pathology | Tasmanian Laboratory Services | Diagnostic Servi,,Health,2026-07-10T18:54:46+08:00,
Bimi Sushi,Bimi Sushi | BIMI SUSHI PTY LTD | Corio | Tasty Asia,,Dining Out,2026-07-10T09:27:18+08:00,
Buddy & CO Australia,Buddy & CO Australia | BUDDY AND CO AUSTRALIA PTY LTD | Buddy And Australia | Criminal Coffee | CRIMINAL COFFEE COMPANY,,Dining Out,2026-07-10T09:27:18+08:00,
Dabble Sports,Dabble Sports | DABBLE SPORTS PTY LTD,,Gambling,2026-07-10T09:27:18+08:00,
SQ World,SQ World | SQ WORLD PTY LTD,,Travel,2026-07-10T09:27:18+08:00,
Darman,Darman | DARMAN PTY LTD | Settlers Cafe,,Dining Out,2026-07-10T09:27:18+08:00,
Repay,Repay | REPAY PTY LTD | Lightning Energy Solar Solutions,,Debt Consolidation,2026-07-10T09:27:18+08:00,
Stay Well,Stay Well | STAY WELL INC,,Health,2026-07-10T09:27:18+08:00,
The Grape Management,The Grape Management | THE GRAPE MANAGEMENT PTY LTD | Vintage Cellars | Carindale Hotel | Crown Hotel Lutwyche | Ferry Road Tavern | Finnigans Chin Keperra,,Travel,2026-07-10T09:27:18+08:00,
Longsun,Longsun | LONGSUN PTY LTD | Subway Mitcham | Longsun Property,,Dining Out,2026-07-10T09:27:18+08:00,
Gpt RE,Gpt RE | GPT RE LIMITED | Australia Square | Charlestown Square | Darling Park 3 | Melbourne Central | Melbourne Central Tower | Quad 1 | Quad 4 - Quad Business Park | Quad Business Park | Riverside Centre | Rouse Hill Town Centre | The Gpt Group,,Rent,2026-07-10T09:27:18+08:00,
Rip Curl Airport And Tourist Stores,Rip Curl Airport And Tourist Stores | RIP CURL AIRPORT AND TOURIST STORES PTY LTD | Rip Curl,,Retail,2026-07-10T09:27:18+08:00,
B & J Hynes,B & J Hynes | B AND J HYNES PTY LTD | B And J Hynes | The Dairy,,Groceries,2026-07-10T09:27:18+08:00,
Darrell Lea Confectionery,Darrell Lea Confectionery | DARRELL LEA CONFECTIONERY CO PTY LTD | Darrell Lea,,Retail,2026-07-10T09:27:18+08:00,
Pelican Noosa,Pelican Noosa | PELICAN NOOSA PTY LTD | Pelican Boat Hire,,Travel,2026-07-10T09:27:18+08:00,
Vending Simplicity,Vending Simplicity | VENDING SIMPLICITY PTY LTD | Mercato Markets | My Marketa | My Marketta,,Retail,2026-07-10T09:27:18+08:00,
Black Swan State Theatre,Black Swan State Theatre | BLACK SWAN STATE THEATRE COMPANY LTD | Black Swan,,Entertainment,2026-07-10T09:27:18+08:00,
Football Australia,Football Australia | FOOTBALL AUSTRALIA LIMITED,,Entertainment,2026-07-10T09:27:18+08:00,
Innspired,Innspired | INNSPIRED PTY LTD | The Brewhouse | Freeze Beverages | Brisbane Brewing | BRISBANE BREWING CO,,Dining Out,2026-07-10T09:27:18+08:00,
Speedway Ingleburn,Speedway Ingleburn | SPEEDWAY INGLEBURN PTY LTD,,Entertainment,2026-07-10T09:27:18+08:00,
NP Brothers,NP Brothers | NP BROTHERS PTY LTD,,Groceries,2026-07-10T09:27:18+08:00,
Burnie Car Wash,Burnie Car Wash | BURNIE CAR WASH PTY LTD,,Automotive,2026-07-10T09:27:18+08:00,
Australian Postal,Australian Postal | AUSTRALIAN POSTAL CORPORATION | Australia Post | 2u2day | Australia's Parcel Network | Digital iD | Enter Australia | EnterAustralia | MyPost Concession Card | Mypost Digital Mailbox | Parcel Post | Post Logistics | Post Office Australia | Post StarTrack | Receva | Referd | Rural Post | Rural Post Australia | Sprintpak | VerifyMe | WANTITNOW Adelaide | WANTITNOW Melbourne | WANTITNOW Perth | WANTITNOW Sydney,,Transport,2026-07-10T09:28:50+08:00,
The Pet Centre,The Pet Centre | THE PET CENTRE PTY LIMITED | Aquaticpet Centre,,Pet Care,2026-07-10T09:28:50+08:00,
Microsoft,Microsoft | MICROSOFT PTY LTD | Microsoft Australia,,Information,2026-07-10T09:28:50+08:00,
NO. 1 Riverside Quay,NO. 1 Riverside Quay | NO 1 RIVERSIDE QUAY PROPRIETARY LIMITED | BP 2GO Australind | BP 2GO Benowa | BP 2GO Bentley | BP 2GO Mooloolaba | BP 2GO Noranda | BP Asquith | BP Bathurst | BP Bayside Gateway | BP Bennetts Green | BP Berkeley Vale | BP Braddon | BP Brighton | BP Brighton (VIC) | BP Brooker | BP Burnie (North Terrace) | BP Canterbury | BP Caringbah | BP Carlingford | BP Chinderah Bypass | BP Chisholm | BP Clarendon | BP Clyde | BP Connect Ascot | BP Connect Elizabeth Vale | BP Connect Main Street | BP Connect Merrimac | BP Connect Thomsons Lake | BP Connect Wellington RD | BP Connect Wembley | BP Cowra | BP Crossroads | BP Dandenong South | BP Devonport | BP Diamond Creek | BP Dubbo | BP Dubbo West | BP Eagle Vale | BP East End | BP Erina | BP Express West Ryde | BP Forestville | BP Golf Links Road | BP Grafton | BP Greenvale | BP Gumly Gumly | BP Hexham | BP Hobart Airport | BP Hornsby | BP Huonville | BP Jamison | BP Jamisontown | BP Jindabyne | BP Kellyville | BP Kennedy Drive | BP Keysborough South | BP Kingston (ACT) | BP Kingston (TAS) | BP Kingsway | BP Launceston | BP Leppington Town Centre | BP Macarthur | BP Margate | BP Marmor | BP Maroochy Plaza | BP Melbourne Airport | BP Melton | BP Mentone | BP Merrifield | BP Mona Vale | BP Mudgee | BP North Dandenong | BP North Geelong | BP Nowra | BP Opt Bohle | BP Opt Canning Vale | BP Opt Crestmead | BP Opt Donald | BP Opt Erskine Park | BP Opt Grenfell RD (Cowra) | BP Opt Horsham South | BP Opt Meekatharra | BP Opt Northam | BP Orange (Bathurst RD) | BP Orange (Summer Street) | BP Ozigo | BP Pakenham | BP Penrith | BP Phillip | BP Quakers Hill | BP Raglan | BP Revesby | BP Ringwood | BP Riverside | BP Riverside (Maclean) | BP Rutherford | BP Rydalmere | BP Sebastopol | BP Seven Hills (Abbott RD) | BP Singleton | BP South Albury | BP South Moorebank | BP Springwood | BP ST Helens | BP ST Peters (NSW) | BP Tally HO | BP Thornleigh | bp Tighes Hill | BP Truganina South | BP Tullamarine | BP Tumbi Umbi | BP Ulverstone | BP Warragul Station | BP Warrenheip | BP Watson | BP Watsonia | BP Wollert | BP Woodcroft | BP Young | Couchfood | Opt BP Karratha West | Opt Carnarvon | Opt Newman South | Opt Wedgefield,,Automotive,2026-07-10T09:28:50+08:00,
Hairworld,Hairworld | HAIRWORLD PTY LTD | Harringtons Hair & Beauty | HARRINGTONS HAIR AND BEAUTY,,Personal Care,2026-07-10T09:28:50+08:00,
Equity Transport,Equity Transport | EQUITY TRANSPORT PTY LTD | Equity Transport Group (QLD) | EQUITY TRANSPORT GROUP QLD PTY LTD | Adelaide Impressions Chauffeured Services | Bensons Chauffeured Services | Car Australia NT | Car Australia QLD | Car Australia SA | Car Australia WA | Ezy-Car | Gold Coast Coaches | Hughes NT | Hughes QLD | Hughes SA | Hughes WA | Smartbus SA | SmartCar SA,,Transport,2026-07-10T09:28:50+08:00,
Yamaha Motor Finance Australia,Yamaha Motor Finance Australia | YAMAHA MOTOR FINANCE AUSTRALIA PTY LTD | Ymf | Australia Motorcycle Finance | Yamaha Financial Services | Yamaha Motor Finance,,Automotive,2026-07-10T09:28:50+08:00,
Young Family Hotels,Young Family Hotels | YOUNG FAMILY HOTELS PTY LTD | Unanderra Hotel,,Travel,2026-07-10T09:28:50+08:00,
OZ Hair & Beauty,OZ Hair & Beauty | OZ HAIR AND BEAUTY PTY LTD | OZ Hair And Beauty | Above the Collar,,Personal Care,2026-07-10T09:28:50+08:00,
Pizza Foods,Pizza Foods | PIZZA FOODS PTY LTD | Perfect Pizza | Perfect Pizza Halls Head,,Dining Out,2026-07-10T09:28:50+08:00,
J.L Drewitt & A.H Haroon & A.R Tascone,J.L Drewitt & A.H Haroon & A.R Tascone | J L DREWITT AND A H HAROON AND A R TASCONE | A.H.Haroon A.R.Tascone & J.Drewitt | A H HAROON A R TASCONE AND J DREWITT | Chemist Warehouse Glenorchy,,Health,2026-07-10T09:28:50+08:00,
Sushiro,Sushiro | SUSHIRO PTY LTD,,Dining Out,2026-07-10T09:28:50+08:00,
Iplay ED Square,Iplay ED Square | IPLAY ED SQUARE PTY LTD | Jimmys Bar,,Entertainment,2026-07-10T09:28:50+08:00,
Lissara Hair Boutique,Lissara Hair Boutique | LISSARA HAIR BOUTIQUE PTY LTD | State | STATE CO,,Personal Care,2026-07-10T09:28:50+08:00,
The Walt Disney Company (Australia),"The Walt Disney Company (Australia) | THE WALT DISNEY COMPANY AUSTRALIA PTY LIMITED | The Walt Disney Australia | Disney Channels Australia And New Zealand | Walt Disney Studios Home Entertainment | Walt Disney Studios Motion Pictures | Buena Vista Australia | Disney Consumer Products | Disney Destinations International | Disney Plus | Disney Theatrical Productions (Australia) | Espn | Pixar Renderman | Walt Disney Studios | Walt Disney Studios Motion Pictures (Asia Pacific) | Walt Disney Studios Motion Pictures, Australia",,Subscription TV,2026-07-10T09:28:50+08:00,
Southern Restaurants Enterprises,Southern Restaurants Enterprises | SOUTHERN RESTAURANTS ENTERPRISES PTY LTD | Pizza Hut,,Dining Out,2026-07-10T09:28:50+08:00,
Data-Tele,Data-Tele | DATA TELE PTY LTD | S9 Crew | Spotta | Studio 9 Fitness,,Gyms and other memberships,2026-07-10T09:28:50+08:00,
Uber Eats,Uber Eats,,Dining Out,2026-07-10T09:28:50+08:00,
The Distributors (WA),The Distributors (WA) | THE DISTRIBUTORS WA PTY LTD | The Grocer,,Groceries,2026-07-10T09:28:50+08:00,
Nlss Investment,Nlss Investment | NLSS INVESTMENT PTY LTD | Tea Hut Tasmania,,Dining Out,2026-07-10T09:28:50+08:00,
AJ Food,AJ Food | AJ FOOD PTY LTD | Boom Sushi Express,,Dining Out,2026-07-10T09:28:50+08:00,
Gym Plug,Gym Plug | GYM PLUG PTY LTD | Celsius Recovery | Cloveli | IN Element | Pulse Wellness | Recovry Zone | RECOVRY ZONE CO,,Gyms and other memberships,2026-07-10T09:28:50+08:00,
Lemongrass Enterprises,Lemongrass Enterprises | LEMONGRASS ENTERPRISES PTY LTD | Thai & | THAI AND CO | Thai And,,Dining Out,2026-07-10T09:28:50+08:00,
Lapine House,Lapine House | LAPINE HOUSE PTY LTD,,Retail,2026-07-10T09:28:50+08:00,
Vegie Bandits,Vegie Bandits | VEGIE BANDITS PTY LTD | Nino's Kitchen | Roman's Choice | Spud Shed | Spudshed Baldivis | Spudshed Innaloo | Spudshed Jandakot | Spudshed Wangara,,Groceries,2026-07-10T09:28:50+08:00,
Romoda,Romoda | ROMODA PTY LTD | Neds,,Gambling,2026-07-10T09:28:50+08:00,
Your Loan,Your Loan | YOUR LOAN PTY LTD | Your Loan Plus,,Debt Consolidation,2026-07-10T09:28:50+08:00,
Pjw &,Pjw & | PJW AND CO PTY LTD | Pjw And | commercial club | Commercial Club Hotel Fitzroy,,Entertainment,2026-07-10T09:28:50+08:00,
Mad Mex Fresh Mexican Grill,Mad Mex Fresh Mexican Grill | MAD MEX FRESH MEXICAN GRILL PTY LTD | Mad Mex | Mad Mex Bateau Bay | Mad Mex Blacktown | Mad Mex Bondi Junction | Mad Mex Broadmeadows | Mad Mex Brookfield Place | Mad Mex Browns Plains | Mad Mex Carousel | Mad Mex Chadstone | Mad Mex Dfo South Wharf | Mad Mex Dubbo | Mad Mex Fresh Mexican Grill - Cameron Park | Mad Mex Green Hills | Mad Mex MaCarthur | Mad Mex Melbourne Central | Mad Mex Melbourne Emporium | Mad Mex Met Centre | Mad Mex Mt Gravatt | Mad Mex Pacific Fair - FMG | Mad Mex Parkmore | Mad Mex Randwick | Mad Mex SX Station | Mad Mex Sydney Central Plaza | Mad Mex The Glen | Mad Mex Tuggerah | Mad Mex Tweed City | Mad Mex UTS | Mad Mex Waurn Ponds | Mad Mex Westfield Kotara | Mad Mex Wintergarden,,Dining Out,2026-07-10T09:28:50+08:00,
Superloop Broadband,Superloop Broadband | SUPERLOOP BROADBAND PTY LTD,,Telecommunications,2026-07-10T09:28:50+08:00,
Legends Global (Brisbane Stadium Management),Legends Global (Brisbane Stadium Management) | LEGENDS GLOBAL BRISBANE STADIUM MANAGEMENT PTY LTD | Suncorp Stadium,,Entertainment,2026-07-10T09:28:50+08:00,
Circumtec,Circumtec | CIRCUMTEC PTY LTD | Circum Amusements | Circum Chairs | Circum Cigs | Circum Laundry | Circum Vending | Circum Wash | Circumpay,,Retail,2026-07-10T09:28:50+08:00,
Rutherford Automotive,Rutherford Automotive | RUTHERFORD AUTOMOTIVE PTY LTD | Stump Grinding,,Automotive,2026-07-10T09:28:50+08:00,
JB Noosa,JB Noosa | JB NOOSA PTY LTD | Villa Aqua,,Retail,2026-07-10T09:28:50+08:00,
Sun Yum Kong,Sun Yum Kong | SUN YUM KONG PTY LTD | Tasty Fish,,Dining Out,2026-07-10T09:28:50+08:00,
Urban Hospitality,Urban Hospitality | URBAN HOSPITALITY PTY LTD | Flaming Kebab,,Dining Out,2026-07-10T09:28:50+08:00,
Honour Health,Honour Health | HONOUR HEALTH PTY LTD | Honor Health | Honour,,Health,2026-07-10T09:28:50+08:00,
YJ New World,YJ New World | YJ NEW WORLD PTY LTD | Cafe De Queen's Park | Hikaru Sushi Baringa | Sushi KIBOU Mooloolaba,,Dining Out,2026-07-10T09:28:50+08:00,
CO Coffee,CO Coffee | CO COFFEE PTY LTD | Coffee,,Dining Out,2026-07-10T09:28:50+08:00,
Grava Management,Grava Management | GRAVA MANAGEMENT PTY LTD | Bankstown Hotel | Cumberland Hotel | Southern Cross Hotel,,Travel,2026-07-10T09:28:50+08:00,
Leagues,Leagues | LEAGUES PTY LTD | Unicorn Embroidery | Norscot Australia,,Entertainment,2026-07-10T09:28:50+08:00,
ABS-CBN Australia,ABS-CBN Australia | ABS CBN AUSTRALIA PTY LIMITED,,Entertainment,2026-07-10T09:28:50+08:00,
Orange One,Orange One | ORANGE ONE PTY LTD,,Telecommunications,2026-07-10T09:28:50+08:00,
Total IT Solutions,Total IT Solutions | TOTAL IT SOLUTIONS LTD | T.IT.S | Latitude,,Information,2026-07-10T09:28:50+08:00,
Nimble,Nimble | NIMBLE PTY LTD,,Debt Consolidation,2026-07-10T09:28:50+08:00,
Myriiad,Myriiad | MYRIIAD PTY LTD | Cignall Casuarina | Cignall Coolalinga,,Retail,2026-07-10T09:28:50+08:00,
Leisure Management,Leisure Management | LEISURE MANAGEMENT PTY LTD | Gympie Budget Accommodation,,Gyms and other memberships,2026-07-10T09:28:50+08:00,
Dollarama Australia,Dollarama Australia | DOLLARAMA AUSTRALIA PTY LIMITED | The Reject Shop | Discount Variety Warehouse | Everything Here $2 | Variety Warehouse,,Department Stores,2026-07-10T09:28:50+08:00,
Telstra,Telstra | TELSTRA CORPORATION LIMITED | Networking Tasmania | Specialised Recoveries | Telecom Australia | Telstra Infraco | Telstra Shop | Whereis | Yellow Pages,,Telecommunications,2026-07-10T09:28:50+08:00,
Sunshine Food Network,Sunshine Food Network | SUNSHINE FOOD NETWORK PTY LTD | Bean For Coffee | Sunshine Mobile Diners,,Dining Out,2026-07-10T09:28:50+08:00,
Cafe North,Cafe North | CAFE NORTH PTY LTD,,Dining Out,2026-07-10T09:30:21+08:00,
Cradle &,Cradle & | CRADLE AND CO PTY LTD | Cradle And,,Retail,2026-07-10T09:30:21+08:00,
Rynn's Seafoods,Rynn's Seafoods | RYNN S SEAFOODS PTY LTD | Portsea - Bringing the Coast to the Country | Portsea Seafoods,,Groceries,2026-07-10T09:30:21+08:00,
Vincent Diner,Vincent Diner | VINCENT DINER PTY LIMITED,,Dining Out,2026-07-10T09:30:21+08:00,
Woolworths (South Australia),Woolworths (South Australia) | WOOLWORTHS SOUTH AUSTRALIA PTY LIMITED | Woolies | Abervale Wine | Big W | Big W Discount Stores | Bws-Beer Wine Spirits Baily & Baily | BWS BEER WINE SPIRITS BAILY AND BAILY | Cannons Supermarkets | Chisholm Manufacturing | Crazy Prices | Danish Smokehouse | European Smokehouse | Fabulous Food Stores,,Groceries,2026-07-10T09:30:21+08:00,
Sylvania,Sylvania | SYLVANIA PTY LIMITED,,Home Improvement,2026-07-10T09:30:21+08:00,
Daley Double,Daley Double | DALEY DOUBLE PTY LTD | Boost Juice,,Dining Out,2026-07-10T09:30:21+08:00,
Savers Australia,Savers Australia | SAVERS AUSTRALIA PTY LTD | Savers | Value Village,,Retail,2026-07-10T09:30:21+08:00,
Mobile 8,Mobile 8 | MOBILE 8 PTY LTD,,Telecommunications,2026-07-10T09:30:21+08:00,
E&I Development,E&I Development | E AND I DEVELOPMENT PTY LTD | E And I Development | Airbnb,,Travel,2026-07-10T09:30:21+08:00,
Pharmaline,Pharmaline | PHARMALINE PTY LTD | David Jones Pharmacy | David Jones Pharmacy (Murray McLean) | FlingMe | Merchant Jones,,Health,2026-07-10T09:30:21+08:00,
Friends of the Royal National Park,Friends of the Royal National Park | FRIENDS OF THE ROYAL NATIONAL PARK INCORPORATED | Friends of Royal,,Donations,2026-07-10T09:30:21+08:00,
Our Medical Home,Our Medical Home | OUR MEDICAL HOME PTY LTD,,Health,2026-07-10T09:30:21+08:00,
Hungry Thirsty,Hungry Thirsty | HUNGRY THIRSTY PTY LTD,,Dining Out,2026-07-10T09:30:21+08:00,
South East Leisure,South East Leisure | SOUTH EAST LEISURE PTY LTD | Glxy | Glxy Gymnastics | GLXY Sports | GLXY Swim School | South East Padel,,Gyms and other memberships,2026-07-10T09:30:21+08:00,
Keshet Namberry Dell Trust & Zampelis Services Discretionary Trust,Keshet Namberry Dell Trust & Zampelis Services Discretionary Trust | KESHET NAMBERRY DELL TRUST AND ZAMPELIS SERVICES DISCRETIONARY TRUST | Waterfront,,Dining Out,2026-07-10T09:30:21+08:00,
Republic Coffee Traders,Republic Coffee Traders | REPUBLIC COFFEE TRADERS PTY LTD | espresso | ESPRESSO CORP PTY LTD | The Bank Espresso Bar,,Dining Out,2026-07-10T09:30:21+08:00,
Hudsons Circus,Hudsons Circus | HUDSONS CIRCUS PTY LTD,,Entertainment,2026-07-10T09:30:21+08:00,
White Fox Boutique,White Fox Boutique | WHITE FOX BOUTIQUE PTY LTD | Fox Active | Fox Clothing | Fox Swim | White Fox | White Fox Active | White Fox Apparel | White Fox Swim,,Retail,2026-07-10T09:30:21+08:00,
Wara Sushi Franchising,Wara Sushi Franchising | WARA SUSHI FRANCHISING PTY LTD | Wara Sushi,,Dining Out,2026-07-10T09:30:21+08:00,
Innovative Foods,Innovative Foods | INNOVATIVE FOODS PTY LTD | Happy Pops,,Groceries,2026-07-10T09:30:21+08:00,
King Barbeque,King Barbeque | KING BARBEQUE PTY LTD | Bento King,,Dining Out,2026-07-10T09:30:21+08:00,
Sri Lalitha Devi,Sri Lalitha Devi | SRI LALITHA DEVI PTY LTD | The Poet Cafe | Restaurant | THE POET CAFE RESTAURANT,,Dining Out,2026-07-10T09:30:21+08:00,
South Indian Groceries,South Indian Groceries | SOUTH INDIAN GROCERIES PTY LTD,,Groceries,2026-07-10T09:30:21+08:00,
High Street Penrith,High Street Penrith | HIGH STREET PENRITH PTY LTD,,Rent,2026-07-10T09:30:21+08:00,
Officeworks,Officeworks | OFFICEWORKS LTD | Officeworks Superstores | Officeworks Direct | Flexiworks | Officeworks Online | Officeworks Superstore,,Retail,2026-07-10T09:30:21+08:00,
Indooroopilly,Indooroopilly | INDOOROOPILLY PTY LTD,,Retail,2026-07-10T09:30:21+08:00,
Medina Property Services,"Medina Property Services | MEDINA PROPERTY SERVICES PTY LIMITED | MEDINA PROPERTY SERVICES PTY LTD | Adina Apartment Hotel Sydney Crown Street | Adina Apartment Hotels | Curve Restaurant and Bar | Medina Classic Canberra | Medina Classic Chippendale | Medina Classic Martin Place | Medina Executive Apartments | Medina Executive Barrack Plaza | Medina Executive Brisbane | Medina Executive Coogee | Medina Executive Double Bay | Medina Executive Flinders Street | Medina Executive James Court | Medina Executive North Ryde | Medina Executive Northbank | Medina Executive Perth City | Medina Executive South Yarra | Medina Executive St Kilda | Medina Executive Sydney Central | Medina Executive Wollongong | Medina Grand Adelaide Treasury | Medina Grand Darwin Waterfront | Medina Grand Harbourside | Medina Grand Melbourne | Medina Grand Sydney | Medina on Crown Executive | toga hospitality | Travelodge Docklands | Travelodge Hotel & Resort Darwin | TRAVELODGE HOTEL AND RESORT DARWIN | Travelodge Mirambeena Resort Darwin | Vibe Hotel Carlton | Vibe Hotel Darwin Waterfront | Vibe Hotel Goulburn Street | A by Adina Canberra | A by Adina Sydney | Adina Apartment Hotel Adelaide Treasury | Adina Apartment Hotel Bondi Beach, Sydney | Adina Apartment Hotel Brisbane | Adina Apartment Hotel Brisbane, Anzac Square | Adina Apartment Hotel Coogee, Sydney | Adina Apartment Hotel Darwin Waterfront | Adina Apartment Hotel Mascot | Adina Apartment Hotel Melbourne | Adina Apartment Hotel Melbourne on Flinders | Adina Apartment Hotel Melbourne, Southbank | Adina Apartment Hotel Perth | Adina Apartment Hotel Perth, Barrack Plaza | Adina Apartment Hotel Sydney | Adina Apartment Hotel Sydney Airport | Adina Apartment Hotel Sydney, Central | Adina Apartment Hotel Sydney, Chippendale | Adina Apartment Hotel Sydney, Darling Harbour | Adina Apartment Hotel Sydney, Surry Hills | Adina Apartment Hotel Sydney, Town Hall | Adina Apartment Hotel Wollongong | Adina Chermside Brisbane | Adina Serviced Apartments Canberra, James Court | Adina Serviced Apartments Canberra, Kingston | Chifley's Bar & Grill | CHIFLEY S BAR AND GRILL | Curve Cafe | Dean & Nancy on 22 | DEAN AND NANCY ON 22 | Helix Bar & Dining | HELIX BAR AND DINING | Hotel Kurrajong Canberra | Ms Ava | Q Club | Salted Egg | Shoreline Kitchen & Bar | SHORELINE KITCHEN AND BAR | SingSong | St Marks Road | ST MARKS ROAD CO | Storehouse Sydney Central | The Eve Hotel | The Eve Hotel Sydney | Travelodge Hotel Melbourne, Docklands | T's Bar & Bistro | T S BAR AND BISTRO | Vibe Hotel Canberra Airport | Vibe Hotel Melbourne Docklands | Vibe Hotel North Sydney | Vibe Hotel Sydney",,Travel,2026-07-10T09:30:21+08:00,
ST John OF God Outreach Services,ST John OF God Outreach Services | ACES Northern | Bendat House | Chess | Chess/Apollo Parkways Ironing Services | Churinga | Churinga Support Services | Horizon House | St John of God | St John of God Accord | St John of God Accord De Avila Centre | St John of God Comms Servs | St John of God Horizon House | St John of God Hospital Accord | St John of God Outreach | St John of God Services | ST John OF God Services Victoria | St John of God Social Outreach & Advocacy | ST JOHN OF GOD SOCIAL OUTREACH AND ADVOCACY | St John of God Social Outreach & Advocacy Services | ST JOHN OF GOD SOCIAL OUTREACH AND ADVOCACY SERVICES | St John of God Victoria | Strong Family Strong Culture | Casa Venegas | Raphael Centre | Raphael Services | St John of God International Health | St John of God Mental Wellbeing Services,,Health,2026-07-10T09:30:21+08:00,
Privilege Investments,Privilege Investments | PRIVILEGE INVESTMENTS PTY LTD | Red Tree Finance,,Debt Consolidation,2026-07-10T09:30:21+08:00,
Senior Minds,Senior Minds | SENIOR MINDS PTY LTD | Junior,,Education,2026-07-10T09:30:21+08:00,
Mackay Investments,Mackay Investments | MACKAY INVESTMENTS PTY LTD | pumpt carvery | Pumpt Carvery MT Pleasant | soul fresh foods,,Dining Out,2026-07-10T09:30:21+08:00,
Megan Dick Gallery,Megan Dick Gallery | MEGAN DICK GALLERY PTY LTD | MiCK,,Entertainment,2026-07-10T09:30:21+08:00,
Your Mates Brewing,Your Mates Brewing | YOUR MATES BREWING COMPANY PTY LTD | YOUR MATES BREWING COMPANY,,Dining Out,2026-07-10T09:30:21+08:00,
Treasure Hunt,Treasure Hunt | TREASURE HUNT PTY LTD,,Entertainment,2026-07-10T09:30:21+08:00,
M.Q.Z Liquor Stores,M.Q.Z Liquor Stores | M Q Z LIQUOR STORES PTY LTD | Braybrook Liquor Drive Thru Superstore,,Retail,2026-07-10T09:30:21+08:00,
Plusmart (Sunnypark),Plusmart (Sunnypark) | PLUSMART SUNNYPARK PTY LTD,,Groceries,2026-07-10T09:30:21+08:00,
Tollaust,Tollaust | TOLLAUST PTY LIMITED | Linkt Sydney | LinktGO,,Transport,2026-07-10T09:30:21+08:00,
Australian Leisure And Hospitality Group,"Australian Leisure And Hospitality Group | AUSTRALIAN LEISURE AND HOSPITALITY GROUP PTY LIMITED | Alh Group | Gunn Island Brewbar | Allenstown Hotel | Aberfoyle Hub Tavern | Airport Tavern | Aitkenvale Motel | Albany Creek Tavern | Albion Charles | Albion Hotel | Albion Hotel Cottesloe | Albion Hotel, Albion | Alderley Arms Hotel | Alexandra Headlands Hotel | ALH Hotels | Alleyz AT Alh | Anchor Brew Pub | Anchor Brewing | ANCHOR BREWING COMPANY | Anglers Arms Hotel | Archer Hotel Nowra | Archer Resort Hotel | Archer Resort Motel | Ashley Hotel | Atherton Hotel | Austral Hotel | Australian National Hotel Woolloongabba | Balaclava Hotel | Balaclava Hotel Earlville | Balgownie Hotel | Balmoral Hotel | Barkly Hotel | Bay Central Tavern | Bayswater Hotel | Beach Hotel Seaford | Beachfront Hotel | Belfield Hotel | Belgian Beer Cafe | Belgian Beer Cafe Westende | Bell Bar & Bistro | BELL BAR AND BISTRO | Bellbowrie Tavern | Belmont Tavern | Belmont Tavern Cloverdale | Benowa Tavern | Berwick Inn Hotel | Billabong Hotel, Merrylands | Blackburn Hotel | Blacktown Inn | Blue Bell Hotel | Blue Cattle Dog Hotel | Blue Mountain Hotel | Blue Pacific Hotel (Bribie Island) | Boomerang Hotel | Boundary Taverner (VIC) | Breakfast Creek Hotel | Brekky Creek Steakhouse | Brighton Beach Hotel | Broadbeach Tavern | Brooklands Tavern | Brunswick Hotel New Farm | Buderim Tavern | Bullcreek Tavern | Bundoora Hotel | Burleigh Heads Hotel - Motel | Burnie Central Townhouse Hotel | Burvale Hotel, Nunawading | Caloundra Hotel | Camp Hill Hotel | Capalaba Tavern, Capalaba | Captain Cook's Tavern Kippa-Ring | Captain Stirling Hotel | Caringbah Hotel | Castle Hill Tavern | Cbx | Centenary Tavern | Century City Tavern | Chardons Hotel | Chatswood Hills Tavern | Cheeky Squire | Chelsea Heights Hotel | Chermside Tavern | Cherry Hill Hotel | Cherry Hill Tavern | Club Hotel Ferntree Gully | Club Tavern Caboolture | Club Tavern, Liverpool | Colyton Hotel | Commercial Hotel Charters Towers | Commercial Hotel Nerang | Commercial Hotel South Morang | Commercial Hotel Werribee | Coolaroo Hotel | Coolaroo Taverner (VIC) | Coolum Beach Hotel | Coomera Tavern | Coopers Alehouse Gepps Cross | Coutts Commercial Tavern | Cramers Hotel | Crows Nest Hotel | Croxton Park Hotel | Dalrymple Hotel | Davey's | Davey's Bar And Restaurant | Deception Bay Tavern | Deer Park Hotel, Deer Park | Dinah's Cafe | Dog And Parrot Tavern | Dublin Docks - Harbourtown | Dunsborough Tavern | East Ingham Hotel | Eden Southern Cellars | Edge Hill Tavern | Edinburgh Castle Hotel | Elizabeth Hotel | Elsternwick Hotel | Eltham Hotel, Eltham | Emerald Star Hotel | Empire Hotel | emu hotel - morphett vale | Enfield Hotel Clearwater | Esplanade Hotel, Brighton | Eureka Tavern | Exeter Hotel, Exeter | Family Inn Hotel | Federal Hotel Toowoomba | Federal Hotel, Mt Gambier | Ferntree Gully Motel | Ferny Grove Tavern | Findon Hotel | First and Last Hotel | Flanagan's Bar | Forest Lake Hotel | Forest Lake Tavern | Fountain Gate Taverner | Gateway Hotel Devonport | Gateway Inn | Glengala Hotel | Glenmore Hotel/Motel | Glenmore Tavern | Golden Beach Tavern | Golfview Hotel/Motel | Gosnells Hotel | Granada Tavern | Grand Tasman Hotel | Granville Hotel | Graziers Grill House | Graziers Steak House | Great Food Great Value | Great Southern Inn | Greenacre Hotel | Greenhouse Tavern | Greenwood Hotel | Gymea Hotel | Halfway Hotel | Hallam Taverner (VIC) | Hallam's Road Hotel | Hamilton Hotel | Harlequin Inn | Harvey Road Tavern | Hello Gorgeous Qld | Hendon Hotel | Henley Beach Hotel | Herdsman Lake Tavern | High Flyer Hotel, Condell Park | High Point Hotel | Highbury Hotel | Highfields Tavern | Highway Hotel | Hinterland Hotel | Holland Park Hotel | Honeysuckle Hotel Lee Wharf | Horse & Jockey Hotel Motel, Warwick | HORSE AND JOCKEY HOTEL MOTEL WARWICK | Hotel Carlyle | Hotel Finsbury | Hotel 'Morrison' | hotel settlers | Hotel Victor | Hume Hotel | Hyde Park Hotel | Ians Western Hotel | Indooroopilly Hotel | Irish Finnegans | Iron Horse Inn Hotel | Jamison Hotel | Jewells Tavern | Jimboomba Country Tavern | Jockey Club Hotel | Jokers Jackpot | Kalamunda Hotel | Kallangur Tavern | Kedron Park Hotel | Kensington Junction | Keysborough Hotel | Kirribilli Hotel | Kirwan Tavern | Kondari Hotel | Lakers Tavern | Lawnton Tavern | Leichhardt Hotel Motel | Leisure Inn Rockingham | Links Hotel | Lockies Hotel | Lone Star Tavern | Mac's Hotel, Melton | Magnums Airlie Beach Hotel | Manhattan Hotel | Marine Hotel-Motel | Mattara Hotel | Matthew Flinders Hotel | Meadow Inn Hotel-Motel | Melbourne Hotel Bundaberg | Melton Hotel | Mermaid Waters Hotel | Mermaid Waters Resort | Miami Tavern | Milanos Hotel | Mission Beach Resort | Mitcham Hotel | Monash Hotel, Clayton | Monty 'S AT Alh | Moreland Hotel | morphett vale cellars | Morwell Hotel/Motel | Mount Gravatt Hotel | Mountain View Hotel | Mowbray Hotel | MT Pleasant Tavern | Narrabeen Sands Hotel | New Brighton Hotel | New Reservoir Hotel | New York Bar and Grill, Oaklands Park | Newmarket Hotel - Brisbane | Nightcap Hotels | Nightelier Devonport | Nightelier Doncaster | Nightelier Hotel Collective | Nightelier Mermaid Waters | Nightelier Mitchelton | Nightelier Narrabeen | Noosa Reef Hotel | Norfolk Tavern | North Lakes Tavern | North Wollongong Hotel | Northern Grounds Sunshine Coast | Norwood Hotel | Nudgee Beach Hotel | Oakleigh Junction Hotel | Ocean Beach Hotel, Umina | Old Sydney Hotel | Olinda Creek Hotel | Oostende | Oostende Belgian Beer Cafe | Oxenford Tavern | Oxford 152 | Oxley Tavern | Pacific Hotel O'Malleys Irish Bar & WG's Steak House | PACIFIC HOTEL O MALLEYS IRISH BAR AND WG S STEAK HOUSE | Pacific Hotel Yeppoon | Pacific Pines Tavern | Palace Hotel, Camberwell | Palm Beach Hotel | Parkway Hotel Motel | Parkwood Tavern | Pascoe Vale Hotel | Peel Alehouse | Pelican Waters Tavern | Peninsula Tavern | Petrie Hotel | Phoenix Hotel | Pier Bandroom | Pier Hotel, Frankston | Pioneer Tavern | Playford Tavern, Davoren Park | Plaza Tavern | Plough Hotel, Mill Park | Port Melbourne Rex Hotel | Prince Mark Hotel | Prince OF Wales Hotel, Nundah | Pritchards Hotel | Pritchard's Pub | Pub Lane Tavern | PUB Rest | Pubmusic | Pubnet | Pubplus | Pubpunter | Pubrewards | Pubsound | Pymble Hotel | Quality Hotel Gateway | Quality Hotel Sands Narrabeen | Queens Beach Motor Hotel | Queens Tavern | Racehorse Hotel | Rainbow Beach Hotel | Rainbow Beach Hotel Motel | Rainbow beach hotel resort | Ramsgate Hotel | Redbank Plains Tavern | Redland Bay Hotel | regents park hotel | Rex Hotel, Marleston | Rifle Club Hotel | Riverside Hotel Motel | Rose & Crown Hotel, Elizabeth South | ROSE AND CROWN HOTEL ELIZABETH SOUTH | Rose Shamrock Hotel | Roxby Downs Tavern | Royal Exchange Hotel Toowong | Royal Exchange Hotel, Traralgon | Royal Hotel Beenleigh | Royal Hotel Gatton | Royal Hotel, Essendon | Royal Oak Hotel, North Adelaide | Royal Sunbury Hotel | Royal Taverner (VIC) | Rum Bar - Breakfast Creek Hotel | Russell Tavern | Safepub | Sail and Anchor Hotel | Sandbelt Hotel | Sandown Park Hotel | Sandringham Hotel | Seacliff Beach Hotel | Seaford Hotel | Shoppingtown Hotel | Sidelines | Skyways International Hotel/Motel | Skyways Taverner | Slug 'N' Lettuce British PUB | Slug 'N' Lettuce Tavern | Smithfield Tavern | Somerville Hotel | South Tweed Tavern | Spanish Garden Restaurant | Spanish Garden Steakhouse | Springfield Tavern | Springvale Hotel | Springwood Hotel Motel | Squires Brewhouse | St Albans Hotel | Stamford Inn | Stockade Tavern | Stones Corner Hotel | Summer Hill Hotel, Summer Hill | Sunnybank Hotel | Surfers Paradise Tavern | Sylvania Hotel | T. C. B. Belmont | T.C.B. Oxley | Tandara Hotel Motel | Tattersalls Narrabri | Tavern @ The Rocks | Terrey Hills Tavern | The Alex Bar And Cafe | The Alex Hotel | The Back Shed | The Brass Monkey | The Bridge Inn Hotel | The Brook Hotel | The Brook Motel | The Brown Jug Inn | The Carine | The Carine Bar And Grill | The Cavenagh Hotel | The Cecil Hotel | The Como | The Condo Hotel | The Cookhouse | The Daring Squire | The Ettamogah | The Excelsior Hotel/Motel | The Forest Hotel | The Four Mile Creek Hotel | The Gap Tavern | The Gateway Hotel Mareeba | The Greenwood | The Hotel Russell, Dalby | The Kawana Waters Hotel | The Lane Way Social East End | The Manly Hotel Brisbane | The Millers Inn Hotel | The Morris Tavern | The Palmerston Tavern | The Pub Mooloolaba | The Ranch Bistro | The Ranch Hotel | The Raven Bar | The Raven Hotel | The Rogue Squire | The Royal Hotel Ferntree Gully | The Saint George Hotel | The Sands Hotel | The Sands Motel | The Savvy Squire | The Ship Inn Hotel | The Springwood Feast | The Springwood Hotel Feast | The Substation | The Twenty First Century Dance Club Cabaret | The Vale Hotel | The Vale Hotel Springvale | The Wharf Tavern | Toongabbie Hotel | Tower Hotel Magill | Transit Tavern | Tudor Inn Hotel | Upper Ross Hotel | Vale Hotel | Varsity Lakes Tavern | Victoria Hotel - O'halloran Hill | Victoria Hotel Goondiwindi | Victoria Hotel, Shepparton | Victoria Inn Hotel | Victoria Point Tavern | Villa Noosa Hotel/Motel | Village Green Hotel | Villawood Hotel, Villawood | Waltzing Matilda Hotel | Wanneroo Tavern | Warner Tavern | Waterfront Hotel | Watermark Glenelg | Werribee Plaza Taverner | Westmeadows Tavern | Westower Tavern | Westside Hotel Motel | Wheelers Hill Hotel | Willaston Hotel | Wilsonton Hotel | Wintersun Hotel | Woree Tavern | Wynnum Tavern | Yagoona Tavern | Yamanto Tavern | York On Lilydale | Young and Jacksons",,Dining Out,2026-07-10T09:30:21+08:00,
Australia Zoo,Australia Zoo | AUSTRALIA ZOO PTY LTD,,Entertainment,2026-07-10T09:30:21+08:00,
JB HI-FI Group,JB HI-FI Group | JB HI FI GROUP PTY LTD | JB HI FI | JB Hi-Fi Business | JB HI-FI Commercial | JB Hi-Fi Education | JB Hi-Fi Express | JB HI-FI Home | JB HI-FI Insurance Replacements,,Retail,2026-07-10T09:30:21+08:00,
Maida Vale Golf,Maida Vale Golf | MAIDA VALE GOLF PTY LTD,,Entertainment,2026-07-10T09:30:21+08:00,
Malones Butchery,Malones Butchery | MALONES BUTCHERY PTY LTD,,Groceries,2026-07-10T09:30:21+08:00,
Tamworth Car & Dog Wash,Tamworth Car & Dog Wash | TAMWORTH CAR AND DOG WASH PTY LTD | Tamworth Car And Dog Wash | Car Spa | Tamworth Wizard Car and Dog Wash,,Automotive,2026-07-10T09:30:21+08:00,
Air Pacific,Air Pacific | AIR PACIFIC LTD | AIR PACIFIC LIMITED | Fiji Airways,,Travel,2026-07-10T09:32:21+08:00,
Soertsz Family Trust NO 1 & Soertsz Family Trust NO 2,Soertsz Family Trust NO 1 & Soertsz Family Trust NO 2 | SOERTSZ FAMILY TRUST NO 1 AND SOERTSZ FAMILY TRUST NO 2 | Kfc Asquithkfc Pennant Hills | KFC Bardia | KFC Baulkham Hills | KFC Crossroads | KFC Ingleburn | KFC Soertsz Group,,Dining Out,2026-07-10T09:32:21+08:00,
Sam Prince,Sam Prince | SAM PRINCE CORPORATION PTY LTD | Zambrero,,Dining Out,2026-07-10T09:32:21+08:00,
TW&CM,TW&CM | TW AND CM PTY LTD | TW And CM | Terry White Management | Terry White Chemists,,Health,2026-07-10T09:32:21+08:00,
Lockhart District Christian Group,Lockhart District Christian Group | LOCKHART DISTRICT CHRISTIAN GROUP INCORPORATED | Club C,,Donations,2026-07-10T09:32:21+08:00,
Pet Insurance,Pet Insurance | PET INSURANCE PTY LTD | Oodle Spot,,Insurance,2026-07-10T09:32:21+08:00,
Debtmanagers Ledger,Debtmanagers Ledger | DEBTMANAGERS LEDGER PTY LTD | Debtmanagers,,Debt Consolidation,2026-07-10T09:32:21+08:00,
Shein Distribution Australia,Shein Distribution Australia | SHEIN DISTRIBUTION AUSTRALIA PTY LIMITED | Shein,,Retail,2026-07-10T09:32:21+08:00,
Dynamic Psa,Dynamic Psa | DYNAMIC PSA PTY LTD | Fish n Chip | FISH N CHIP CO | Fish n Flames | Majestic Kebab,,Dining Out,2026-07-10T09:32:21+08:00,
Cash Converters International,Cash Converters International | CASH CONVERTERS INTERNATIONAL LIMITED | Cash Converters,,Retail,2026-07-10T09:32:21+08:00,
Rui Yuan,Rui Yuan | RUI YUAN PTY LTD | Big Y Supermarket,,Groceries,2026-07-10T09:32:21+08:00,
Jbj Family Trading,Jbj Family Trading | JBJ FAMILY TRADING PTY LTD | Mfc Supermarket (Green Valley),,Groceries,2026-07-10T09:32:21+08:00,
Department of Transport and Main Roads,Department of Transport and Main Roads | Department of Main Roads | Dtmr | Maritime Safety Queensland | Mt Cotton Training Centre | Mt Cotton Training Services | Personalised Plates Queensland | Queensland Transport | RoadTek | RoadTek Asset Services | RoadTek Consulting | RoadTek Linemaking Services | RoadTek Network Services | RoadTek Pavements Performance and Investigations | RoadTek Plant Hire Services | RoadTek Traffic Services | Tmr | Transport and Main Roads | TTS Civil Training | Redcliffe Marina | Smartship Australia | TransLink,,Transport,2026-07-10T09:32:21+08:00,
CO Construct,CO Construct | CO CONSTRUCT PTY LTD | Construct | Project EQ,,Home Improvement,2026-07-10T09:32:21+08:00,
Bubbles N Tea,Bubbles N Tea | BUBBLES N TEA PTY LTD,,Dining Out,2026-07-10T09:32:21+08:00,
Bling Nail Bar,Bling Nail Bar | BLING NAIL BAR PTY LTD | Million Nails,,Personal Care,2026-07-10T09:32:21+08:00,
Apollo Real Estate,Apollo Real Estate | APOLLO REAL ESTATE PTY LTD | Laing & Simmons Auburn | Lidcombe | LAING AND SIMMONS AUBURN LIDCOMBE,,Rent,2026-07-10T09:32:21+08:00,
Lockhart Golf Club,Lockhart Golf Club | LOCKHART GOLF CLUB LTD | Golf Club,,Entertainment,2026-07-10T09:32:21+08:00,
K & S Food Services,K & S Food Services | K AND S FOOD SERVICES PTY LTD | K And S Food Services | Breadtop | Crown Cafe | Bread Top,,Retail,2026-07-10T09:32:21+08:00,
Southern Cross,Southern Cross | SOUTHERN CROSS PTY LTD,,Insurance,2026-07-10T09:32:21+08:00,
Financier,Financier | FINANCIER PTY LTD | 360 Cash Loans | Lazermoney,,Debt Consolidation,2026-07-10T09:32:21+08:00,
Globe Bottleshops,Globe Bottleshops | GLOBE BOTTLESHOPS PTY LTD | Thirsty Camel | Glenorchy Beer Wine & Spirits | GLENORCHY BEER WINE AND SPIRITS | Wellington Beer Wine & Spirits | WELLINGTON BEER WINE AND SPIRITS,,Retail,2026-07-10T09:32:21+08:00,
Automatic,Automatic | AUTOMATIC PTY LTD | AUTOMATIC AND CO PTY LTD | Automatic And,,Automotive,2026-07-10T09:55:03+08:00,
B & S Foods,B & S Foods | B AND S FOODS PTY LTD | B And S Foods | Coogee Kiosk | Jennys Cafe | Pure Bronte | Salina cafe,,Dining Out,2026-07-10T09:32:21+08:00,
Canberra Grammar School,Canberra Grammar School | Australian Grammar School | CANBERRA GRAMMAR,https://cgs.act.edu.au,Education,2026-07-10T18:54:46+08:00,
Dough Ma,Dough Ma,,Dining Out,2026-07-10T09:32:21+08:00,
Kai Time,Kai Time,,Dining Out,2026-07-10T09:32:21+08:00,
Msp Photography,Msp Photography | MSP PHOTOGRAPHY PTY LTD | Master School Portraits,,Education,2026-07-10T09:32:21+08:00,
Clublinks Management,Clublinks Management | CLUBLINKS MANAGEMENT PTY LTD | Birdie Restaurant | Bundha Sports Centre | Bundoora Park Golf | Centenary Park Golf Course | Clublinks Management - Beresfield Golf Course | Clublinks Management - Darebin Community Sports Stadium | Collier Cafe | Collier Park Golf | Cooee Cafe & Restaurant | COOEE CAFE AND RESTAURANT | Dodici Restaraunt | Gallus Golf | Mill Park Stadium | Minnippi Golf & Range | MINNIPPI GOLF AND RANGE | Narrandjeri Stadium | Northcote Aquatic and Recreation Centre | Northcote Public Golf Course | Padel Kennedy Bay | Queens Park Golf Course | RBA Gym Management Services | Tempo Cafe & Bistro | TEMPO CAFE AND BISTRO | The Links AT Kennedy Bay | The Social Golf Club | UNSW Fitness and Aquatic Centre | Your Path Health,,Entertainment,2026-07-10T09:32:21+08:00,
Thyme Hospitality,"Thyme Hospitality | THYME HOSPITALITY PTY LTD | Courtyard by Marriott Darwin | Five Spice | Five Spice at Courtyard by Marriott Darwin | Frontier Hotel | H Hotels And Apartments | H Hotels, Apartments and Resorts | Halikos Hospitality | Punters Bar | Rooftop Restaurant | The Smith Hotel",,Dining Out,2026-07-10T09:32:21+08:00,
Head Spa,Head Spa | HEAD SPA PTY LTD,,Personal Care,2026-07-10T09:32:21+08:00,
N.J Bacash & R.J Hanbury,N.J Bacash & R.J Hanbury | N J BACASH AND R J HANBURY | Cariad Productions | Events on Film International | Three Little Birds,,Dining Out,2026-07-10T09:32:21+08:00,
Southern Phone,Southern Phone | SOUTHERN PHONE COMPANY LIMITED | The Mail | AGL Telco | AGL Telecommunications | SOUTHERN PHONE COMPANY,,Telecommunications,2026-07-10T09:32:21+08:00,
Dommad,Dommad | DOMMAD PTY LTD | Telstra Shop Midland,,Telecommunications,2026-07-10T09:32:21+08:00,
Good Food,Good Food | GOOD FOOD PTY LTD,,Groceries,2026-07-10T09:32:21+08:00,
Veloce Expresso,Veloce Expresso | VELOCE EXPRESSO PTY LTD | Azucar,,Dining Out,2026-07-10T09:32:21+08:00,
Kekimilkbar,Kekimilkbar | KEKIMILKBAR PTY LTD,,Groceries,2026-07-10T09:34:07+08:00,
Anh Mai Bakehouse,Anh Mai Bakehouse | ANH MAI BAKEHOUSE PTY LTD,,Dining Out,2026-07-10T09:34:07+08:00,
Valley Blue,Valley Blue | VALLEY BLUE PTY LTD,,Retail,2026-07-10T09:34:07+08:00,
Mcdonald's Australia,Mcdonald's Australia | MCDONALD S AUSTRALIA LIMITED | Mcdonald's | Mcdonald's Family Restaurants,,Dining Out,2026-07-10T09:34:07+08:00,
City Chic Collective,City Chic Collective | CITY CHIC COLLECTIVE LIMITED | Specialty Fashion Group | Autograph | Big City Chic | Crossroads | Katies | Millers | Miller's Fashion Club | City Chic,,Retail,2026-07-10T09:34:07+08:00,
Cash Converters(Stores),Cash Converters(Stores) | CASH CONVERTERS STORES PTY LTD | Cash Converters - Aspley | Cash Converters - Fremantle Central | Cash Converters - Glenroy | Cash Converters - Malaga | Cash Converters - Osborne Park | Cash Converters - Phoenix Park | Cash Converters - Wynnum | Cash Converters (Gosnells) | Cash Converters Acacia Ridge | Cash Converters Adelaide City | Cash Converters Armadale | Cash Converters Ashfield | Cash Converters Ashgrove | Cash Converters Baldivis | Cash Converters Bankstown | Cash Converters Belconnen | Cash Converters Blacktown | Cash Converters Bondi Junction | Cash Converters Brisbane City | Cash Converters Broadbeach | Cash Converters Broadmeadow | Cash Converters Browns Plains | Cash Converters Bundaberg | Cash Converters Burpengary | Cash Converters Caloundra (QLD) | Cash Converters Capalaba | Cash Converters Cardiff | Cash Converters Cheltenham | Cash Converters Christies Beach | Cash Converters Clarkson | Cash Converters Coburg | Cash Converters Coconut Grove | Cash Converters Collingwood | Cash Converters Coolangatta QLD | Cash Converters Coomera | Cash Converters Corio | Cash Converters Corrimal | Cash Converters Craigieburn | Cash Converters Croydon | Cash Converters Deception Bay | Cash Converters Elizabeth | Cash Converters Ellenbrook | Cash Converters Fortitude Valley | Cash Converters Fountain Gate | Cash Converters Gawler | Cash Converters Geelong | Cash Converters Gladstone | Cash Converters Glen Waverley | Cash Converters Goodna | Cash Converters Gosford Central | Cash Converters Greensborough | Cash Converters Greenwood | Cash Converters Heidelberg | Cash Converters Hervey Bay | Cash Converters Inala | Cash Converters Ingle Farm | Cash Converters Ipswich | Cash Converters Kallangur | Cash Converters Keperra | Cash Converters Knox | Cash Converters Kogarah | Cash Converters Liverpool | Cash Converters Mackay | Cash Converters Maitland | Cash Converters Maroochydore | Cash Converters Mayfield | Cash Converters Melbourne City | Cash Converters Melbourne City Luxury | Cash Converters Melton | Cash Converters Merrylands | Cash Converters Midland | Cash Converters Moonah | Cash Converters Moonee Ponds | Cash Converters Morayfield | Cash Converters Morley | Cash Converters Morningside | Cash Converters Morphett Vale | Cash Converters Morwell (VIC) | Cash Converters Mount Gravatt | Cash Converters Mt Druitt | Cash Converters Munno Para | Cash Converters Nambour | Cash Converters Noosa | Cash Converters Northlands | Cash Converters Pakenham | Cash Converters Palm Beach QLD | Cash Converters Palmerston | Cash Converters Parramatta | Cash Converters Penrith | Cash Converters Perth City | Cash Converters Perth City Personal Finance Centre | Cash Converters Port Kennedy | Cash Converters Port Macquarie | Cash Converters Prahran | Cash Converters Preston | Cash Converters Prospect | Cash Converters Redcliffe | Cash Converters Ringwood | Cash Converters Robina QLD | Cash Converters Rockhampton | Cash Converters Rockingham | Cash Converters Rosny | Cash Converters Runaway Bay | Cash Converters Salisbury | Cash Converters Shellharbour | Cash Converters Shepparton | Cash Converters South Melbourne | Cash Converters Southport | Cash Converters Stafford | Cash Converters Stones Corner | Cash Converters Sunbury | Cash Converters Sunshine (VIC) | Cash Converters Tamworth | Cash Converters Toowoomba | Cash Converters Tuggeranong | Cash Converters Victoria Park | Cash Converters Victoria Point | Cash Converters Wagga Wagga (NSW) | Cash Converters Warrawong | Cash Converters Werribee | Cash Converters Woden | Cash Converters Wodonga (VIC) | Cash Converters Wollongong | Cash Convertors Belmont | Dandenong Cash Converters,,Retail,2026-07-10T09:34:07+08:00,
Evolet,Evolet | EVOLET PTY LTD | Penrith Camera & Video Centre | PENRITH CAMERA AND VIDEO CENTRE | Penrith Camera House,,Retail,2026-07-10T09:34:07+08:00,
Redcape Hotel Group,"Redcape Hotel Group | REDCAPE HOTEL GROUP PTY LTD | 400 Rabbits | Baringa Tavern | Bli Bli Hotel | Bli Bli Suites | Brightwater Hotel | Campbelltown Club Hotel | Campbelltown Hotel | Cellarbrations at Baringa Shopping Centre | Cellarbrations at Baringa Tavern | Cellarbrations at Birtinya | Cellarbrations at Brightwater Shopping Centre | Cellarbrations AT Coolum Park | Cellarbrations AT Coolum Village | Cellarbrations at Parklands Shopping Centre | Cellarbrations at Pelican Waters | Cellarbrations at The Zone, Wises Road | Cellarbrations Bokarina Beach | Commercial Hotel (Redbank) | Dulwich Hill Cellars | Dulwich Hill Drive-in Bottle Shop | Durack Tavern | Eden Brewhouse | Figtree Hotel | Flagstone Tavern | Gladstone Hotel Dulwich Hill | Greaser at The Prince | Hermit Park Hotel Motel | Hotel Brunswick | Keighery Hotel | La La Land at The Prince | Lakeview Hotel Motel | Leumeah Club Hotel | Lucky Tree Tavern | Mount Druitt Cedars Tavern | O'donoghue'S Irish PUB | Orion Hotel | Orion Hotel Springfield Central | Parklands Tavern | Plough Inn Brisbane | Prospect Hotel/Motel | Publinc | Rosa Italian | Salt Water Creek Hotel | Shamrock Gardens Motel | Shamrock Hotel Mackay | South Terrace Hotel | ST Marys Hotel | The Bottle-O at Baringa Tavern | The Bottle-O at Bli Bli Hotel | The Crown Hotel, Revesby | The Entrance Hotel | The Lakehouse Sunshine Coast | The Landmark Hotel Eastwood | The Prince Cellars | The Prince Consort Hotel | The Revesby Pacific Hotel | The Sun Hotel | The Willow Hotel | The Yorke Suites | Wattle Hotel Coomera | Willoughby Hotel",,Dining Out,2026-07-10T09:34:07+08:00,
Casa Luna Group,Casa Luna Group | CASA LUNA GROUP PTY LTD | Casa Luna,,Dining Out,2026-07-10T09:34:07+08:00,
The Pitch And Putter,The Pitch And Putter | THE PITCH AND PUTTER PTY LTD | Drummond Golf - Maroochydore,,Entertainment,2026-07-10T09:34:07+08:00,
Ventura Bay,Ventura Bay | VENTURA BAY PTY LTD | Caltex Star Mart Eaton | NU-Shine Carwash,,Automotive,2026-07-10T09:34:07+08:00,
Tropical Bakeries,Tropical Bakeries | TROPICAL BAKERIES PTY LTD | Brumbys Ayr | Brumbys Parkside | Brumbys Sunland Plaza,,Groceries,2026-07-10T09:34:07+08:00,
Chemist Outlet,Chemist Outlet | CHEMIST OUTLET PTY LIMITED,,Health,2026-07-10T09:34:07+08:00,
Entire Golf,Entire Golf | ENTIRE GOLF PTY LIMITED,,Entertainment,2026-07-10T09:34:07+08:00,
Happytel Retail Group,Happytel Retail Group | HAPPYTEL RETAIL GROUP PTY LTD | Happytel,,Retail,2026-07-10T09:34:07+08:00,
The Bean Melbourne,The Bean Melbourne | The Bean,,Dining Out,2026-07-10T09:34:07+08:00,
Noodle Time (Penrith),Noodle Time (Penrith) | NOODLE TIME PENRITH PTY LTD,,Dining Out,2026-07-10T09:34:07+08:00,
Golden Bowl,Golden Bowl | GOLDEN BOWL PTY LTD,,Dining Out,2026-07-10T09:34:07+08:00,
Mobile 21,Mobile 21 | MOBILE 21 PTY LTD,,Retail,2026-07-10T09:34:07+08:00,
Ingleburn Grocer,Ingleburn Grocer | INGLEBURN GROCER PTY LTD | Ingleburn Tobacconist and Convenience,,Groceries,2026-07-10T09:34:07+08:00,
Llc Cosmetic,Llc Cosmetic | LLC COSMETIC PTY LTD | Cosmetic,,Personal Care,2026-07-10T09:34:07+08:00,
Lazy Moes,Let EM Eat Family Others | THE TRUSTEE FOR LET EM EAT FAMILY OTHERS | Lazy Moes,,Dining Out,2026-07-10T09:34:07+08:00,
Coles Supermarkets Australia,Coles Supermarkets Australia | COLES SUPERMARKETS AUSTRALIA PTY LTD | Coles Supermarkets | Coles Express | Coles Online | Coles Central | Coles Collect | Coles Credit Cards | Coles for Business | Coles Insurance | Coles Local | Coles Mobile | Mix Apparel | Pick 'N' Pay,,Groceries,2026-07-10T09:34:07+08:00,
Mildura Trading,Mildura Trading | MILDURA TRADING PTY LTD | The Classic Car Shed | The Pinball Shed | The Shed | The Shed Cafe | The Wine Shed,,Dining Out,2026-07-10T09:34:07+08:00,
North Com,North Com | NORTH COM PTY LTD,,Telecommunications,2026-07-10T09:34:07+08:00,
The Vanteen,The Vanteen | THE VANTEEN CO PTY LTD | Vanteen Catering | Vault Espresso,,Dining Out,2026-07-10T09:34:07+08:00,
Rick's Garage,Rick's Garage | RICK S GARAGE PTY LTD,,Automotive,2026-07-10T09:34:07+08:00,
J Cerra & Grace CS Pty Ltd & Nia & Company Pty Ltd & Prs Pharma 1 Pty Ltd & Slavin Degens,J Cerra & Grace CS Pty Ltd & Nia & Company Pty Ltd & Prs Pharma 1 Pty Ltd & Slavin Degens | J CERRA AND GRACE CS PTY LTD AND NIA AND COMPANY PTY LTD AND PRS PHARMA 1 PTY LTD AND SLAVIN DEGENS PTY LTD | J Cerra And Grace CS And Nia And And Prs Pharma 1 And Slavin Degens | Leeton Pharmacy | dowley's pharmacy | Leeton Amcal Pharmacy,,Health,2026-07-10T09:34:07+08:00,
Crown Melbourne,Crown Melbourne | CROWN MELBOURNE LIMITED | Crown Casino | Crown | CROWN LTD | 28 Skybar & Lounge | 28 SKYBAR AND LOUNGE | Aerial 28 | Amaya Modern Mexican | Breezes | Casa Del Oro AT Crown | Club 23 | Crown - The Common Room | Crown Casino International | Crown Cellar & | CROWN CELLAR AND CO | Crown Cellar And | Crown Club 23 | Crown College Institute OF Higher Education | Crown College International | Crown Conference Centre | Crown Events | Crown Events & Conferences | CROWN EVENTS AND CONFERENCES | Crown Games | Crown Metropol | Crown Pokies | Crown Promenade | Crown Promenade Hotel | Crown Restaurants | Crown Sports Bar | Crown Tables | Crown Towers | Crown Vip | Crystal Club Bar & Restaurant AT Crown | CRYSTAL CLUB BAR AND RESTAURANT AT CROWN | en BY BJORN FRANTZEN | Evergreen Lounge | Fidel's Bar & Lounge | FIDEL S BAR AND LOUNGE | Fusion AT Crown | George's AT Crown | Ging Thai | Gradi at Crown | Groove Live Bar & Terrace | GROOVE LIVE BAR AND TERRACE | Hawkers Bazaar | Id's AT Crown | Isika | Isika Day Spa | Isika Melbourne | Isika Spa | Jj's Bar & Grill | JJ S BAR AND GRILL | Las Vegas | LE Martini | Long Chim Melbourne | Marmont Bar | Mesh Restaurant And Bar | Mott 32 | MR Hive Kitchen & Bar | MR HIVE KITCHEN AND BAR | Nobu Melbourne | Nobu Restaurant | Number 8 | Number 8 Restaurant & Wine Bar | NUMBER 8 RESTAURANT AND WINE BAR | Petanque | Petanque Social | Poker Room | Promenade AT Crown | Promenade Hotel | Promenade Hotel AT Crown | Promenade Room | Riverside Cafe & Restaurant | RIVERSIDE CAFE AND RESTAURANT | San Antone Restaurant | Sho Noodle Bar | Silks | The Barbershop Cuts and Cocktails | The Conservatory | The Deck | The Henley at Crown Melbourne | The Merry Well | The Merrywell | The Palms AT Crown | The PUB AT Crown | Therapy Nightclub | Tia TO | Tonic AT Crown | Towers Lobby Bar | Twr Bar | Velvet Bar | Victor Churchill Grill,,Gambling,2026-07-10T09:34:07+08:00,
Mayi Aboriginal,Mayi Aboriginal | MAYI ABORIGINAL CORPORATION | Bakery,,Dining Out,2026-07-10T09:34:07+08:00,
Wessel Petroleum,Wessel Petroleum | WESSEL PETROLEUM PTY LTD | Blitz Car Spa Bay City | Blitz Car Spa Northern Beaches | BP Airport | BP Bay City | BP Caloundra | BP Gin Gin | BP Granville | BP Hervey Bay | BP Kingaroy | BP Murgon Roadhouse | BP Noosaville | BP North | BP Northbound Forest Glen | BP Northern Beaches | BP Saltwater Crk Road | BP Sims Road | BP South Rockhampton | BP Tinana South | BP Torbanlea | BP Yabulu | Wessel Petroleum Cooroy,,Transport,2026-07-10T09:34:07+08:00,
Hoyts Cinemas America (Aus),Hoyts Cinemas America (Aus) | HOYTS CINEMAS AMERICA AUS PTY LIMITED | Hoyts Cinemas America | HOYTS CINEMAS AMERICA LIMITED | Hoyts,,Entertainment,2026-07-10T09:34:07+08:00,
Mcg (NSW),Mcg (NSW) | MCG NSW PTY LTD | Mcg | MCG PTY LTD,,Entertainment,2026-07-10T09:34:07+08:00,
The Brunswick East Project,The Brunswick East Project | THE BRUNSWICK EAST PROJECT PTY LTD | Padre Coffee,,Dining Out,2026-07-10T09:34:07+08:00,
Arcade Trader,Arcade Trader | ARCADE TRADER PTY LTD | Hobby Trader Australia,,Retail,2026-07-10T09:34:07+08:00,
Surfboards OF Noosa,Surfboards OF Noosa | SURFBOARDS OF NOOSA PTY LTD | Thomas Surfboards,,Retail,2026-07-10T09:34:07+08:00,
Icon Retail Investments Limited And Agl ACT Retail Investments,Icon Retail Investments Limited And Agl ACT Retail Investments | ICON RETAIL INVESTMENTS LIMITED AND AGL ACT RETAIL INVESTMENTS PTY LTD | Icon Retail Investments And Agl ACT Retail Investments | Actewagl Retail,,Utilities,2026-07-10T09:34:07+08:00,
Fill N GO,Fill N GO | FILL N GO PTY LTD,,Automotive,2026-07-10T09:34:07+08:00,
Good Vibes Personal Training,Good Vibes Personal Training | GOOD VIBES PERSONAL TRAINING PTY LTD | Plc Northgate | Northgate,,Gyms and other memberships,2026-07-10T09:34:07+08:00,
Csquared 2,Csquared 2 | CSQUARED 2 PTY LTD | Albiano | The Italian,,Dining Out,2026-07-10T09:34:07+08:00,
Greedy Gringo,Greedy Gringo | GREEDY GRINGO PTY LTD,,Dining Out,2026-07-10T09:34:07+08:00,
Golden Reins Premium Feeds,Golden Reins Premium Feeds | GOLDEN REINS PREMIUM FEEDS PTY LTD | Northam Feed & Hire | NORTHAM FEED AND HIRE,,Pet Care,2026-07-10T09:37:07+08:00,
News,News | NEWS PTY LIMITED | NEWS LIMITED | News Plus Australia,,Information,2026-07-10T09:37:07+08:00,
Medibank Private,Medibank Private | MEDIBANK PRIVATE LIMITED | Medibank Health Solutions | ahm by Medibank | Ahm Health Insurance | Ahm Oshc | Australian Health Management Health Insurance | Australian Health Management Oshc | Australian Health Management Overseas Student Health Cover | Medibank | Pinnacle Health Group | Well Workforces,,Insurance,2026-07-10T09:37:07+08:00,
N. J. P. L,N. J. P. L | N J P L PTY LTD | NJ - Poto Takeaway | Shean And Nina Takeaway,,Dining Out,2026-07-10T09:37:07+08:00,
Convenience &,Convenience & | CONVENIENCE AND CO PTY LTD | Convenience And | Coco Convenience | Coco Convenience&CO | COCO CONVENIENCE AND CO | Coco Convenience And,,Groceries,2026-07-10T09:37:07+08:00,
WA Transport,WA Transport | WA TRANSPORT PTY LTD,,Transport,2026-07-10T09:37:07+08:00,
Carralong Nominees Pty Ltd & Barry R Reef,Carralong Nominees Pty Ltd & Barry R Reef | CARRALONG NOMINEES PTY LTD AND BARRY R REEF PTY LTD | Carralong Nominees And Barry R Reef | Cicerello's,,Dining Out,2026-07-10T09:37:07+08:00,
S.M Dew & A Stephens,S.M Dew & A Stephens | S M DEW AND A STEPHENS | Cotton ON Wagga | Creative Embroidery and Workwear,,Retail,2026-07-10T09:37:07+08:00,
Mitre 10,Mitre 10 | MITRE 10 LIMITED | True Value Hardware (VIC),,Home Improvement,2026-07-10T09:37:07+08:00,
Monsoon,Monsoon | MONSOON PTY LTD | Monsoon Investment And Mining | MONSOON INVESTMENT AND MINING PTY LTD,,Retail,2026-07-10T09:37:07+08:00,
Hawks,Hawks | HAWKS PTY LIMITED,,Entertainment,2026-07-10T09:37:07+08:00,
Peter Alexander Sleepwear,Peter Alexander Sleepwear | PETER ALEXANDER SLEEPWEAR PTY LTD | Peter Alexander,,Retail,2026-07-10T09:37:07+08:00,
Ipg Management (T),Ipg Management (T) | IPG MANAGEMENT T PTY LTD | Tower Hotel,,Travel,2026-07-10T09:37:07+08:00,
Golf IN The City,Golf IN The City | GOLF IN THE CITY PTY LTD,,Entertainment,2026-07-10T09:37:07+08:00,
Johnny Bigg,Johnny Bigg | JOHNNY BIGG PTY LIMITED,,Retail,2026-07-10T09:37:07+08:00,
Little Nepal Enterprise,Little Nepal Enterprise | LITTLE NEPAL ENTERPRISE PTY LTD | Launceston Mart,,Groceries,2026-07-10T09:37:07+08:00,
Spriggy Schools,Spriggy Schools | SPRIGGY SCHOOLS PTY LTD,,Education,2026-07-10T09:37:07+08:00,
Jmj Foods & Beverages,Jmj Foods & Beverages | JMJ FOODS AND BEVERAGES PTY LTD | Jmj Foods And Beverages | LA Fresco Leeton,,Groceries,2026-07-10T09:37:07+08:00,
Turkish 2 GO Meats,Turkish 2 GO Meats | TURKISH 2 GO MEATS PTY LTD,,Dining Out,2026-07-10T09:37:07+08:00,
Wanderlei Industries,Wanderlei Industries | WANDERLEI INDUSTRIES PTY LTD | Minit Eastlands | Mister Minit Northgate,,Retail,2026-07-10T09:37:07+08:00,
Izba Espresso,Izba Espresso | IZBA ESPRESSO PTY LTD,,Dining Out,2026-07-10T09:37:07+08:00,
Spicy Baboon,Spicy Baboon | SPICY BABOON PTY LTD | Crikey Customs,,Dining Out,2026-07-10T09:37:07+08:00,
Harbour Sushi,Harbour Sushi | HARBOUR SUSHI PTY LTD,,Dining Out,2026-07-10T09:37:07+08:00,
G & G Stephenson Family Trust & J & B Stephenson Family Trust,G & G Stephenson Family Trust & J & B Stephenson Family Trust | G AND G STEPHENSON FAMILY TRUST AND J AND B STEPHENSON FAMILY TRUST | Sportspower,,Retail,2026-07-10T09:37:07+08:00,
Quebec Nominees,Quebec Nominees | QUEBEC NOMINEES PTY LTD | Thingz Gifts | Baroque Life | Kitchen Emporium | Living Emporium,,Retail,2026-07-10T09:37:07+08:00,
J Hyde & N.A Meline,J Hyde & N.A Meline | J HYDE AND N A MELINE | Natalie Anne Meline & Jennifer Hyde | NATALIE ANNE MELINE AND JENNIFER HYDE | The Coffee Tree,,Dining Out,2026-07-10T09:37:07+08:00,
Electronics Boutique Australia,Electronics Boutique Australia | ELECTRONICS BOUTIQUE AUSTRALIA PTY LIMITED | EB Games | Ebgames | Electronics Boutique | Zing Pop Culture,,Retail,2026-07-10T09:37:07+08:00,
Ovalglen Holdings,Ovalglen Holdings | OVALGLEN HOLDINGS PTY LTD | The Red Herring | Bacco Italian Cuisine & Wine Bar | BACCO ITALIAN CUISINE AND WINE BAR | The Surf Club | Red Fish Bar & Grill | RED FISH BAR AND GRILL,,Dining Out,2026-07-10T09:37:07+08:00,
Discovery Holiday Parks,"Discovery Holiday Parks | DISCOVERY HOLIDAY PARKS PTY LIMITED | Acacia Ridge Motor Inn | Adelaide Hills Conferencing | Adelaide Hills Convention Centre | Adelaide Hills Resort | Alice Springs Function Centre | Barossa Haven | Bay Resort Cafe | Bedrock Village | Blackwater Central Motel | Boulder Accommodation Village | Byron Bay Function Centre | Canberra Park | Canberra Park Hotel | Canberra Park Resort | Canberra Tourist Park | Carmichael's Restaurant | Chinamans Bridge Cafe | Cradle Mountain Wilderness Village | Cradle Village | Crossroads Restaurant | Discovery Events | Discovery Experiences | Discovery Experiences - Kimberley Cruises | Discovery Experiences - Undara | Discovery Family Parks | Discovery Living | Discovery Living - Moama | Discovery Parks - Adelaide Beachfront | Discovery Parks - Airlie Beach | Discovery Parks - Alice Springs | Discovery Parks - Ardrossan | Discovery Parks - Argylla | Discovery Parks - Argylla, Mount Isa | Discovery Parks - Ayr | Discovery Parks - Ballina | Discovery Parks - Bargara | Discovery Parks - Barossa Valley | Discovery Parks - Biloela | Discovery Parks - Blackwater | Discovery Parks - Boulder | Discovery Parks - Bright | Discovery Parks - Broome | Discovery Parks - Bunbury Foreshore | Discovery Parks - Bunbury Village | Discovery Parks - Burrill Lake, Ulladulla | Discovery Parks - Busselton | Discovery Parks - Byron Bay | Discovery Parks - Canberra | Discovery Parks - Carnarvon | Discovery Parks - Casino | Discovery Parks - Clare | Discovery Parks - Cloncurry | Discovery Parks - Coffin Bay | Discovery Parks - Coogee Beach | Discovery Parks - Coolwaters, Yeppoon | Discovery Parks - Cradle Mountain | Discovery Parks - Darwin | Discovery Parks - Delamere | Discovery Parks - Devonport | Discovery Parks - Dubbo | Discovery Parks - Echuca | Discovery Parks - Eden | Discovery Parks - Emerald | Discovery Parks - Emerald Beach | Discovery Parks - Forster | Discovery Parks - Fraser Street, Hervey Bay | Discovery Parks - Geelong | Discovery Parks - Gerroa | Discovery Parks - Glen Helen | Discovery Parks - Goolwa | Discovery Parks - Grampians | Discovery Parks - Hadspen | Discovery Parks - Hahndorf | Discovery Parks - Halls Gap | Discovery Parks - Harrington Beach | Discovery Parks - Hobart | Discovery Parks - Horseshoe Lagoon | Discovery Parks - Jindabyne | Discovery Parks - Kalgoorlie Goldfields | Discovery Parks - Kangaroo Island | Discovery Parks - Katherine | Discovery Parks - Katherine River | Discovery Parks - Kings Canyon | Discovery Parks - Lake Bonney | Discovery Parks - Lake Hume | Discovery Parks - Lake Hume, New South Wales | Discovery Parks - Lake Hume, Victoria | Discovery Parks - Lake Kununurra | Discovery Parks - Lake Tinaroo | Discovery Parks - Lane Cove | Discovery Parks - Mackay | Discovery Parks - Maidens Inn Moama | Discovery Parks - Margaret River | Discovery Parks - Melbourne | Discovery Parks - Mildura, Buronga Riverside | Discovery Parks - Moama Waters | Discovery Parks - Moama West | Discovery Parks - Mornington Hobart | Discovery Parks - Mount Buffalo | Discovery Parks - Mount Isa | Discovery Parks - Mount Surprise | Discovery Parks - Nagambie Lakes | Discovery Parks - Narooma Beach | Discovery Parks - Onslow | Discovery Parks - Pambula Beach | Discovery Parks - Perth Airport | Discovery Parks - Pilbara, Karratha | Discovery Parks - Port Augusta | Discovery Parks - Port Hedland | Discovery Parks - Renmark | Discovery Parks - Renmark Riverfront | Discovery Parks - Robe | Discovery Parks - Rockhampton | Discovery Parks - Roxby Downs | Discovery Parks - Streaky Bay Foreshore | Discovery Parks - Swan Valley | Discovery Parks - Tannum Sands | Discovery Parks - Townsville | Discovery Parks - Warrnambool | Discovery Parks - West Busselton | Discovery Parks - Whyalla Foreshore | Discovery Parks - Woodman Point | Discovery Parks & Resorts | DISCOVERY PARKS AND RESORTS | Discovery Resorts | Discovery Resorts - Cradle Mountain | Discovery Resorts - Glen Helen | Discovery Resorts - Kings Canyon | Discovery Resorts - Lake Argyle | Discovery Resorts - Undara | Discovery Resorts - Wilpena Pound | Discovery Top Parks | Discovery Workstay | Eco Brewing | ECO BREWING COMPANY | El Questro | El Questro Emma Gorge | El Questro Homestead | El Questro Station | El Questro Station and Homestead | El Questro Wilderness Park | Elanda Eco Camp | Emma Gorge Resort | Emma's Restaurant | Everglades Eco Safaris | G'day Group Holdings | Glen Helen Lodge | Glenview Par 3 Golf Course | Habitat Noosa | Habitat Noosa Everglades Eco Camp | Hahndorf Accommodation | Hahndorf Resort | Hahndorf Resort & Convention Centre | HAHNDORF RESORT AND CONVENTION CENTRE | Hellyers Restaurant | highview holiday village | Kangaroom Noosa | Kangarooms Noosa | Kings Canyon Bar and Grill | Kings Canyon Resort | Kings Canyon Resort Service Station and General Store | Lake Tinaroo Caravan Park | Lake Tinaroo Holiday Park | Lake Tinaroo Lifestyle Village | Luritja Lookout | Nagambie Lakes Function Centre | Noosa River Eco Adventures | Renmark Riverfront Holiday Park | The CootharaBAR | The Station Steakhouse | The Swinging Arm Bar and Grill | The Thirsty Dingo Bar | Under a Desert Moon | Upper Noosa River Watersports | Western K.I. Caravan Park and Wildlife Reserve | Wilpena Pound Resort",,Travel,2026-07-10T09:37:07+08:00,
Fitness Passport,Fitness Passport | FITNESS PASSPORT PTY LTD,,Gyms and other memberships,2026-07-10T09:37:07+08:00,
Clandestino,Clandestino | CLANDESTINO PTY LTD | Clandestino Coffee | Belmondos Kitchen,,Dining Out,2026-07-10T09:37:07+08:00,
Mega Holidays,Mega Holidays | MEGA HOLIDAYS PTY LTD | Direct Flights | Ezy Travellers | Flights Flights,,Travel,2026-07-10T09:37:07+08:00,
Mscr Industries,Mscr Industries | MSCR INDUSTRIES PTY LTD | Gelato Rumba,,Dining Out,2026-07-10T09:37:07+08:00,
Australian Red Cross Society,Australian Red Cross Society | Australian Red Cross National Office | Australian Red Cross Blood Service | Australian Red Cross Blood Service - Hobart | Australian Red Cross Blood Service - National Office | Australian Red Cross Blood Service - NSW & ACT | AUSTRALIAN RED CROSS BLOOD SERVICE NSW AND ACT | Australian Red Cross Blood Service - NW Region (NT) | Australian Red Cross Blood Service - NW Region (WA) | Australian Red Cross Blood Service - Queensland | Australian Red Cross Blood Service - Victoria | Australian Red Cross Society - ACT Division | Australian Red Cross Society - Northern Territory Division | Australian Red Cross Society - NSW Division | Australian Red Cross Society - Queensland Division | Australian Red Cross Society - South Australian Division | Australian Red Cross Society - Tasmanian Division | Australian Red Cross Society - Western Australia Division | Australian Red Cross Society Victoria | Australian Red Cross | Australian Red Cross First Aid And Mental Health | Australian Red Cross Lifeblood | Humanitech | Lady Lawley Cottage | Red Cross | Red Cross College | Society OF Women Leaders,,Donations,2026-07-10T09:37:07+08:00,
Power Energy,Power Energy | POWER ENERGY PTY LTD | Metro Petroleum (Clontarf) | Metro Petroleum (Walkerston),,Utilities,2026-07-10T09:37:07+08:00,
Delicious Delights,Delicious Delights | DELICIOUS DELIGHTS PTY LTD,,Dining Out,2026-07-10T09:37:07+08:00,
Main Roads,Main Roads | Main Roads Western Australia | Dept OF Main Roads Salaried Staff | NorthLink WA,,Transport,2026-07-10T09:37:07+08:00,
Caloundra Golf Club,Caloundra Golf Club | CALOUNDRA GOLF CLUB INC,,Gyms and other memberships,2026-07-10T09:37:07+08:00,
Pencray,Pencray | PENCRAY PTY LTD | Prince Alfred Hotel | Brassall Bottleshop | Bundamba Liour Mart | Harry Brown Merchant Trader | Warwick RD Liquor | Booval Brewing | BOOVAL BREWING CO | char'd restaurant | Lavoob | Plantations Coffee Shop | Plantations restaurant | Tap'd craft beer & cuisine | TAP D CRAFT BEER AND CUISINE | Tapkids | Tapp'd | Taptherapy | The Prince Alfred Hotel | The Prince Alfred Hotel Booval,,Dining Out,2026-07-10T09:39:48+08:00,
Factory X,Factory X | FACTORY X PTY LTD | Dangerfield | IT | IT INC | Revival | Alannah Hill | Autonomy | Autonomy Online | Jack London,,Retail,2026-07-10T09:39:48+08:00,
Eddy Longboard,Eddy Longboard | EDDY LONGBOARD PTY LTD | Bombora Seafood | longboard cafe,,Dining Out,2026-07-10T09:39:48+08:00,
K Khan & T Mahmood,K Khan & T Mahmood | K KHAN AND T MAHMOOD | Hateem Petroleum | Metro Petroleum,,Automotive,2026-07-10T09:39:48+08:00,
William Tyler Veterinary Practice Pty. Ltd. & Hapeme DA Silva Trust,William Tyler Veterinary Practice Pty. Ltd. & Hapeme DA Silva Trust | WILLIAM TYLER VETERINARY PRACTICE PTY LTD AND HAPEME DA SILVA TRUST | William Tyler Veterinary Practice And Hapeme DA Silva Trust | Shellharbour,,Pet Care,2026-07-10T09:39:48+08:00,
MY Street Food,MY Street Food | MY STREET FOOD PTY LTD,,Dining Out,2026-07-10T09:39:48+08:00,
Mirage Car Wash,Mirage Car Wash | MIRAGE CAR WASH PTY LTD | Imo Car Wash,,Automotive,2026-07-10T09:39:48+08:00,
Strandbags Group,Strandbags Group | STRANDBAGS GROUP PTY LIMITED | STRANDBAGS GROUP PTY LTD | FLYLITE Travelgoods | Strandbags,,Retail,2026-07-10T09:39:48+08:00,
Dannoun Group,Dannoun Group | DANNOUN GROUP PTY LTD | Pizza Pasta | PIZZA PASTA CO,,Dining Out,2026-07-10T09:39:48+08:00,
NRMA Tasmania,NRMA Tasmania | NRMA TASMANIA PTY LTD | Cradle Mountain Cafe | Cradle Mountain Hotel | Derwent Bridge Wilderness Hotel | Elements Cafe Cradle Mountain | Freycinet Adventures | Freycinet Lodge | Freycinet Springs & Spa | FREYCINET SPRINGS AND SPA | Gordon River Cruises | Hamers Hotels | Pumphouse Point | Strahan Activity Centre | Strahan Village Cottages | The Bonnet Island Experience | The Gordon River Cruise | THE GORDON RIVER CRUISE COMPANY | The Strahan Village | the wild rivers | the wild rivers shop | The Wilderness Gallery | wild rivers,,Insurance,2026-07-10T09:39:48+08:00,
R.P Weare & S.N Weare,R.P Weare & S.N Weare | R P WEARE AND S N WEARE | Robyn Patricia and Stephen Nicholas Weare | The Warehouse,,Department Stores,2026-07-10T09:39:48+08:00,
Red Square Productions,Red Square Productions | RED SQUARE PRODUCTIONS PTY LTD | Red Square | Pure Fusion | Red Square Communications | Red Square Interactive | Wireless Applications Productions Aust Ralia,,Entertainment,2026-07-10T09:39:48+08:00,
Clearance Outlet,Clearance Outlet | CLEARANCE OUTLET PTY LIMITED | Princess,,Retail,2026-07-10T09:39:48+08:00,
Toniton Australia,Toniton Australia | TONITON AUSTRALIA PTY LTD | Sushi Garden,,Dining Out,2026-07-10T09:39:48+08:00,
Jacaranda Finance,Jacaranda Finance | JACARANDA FINANCE PTY LTD,,Debt Consolidation,2026-07-10T09:39:48+08:00,
Gioconda Coffee Roasters,Gioconda Coffee Roasters | GIOCONDA COFFEE ROASTERS PTY LTD | Gear Coffee | Giddy Up Coffee Beans,,Dining Out,2026-07-10T09:39:48+08:00,
D Gance & Nhan Truong Pharmacy,D Gance & Nhan Truong Pharmacy | D GANCE AND NHAN TRUONG PHARMACY PTY LTD | D Gance And Nhan Truong Pharmacy | Chemist Warehouse Caloundra,,Health,2026-07-10T09:39:48+08:00,
Sporting Globe Mandurah,Sporting Globe Mandurah | SPORTING GLOBE MANDURAH PTY LTD,,Dining Out,2026-07-10T09:39:48+08:00,
Active Basics,Active Basics | ACTIVE BASICS PTY LTD,,Retail,2026-07-10T09:39:48+08:00,
Namaste Spice Hub,Namaste Spice Hub | NAMASTE SPICE HUB PTY LTD,,Dining Out,2026-07-10T09:39:48+08:00,
Spywill Amusements,Spywill Amusements | SPYWILL AMUSEMENTS PTY LIMITED,,Entertainment,2026-07-10T09:39:48+08:00,
West HQ,West HQ | WEST HQ LIMITED | Rooty Hill Rsl Club | ROOTY HILL RSL CLUB LTD | Novotel Sydney Rooty Hill | 33 Bar & Grill | 33 BAR AND GRILL | 33Grill | 33Grill Bar & Dining | 33GRILL BAR AND DINING | Chu Restaurant by China Doll | Coliseum Theatre | Corner Cafe West HQ | Eat Street Bar | Eat Street West HQ | Gelatissimo West HQ | Harriet's Chicken | New Town Thai | New Town Thai Street Food | Novotel Sydney West HQ | ONE55 Health & Fitness | ONE55 HEALTH AND FITNESS | Pizzaperta Manfredi | Sgac | SGAC Aquatics | SGAC Swim School | Southern Terrace Bar & Coffee Shop | SOUTHERN TERRACE BAR AND COFFEE SHOP | Steak & Co by Sean Connolly | STEAK AND CO BY SEAN CONNOLLY | Steak And BY Sean Connolly | Steak & Oyster Co by Sean Connolly | STEAK AND OYSTER CO BY SEAN CONNOLLY | Steak And Oyster BY Sean Connolly | Sydney Coliseum | Sydney Coliseum Theatre | Sydney Gymnastic And Aquatic Centre | Sydney Gymnastics Centre | Sydney Gymnastics Club | The Coliseum | Total Country | West HQ Events | West HQ Loyal | West HQ Loyalty | West HQ Rewards | West HQ View,,Entertainment,2026-07-10T09:39:48+08:00,
Feathers Boutique,Feathers Boutique | FEATHERS BOUTIQUE PTY LTD | Feathers | F-Line BY Feathers,,Retail,2026-07-10T09:39:48+08:00,
Brisbane Airport,Brisbane Airport | BRISBANE AIRPORT CORPORATION PTY LIMITED | BRISBANE AIRPORT CORPORATION LIMITED | Brisbane Airport Parking | Brisbane Export Park | Brisbane International | Brisbane International Airport | Freshport | Skygate,,Travel,2026-07-10T09:39:48+08:00,
Covau,Covau | COVAU PTY LIMITED,,Utilities,2026-07-10T09:39:48+08:00,
Drummond Golf,Drummond Golf | DRUMMOND GOLF PTY LTD | Australian Discount Golf | Mimatch,,Retail,2026-07-10T09:39:48+08:00,
Darroo,Darroo | DARROO PTY LTD | Red Rooster Darwin,,Dining Out,2026-07-10T09:39:48+08:00,
Tatts Online,Tatts Online | TATTS ONLINE PTY LTD,,Gambling,2026-07-10T09:39:48+08:00,
Chandler Megafresh,Chandler Megafresh | CHANDLER MEGAFRESH PTY LTD,,Groceries,2026-07-10T09:39:48+08:00,
S Pizza,S Pizza | S PIZZA PTY LTD,,Dining Out,2026-07-10T09:39:48+08:00,
Restaura,Restaura | RESTAURA PTY LTD | Flawless Finishes AU,,Dining Out,2026-07-10T09:39:48+08:00,
The Illawarra Hospitality,The Illawarra Hospitality | THE ILLAWARRA HOSPITALITY COMPANY | Wickam Unit Trust and Illawarra Hotel Trust | Hotel Illawarra,,Dining Out,2026-07-10T09:39:48+08:00,
Leeton Soldiers' Club,Leeton Soldiers' Club | LEETON SOLDIERS CLUB LTD,,Entertainment,2026-07-10T09:39:48+08:00,
Eyewear Melbourne,Eyewear Melbourne | EYEWEAR MELBOURNE PTY LTD,,Personal Care,2026-07-10T09:39:48+08:00,
Mccullough Healthcare,Mccullough Healthcare | MCCULLOUGH HEALTHCARE PTY LTD | Stradbroke Pharmacy | Surfstreet,,Health,2026-07-10T09:39:48+08:00,
Sushi Hub Holding,Sushi Hub Holding | SUSHI HUB HOLDING PTY LTD | Sushi Hub,,Dining Out,2026-07-10T09:39:48+08:00,
Shire OF York,Shire OF York | York Visitor Centre,,Utilities,2026-07-10T09:39:48+08:00,
Happy Apple &,Happy Apple & | HAPPY APPLE AND CO PTY LTD | Happy Apple And,,Groceries,2026-07-10T09:42:08+08:00,
Benvenuti,Benvenuti | BENVENUTI PTY LTD,,Dining Out,2026-07-10T09:42:08+08:00,
Healthyworld Pharmacy Coomera,Healthyworld Pharmacy Coomera | HEALTHYWORLD PHARMACY COOMERA PTY LTD,,Health,2026-07-10T09:42:08+08:00,
SH Midland Gate 2,SH Midland Gate 2 | SH MIDLAND GATE 2 PTY LTD | Sushi Hub Midland Gate 2,,Retail,2026-07-10T09:42:08+08:00,
Horky Dares Health Group,Horky Dares Health Group | HORKY DARES HEALTH GROUP PTY LTD | Phoenix Health | PHOENIX HEALTH CO,,Health,2026-07-10T09:42:08+08:00,
Parking,The Bright Trust & The Trustee For The Fosbery Estate Trust | THE TRUSTEE FOR THE BRIGHT TRUST AND THE TRUSTEE FOR THE FOSBERY ESTATE TRUST | Parking,,Automotive,2026-07-10T09:42:08+08:00,
Translawcom,Translawcom | TRANSLAWCOM PTY LTD | Brander Smith McKnight | Brander Smith McKnight Lawyers | Brander Smith McKnight Lawyers Sydney | BSM Sydney Business Lawyers | BSM Sydney Construction Lawyers | Civil Litigation | Civil Litigation Lawyers Sydney | Construction and Building Lawyers Sydney | Debt Recovery | Debt Recovery Lawyers Sydney | Estate Dispute | Estate Dispute Lawyers | Estate Dispute Lawyers Sydney | Lawyer Sydney | Property Dispute | Property Dispute Lawyers | Property Dispute Lawyers Sydney,,Debt Collection,2026-07-10T09:42:08+08:00,
Melissa-Anne Roosendaal & Renato L Fiore & John G Bryant,Melissa-Anne Roosendaal & Renato L Fiore & John G Bryant | MELISSA ANNE ROOSENDAAL AND RENATO L FIORE AND JOHN G BRYANT | The Good Guys,,Retail,2026-07-10T09:42:08+08:00,
Phillip Colasante & T. Chiu,Phillip Colasante & T. Chiu | PHILLIP COLASANTE AND T CHIU | Chemist Warehouse Logan Central,,Health,2026-07-10T09:42:08+08:00,
Mackay Cricket Association,Mackay Cricket Association | MACKAY CRICKET ASSOCIATION INC | Harrup Park Country Club | Great Barrier Reef Arena | Harrup Park,,Entertainment,2026-07-10T09:42:08+08:00,
Five Dock Rsl Community Club,Five Dock Rsl Community Club | FIVE DOCK RSL COMMUNITY CLUB LIMITED | Club Five Dock | Five Dock Rsl Memorial Bowling Club | Southern Cross Conference/Function Centre | C5DRSL | Club Five Dock Rsl | Dock & | DOCK AND CO | Dock And | LA Casa Terrace & Events | LA CASA TERRACE AND EVENTS,,Entertainment,2026-07-10T09:42:08+08:00,
Queensland Venue,Queensland Venue | QUEENSLAND VENUE CO PTY LTD | Local Hero | Liquorland | Tingalpa Hotel | Babylon Brisbane | Bayswater Bar & Grill | BAYSWATER BAR AND GRILL | Beenleigh Tavern | Bentley Hotel | Big Gay Day | Bonny View Hotel | Bonny View Tavern | Boundary Hotel | Boundary Hotel Bottleshop | Bribie Island Hotel | Browns Plains Hotel | Burleigh Town Hotel | Burleigh Town Tavern | Cannon Hill Tavern | Chancellors Tavern | Civic Hotel | Club Hotel - Waterford | Coomera Lodge Hotel | Currimundi Hotel Motel | Death & Co Brisbane | DEATH AND CO BRISBANE | Death And Brisbane | Diamonds Bar & Gaming | DIAMONDS BAR AND GAMING | Diamonds Tavern | Everton Park Hotel | Finn Mccools Brisbane | Finn McCools Gold Coast | Goldie's Tavern | Hampstead Hotel | Hey Chica Brisbane | Hope Inn Hotel | Hotel HQ | Jimmy's on the Mall | Jindalee Hotel | Kenmore Tavern | Kings Beach Tavern | Koala Tavern | Leftys Music Hall | Leopold Hotel | Lord Alfred Hotel | Lulu Rooftop Bar (Gold Coast) | Mango Hill Tavern | Mansfield Tavern | MI HI Tavern | Morayfield Tavern | Newnham Hotel | Old Bundaberg Tavern | Oxley Hotel | Port Office Hotel | Redcliffe Tavern | Regatta Boat Shed | Regatta Hotel | Retro Cocktail Lounge | Retros Gold Coast | Riverland Brisbane | Riverside Arms | Royal Mail Hotel Tewantin | Runaway Bay Tavern | Salisbury Hotel | Sandbar Surfers Paradise | Sands Tavern Maroochydore | Spirit Hotels | Spring Lake Hotel | Taigum Tavern | The Cavill Hotel | The Hope Island Tavern | The Local Tavern | The Lord Alfred | The Portadown Hotel | The Royal Hotel Nundah | Victoria Park Hotel | Wallaby Hotel | Waterloo Hotel,,Dining Out,2026-07-10T09:42:08+08:00,
J.A.C.K. And Associates,J.A.C.K. And Associates | J A C K AND ASSOCIATES PTY LTD | Subway,,Dining Out,2026-07-10T09:42:08+08:00,
Costco Wholesale Australia,Costco Wholesale Australia | COSTCO WHOLESALE AUSTRALIA PTY LTD | Costco | Costco Business Delivery | Costco Wholesale,,Groceries,2026-07-10T09:42:08+08:00,
Vending Machines,Vending Machines | VENDING MACHINES PTY LTD,,Retail,2026-07-10T09:42:08+08:00,
Credit Solutions,Credit Solutions | CREDIT SOLUTIONS PTY LTD,,Debt Collection,2026-07-10T09:42:08+08:00,
Sheza Beauty Lounge,Sheza Beauty Lounge | SHEZA BEAUTY LOUNGE PTY LTD | Sheza Beauty,,Personal Care,2026-07-10T09:42:08+08:00,
Freshfood NO6,Freshfood NO6 | FRESHFOOD NO6 PTY LTD,,Groceries,2026-07-10T09:42:08+08:00,
Tolita,Tolita | TOLITA PTY LTD | Intersport Moranbah,,Retail,2026-07-10T09:42:08+08:00,
Platinum Freight Management,Platinum Freight Management | PLATINUM FREIGHT MANAGEMENT PTY LTD | 365 Customs Brokers | 365 Customs Clearance | A1 Customs Agents | A1 Customs Brokers | A1 Customs Clearance | Aclfta | Aclfta Customs Brokers | Across The Ditch Customs Brokers | Adelaide Customs | Adelaide Customs Agents | Adelaide Freight Forwarders | Aerotropolis Customs Brokers | Aerotropolis Customs Clearance | After Hours Customs Brokers | After Hours Customs Clearance | Aicis | Aiecta | Aiecta Customs Brokers | Air Cargo | Air Cargo Customs Brokers | Air Freight | Air Freight Customs Brokers | Alheit | Alice Springs Customs Brokers | Ansett | Ansett Customs Brokers | Anz Customs Brokers | Anz Customs Clearance | Aqis | Aqis Brokers | Aqis Clearances | Asbestos Free Customs Brokers | Aukfta | Aukfta Customs Brokers | Ausfta | Ausfta Customs Brokers | Australian Border | Australian Border Brokers | Australian Border Customs Brokers | Australian Border Force Customs Brokers | Australian Cargo Agents | Australian Cargo Brokers | Australian Customs | Australian Customs Agency | Australian Customs Agents | Australian Customs Brokerage | Australian Customs Channel | Australian Customs Declarant | Australian Customs News | Australian Freight Agents | Australian Freight Brokers | Australian Freight Forwarding | Australian Quarantine Brokers | Australian Quarantine Declarant | Australian Shipping Agencies | Australian Shipping Agency | Australian Shipping Agents | Australian Shipping Brokers | Avalon Customs Brokers | Bankstown Customs Brokers | Bass Customs Brokers | Bax Global | Bell Bay Customs Brokers | Bell Bay Port | Bell Bay Port Customs Brokers | Bendigo Customs | Bendigo Customs Brokers | Blacktown Customs | Bmsb Customs Brokers | Bmsb Customs Clearance | Bona Fide Customs Agents | Bona Fide Customs Brokers | Bona Fide Customs Clearance | Botany Customs | Braywin | Braywin Customs | Braywin Customs Brokers | Break Bulk | Break Bulk Customs Brokers | Brisbane Customs | Brisbane Customs Agents | Brisbane Freight Forwarders | Brisbane Port | Brisbane Port Customs Brokers | Broome Customs | Broome Customs Brokers | Burlington Air Express | Burnie Customs Brokers | Cairns Customs Brokers | Canberra Customs | Canberra Customs Agents | Canberra Customs Brokers | Centurion Customs Brokers | Chafta Customs Brokers | Circle Customs Brokers | Circle Freight International | Cowling & Perry | COWLING AND PERRY | Cptpp | Cptpp Customs Brokers | Customs Agency | Customs Agent | Customs Declarant | Daff Brokers | Daff Customs Brokers | Dampier Customs Brokers | Dampier Port Customs Brokers | Dandenong Customs | Dangerous Goods Customs Brokers | Dangerous Goods Customs Clearance | Darwin Customs | Darwin Customs Agents | Darwin Freight Forwarders | Darwin Port | Darwin Port Customs Brokers | Dcceew | Devonport Customs Brokers | Diamond Cargo | Diamond Customs | Diamond Customs Brokers | Diamond Freight | Dotars | Dotars Customs Brokers | Dotars Customs Clearance | Dumping Duty Customs Brokers | Dumping Duty Customs Clearance | Eagle Global Logistics | EN Route Customs Brokers | Express Customs Brokers | Express Release Customs Brokers | Fast Track Customs Brokers | Fcl | Fcl Customs Brokers | Fid Clearances | First Class Customs Brokers | First Class Customs Clearance | First Customs Brokers | First Customs Clearance | First Time Customs Clearance | First Time Importers | Five Star Customs Brokers | Five Star Customs Clearance | Fliway | Food Customs Broker | Food Customs Clearance | Freight Forwarders Behaving Badly | Freight Management | Fremantle Customs | Fremantle Freight Forwarders | Fremantle Port Customs Brokers | Fritz Fliway | Full Container Load | Full Container Load Customs Brokers | Galaxy Customs Brokers | Geelong Customs | Geelong Customs Brokers | Geraldton Customs Brokers | Gladstone Customs Brokers | Gold Coast Customs | Gold Coast Customs Brokers | Green Cargo | Green Customs Brokers | Green Customs Clearance | Hobart Customs | Hobart Customs Agents | Hobart Customs Brokers | Hobart Port | Hobart Port Customs Brokers | Importers Behaving Badly | Indirect Tax | Indirect Tax Customs Agents | Indirect Tax Customs Brokers | Indirect Tax Customs Clearance | Intermodal Customs Brokers | Iridium Customs Brokers | Jafta Customs Brokers | John Fletcher International | Kafta | Kafta Customs Brokers | Khapra Customs Brokers | Khapra Customs Clearance | Kwinana Customs Brokers | Kwinana Port Customs Brokers | Late Clearance Customs Brokers | Launceston Customs | Lcl Customs Brokers | Less Than A Container Load | Less Than A Container Load Customs Brokers | Macbro Customs | Macbro Customs Brokers | Mackay Customs | Mackay Customs Brokers | Mackay Port Customs Brokers | Mafta Customs Brokers | Marry Your Customs Broker | Mascot Customs | Mediterranean Customs Brokers | Melbourne Customs | Melbourne Customs Agents | Melbourne Freight Forwarders | Moorebank Customs Brokers | Moorebank Intermodal Customs Brokers | Moulin Rouge | Newcastle Customs | Newcastle Customs Brokers | Newcastle Port | Newcastle Port Customs Brokers | Nicnas | Nicnas Customs Brokers | Nicnas Customs Clearance | Norfolk Island Customs Brokers | O.C.Batchelor & Sons | O C BATCHELOR AND SONS | Once A Boy Now A Man | One Customs Brokers | One Touch Customs | One Touch Customs Brokers | One Touch Customs Clearance | Open Top Customs Brokers | Osmium Customs Brokers | Out OF Gauge Customs Brokers | Pacific Customs | Pacific Customs Brokers | Palladium Customs | Palladium Customs Brokers | Palladium Foundation | Palladium Foundation Australia | Parcel Post Customs Brokers | Parramatta Customs | Pax Clearances | Personal Effects Clearances | Personal Effects Customs Brokers | Perth Customs | Perth Customs Agents | Perth Freight Forwarders | Peter Mcrae | Plain Sailing | Plain Sailing Consultants | Plain Sailing Maritime Consultants | Plane Sailing Customs Brokers | Plane Sailing Maritime Consultants | Platinum Aerospace | Platinum Aluminium | Platinum Bulk Haulage | Platinum Car Carriers | Platinum Cargo | Platinum Cargo And Customs | Platinum Commercial | Platinum Connect | Platinum Couriers | Platinum Couture | Platinum Customs | Platinum Customs Brokers | Platinum Distilling | Platinum Earthworks & Haulage | PLATINUM EARTHWORKS AND HAULAGE | Platinum Excavators | Platinum Express | Platinum Food Trucks | Platinum Foundation | Platinum Foundation Australia | Platinum Freight Forwarders | Platinum Freight Forwarding | Platinum Freight Services | Platinum Global | Platinum Granny Flats | Platinum Haulage | Platinum Heavy Machinery | Platinum Insurance | Platinum International Cargo | Platinum Jewellers | Platinum Lithium | Platinum Logistics | Platinum Machinery | Platinum Online | Platinum Pods | Platinum Pro Logistics | Platinum Quarantine | Platinum Renewables | Platinum Repatriation | Platinum Road | Platinum Saunas | Platinum Sea | Platinum Shipping | Platinum Shipping Agencies | Platinum Shipping Agency | Platinum Skip Bins | Platinum Spray Booths | Platinum Storage Solutions | Platinum Textiles | Platinum Tiny Homes | Platinum Tractors | Platinum Transport | Platinum Transport Equipment | Platinum Transport Group | Platinum Transport Services | Platinum Truck Bodies | Platinum Truck Haulage | Platinum Tyres | Platinum Warehouse | Platinum Warehouse Solutions | Platinum Warehousing | Port Adelaide | Port Adelaide Customs Brokers | Port Botany | Port Botany Customs Brokers | Port Kembla Customs Brokers | Port Melbourne | Port Melbourne Customs Brokers | Pre Arrival Assessment | Pre Clearance Customs Brokers | Premium Customs Brokers | Priority Customs Brokers | Priority Customs Clearance | Quarantine Brokers | Quarantine Clearances | Quay Customs Brokers | Reverse Clearance | Rhodium Customs Brokers | Roll ON Roll Off | Roll ON Roll Off Customs Brokers | Rural Customs Brokers | Ruthenium | Ruthenium Customs Brokers | Sac Clearances | Sac Customs Brokers | Safta Customs Brokers | Sapphire Customs Brokers | Sea Cargo | Sea Cargo Customs Brokers | Sea Freight Customs Brokers | Seasonal Pest Customs Brokers | Seasonal Pest Customs Clearance | Self Assessed Clearance Customs Brokers | Self Assessed Customs Clearance | Shipping Lines Behaving Badly | Single Window | Single Window Customs | Single Window Customs Brokers | Single Window Customs Clearance | Smart Customs Brokers | Smooth AS Silk Customs Brokers | Sydney Customs | Sydney Customs Agents | Tafta Customs Brokers | Tasman Customs | Tasman Customs Brokers | Thursday Island Customs Brokers | Tight Ass | Tight Ass Clearance | Tight Ass Customs | Tight Ass Customs Brokers | Titanium Customs | Titanium Customs Brokers | Titanium Foundation | Titanium Foundation Australia | Toowoomba Customs | Toowoomba Customs Brokers | Townsville Customs Brokers | Townsville Port Customs Brokers | Trademark Customs Brokers | Tsw Customs Brokers | Tullamarine Customs | Tullamarine Customs Brokers | Tullamarine Customs Clearance | Universal Air Cargo | Universal Customs Brokers | University Customs Broker | University Customs Clearance | UP IN The Air Customs Brokers | Urgent Customs Brokers | Urgent Customs Clearance | Valuable Cargo | Valuable Cargo Customs Brokers | Western Sydney Customs | Western Sydney Customs Brokers | Western Sydney Customs Clearance | Wollongong Customs Brokers | Yennora Customs Brokers | Yennora Intermodal | Yennora Intermodal Customs Brokers | Your Customs Broker,,Transport,2026-07-10T09:42:08+08:00,
Game,Game | GAME CORP PTY LTD | Game Integrity | Game Strategy | Huntley and Howlett Trademark Law,,Retail,2026-07-10T09:42:08+08:00,
Univision Group,Univision Group | UNIVISION GROUP PTY LTD | Ashleigh | Fortuna Fashion,,Entertainment,2026-07-10T09:42:08+08:00,
Fresh FR,Fresh FR | FRESH FR CO PTY LTD,,Groceries,2026-07-10T09:42:08+08:00,
SG Anthony,SG Anthony | SG ANTHONY PTY LTD | Richie's Bakery Cooroy | Richie's Bakery Tewantin | SG Bakery | Sg bakery cafe | SG Bakery Coolum | SG Cafe,,Dining Out,2026-07-10T09:42:08+08:00,
Roslyn Thai,Roslyn Thai | ROSLYN THAI PTY LTD | Kuru,,Dining Out,2026-07-10T09:42:08+08:00,
Murphy's,Murphy's | MURPHY S PTY LTD,,Dining Out,2026-07-10T09:42:08+08:00,
YH & M,YH & M | YH AND M PTY LTD | YH And M | Hungry Birds,,Dining Out,2026-07-10T09:42:08+08:00,
Penrith R S L Club,Penrith R S L Club | PENRITH R S L CLUB LTD | Penrith Rsl Club | Events AT 8 | Events AT Eight | Fitness World Australia | Next Door Penrith | Penrith Hair Affair | The Grid Penrith,,Gambling,2026-07-10T09:42:08+08:00,
Rac Insurance,Rac Insurance | RAC INSURANCE PTY LIMITED | Marineguard | Motorguard | Travelguard,,Insurance,2026-07-10T09:42:08+08:00,
Burger Urge,Burger Urge | BURGER URGE PTY LTD | Burger Urge West End,,Dining Out,2026-07-10T09:42:08+08:00,
Ipf Digital Australia,Ipf Digital Australia | IPF DIGITAL AUSTRALIA PTY LTD | Credit24 | Sving,,Debt Consolidation,2026-07-10T09:42:08+08:00,
Budgy Smuggler,Budgy Smuggler | BUDGY SMUGGLER PTY LTD,,Retail,2026-07-10T09:42:08+08:00,
Partnership OF TDE88 Golden Tree Investment Family Trust & VU 3838 Family Trust,Partnership OF TDE88 Golden Tree Investment Family Trust & VU 3838 Family Trust | PARTNERSHIP OF TDE88 GOLDEN TREE INVESTMENT FAMILY TRUST AND VU 3838 FAMILY TRUST | Central West Bakery,,Dining Out,2026-07-10T09:42:08+08:00,
Raw & Rice,Raw & Rice | RAW AND RICE PTY LTD | Raw And Rice,,Dining Out,2026-07-10T09:42:08+08:00,
Doonan Trading,Doonan Trading | DOONAN TRADING COMPANY PTY LTD | The Doonan PUB,,Dining Out,2026-07-10T09:42:08+08:00,
Miyamoto Medical,Miyamoto Medical | MIYAMOTO MEDICAL PTY LTD,,Health,2026-07-10T09:42:08+08:00,
Savi Imex,Savi Imex | SAVI IMEX PTY LTD | Moffat Beach Bakery | Tooway Creek Bakery,,Dining Out,2026-07-10T09:42:08+08:00,
W B Real Estate,W B Real Estate | W B REAL ESTATE PTY LTD | L J Hooker Craigmore Elizabeth | L.J. Hooker-Salisbury | LJ Hooker Craigmore | Elizabeth | LJ HOOKER CRAIGMORE ELIZABETH,,Rent,2026-07-10T09:44:03+08:00,
Maddad,Maddad | MADDAD PTY LTD | Beach & Surf Photography | BEACH AND SURF PHOTOGRAPHY | Art Conservation | Art Conservation OF Cultural Material | Beach & Surf | BEACH AND SURF | Conservation OF Cultural Material | Frame My Horse | www.beachandsurf.com,,Retail,2026-07-10T09:44:03+08:00,
Guzman Y Gomez Restaurant Group,Guzman Y Gomez Restaurant Group | GUZMAN Y GOMEZ RESTAURANT GROUP PTY LIMITED | Guzman Y Gomez (Kings Cross) | GUZMAN Y GOMEZ KINGS CROSS PTY LTD | Guzman y Gomez 567 Collins | Guzman Y Gomez Albert Lane | Guzman Y Gomez Albert ST | Guzman Y Gomez Australia Square | Guzman y Gomez Bligh Park | Guzman y Gomez Broadway | Guzman Y Gomez Caltex ST Ives | Guzman Y Gomez Caltex Tullamarine | Guzman Y Gomez Cannon Hill | Guzman Y Gomez Capalaba | Guzman Y Gomez Carindale | Guzman y Gomez Casula | Guzman Y Gomez Cleveland | Guzman Y Gomez Cranebrook | Guzman Y Gomez Dakabin | Guzman Y Gomez Domain Central | Guzman Y Gomez Eagle Street Pier | Guzman Y Gomez Enoggera | Guzman Y Gomez Fairfield Waters | Guzman Y Gomez Fortitude Valley | Guzman Y Gomez Goodna | Guzman Y Gomez Gympie | Guzman Y Gomez Helensvale | Guzman Y Gomez Hoxton Park | Guzman y Gomez ICC Darling Harbour | Guzman y Gomez International Convention Centre | Guzman Y Gomez Kennington | Guzman y Gomez Malaga | Guzman Y Gomez Molendinar | Guzman Y Gomez Murrumba Downs | Guzman y Gomez Point Cook | Guzman Y Gomez Post Office Square | Guzman Y Gomez South Brisbane | Guzman y Gomez Stafford | Guzman Y Gomez Townsville Central | Guzman y Gomez Valley Metro | Guzman y Gomez Virginia | Guzman y Gomez Warnbro | Guzman Y Gomez Werribee | Guzman Y Gomez Westfield Chermside | Guzman Y Gomez Whitford | Guzman y Gomez Willows | Guzman Y Gomez Windsor Homezone | Guzman Y Gomez Wintergarden | Guzman Y Gomez World Square | GYG 567 Collins | Gyg Albert Lane | Gyg Australia Square | GYG Bligh Park | Gyg Caltex ST Ives | Gyg Caltex Tullamarine | Gyg Cannon Hill | Gyg Capalaba | Gyg Carindale | GYG Casula | Gyg Cleveland | Gyg Collins Place | Gyg Cranebrook | Gyg Dakabin | Gyg Domain Central | Gyg Eagle ST Pier | Gyg Enoggera | Gyg Fairfield Waters | Gyg Fortitude Valley | Gyg Goodna | Gyg Gympie | Gyg Helensvale | Gyg Highpoint | Gyg Hoxton Park | Gyg Icc | GYG International Convention Centre | Gyg Kennington | GYG Malaga | Gyg Molendinar | Gyg Murrumba Downs | Gyg Post Office Square | Gyg Southbank | GYG Stafford | Gyg Townsville Central | Gyg UQ | GYG Valley Metro | GYG Victoria Point | GYG Virginia | GYG Warnbro | Gyg Werribee | GYG Werrington | Gyg Westfield Sydney | GYG Whitford | GYG Willows | Gyg Windsor Homezone | Gyg Wintergarden | Gyg World Square,,Dining Out,2026-07-10T09:44:03+08:00,
Foods (Pacific),Foods (Pacific) | FOODS PACIFIC PTY LIMITED,,Groceries,2026-07-10T09:44:03+08:00,
Fitness Cartel,Fitness Cartel | FITNESS CARTEL PTY LTD | Fitness Cartel Australia,,Gyms and other memberships,2026-07-10T09:44:03+08:00,
Holidayz Nepal,Holidayz Nepal | HOLIDAYZ NEPAL PTY LTD | Holidayz Nepal Tours And Travel,,Travel,2026-07-10T09:44:03+08:00,
MINUS18 Foundation,MINUS18 Foundation | MINUS18 FOUNDATION LTD | Minus18,,Donations,2026-07-10T09:44:03+08:00,
Auto & General Services,Auto & General Services | AUTO AND GENERAL SERVICES PTY LTD | Auto And General Services | 1ST For Women | 1ST For Women Insurance | A & G Insurance Services | A AND G INSURANCE SERVICES | Auto & General | AUTO AND GENERAL | Auto & General Insurance | AUTO AND GENERAL INSURANCE | Auto & General Insurance Services | AUTO AND GENERAL INSURANCE SERVICES | Best Buy Car Insurance | Budget Direct | Budget Direct Life | Captain Risky | Cashback Insurance | Oceania Insurance | Ozicare | Ozicare Insurance | Ozicare Insurance Agency | Retirease Insurance,,Insurance,2026-07-10T09:44:03+08:00,
Teeg Australia,Teeg Australia | TEEG AUSTRALIA PTY LTD | Amf Bowling Centres Australia | Kingpin Bowling | Kingpin Bowling Lounge | Kingpin Bowling Townsville | M9 Laser Tag | Sliders | Timezone | Zone Bowling,,Entertainment,2026-07-10T09:44:03+08:00,
Fishheads @ Byron,Fishheads @ Byron | FISHHEADS BYRON PTY LTD,,Dining Out,2026-07-10T09:44:03+08:00,
Ipswich City Council,Ipswich City Council | Home Assist | Ipswich Art Gallery | Ipswich Arts Foundation | Ipswich Civic Centre | Ipswich Visitor Information Centre | Ipswich Waste Services | Ipswich Water | City OF Ipswich | Ipswich Art Awards | Ipswich Enviroplan | Ipswich Festival | Iws Ipswich | Nicholas Street Precinct | Riverview and District Community Centre,,Utilities,2026-07-10T09:44:03+08:00,
The Grounds,The Grounds | THE GROUNDS PTY LTD,,Dining Out,2026-07-10T09:44:03+08:00,
Noosa Heads Surf,Noosa Heads Surf | NOOSA HEADS SURF PTY LTD | Sideways,,Entertainment,2026-07-10T09:44:03+08:00,
Southbound Mma,Southbound Mma | SOUTHBOUND MMA PTY LTD | Boost Cat And Fiddle | Boost Eastlands,,Gyms and other memberships,2026-07-10T09:44:03+08:00,
The Australian Woman,The Australian Woman | THE AUSTRALIAN WOMAN PTY LTD | Health And Wellness Expo | Women's | WOMEN S CO,,Information,2026-07-10T09:44:03+08:00,
Toobi Enterprises,Toobi Enterprises | TOOBI ENTERPRISES PTY LTD | Istanbul Sofra,,Dining Out,2026-07-10T09:44:03+08:00,
H M,H M | H M PTY LIMITED | H M PTY LTD,,Retail,2026-07-10T09:44:03+08:00,
Riverina Vending,Riverina Vending | RIVERINA VENDING PTY LTD,,Retail,2026-07-10T09:44:03+08:00,
Dennis Partners,Dennis Partners | DENNIS PARTNERS PTY LTD | Canna Pacific | House Plan | HOUSE PLAN COMPANY | House Plan Group,,Home Improvement,2026-07-10T09:44:03+08:00,
Rainbo Feela,Rainbo Feela | RAINBO FEELA PTY LTD | Acoustic Artists | Acoustic Duos | Acoustic Musicians | Acoustic Soloists | Adelaide Band Hire | Adelaide Bands | Adelaide Bands Australia | Adelaide Bands For Hire | Adelaide Corporate Bands | Adelaide Cover Bands | Adelaide Cover Bands Australia | Adelaide Djs | Adelaide Event Management | Adelaide Gig Guide | Adelaide Tribute Bands | Adelaide Wedding Bands | Adelaide Wedding Djs | Adelaide Wedding Singers | Aria Agency | Aria Entertainment Agency | Australian Gig Guide | Backbeat Entertainment | Band Hire Australia | Bands Australia | bands for hire | Bands In Adelaide | Bands In Brisbane | Bands In Melbourne | Bands In Perth | Bands In Sydney | Big Star Entertainment Agency | book a band | Brisbane Band Hire | Brisbane Bands | Brisbane Bands Australia | Brisbane Bands For Hire | Brisbane Corporate Bands | Brisbane Cover Bands | Brisbane Cover Bands Australia | Brisbane Djs | Brisbane Entertainment | Brisbane Event Management | Brisbane Gig Guide | Brisbane Tribute Bands | Brisbane Wedding Bands | Brisbane Wedding Djs | Brisbane Wedding Singers | Cairns Wedding DJs | Canberra Bands | childrens entertainment | Corporate Bands | Corporate Bands Australia | Corporate Entertainment | corporate entertainment Australia | Cover Bands | Cover Bands Australia | Cover Bands In Adelaide | Cover Bands In Brisbane | Cover Bands In Melbourne | Cover Bands In Perth | cover bands in sydney | Cruise Ship Entertainment | Darwin Bands | Didgeridoo Players | Disc Jockeys Australia | Dj Hire Adelaide | Dj Hire Australia | Dj Hire Brisbane | Dj Hire Melbourne | dj hire perth | Entertainers For Hire | entertainment guide | event management australia | Event Planners Australia | Face Painters | feelix | find a band | gig guide | Gig Star | Gold Class Entertainment | Gold Coast Bands | Gold Coast Cover Bands | Gold Coast Entertainment | gold coast gig guide | Gold Coast Wedding Bands | Hire A Band | Hobart Bands | House Concerts | House Gigs | jazz bands | Jazz Bands Adelaide | Jazz Bands Australia | Jazz Bands Brisbane | jazz bands for hire | Jazz Bands Melbourne | Jazz Bands Perth | Jazz Bands Sydney | Join A Band | Join My Band | Karaoke Australia | Kick Entertainment Agency | last minute musicians | Live Band Karaoke | live bands | Live Bands Adelaide | Live Bands Australia | Live Bands Brisbane | Live Bands Melbourne | Live Bands Perth | Live Bands Sydney | Live Gigs | Live Music | Live Music Tonight | Makeup Artistry | Makeup Artistry Australia | makeup artists | Melbourne Bands | Melbourne Bands And Entertainment Services | Melbourne Bands Australia | Melbourne Bands For Hire | Melbourne Corporate Bands | Melbourne Cover Bands | Melbourne Cover Bands Australia | Melbourne Djs | Melbourne Gig Guide | Melbourne Tribute Bands | Melbourne Wedding Bands | Melbourne Wedding Djs | Melbourne Wedding Singers | Music Bands Australia | Music Teachers Australia | Musicians For Hire | noosa djs | Noosa Wedding DJs | One OF A Kind | P.P.E.S Perth Professional Entertainment Services | party entertainment | Party Tonight | Perth Band Hire | Perth Bands | Perth Bands Australia | Perth Bands For Hire | Perth Corporate Bands | Perth Cover Bands | Perth Cover Bands Australia | perth djs | Perth Gig Guide | Perth Tribute Bands | Perth Wedding Bands | Perth Wedding Singers | platinum groove | Rainbow Feeler | Rock Bands Australia | Roving Entertainment | Serotonin The Band | Singing Teachers | Southern Cross Entertainment Agency | Starghetti | Starship Entertainment | Sunshine Coast Bands | Sunshine Coast Gig Guide | supernova entertainment agency | Sydney Band Hire | Sydney Bands | Sydney Bands And Entertainment Services | Sydney Bands Australia | sydney bands for hire | Sydney Corporate Bands | Sydney Cover Bands | Sydney Cover Bands Australia | Sydney Djs | Sydney Event Management | Sydney Gig Guide | Sydney Tribute Bands | Sydney Wedding DJs Australia | Sydney Wedding Singers | Tribute Acts | Tribute Acts Australia | Tribute Bands | Tribute Bands Australia | Tribute Shows Bands And Musicians | venue system | Vista Entertainment Agency | Wedding Bands Australia | Wedding Bands Melbourne Australia | Wedding Bands Sydney Australia | Wedding Djs Australia | wedding entertainers | Wedding Entertainment | Wedding Entertainment Adelaide | Wedding Entertainment Brisbane | wedding entertainment melbourne | Wedding Entertainment Perth | Wedding Entertainment Sydney | Wedding Music | Wedding Music Australia | Wedding Musicians | Wedding Singers | Wedding Singers Australia | Zeta Entertainment,,Entertainment,2026-07-10T09:44:03+08:00,
Happy Soul Kitchen,Happy Soul Kitchen | HAPPY SOUL KITCHEN PTY LTD | Inasal Express | Papadums,,Dining Out,2026-07-10T09:44:03+08:00,
Stradbroke Ferries,Stradbroke Ferries | STRADBROKE FERRIES PTY LTD | Moreton Bay Camps | Moreton Island Ferries | SeaLink South East Queensland | Stradbroke Island Holidays,,Transport,2026-07-10T09:44:03+08:00,
Amda Foundation,Amda Foundation | AMDA FOUNDATION LIMITED | Aerospace Foundation OF Australia | AEROSPACE FOUNDATION OF AUSTRALIA LTD | Aerospace Expo | Aerospace Expo Down Under | Air Spectacular International | Airraces Downunder | Airrally Down Under | Airshow 2025 | Airshow Australia | Airshows Downunder | Airshows Downunder Illawarra | Airshows Downunder Shellharbour | Airshows Downunder Shellharbour NSW | Airshows IN The Outback | Airsport Downunder | Airsport Spectacular | Australian Air Racing Grand Prix | Australian Aviation Trade Fair | Australian International Aerospace And Defence Exposition | Australian International Airshow | Australian International Airshow 2023 | Australian International Airshow 2025 | Australian International Airshow 2027 | Australian International Airshow 2029 | Australian International Airshow And Aerospace & Defence Exposition | AUSTRALIAN INTERNATIONAL AIRSHOW AND AEROSPACE AND DEFENCE EXPOSITION | Australian International Airsport Grand Prix | Avalon Air Show | AVALON2013 | Aviation Development Australia | Aviation Expo | Aviation Fair | Civdef | Civil Security Australia | Civsec 2024 | Civsec Indo Asia Pacific | Defsec | Drone Market | Drone Showcase | EMTech East | EMTech West | Fly IN Down Under | Flyers Market | Fly'n For Fun | General Aviation Trade Fair | Heli Pac | Indo Asia Pacific | Indo Pacific 2027 | Indo Pacific 2029 | Indo Pacific Exposition | Indo Pacific Maritime Exposition | Indpac | Indpac Security | Industry Defence And Security Australia | International Maritime Exposition | Interspace Conference | Interspace Exhibition | Iods 2026 | Iods 2028 | Land Forces 2024 | Land Forces 2026 | Land Forces 2028 | Land Forces 2030 | Maritime Australia | Maritime Skills Promotion Australia | Melbourne International Air Show | Military Air Tattoo | Natsec Indo Pacific | Pacific | Rotor Pac | Rotortalk | Rotortech 2026 | Rotortech 2028 | Seashows Downunder | Skyraces Downunder | Sydney Harbour Airshow | Sydney International Air Show | Team Careers Australia | The Australian International Air Show And Aerospace Expo | The Australian International Airshow,,Donations,2026-07-10T09:44:03+08:00,
Schooner,Schooner | SCHOONER PTY LTD,,Dining Out,2026-07-10T09:44:03+08:00,
P & D Fashion Groups,P & D Fashion Groups | P AND D FASHION GROUPS PTY LTD | P And D Fashion Groups | Fashion OF India | Kitchen King Grocers,,Groceries,2026-07-10T09:44:03+08:00,
Bingo,ACN 127 625 263 | ACN 127 625 263 PTY LTD | Bingo | BINGO PTY LTD | Bingo Group,,Gambling,2026-07-10T09:44:03+08:00,
Colin James Fine Foods,Colin James Fine Foods | COLIN JAMES FINE FOODS PTY LTD | Maleny Food Co Cafe | Maleny Food Cafe,,Dining Out,2026-07-10T09:44:03+08:00,
Q & M Mackay,Q & M Mackay | Q AND M MACKAY PTY LTD | Q And M Mackay | Zambrero Mackay CBD,,Health,2026-07-10T09:44:03+08:00,
Fig & Ivy,Fig & Ivy | FIG AND IVY PTY LTD | Fig And Ivy,,Dining Out,2026-07-10T09:44:03+08:00,
Ali Traders,Ali Traders | ALI TRADERS PTY LTD | Custom Planet,,Retail,2026-07-10T09:44:03+08:00,
Coolum Beach Surf Lifesaving Supporters Association,Coolum Beach Surf Lifesaving Supporters Association | COOLUM BEACH SURF LIFESAVING SUPPORTERS ASSOCIATION INC | Coolum Surf Club,,Donations,2026-07-10T09:44:03+08:00,
Urban Purveyor Group,Urban Purveyor Group | URBAN PURVEYOR GROUP PTY LTD | Bavarian Hospitality Group | BAVARIAN HOSPITALITY GROUP PTY LTD | 24 York | 7 Alfred | Ananas Bar Brasserie | Argyle Tavern | Argyle Wunder Bar | Bar Ferdinand | Bavarian Bier Cafe - Chatswood | Bavarian Bier Cafe-EQ | Bavarian Bier Cafe-Parramatta | Beerhaus | Beerhaus Featuring Pirate Life Tap Room | Catch Chermside | Chippys Fish And Chips | Cloakroom Bar | El Camino Cantina Brisbane | El Camino Cantina EQ | El Camino Cantina Manly | El Camino Cantina Miranda | El Camino Cantina Robina | El Camino Cantina Showgrounds | Henshaw's Fried Chicken | Rockpool Events & Catering | ROCKPOOL EVENTS AND CATERING | Sahtein | Sake Bar And Restaurant | Sake Manly | Sake Restaurant & Bar Manly | SAKE RESTAURANT AND BAR MANLY | Shokunin Izakaya | The Argyle Cut | The Argyle Sydney | The Bavarian Belconnen | The Bavarian Chatswood | The Bavarian EQ | The Bavarian Macarthur | The Bavarian Mackay | The Bavarian Manly Wharf | The Bavarian Miranda | The Bavarian Penrith | The Bavarian Rockhampton | The Bavarian Tuggerah | The Bavarian World Square | The Collective The Rocks | The Cut Bar And Grill | Urban Craft Beerhaus | Urban Craft Brewing Co Beerhaus | Urban Craft Brewing Beerhaus | Urban Purveyors | Winghaus | Winghaus By Bavarian,,Dining Out,2026-07-10T09:44:03+08:00,
Blooms The Chemist Management Services,Blooms The Chemist Management Services | BLOOMS THE CHEMIST MANAGEMENT SERVICES LTD | Blooms The Chemist | Local GP's Direct,,Health,2026-07-10T09:44:03+08:00,
Thomson Reuters (Professional) Australia,Thomson Reuters (Professional) Australia | THOMSON REUTERS PROFESSIONAL AUSTRALIA LIMITED | Thomson Legal & Regulatory | THOMSON LEGAL AND REGULATORY LIMITED | Thomson Legal And Regulatory | Lawbook | LAWBOOK COMPANY | Cleardocs | Connect 4 | Discrimination Alert | Environmental Manager.Com.AU | Firmsite | LAWBOOK CO | Lbc Information Services | Powertax | Taxanswers | Valuefinancials,,Information,2026-07-10T09:44:03+08:00,
Super Cheap Auto,Super Cheap Auto | SUPER CHEAP AUTO PTY LTD | Super Cheap Auto Racing | Super Service Centre | Supercheap Auto Pit Stop,,Automotive,2026-07-10T09:44:03+08:00,
Handlewell Group,Handlewell Group | HANDLEWELL GROUP PTY LTD | Supermarket,,Groceries,2026-07-10T09:44:03+08:00,
Chilli,Chilli | CHILLI PTY LIMITED,,Dining Out,2026-07-10T09:44:03+08:00,
Mclaren,Mclaren | MCLAREN PTY LIMITED | MCLAREN AND CO PTY LTD | Mclaren And,,Automotive,2026-07-10T09:51:20+08:00,
West Moreton Hospital And Health Service,West Moreton Hospital And Health Service | Queensland Health | Boonah Hospital | Esk Hospital | Gatton Health Service | Gatton Health Services | Gatton Hospital | Ipswich Hospital | Laidley Hospital | The Park - Centre for Mental Health | West Moreton Health Service District | West Moreton South Burnett Health Service District | Wolston Park Hospital,,Health,2026-07-10T09:45:51+08:00,
AB Mex 2,AB Mex 2 | AB MEX 2 PTY LTD | Guzman Y Gomez Birtinya,,Dining Out,2026-07-10T09:45:51+08:00,
Litus,Litus | LITUS PTY LTD | VendClub,,Retail,2026-07-10T09:45:51+08:00,
Elite Enterprises Australia,Elite Enterprises Australia | ELITE ENTERPRISES AUSTRALIA PTY LTD | Gosford Auto Air | Mobile Auto Air | Auto Air,,Automotive,2026-07-10T09:45:51+08:00,
GP & AM Enterprises,GP & AM Enterprises | GP AND AM ENTERPRISES PTY LTD | GP And AM Enterprises | The Coffee Club,,Dining Out,2026-07-10T09:45:51+08:00,
Specsavers Keysborough (VIC),Specsavers Keysborough (VIC) | SPECSAVERS KEYSBOROUGH VIC PTY LTD | Specsavers Keysborough | SPECSAVERS KEYSBOROUGH PTY LTD | Specsavers Optometrists Keysborough,,Health,2026-07-10T09:45:51+08:00,
"Clipper Ship ""City of Adelaide""","Clipper Ship ""City of Adelaide"" | CLIPPER SHIP CITY OF ADELAIDE LIMITED | Dock 2",,Entertainment,2026-07-10T09:45:51+08:00,
Boiling Group,Boiling Group | BOILING GROUP PTY LTD | Cheapa Wines (Seddon) | The Vin Wine & Spirits | THE VIN WINE AND SPIRITS,,Retail,2026-07-10T09:45:51+08:00,
Fundo Loans,Fundo Loans | FUNDO LOANS PTY LTD | Fiona Digital | Fiona Pay | Rent Instead,,Debt Consolidation,2026-07-10T09:45:51+08:00,
Lawmd,Lawmd | LAWMD PTY LTD | The Coffee Club Northgate,,Dining Out,2026-07-10T09:45:51+08:00,
Powerpay,Powerpay | POWERPAY PTY LTD | Powerpay Collect,,Utilities,2026-07-10T09:45:51+08:00,
Louis Alexander,Louis Alexander | LOUIS ALEXANDER PTY LIMITED,,Retail,2026-07-10T09:45:51+08:00,
Bipu Group,Bipu Group | BIPU GROUP PTY LTD | Glory Cafe | SO Good Food | Y Cafe,,Dining Out,2026-07-10T09:45:51+08:00,
Yan And Clavin Partnership,"Yan And Clavin Partnership | Marc Clavin Pharmacy, Sorrento",,Health,2026-07-10T09:45:51+08:00,
Power Retail,Power Retail | POWER RETAIL CORPORATION | Jacana Energy,,Utilities,2026-07-10T09:45:51+08:00,
Play Management,Play Management | PLAY MANAGEMENT PTY LTD | Hotel Kensington | Red Leaf Restaurant,,Travel,2026-07-10T09:45:51+08:00,
Australian Linen,Australian Linen | AUSTRALIAN LINEN COMPANY PTY LTD | AUSTRALIAN LININ,https://www.australianlinen.com.au,Retail,2026-07-10T18:54:46+08:00,
Rampage Retail,Rampage Retail | RAMPAGE RETAIL PTY LTD | BP Aratula Truckstop | BP Archerfield | BP Beresfield | BP Dandenong | BP Darwin | BP Eastern Creek | BP Footscray Road | BP Goondiwindi | BP Jerilderie | BP Kewdale | BP Laverton | BP Marmor Truckstop | BP Marulan Northbound | BP Marulan Southbound | BP Muchea | BP Nambucca Heads | BP North Albury Truckstop | BP Northpoint | BP Outbound | BP Paget | BP Parkes Gateway | BP Parkes Truckstop | BP Port Augusta | BP Potts Hill | BP Rockbank | BP Rockbank Inbound | BP Rockbank Outbound | BP Somerton | BP Toowoomba Westbound | BP Townsville | BP Truganina | BP Wingfield,,Automotive,2026-07-10T09:45:51+08:00,
Wilson Parking Australia 1992,Wilson Parking Australia 1992 | WILSON PARKING AUSTRALIA 1992 PTY LTD | Global Security Management (WA) | MSA Security | Ngs Security | Security and Emergency Response Training (SERT) | Shelf Security Logistics and Sass | Wilson Parking | Wilson Security | Wilson Technology Solutions | Book A Bay | Choice Parking | E. Park | E. Park Collections | E. Parking | E. Parking Collections | Global Security Management (NSW) | Global Security Management (NT) | Global Security Management (QLD) | Global Security Management (SA) | Global Security Management (TAS) | Global Security Management (VIC) | Interpark | Jones Bay Wharf Car Park | Parking Collections | Parking Enforcement Services | Parkwatch | Queensland Safety Security | Quick Park | Skydeck Parking | Wilson Corporate Services | Wilson Equipment | Wilson Equipment Services | Wilson Event Services | Wilson Loss Prevention | Wilson Mobile Services | Wilson Park Smart | Wilson Parksmart | Wilson Parkwatch | Wilson Security Personnel | Wilson Security Pesonnel | Wilson Security Services | Wilson Services | Wilson Storage | Wilson Tollway Management | Wilson Traffic Management | Wilson Training Services,,Transport,2026-07-10T09:45:51+08:00,
Internet,Internet | INTERNET PTY LIMITED,,Telecommunications,2026-07-10T09:45:51+08:00,
HSSM Holdings,HSSM Holdings | HSSM HOLDINGS PTY LTD | Coffee Break | Coffee Break Northgate | CSC Automotive | Get Ready With ME,,Dining Out,2026-07-10T09:45:51+08:00,
London Tavern Hotel,Lth Group Unit Trust Others | THE TRUSTEE FOR LTH GROUP UNIT TRUST OTHERS | London Tavern Hotel | LTH Group,,Dining Out,2026-07-10T09:45:51+08:00,
Simon James Holdings,Simon James Holdings | SIMON JAMES HOLDINGS PTY LTD | Angeleno | Capital Grill | Festival | Hellenika | James Street Tavern | restaurant saint james | Salon James Place | Simon's Byron Bay | SK Steak and Oyster | Sundance James Place | Sundance James Street | Sunshine Vegetarian | sunshine-eatery | Sushi Room | Sushi Room Australia | Sushi Tiger,,Entertainment,2026-07-10T09:45:51+08:00,
The Booking Box,The Booking Box | THE BOOKING BOX PTY LTD | Whales Sunshine Coast,,Travel,2026-07-10T09:45:51+08:00,
Barrack Broking,Barrack Broking | BARRACK BROKING PTY LTD | Barrack | Barrack Life,,Insurance,2026-07-10T09:45:51+08:00,
Birds&Fish,Birds&Fish | BIRDS AND FISH PTY LTD | Birds And Fish,,Pet Care,2026-07-10T09:45:51+08:00,
Alternaleaf,Alternaleaf | ALTERNALEAF PTY LTD,,Health,2026-07-10T09:45:51+08:00,
Blue Collar Boutique,Blue Collar Boutique | BLUE COLLAR BOUTIQUE PTY LTD | Worklocker Leeton,,Retail,2026-07-10T09:45:51+08:00,
Ponderosa,Ponderosa | PONDEROSA PTY LTD | DN & BJ Brandt | DN AND BJ BRANDT,,Dining Out,2026-07-10T09:45:51+08:00,
DG & TM Kerr,DG & TM Kerr | DG AND TM KERR PTY LTD | DG And TM Kerr | Subway Narrandera | Subway Young,,Dining Out,2026-07-10T09:45:51+08:00,
Red Vend,Red Vend | RED VEND PTY LTD,,Retail,2026-07-10T09:45:51+08:00,
Eastcrest,Eastcrest | EASTCREST PTY LTD | Total Tools East Brisbane,,Home Improvement,2026-07-10T09:45:51+08:00,
Great Wine,Great Wine | GREAT WINE COMPANY PTY LTD | Olive Art,,Retail,2026-07-10T09:45:51+08:00,
Cog Brandco 1,Cog Brandco 1 | COG BRANDCO 1 PTY LTD | Cotton On Body | Factorie | Rubi Shoes | T-Bar International | Typo,,Retail,2026-07-10T09:45:51+08:00,
Osc Fresh Food,Osc Fresh Food | OSC FRESH FOOD PTY LTD | Sushi Hub OSC,,Dining Out,2026-07-10T09:45:51+08:00,
S Gance & T.B Ung,S Gance & T.B Ung | S GANCE AND T B UNG | S.Gance & T.B.T.Ung | S GANCE AND T B T UNG | Chemist Warehouse Shell Harbour | Chemist Warehouse Wollongong,,Health,2026-07-10T09:45:51+08:00,
Eumundi & District Historical Association,Eumundi & District Historical Association | EUMUNDI AND DISTRICT HISTORICAL ASSOCIATION INC | Eumundi And District Historical Association | Eumundi Markets | Eumundi Historical Museum | Eumundi School OF Arts | Australian Body Art Festival | Eumundi Museum | Make It Bake It Sew It Grow It,,Donations,2026-07-10T09:48:26+08:00,
Bras N Things,Bras N Things | BRAS N THINGS PTY LTD | Bras N Things / Viva | Viva,,Retail,2026-07-10T09:48:26+08:00,
Architecture Building and Planning society,Architecture Building and Planning society | Apple,,Gyms and other memberships,2026-07-10T09:48:26+08:00,
Radiant Energy,Radiant Energy | RADIANT ENERGY PTY LTD,,Utilities,2026-07-10T09:48:26+08:00,
Bootink,Bootink | BOOTINK PTY LTD,,Retail,2026-07-10T09:48:26+08:00,
Sprint,Sprint | SPRINT CO PTY LTD,,Telecommunications,2026-07-10T09:48:26+08:00,
Card,Card | CARD PTY LTD,,Retail,2026-07-10T09:48:26+08:00,
LE Monsoon,LE Monsoon | LE MONSOON PTY LTD,,Dining Out,2026-07-10T09:48:26+08:00,
4B Plus,4B Plus | 4B PLUS PTY LTD | Happy Buddha LLC | Happy Buddha | Taste of Asia LLC | Taste OF Asia,,Dining Out,2026-07-10T09:48:26+08:00,
Play Linen,Play Linen | PLAY LINEN PTY LTD,,Retail,2026-07-10T09:48:26+08:00,
Department OF Transport And Planning,Department OF Transport And Planning | Department OF Innovation Industry & Regional Development | DEPARTMENT OF INNOVATION INDUSTRY AND REGIONAL DEVELOPMENT | Dbi | Department OF Business And Innovation | Minister For Employment And Industrial Relations | Minister For Innovation Services And Small Business | Minister For Major Projects | Minister For Manufacturing Exports And Trade | Minister For Technology | Minister For Tourism And Major Events | Minister Responsible The Aviation Industry | Small Business Commissioner | Vicroads | Victorian Infrastructure Delivery Authority,,Transport,2026-07-10T09:48:26+08:00,
Mitchell & Brown Communications,Mitchell & Brown Communications | MITCHELL AND BROWN COMMUNICATIONS PTY LTD | Mitchell And Brown Communications | Security | Fire | MITCHELL AND BROWN COMMUNICATIONS SECURITY FIRE | Mitchell & Brown Fire Services | MITCHELL AND BROWN FIRE SERVICES | Mitchell & Brown Security | MITCHELL AND BROWN SECURITY,,Telecommunications,2026-07-10T09:48:26+08:00,
Novosub,Novosub | NOVOSUB PTY LTD | Subway Caboolture,,Dining Out,2026-07-10T09:48:26+08:00,
Culture Kings Sydney,Culture Kings Sydney | CULTURE KINGS SYDNEY PTY LTD,,Retail,2026-07-10T09:48:26+08:00,
Macquarie Park Allied Health,Macquarie Park Allied Health | MACQUARIE PARK ALLIED HEALTH PTY LTD | Health SQ | Myphysio Epping | Myphysio Macquarie Park,,Health,2026-07-10T09:48:26+08:00,
Sum Yung Guys,Sum Yung Guys | SUM YUNG GUYS PTY LTD,,Dining Out,2026-07-10T09:48:26+08:00,
M & A Management Service,M & A Management Service | M AND A MANAGEMENT SERVICE PTY LTD | M And A Management Service | Yatai Sushi Mackay,,Dining Out,2026-07-10T09:48:26+08:00,
Seasons Supermarkets 6,Seasons Supermarkets 6 | SEASONS SUPERMARKETS 6 PTY LTD,,Groceries,2026-07-10T09:48:26+08:00,
Event Garde,Event Garde | EVENT GARDE CO PTY LTD,,Entertainment,2026-07-10T09:48:26+08:00,
Shion E-Com,Shion E-Com | SHION E COM PTY LTD,,Retail,2026-07-10T09:48:26+08:00,
Kokoro Camberwell,Kokoro Camberwell | KOKORO CAMBERWELL PTY LTD,,Dining Out,2026-07-10T09:48:26+08:00,
Golfer Vision,Golfer Vision | GOLFER VISION PTY LTD | Birdie & Shank | BIRDIE AND SHANK | Cafe on Green | Golfers Paradise Club,,Entertainment,2026-07-10T09:48:26+08:00,
Peppermayo,Peppermayo | PEPPERMAYO PTY LTD | Peppermayo Boutique,,Retail,2026-07-10T09:48:26+08:00,
Bidu,Bidu | BIDU PTY LTD | The Associate Cafe,,Dining Out,2026-07-10T09:48:26+08:00,
Mountain Creek,Mountain Creek | MOUNTAIN CREEK PTY LTD | The Creek Tavern,,Dining Out,2026-07-10T09:48:26+08:00,
Eluru,Eluru | ELURU PTY LTD | Kebabistaan,,Dining Out,2026-07-10T09:48:26+08:00,
Liquor Store,Liquor Store | LIQUOR STORE PTY LTD | Bottle Shop,,Retail,2026-07-10T09:48:26+08:00,
Kong E,Kong E | KONG E PTY LTD | Hong Kong Bbq,,Dining Out,2026-07-10T09:48:26+08:00,
Sakura,Sakura | SAKURA CORPORATION PTY LTD,,Dining Out,2026-07-10T09:48:26+08:00,
South Gates Group,South Gates Group | SOUTH GATES GROUP PTY LTD | Chechos Wollongong,,Dining Out,2026-07-10T09:48:26+08:00,
Golden Chicken,Golden Chicken | GOLDEN CHICKEN PTY LTD,,Dining Out,2026-07-10T09:48:26+08:00,
Skycity Adelaide,Skycity Adelaide | SKYCITY ADELAIDE PTY LTD | Sky City Adelaide | Adelaide Casino | Aoya by Nic Watt | Central Cafe at SKYCITY | Chandelier Bar | EOS by SKYCITY | EOS by SKYCITY Spa & Wellness | EOS BY SKYCITY SPA AND WELLNESS | Grandstand Sports Bar | Huami | Itl | Lucky Noodle by SKYCITY | Madame Hanoi | Oasis Outdoor Pizza Bar | Premier Rewards | Sean's Kitchen | Skycity Online | Sol Bar & Restaurant | SOL BAR AND RESTAURANT | The District at SKYCITY | The Guardsman | The Kitchen at SkyCity | Virtual Stadium | Westward Bar,,Gambling,2026-07-10T09:48:26+08:00,
Passions Petroleum,Passions Petroleum | PASSIONS PETROLEUM PTY LTD | BP Glenview | Foodworks Glenview,,Automotive,2026-07-10T09:48:26+08:00,
Kij Rung Rueng,Kij Rung Rueng | KIJ RUNG RUENG PTY LTD | Red Lemon Thai | Cafe | RED LEMON THAI CAFE,,Dining Out,2026-07-10T09:48:26+08:00,
Coolum Beach 2,Coolum Beach 2 | COOLUM BEACH 2 PTY LTD,,Travel,2026-07-10T09:48:26+08:00,
ST Coffee,ST Coffee | ST COFFEE PTY LTD | Gretel Coffee Roasters,,Dining Out,2026-07-10T09:48:26+08:00,
Needy Loans,Needy Loans | NEEDY LOANS PTY LTD,,Debt Consolidation,2026-07-10T09:48:26+08:00,
Kmart Australia,Kmart Australia | KMART AUSTRALIA LIMITED | K Mart | K Auto | Girlxpress | Kmart | Kmart Tyre & Auto Service | KMART TYRE AND AUTO SERVICE,,Department Stores,2026-07-10T09:48:26+08:00,
Starbucks Coffee Australia,Starbucks Coffee Australia | STARBUCKS COFFEE AUSTRALIA PTY LTD | Starbucks Coffee,,Dining Out,2026-07-10T09:48:26+08:00,
Cup &,Cup & | CUP AND LTD | Cup And,,Dining Out,2026-07-10T09:48:26+08:00,
MH South Brisbane,MH South Brisbane | MH SOUTH BRISBANE PTY LTD | Aspley Hotel | A Hamper Occasion Brisbane | Bobs Bulk Booze Arana Hills | Bob's Bulk Booze Rothwell | Hotel West End Brisbane | Karalee Cellars | Karalee Tavern | Northside Cellars | Sense of Occasion | Sense of Occasion by Sense of Taste | Sense of Taste | Sense of Taste Clayfield | Sense of Taste Coorparoo | Sense of Taste Hamilton Harbour | Sense of Taste Newmarket | Sense of Taste Online | Sense of Taste Portside | Sense of Taste Taringa | Sense of Taste Tarragindi | Sense OF Terroir | Shafston Hotel | Star Liquor Bracken Ridge | Star Liquor Coorparoo | Star Liquor Graceville | Star Liquor Karalee Shopping Village | Star Liquor Karana Downs | Star Liquor North Ipswich | Star Liquor Wavell Heights | The Garage Fortitude Valley | The Golden Ox Gourmet House | The Golden Ox Restaurant | The Ox Tavern | The Ox Tavern (QLD),,Travel,2026-07-10T09:51:20+08:00,
Hot Bargain Kawana,Hot Bargain Kawana | HOT BARGAIN KAWANA PTY LTD,,Retail,2026-07-10T09:51:20+08:00,
Blue Fin,Blue Fin | BLUE FIN CO PTY LTD,,Dining Out,2026-07-10T09:51:20+08:00,
P&D Retail Group,P&D Retail Group | P AND D RETAIL GROUP PTY LTD | P And D Retail Group,,Retail,2026-07-10T09:51:20+08:00,
Cen,Cen | CEN PTY LTD | MR Toys Toyworld | MR Toys | Sommer's Photos,,Retail,2026-07-10T09:51:20+08:00,
Collection House,Collection House | COLLECTION HOUSE LIMITED | Chl Bpo | CLH Group | CLH Portal | Collection House Group | Kash & Kara CLH Portal | KASH AND KARA CLH PORTAL,,Debt Collection,2026-07-10T09:51:20+08:00,
Royal Eagle,Royal Eagle | ROYAL EAGLE PTY LTD | Plume Restaurant (Highpoint) | Fish King | Fish King Melton,,Dining Out,2026-07-10T09:51:20+08:00,
AU,AU | AU PTY LTD | High Yield Property Group,,Telecommunications,2026-07-10T09:51:20+08:00,
Race Walking Club OF WA,Race Walking Club OF WA | RACE WALKING CLUB OF WA INC | Australia,,Gyms and other memberships,2026-07-10T09:51:20+08:00,
24/7 Car Wash,24/7 Car Wash | 24 7 CAR WASH PTY LTD,,Automotive,2026-07-10T09:51:20+08:00,
R & R Wallacia,R & R Wallacia | R AND R WALLACIA PTY LTD | R And R Wallacia | BP Wallacia,,Automotive,2026-07-10T09:51:20+08:00,
Club Kawana,Club Kawana | CLUB KAWANA LTD,,Entertainment,2026-07-10T09:51:20+08:00,
Two Brothers,Two Brothers | TWO BROTHERS COMPANY PTY LTD,,Dining Out,2026-07-10T09:51:20+08:00,
Atlas Fuel Ascot,Atlas Fuel Ascot | ATLAS FUEL ASCOT PTY LTD,,Automotive,2026-07-10T09:51:20+08:00,
Hotel &,Hotel & | HOTEL AND CO PTY LTD | Hotel And | Matilda Motel Bundaberg,,Travel,2026-07-10T09:51:20+08:00,
Fresh Market,Fresh Market | FRESH MARKET PTY LTD | Booval Fruit Basket,,Groceries,2026-07-10T09:51:20+08:00,
The Royal Society For The Prevention OF Cruelty TO Animals (Queensland),The Royal Society For The Prevention OF Cruelty TO Animals (Queensland) | THE ROYAL SOCIETY FOR THE PREVENTION OF CRUELTY TO ANIMALS QUEENSLAND LIMITED | Rspca QLD | RSPCA Lottery | Rspca OP Shops | Rspca Queensland | Rspca Queensland Black Cat Cafe | Rspca Queensland OP Shops | Rspca Queensland Pets AT Rest | Rspca Queensland School For Pets,,Donations,2026-07-10T09:51:20+08:00,
Target Australia,Target Australia | TARGET AUSTRALIA PTY LTD | Target | Baby Target | Target Country | Target Home,,Department Stores,2026-07-10T09:51:20+08:00,
Boulder &,Boulder & | BOULDER AND CO PTY LTD | Boulder And | Magnetic Opals,,Gyms and other memberships,2026-07-10T09:51:20+08:00,
Sugden Retailing,Sugden Retailing | SUGDEN RETAILING PTY LTD | Aroona Foodworks,,Retail,2026-07-10T09:51:20+08:00,
JE Catering,JE Catering | JE CATERING PTY LTD,,Dining Out,2026-07-10T09:51:20+08:00,
SP Vita,SP Vita | SP VITA PTY LTD | Vita Landscapes | Vita Synthetic Turf,,Health,2026-07-10T09:51:20+08:00,
Play Now Kids,Play Now Kids | PLAY NOW KIDS PTY LTD | Kids World Adventure Playland Sippy Downs,,Entertainment,2026-07-10T09:51:20+08:00,
Goodna Street Life,Goodna Street Life | GOODNA STREET LIFE INC,,Donations,2026-07-10T09:51:20+08:00,
Asian Delights (QLD),Asian Delights (QLD) | ASIAN DELIGHTS QLD PTY LTD | Asian Delights-Coomera | Deliciously Asian,,Dining Out,2026-07-10T09:51:20+08:00,
Aurora West,Aurora West | AURORA WEST PTY LTD | Aurora West Service Station Narrogin | Bar 68 | Broomstick Cellars,,Dining Out,2026-07-10T09:51:20+08:00,
S&M International Trading,S&M International Trading | S AND M INTERNATIONAL TRADING PTY LTD | S And M International Trading | Manchester & | MANCHESTER AND CO | Manchester And,,Retail,2026-07-10T09:51:20+08:00,
One BA,One BA | ONE BA PTY LTD,,Dining Out,2026-07-10T09:51:20+08:00,
Consolidated Retail,Consolidated Retail | CONSOLIDATED RETAIL PTY LTD | Boost M4 East | Boost M4 West | Soul Origin M4 East | Soul Origin M4 West | Soul Origin Pheasants Nest Northbound | Soul Origin Pheasants Nest Southbound,,Retail,2026-07-10T09:51:20+08:00,
Primus Telecommunications (Australia),Primus Telecommunications (Australia) | PRIMUS TELECOMMUNICATIONS AUSTRALIA PTY LTD | Iprimus | Primus Freetalk | Primus Telecom,,Telecommunications,2026-07-10T09:51:20+08:00,
Sportsgirl,Sportsgirl | SPORTSGIRL PTY LTD,,Retail,2026-07-10T09:51:20+08:00,
Multipoint Technologies,Multipoint Technologies | MULTIPOINT TECHNOLOGIES PTY LTD | 4 Nurses | Digital Scales Direct | Med Shed | Medshop Australia | Pro Medic Australia | Pure Medical | S&S AU Trading | S AND S AU TRADING | Medshed Australia | Promedic Australia | Puremedical,,Health,2026-07-10T09:51:20+08:00,
S. Gance & T. Ung,S. Gance & T. Ung | S GANCE AND T UNG | Chemist Warehouse Shellharbour,,Health,2026-07-10T09:51:20+08:00,
Bowen Super,Bowen Super | BOWEN SUPER PTY LTD,,Groceries,2026-07-10T09:51:20+08:00,
Sunshine Beach Break,Sunshine Beach Break | SUNSHINE BEACH BREAK PTY LTD,,Travel,2026-07-10T09:51:20+08:00,
Endeavour Group,Endeavour Group | ENDEAVOUR GROUP LIMITED | Brownwood Estate Vineyard | Bws - Beer Wine Spirits | Cape Mentelle Wines | Cellar Door Direct | Cellar Force | Cellarmasters | Cellarmasters My Labels | Cellarmasters: The Wine Cellar | Cellarpack | Chapel Hill Wines | Dan Murphy's | Dan Murphy's Balga | Dan Murphy's Gifting Hub | Davey Family Wines | Delivery by endeavour | DeliveryNow by endeavour | Endeavour Delivery | Endeavour Drinks | Endeavour Drinks Group | First Estate Wine Merchant | Five Oaks Vineyards | Gallows Wine | GALLOWS WINE CO | Gifting Hub | International Liquor Wholesalers | Jimmy Brings | Josef Chromy Wines | Krondorf Cellar Door and Wine Bar | Krondorf Wines | Langton's | Langton's Fine Wine Auctions | Langton's Wine Auctions and Exchange | Langton's Winefind | Langton's Winery Direct | MixIn By Endeavour | Oakridge Wines | Paragon Wine Estates | Pinnacle Drinks | Pinnacle Liquor Group | Pinnacle Wine | PINNACLE WINE COMPANY | Private Cellar | Shingleback Cellar Door | Shingleback Wine | Stonyfell Wines | Swanbourne Cellars | Sweet Georgie | The Cellar by Dan Murphy's | The Cellarmasters Group | The Cheaper Liquor Co. BWS Beer Wine Spirits | The Cheaper Liquor Bws Beer Wine Spirits | Vineful | Vintage Blue Wines | W For Wine | Wattle & Jones | WATTLE AND JONES | Winemakers Choice,,Retail,2026-07-10T09:51:20+08:00,
Diamante Weng,Diamante Weng | DIAMANTE WENG PTY LTD | Icecool Liquor,,Retail,2026-07-10T09:51:20+08:00,
Takeaway,Takeaway | Takeaway Partnership,,Dining Out,2026-07-10T09:51:20+08:00,
Green Goal,Green Goal | GREEN GOAL PTY LTD | Sweet Bloom Cafe,,Dining Out,2026-07-10T09:51:20+08:00,
The Jerky CO T1,The Jerky CO T1 | THE JERKY CO T1 PTY LTD | The Jerky T1,,Groceries,2026-07-10T09:51:20+08:00,
The Star Entertainment QLD,The Star Entertainment QLD | THE STAR ENTERTAINMENT QLD LIMITED | Jupiters | JUPITERS LIMITED | Casino Escort | Gold Coast Convention And Exhibition Centre | Jupiters Broadcasting | Jupiters Escort | Jupiters Technology | Treasury Bottle Shop | Treasury Broadcasting | Treasury Cruises | Treasury Escort | Treasury Sports And Health Centre | Atrium Bar | Azure Spa & Fitness | AZURE SPA AND FITNESS | Cucina Regina | Food Fantasy | Garden Kitchen & Bar | GARDEN KITCHEN AND BAR | Isoletto | Jupiters Casino | Livewire Bar | M&G Cafe and Bar | M AND G CAFE AND BAR | Mei Wei | Mei Wei Dumplings | Nineteen at The Star | Pool Bar | Ryan's Lobby Bar | Ryan's ON The Park | Sports Bar Gold Coast | Star Cafe Gold Coast | The Quid Bar | The Star Casino & Hotel Brisbane | THE STAR CASINO AND HOTEL BRISBANE | The Star Gold Coast | The Star Gold Coast Casino | The Star Hotel & Casino Gold Coast | THE STAR HOTEL AND CASINO GOLD COAST | Treasury Brisbane | Treasury by The Star | Treasury by The Star Brisbane | Treasury Casino | Treasury Casino And Hotel | Uncle Su,,Gambling,2026-07-10T09:53:09+08:00,
Australian Vintage,Australian Vintage | AUSTRALIAN VINTAGE LTD | Brian Mcguigan Wines | BRIAN MCGUIGAN WINES LIMITED | Merbein Packaging | Tempus Two | The Mcguigan Wine | THE MCGUIGAN WINE CO | Archetype Vineyard | Archetype Winery | Austflavor | AVL Drinks | AVL Wine | AVL Wines | Avwines | Barossa Valley Wine | BAROSSA VALLEY WINE COMPANY | Buronga Hill Winery | Club Wine Sales | Conundrum Estate | Hunter Cellars | Lyndoch Valley Wines | Mcguigan Barossa Valley | Mcguigan Cellars | Mcguigan Member | Mcguigan Simeon Wines | Mcguigan Wine Club | Mcguigan Wines | Nepenthe Vineyards | Nepenthe Vip Membership | Nepenthe Viticulture | Nepenthe Wines | Poco Vino | Tempus Two Pewter Membership | Tempus Two Wines | AUSTRALIAN VINTA,https://www.australianvintage.com.au,Retail,2026-07-10T18:54:46+08:00,
Anthony Boots Investments,Anthony Boots Investments | ANTHONY BOOTS INVESTMENTS PTY LTD | Hydro Motor Inn,,Travel,2026-07-10T09:53:09+08:00,
Hanwood Football Club,Hanwood Football Club | HANWOOD FOOTBALL CLUB INCORPORATED,,Entertainment,2026-07-10T09:53:09+08:00,
Lotteries Commission,Lotteries Commission | Lotterywest,,Gambling,2026-07-10T09:53:09+08:00,
Donato Hanafi Group,Donato Hanafi Group | DONATO HANAFI GROUP PTY LTD | Bar Josephine,,Dining Out,2026-07-10T09:53:09+08:00,
Kentucky Fried Chicken,Kentucky Fried Chicken | KENTUCKY FRIED CHICKEN PTY LTD | K F C | Colonel Sanders | Colonel Sanders Recipe | Kfc | Kfc QLD | The Colonel's,,Dining Out,2026-07-10T09:53:09+08:00,
Snapfish,Snapfish | SNAPFISH PTY LTD,,Retail,2026-07-10T09:53:09+08:00,
Live Safe Education,Live Safe Education | LIVE SAFE EDUCATION PTY LTD | Krav Maga | Krav Maga Australia | Krav Maga OZ,,Education,2026-07-10T09:53:09+08:00,
Maxden Group,Maxden Group | MAXDEN GROUP PTY LTD | Picnic IN The Park | yo-men,,Entertainment,2026-07-10T09:53:09+08:00,
Ethical Cobs,Ethical Cobs | ETHICAL COBS PTY LTD | Bakers Delight Currimundi,,Dining Out,2026-07-10T09:53:09+08:00,
Holiday Park,Holiday Park | HOLIDAY PARK PTY LTD,,Travel,2026-07-10T09:53:09+08:00,
Returned & Services League OF Australia (Queensland Branch),Returned & Services League OF Australia (Queensland Branch) | RETURNED AND SERVICES LEAGUE OF AUSTRALIA QUEENSLAND BRANCH | Dream Home Art Union | Dream Home Lottery | RSL Art Union | RSL Qld | RSL Qld Dream Home Art Union | RSL Queensland,,Donations,2026-07-10T09:53:09+08:00,
Brisbane Racing Club,Brisbane Racing Club | BRISBANE RACING CLUB LIMITED | Club Stafford | Gallopers Sports Club | Racecourse Village | Souths Sports Club | The Gibson Sports Club | Brisbane Racing,https://www.brisbaneracingclub.com.au/,Entertainment,2026-07-10T18:54:46+08:00,
Riversdale Pub Co No.5,Riversdale Pub Co No.5 | RIVERSDALE PUB CO NO 5 PTY LTD | Riversdale PUB NO 5 | Unity Hall Hotel,,Dining Out,2026-07-10T09:53:09+08:00,
Canva,Canva | CANVA PTY LTD | Canva Space,,Information,2026-07-10T09:53:09+08:00,
RE Library,RE Library | RE LIBRARY PTY LTD | Pocket | Pocket Agent AU,,Information,2026-07-10T09:53:09+08:00,
Nottingham,Nottingham | NOTTINGHAM PTY LTD | Beitz Packaging,,Dining Out,2026-07-10T09:53:09+08:00,
Fremantle Markets,Fremantle Markets | FREMANTLE MARKETS PTY LTD | Fremantle Markets Since 1897 | Freo Markets | Original & Still The Best Freo Markets | ORIGINAL AND STILL THE BEST FREO MARKETS | The Original Fremantle Markets,,Retail,2026-07-10T09:53:09+08:00,
Kwik Finance (QLD),Kwik Finance (QLD) | KWIK FINANCE QLD PTY LTD,,Debt Consolidation,2026-07-10T09:53:09+08:00,
Humomi,Humomi | HUMOMI PTY LTD | Asian Delights | Love Pho (SA),,Dining Out,2026-07-10T09:53:09+08:00,
Australian Turf Club,Australian Turf Club | AUSTRALIAN TURF CLUB LIMITED | Atc Foundation | Australian Jockey Club | Rosehill Bowling Club | The Stables Sydney,,Gambling,2026-07-10T09:53:09+08:00,
Robina City Football Club,Robina City Football Club | ROBINA CITY FOOTBALL CLUB INCORPORATED | Robina City Soccer Club | ROBINA CITY SOCCER CLUB INCORPORATED | City FC | Robina City FC,,Entertainment,2026-07-10T09:53:09+08:00,
District 44 Masonic Charities,District 44 Masonic Charities | DISTRICT 44 MASONIC CHARITIES INCORPORATED | Shop 44,,Donations,2026-07-10T09:53:09+08:00,
Nepean Pizza,Nepean Pizza | NEPEAN PIZZA PTY LTD,,Dining Out,2026-07-10T09:53:09+08:00,
Coffee 2 U,Coffee 2 U | COFFEE 2 U PTY LTD,,Dining Out,2026-07-10T09:53:09+08:00,
Gro Group Investments,Gro Group Investments | GRO GROUP INVESTMENTS PTY LTD | Gro Clinics | Gro Clinics Australia | Gro Haircare | Gro Prescription Haircare | GroTM,,Health,2026-07-10T09:53:09+08:00,
Devonport,Devonport | DEVONPORT PTY LTD | Gerick Drilling,,Transport,2026-07-10T09:53:09+08:00,
Casuarina Golf,Casuarina Golf | CASUARINA GOLF PTY LTD | Marri Park Tavern | Marri Park Tavern and Golf Course,,Entertainment,2026-07-10T09:53:09+08:00,
Toga Hotel Management Holdings,Toga Hotel Management Holdings | TOGA HOTEL MANAGEMENT HOLDINGS PTY LIMITED | Business Traveller Plus by TFE Hotels | eClub Member Program | eGifts by TFE hotels | Tfe Hotels | Toga Far East Hotels,,Travel,2026-07-10T09:53:09+08:00,
Hanwha Energy Retail Australia,Hanwha Energy Retail Australia | HANWHA ENERGY RETAIL AUSTRALIA PTY LTD | Nectr | Nectr Energy | Yallo,,Utilities,2026-07-10T09:55:03+08:00,
Somedays Pizza,Somedays Pizza | SOMEDAYS PIZZA PTY LTD,,Dining Out,2026-07-10T09:55:03+08:00,
J Choice,J Choice | J CHOICE PTY LTD | Sushi Luv,,Dining Out,2026-07-10T09:55:03+08:00,
Festival Hall,Festival Hall | FESTIVAL HALL PTY LTD,,Entertainment,2026-07-10T09:55:03+08:00,
Machuski Hotels,Machuski Hotels | MACHUSKI HOTELS PTY LTD | Point Turton Hotel | Point Turton Tavern | Tavern on Turton,,Dining Out,2026-07-10T09:55:03+08:00,
Hair 1,Hair 1 | HAIR 1 PTY LTD,,Personal Care,2026-07-10T09:55:03+08:00,
Parata,Parata | PARATA PTY LTD | Mango Rubbish Removal,,Health,2026-07-10T09:55:03+08:00,
Papa's Pancakes,Papa's Pancakes | PAPA S PANCAKES PTY LTD,,Dining Out,2026-07-10T09:55:03+08:00,
Myer,Myer | MYER PTY LTD | Myer Grace Bros | Grace Bros | Myer Direct | Basement,,Department Stores,2026-07-10T09:55:03+08:00,
Mechanical,Mechanical | MECHANICAL PTY LTD,,Automotive,2026-07-10T09:55:03+08:00,
Daniel & Damon,Daniel & Damon | DANIEL AND DAMON PTY LTD | Daniel And Damon | The Angry Baker,,Dining Out,2026-07-10T09:55:03+08:00,
All Blue Store,All Blue Store | ALL BLUE STORE PTY LTD,,Retail,2026-07-10T09:55:03+08:00,
Don Don Maki,Don Don Maki | DON DON MAKI PTY LTD,,Dining Out,2026-07-10T09:55:03+08:00,
Retail CA,Retail CA | RETAIL CA PTY LTD,,Retail,2026-07-10T09:55:03+08:00,
Canterbury League Club,Canterbury League Club | CANTERBURY LEAGUE CLUB LIMITED | 'C' - Life | Canterbury | Canterbury Engage | Canterbury Engage Rewards | Engage Rewards | Lakemba Services Club | Lakemba Services Memorial Club | Moxon Sports Club | The Dynasty Restaurant | The Lakemba Club,,Gambling,2026-07-10T09:55:03+08:00,
Yamaha Music Australia,Yamaha Music Australia | YAMAHA MUSIC AUSTRALIA PTY LTD | Yamaha,,Retail,2026-07-10T09:55:03+08:00,
Webjet Marketing,Webjet Marketing | WEBJET MARKETING PTY LTD | Webjet | Jetweb | Webjet Exclusives | Webjet Tours,,Travel,2026-07-10T09:55:03+08:00,
Castlereagh Automotive,Castlereagh Automotive | CASTLEREAGH AUTOMOTIVE PTY LTD | Nepean Motor Group | Carmax | Nepean Wholesale Cars | Penrith Auto World | Penrith Chrysler Jeep | Penrith City Cars & 4WDS | PENRITH CITY CARS AND 4WDS | Penrith Mitsubishi | Penrith Nissan | Penrith Skoda | Penrith Suzuki | Penrith Volkswagen | Geely Penrith | Penrith Chrysler Jeep Dodge | Penrith City Cars & 4WD'S | PENRITH CITY CARS AND 4WD S | Penrith Gwm | Penrith Haval | Penrith Omoda Jaecoo,,Automotive,2026-07-10T09:55:03+08:00,
Sally-Ann Blanc & Stephen R Lunn & Sharon L Powell,Sally-Ann Blanc & Stephen R Lunn & Sharon L Powell | SALLY ANN BLANC AND STEPHEN R LUNN AND SHARON L POWELL | Horseshoe Bay Cafe,,Dining Out,2026-07-10T09:55:03+08:00,
Recovery,Recovery | RECOVERY CO PTY LTD,,Debt Collection,2026-07-10T09:55:03+08:00,
City Cab,City Cab | CITY CAB PTY LTD,,Transport,2026-07-10T09:55:03+08:00,
Glenlee Cellars,Glenlee Cellars | GLENLEE CELLARS PTY LTD | Glenlee Central Cellars | Glenlee Wagga Cellars,,Retail,2026-07-10T09:55:03+08:00,
Elgas,Elgas | ELGAS LIMITED | Elgas Limited Joint Venture | Elgas Joint Venture | Brunswick Valley Gas | Brunswick Valley Gas Supply | Elgas Swap 'N' GO | forster gas | Gorilla Gas | South Coast Gas Supply | Swap 'N' GO,,Utilities,2026-07-10T09:55:03+08:00,
Sorrento Portsea Rsl Sub Branch,Sorrento Portsea Rsl Sub Branch | @Jacks | The Terrace AT Sorrento | Tom Katz,,Gambling,2026-07-10T09:55:03+08:00,
S Johnson & J.A Smith,S Johnson & J.A Smith | S JOHNSON AND J A SMITH | J A Smith & S Johnson T/AS The Salon AT Ocean Keys | J A SMITH AND S JOHNSON T AS THE SALON AT OCEAN KEYS | The Salon | The Salon @ Currambine,,Personal Care,2026-07-10T09:55:03+08:00,
Moora Grocery,Moora Grocery | MOORA GROCERY PTY LTD | Moora IGA,,Groceries,2026-07-10T09:55:03+08:00,
Fresh Trading CO. Ops,Fresh Trading CO. Ops | FRESH TRADING CO OPS PTY LTD | Fresh Trading Ops,,Groceries,2026-07-10T09:55:03+08:00,
Brothers Foodlab,Brothers Foodlab | BROTHERS FOODLAB PTY LTD | Chapter 3 | Itoko Ramen,,Dining Out,2026-07-10T09:55:03+08:00,
Coolum Beach Slsc,Coolum Beach Slsc | COOLUM BEACH SLSC PTY LTD,,Entertainment,2026-07-10T09:55:03+08:00,
Brown Dawgz,Brown Dawgz | BROWN DAWGZ PTY LTD | Parklands Bakery,,Pet Care,2026-07-10T09:55:03+08:00,
Anytime Aust/NZ Partnership,RM Australia Llc & The Trustee For Anytime (Justin) Trust & The Trustee For Maddison Unit Trust | RM AUSTRALIA LLC AND THE TRUSTEE FOR ANYTIME JUSTIN TRUST AND THE TRUSTEE FOR MADDISON UNIT TRUST | RM Australia And The Trustee For Anytime Justin Trust And The Trustee For Maddison Unit Trust | Anytime Aust/NZ Partnership | Anytime Australia | ANYTIME AUSTRALIA PTY LTD | Anytime Fitness,,Gyms and other memberships,2026-07-10T09:55:03+08:00,
Epping Ymca Soccer Club,Epping Ymca Soccer Club | Above,,Gyms and other memberships,2026-07-10T09:55:03+08:00,
Queensland Motorways Management,Queensland Motorways Management | QUEENSLAND MOTORWAYS MANAGEMENT PTY LTD | Linkt Brisbane,,Transport,2026-07-10T09:55:03+08:00,
Icon Water,Icon Water | ICON WATER LIMITED | Agri-Ash,,Utilities,2026-07-10T09:55:03+08:00,
Shaver Shop,Shaver Shop | SHAVER SHOP PTY LTD,,Personal Care,2026-07-10T09:55:03+08:00,
Rent 1,Rent 1 | RENT 1 PTY LTD | Fuel Connect (Australia),,Rent,2026-07-10T09:55:03+08:00,
Heads &,Heads & | HEADS AND CO | Heads And,,Personal Care,2026-07-10T09:55:03+08:00,
Darra Bakehouse,Darra Bakehouse | DARRA BAKEHOUSE PTY LTD | Amore Fine Foods | Austral Croissants | Van Dough,,Dining Out,2026-07-10T09:56:42+08:00,
Chemist,Chemist | CHEMIST PTY LTD,,Personal Care,2026-07-10T09:56:42+08:00,
LE Bakehouse,DJ and TL Price Family Trust & The Trustee for Sargeant Family Trust | THE TRUSTEE FOR DJ AND TL PRICE FAMILY TRUST AND THE TRUSTEE FOR SARGEANT FAMILY TRUST | LE Bakehouse,,Dining Out,2026-07-10T09:56:42+08:00,
Asteron Life,ACN 073 979 530 | ACN 073 979 530 LIMITED | Suncorp Life & Superannuation | SUNCORP LIFE AND SUPERANNUATION LIMITED | Suncorp Life And Superannuation | Asteron Life,,Insurance,2026-07-10T09:56:42+08:00,
Rent WA,Rent WA | RENT WA PTY LTD,,Rent,2026-07-10T09:56:42+08:00,
Shearwater QLD,Shearwater QLD | SHEARWATER QLD PTY LTD | Noodle Box,,Dining Out,2026-07-10T09:56:42+08:00,
Ice Cream,Ice Cream | ICE CREAM PTY LTD,,Dining Out,2026-07-10T09:56:42+08:00,
Family Doctor,Family Doctor | FAMILY DOCTOR PTY LTD | Acland St Medical Centre | Advantage Medical & Dental | ADVANTAGE MEDICAL AND DENTAL | Advantage Medical After Hours Clinic | Advantage Medical Hastings | Advantage Medical Mt Eliza | Advantage Medical Rosebud | Advantage Medical Tooradin | Albany Care Medical Centre | Alphington Medical Centre | Apollo General Practice | Aspendale Clinic | Aspley Firstcare 7day Doctors | Ballarat Doctors | ballarat family doctors | Balmain Village Health | Bayside Skin Centre | Beenleigh Road Medical Centre (QLD) | Bega Valley Womens Health Clinic | bendigo family medicine | Better Family Health | Better Health On Buderim | BGO Medical | Birtinya Medical Centre | Black Fish Medical Clinic | Bli Bli Clinic | Bli Bli Family Medical Centre | Brightwater Medical Centre | Brookside Medical Centre | Bundilla Clinic | Bunyip Medical Clinic | Burrum Street Medical Practice | Caboolture Super Clinic | Cafe Le Bones | Caligem Health | Caloundra Health Hub | calwell medical centre | Camberwell Family Dental | Camberwell Junction Medical Clinic | Chapel Gate Medical Centre | Cooroy Family Doctor | Cooroy Family Medical | Core Medical | Cotton Tree Plaza Medical Centre | Cowes Medical Centre | Croydon Family Practice | Deer Park Family Medicine | Doctors At Redlands Medical Centre | Dr Cosmetica | Dr Skin Check | Drouin Medical Clinic | Drovers Medical Centre | eaglehawk medical centre | Eclipse Medical Maroochydore | Epping Family Doctors | Epsom medical centre | Excelsior Medical Centre | Family Doctor - Lilydale Medical Centre | Five Dock Medical Centre | Floreat Medical WA | Forest Hill Chase Medical Centre | Forest Hill Family Dental | Fremantle Family Doctors | Fremantle Family Doctors - South Street | Grand Health Medical Centre | Grandview Family Clinic | Greensborough Dermatology | Gumdale Medical Centre | Hazelwood Health Centre | highpoint medical centre | Hillcrest Family Medicine | Hollie Drive Medical Centre | Humphries Rd Medical Centre | Isabella Plains Medical Centre | Kangaroo Flat Medical Centre | Kew Junction Medical Clinic | Kooringal Medical Centre | Kuluin clinic | Lalor Plaza Medical Centre | Lang Lang Community Family Medicine | Lang Lang Community Medical Centre (Vic) | Lemon Tree Medical Practice | Lifetime Health Medical Centre | Lime Medical (Mildura) | Lime Medical Clinic | Long Street Family Medicine | Main Street Medical Centre Merimbula | Maroochy Waters Medical Practice - MWMP | Mater Hill Family Medical Centre | McDonald St. Medical Centre | McDonald Street Medical Centre | Medical Centre Frankston Vic | Merimbula Doctors | Mid Valley Family Medicine | Mildura Family Medicine | Mill Lane Clinic | Mindarie Keys Medical Centre | Modern Medical Clinics Halls Head | Modern Medical Clinics Mandurah | Modern Medical Clinics Peel | Modern Medical Clinics Perth | Modern Medical Clinics WA | Modern Medical Online Doctor | Mooloolaba Family Clinic | My Doctor Online | My GP Online | My Online Doctor | My Online GP | Noosa Civic Family Practice | Noosa Fair Medical Centre | Northland Medical And Dental Centre | Northland Medical Centre | Northside Health | Nyora Medical Centre | Ocean Family Medicine | Palm Springs Medical Centre | Parkdale Medical Surgery | Parklands Medical Centre Qld | Pascoe Vale Family Dental | Peter Street Medical Centre | Premier Medicine Bondi Junction | PVH Allied Health | PVH Medical | Pymble Grove Health Centre | Red Hill Medical Centre | Red Hill South Medical Centre | Rich River Health Group | San Remo Medical Clinic | Seymour Medical Clinic | Shailer Park Medical Centre | South Gippsland Family Medicine | Stafford City Doctors | Stafford Heights Medical Practice | Sunbury Medical Centre | Suncoast Medical Centre | The Good Doctors | The Good Doctors Victoria Point | The Grove Health Pymble | The Lilian Cooper Centre | The Plaza Clinic Lalor | The Pymble Grove Dispensary | Thompson Road Allied Health | Thompson Road Clinic | Thompson Road Clinic Medical Centre | Thompson Road Clinic Physiotherapy | Thompson Road Clinic Podiatry | Thompson Road Clinic Psychology | Thompson Road Industrial Health | Thompson Road Specialist Centre | Tilligerry Medical Practice | Towerhill Medical Centre | Vermont Dermatology | Vermont Medical Centre | Vermont Medical Clinic | Victoria Point 7 Day Surgery | Victoria Point Surgery | Wanniassa Family Medicine | Wodonga Medical Centre | Woodford Family Medical Centre | Yanchep Medical Centre,,Health,2026-07-10T09:56:42+08:00,
Organic Tabby,Organic Tabby | ORGANIC TABBY PTY LTD | Hikari Ramen,,Dining Out,2026-07-10T09:56:42+08:00,
Jee Generation,Jee Generation | JEE GENERATION PTY LTD | Sushi Haroo,,Dining Out,2026-07-10T09:56:42+08:00,
Graze Craze Franchising,Graze Craze Franchising | GRAZE CRAZE FRANCHISING PTY LTD | Graze Craze,,Dining Out,2026-07-10T09:56:42+08:00,
Yamaha Motor Australia,Yamaha Motor Australia | YAMAHA MOTOR AUSTRALIA PTY LTD | Atv Ssv Safety Institute | MY Yamaha Institute | Yamaha | Yamaha Apprenticeship Program | Yamaha Flight Academy | Yamaha Marine Academy | Yamaha Motor | Yamaha Motorcycle Academy | Yamaha Technical Academy | Yamaha Training Academy,,Automotive,2026-07-10T09:56:42+08:00,
Channels,Channels | CHANNELS PTY LTD | BeeAsOne | Channels Mortgage Brokers | Channels Professional Services & Solutions | CHANNELS PROFESSIONAL SERVICES AND SOLUTIONS | Dreams of Gold,,Subscription TV,2026-07-10T09:56:42+08:00,
Webmcq,Webmcq | WEBMCQ PTY LTD | Mcq International,,Education,2026-07-10T09:56:42+08:00,
Agl Sales,Agl Sales | AGL SALES PTY LIMITED,,Utilities,2026-07-10T09:56:42+08:00,
Eat Gangnam,Eat Gangnam | EAT GANGNAM PTY LTD | Sushi Canteen | Sushi&Nori | SUSHI AND NORI,,Dining Out,2026-07-10T09:56:42+08:00,
Feel Good International,Feel Good International | FEEL GOOD INTERNATIONAL PTY LTD | Slime It UP,,Health,2026-07-10T09:56:42+08:00,
Baole Australia,Baole Australia | BAOLE AUSTRALIA PTY LTD,,Dining Out,2026-07-10T09:56:42+08:00,
School Photos,School Photos | SCHOOL PHOTOS PTY LTD | MSP Photography SEQ,,Education,2026-07-10T09:56:42+08:00,
Southern Fuels,Southern Fuels | SOUTHERN FUELS PTY LTD,,Automotive,2026-07-10T09:56:42+08:00,
Lantmannen Unibake UK,Lantmannen Unibake UK | LANTMANNEN UNIBAKE UK LTD | Bakehouse | BAKEHOUSE LIMITED,,Groceries,2026-07-10T09:56:42+08:00,
IK Management,IK Management | IK MANAGEMENT PTY LTD | MT Pleasant Hotel,,Travel,2026-07-10T09:56:42+08:00,
Universal Store,Universal Store | UNIVERSAL STORE PTY LTD | Universal | Perfect Stranger AU,,Retail,2026-07-10T09:56:42+08:00,
Sheridan Australia,Sheridan Australia | SHERIDAN AUSTRALIA PTY LIMITED | Actil | Pop | Sheridan | Actil Commercial | Sheridan Factory Outlet | Sheridan Studio,,Retail,2026-07-10T09:56:42+08:00,
Ethos Productions,Ethos Productions | ETHOS PRODUCTIONS PTY LTD | Kindred Studios | Moksha Productions | Ethos Records | Ground Swell Studios,,Entertainment,2026-07-10T09:56:42+08:00,
Anglican Trusts Corporation OF The Diocese OF Gippsland [ABN 89363058392],Anglican Trusts Corporation OF The Diocese OF Gippsland | Anglican Trusts OF The Diocese OF Gippsland | Bishop IN Council | Abbey OF ST Barnabas AT A'beckett Park | Anglican Development Fund - Gippsland | Church Book Room | Trust | TRUST CORPORATION | Anglican Retirement Living | Botterill Court | Clifton Waters Retirement Living | Clifton Waters Village | The Abbey Raymond Island | Anglican Trusts Corporation OF The Diocese OF Gippsland [ABN 89363058392],,Donations,2026-07-13T17:47:37+08:00,
Dollar,Dollar | DOLLAR PTY LTD | Budget Containers | Container King | Dollar Car Insurance | It's a Rental | Western,,Retail,2026-07-10T09:56:42+08:00,
York Pharmacy,York Pharmacy | YORK PHARMACY PTY LTD,,Health,2026-07-10T09:56:42+08:00,
IA Mitcham,IA Mitcham | IA MITCHAM PTY LTD,,Insurance,2026-07-10T09:56:42+08:00,
Kfl Supermarket,Kfl Supermarket | KFL SUPERMARKET PTY LTD,,Groceries,2026-07-10T09:56:42+08:00,
ST. Joseph's Netball Club,ST. Joseph's Netball Club | Penrith,,Gyms and other memberships,2026-07-10T09:56:42+08:00,
H & D Retail,H & D Retail | H AND D RETAIL PTY LIMITED | H And D Retail | Educationmate | Impossibly Cute | Supertoyspot | The Babymate | THE BABYMATE CO | Toymate,,Retail,2026-07-10T09:56:42+08:00,
Grub Organics,Grub Organics | GRUB ORGANICS PTY LTD,,Groceries,2026-07-10T09:56:42+08:00,
Dongara Building And Trade Supplies,The Jrs Trust & The Trustee For The Tjh Trust | THE TRUSTEE FOR THE JRS TRUST AND THE TRUSTEE FOR THE TJH TRUST | Dongara Building And Trade Supplies | Byford Tavern,,Home Improvement,2026-07-10T09:56:42+08:00,
Neds.Com.AU,Neds.Com.AU | NEDS COM AU PTY LTD,,Gambling,2026-07-10T09:56:42+08:00,
Ark Hospitality,Ark Hospitality | ARK HOSPITALITY PTY LTD | Lusso Buffet,,Dining Out,2026-07-10T09:56:42+08:00,
Zari Fresh Market,Zari Fresh Market | ZARI FRESH MARKET PTY LTD,,Groceries,2026-07-10T09:56:42+08:00,
Essential Remedy,Essential Remedy | ESSENTIAL REMEDY CO PTY LTD,,Health,2026-07-10T09:56:42+08:00,
Lorna Jane,Lorna Jane | LORNA JANE PTY LTD,,Retail,2026-07-10T09:56:42+08:00,
Rsea,Rsea | RSEA PTY LTD | Eleven Workwear | QLD Safety | Queensland Safety | Rsea Safety,,Retail,2026-07-10T09:58:46+08:00,
Taobao,Taobao | TAOBAO PTY LTD | Australia energy battery | australia robot | battery recycling | charging station | ninebot | xiaomi,,Retail,2026-07-10T09:58:46+08:00,
Nms Petroleum,Nms Petroleum | NMS PETROLEUM PTY LTD,,Transport,2026-07-10T09:58:46+08:00,
Dreameal,Dreameal | DREAMEAL PTY LTD | Cafe Maison South Hedland | Sushimaster Geraldton,,Dining Out,2026-07-10T09:58:46+08:00,
Traders,Traders | TRADERS PTY LTD,,Retail,2026-07-10T09:58:46+08:00,
04 Transport,04 Transport | 04 TRANSPORT PTY LTD,,Transport,2026-07-10T09:58:46+08:00,
Inventive Australia,Inventive Australia | INVENTIVE AUSTRALIA PTY LTD | Oporto Griffith,,Dining Out,2026-07-10T09:58:46+08:00,
YH National,YH National | YH NATIONAL PTY LTD | Day 1 Sushi | Sushi Dori,,Dining Out,2026-07-10T09:58:46+08:00,
Dematin,Dematin | DEMATIN PTY LTD | Bridestowe Estate,,Travel,2026-07-10T09:58:46+08:00,
Australian Associated Motor Insurers,Australian Associated Motor Insurers | AUSTRALIAN ASSOCIATED MOTOR INSURERS PTY LIMITED | AUSTRALIAN ASSOCIATED MOTOR INSURERS LTD | Aami Car Insurance | Aami Insurance,,Insurance,2026-07-10T09:58:46+08:00,
Hjs,Hjs | HJS PTY LTD,,Dining Out,2026-07-10T09:58:46+08:00,
Ticketek,Ticketek | TICKETEK PTY LTD | Ezyticket | Ovation AMP | Ovation Data | Ovation Digital Services | Ovation Teg,,Entertainment,2026-07-10T09:58:46+08:00,
L.M Caridi & J.A Scaltrito,L.M Caridi & J.A Scaltrito | L M CARIDI AND J A SCALTRITO | Joseph Scaltrito & Lisa Caridi | JOSEPH SCALTRITO AND LISA CARIDI | Cafe Q,,Dining Out,2026-07-10T09:58:46+08:00,
Generocity Care,Generocity Care | GENEROCITY CARE LTD | cafe on | CAFE ON CORPORATION,,Dining Out,2026-07-10T09:58:46+08:00,
L. Stafford & Son,L. Stafford & Son | L STAFFORD AND SON PTY LTD | L Stafford And Son | Two Dogs Hardware | Staffords Building Supplies | Staffords H Hardware,,Home Improvement,2026-07-10T09:58:46+08:00,
Phoenix Health Fund,Phoenix Health Fund | PHOENIX HEALTH FUND LIMITED,,Insurance,2026-07-10T09:58:46+08:00,
Australian Safeway Stores,Australian Safeway Stores | AUSTRALIAN SAFEWAY STORES PTY LTD | Safeway | Alpen Dagen | Anytime Treats | Australian Safeway Stores (QLD) | Food For Less | Hyperbarn | Hypermart | Naytura Health Food | NAYTURA HEALTH FOOD CO | Naytura Health Food Store | Pak'n'Save | The Naytura Health Food | THE NAYTURA HEALTH FOOD CO | The Naytura Health Food Store,,Groceries,2026-07-10T09:58:46+08:00,
Australian United Retailers,Australian United Retailers | AUSTRALIAN UNITED RETAILERS LIMITED | Foodworks | Foodworks Liquor | Liquorworks | Tobaccolink,,Groceries,2026-07-10T09:58:46+08:00,
Karim Holdings,Karim Holdings | KARIM HOLDINGS PTY LTD | Prime Silverdale | Mobil Silverdale,,Automotive,2026-07-10T09:58:46+08:00,
Ally Fashion,Ally Fashion | ALLY FASHION PTY LTD | AM Supply | Asher & Stone | ASHER AND STONE | Mix for Less | Muse X | New Division | STNDRD Denim | Tee Boutique | The Basic Mix | Urban Gents,,Retail,2026-07-10T09:58:46+08:00,
Feastcorp Penrith,Feastcorp Penrith | FEASTCORP PENRITH PTY LTD,,Dining Out,2026-07-10T09:58:46+08:00,
Antonia Enterprises,Antonia Enterprises | ANTONIA ENTERPRISES PTY LTD | Alura Beauty Leeton | Alura Beauty Orange Grove | Alura Beauty Plainland QLD | Lavish Brew,,Personal Care,2026-07-10T09:58:46+08:00,
Constructi,Constructi | CONSTRUCTI PTY LTD,,Home Improvement,2026-07-10T09:58:46+08:00,
T Car,T Car | T CAR PTY LTD,,Automotive,2026-07-10T09:58:46+08:00,
Australian Prime Property Fund Custodian Pty Limited & Gpt Management,Australian Prime Property Fund Custodian Pty Limited & Gpt Management | AUSTRALIAN PRIME PROPERTY FUND CUSTODIAN PTY LIMITED AND GPT MANAGEMENT LIMITED | Australian Prime Property Fund Custodian And Gpt Management | Sunshine Plaza | Plaza Parade,,Rent,2026-07-10T09:58:46+08:00,
Deery Hotels,Deery Hotels | DEERY HOTELS PTY LTD | Story Bridge Hotel | National Festival OF Beers,,Travel,2026-07-10T09:58:46+08:00,
Spudshed Mandurah,Spudshed Mandurah | SPUDSHED MANDURAH PTY LTD | Spudshed Australind | Spudshed Kelmscott | Spudshed Morley,,Groceries,2026-07-10T09:58:46+08:00,
Bem Drive Thru,Bem Drive Thru | BEM DRIVE THRU PTY LTD,,Dining Out,2026-07-10T09:58:46+08:00,
Grace Threading,Grace Threading | GRACE THREADING PTY LTD | Grace Beauty and Threading,,Personal Care,2026-07-10T09:58:46+08:00,
MO Investment Solutions Pty Ltd & A.R Tascone,MO Investment Solutions Pty Ltd & A.R Tascone | MO INVESTMENT SOLUTIONS PTY LTD AND A R TASCONE | MO Investment Solutions And A R Tascone | Chemist Warehouse North Mackay,,Health,2026-07-10T09:58:46+08:00,
MR. Chemist Penrith,MR. Chemist Penrith | MR CHEMIST PENRITH PTY LTD | Westfield Pharmacy,,Health,2026-07-10T09:58:46+08:00,
Cbb SA,Cbb SA | CBB SA PTY LTD | Barber 11 | Culture Boys Barber Woodville,,Personal Care,2026-07-10T09:58:46+08:00,
Scentre,Scentre | SCENTRE PTY LIMITED | Westfield | WESTFIELD LIMITED | 100 Market Street | 77 Castlereagh Street | 85 Castlereagh Street | Retail Seed | Stirling Shopping Centre | Sydney Central Plaza Shopping Centre | Westfield Airport West | Westfield Belconnen | Westfield Casey Central | Westfield Doncaster | Westfield Fountain Gate | Westfield Geelong | Westfield Knox | Westfield Miranda | Westfield North Lakes | Westfield Plenty Valley | Westfield Shoppingtown | Westfield Southland | Westfield Stirling | Westfield Strathpine | Westfield West Lakes | Westfield Woden | Westfields,,Rent,2026-07-10T09:58:46+08:00,
Vantage Hotel Group,Vantage Hotel Group | VANTAGE HOTEL GROUP PTY LTD | Claremont Hotel | Clarence Waterfront & Bistro | CLARENCE WATERFRONT AND BISTRO | Hotel Tasmania | Brooker Inn | Claremont Hotel - Motel | Derwent Tavern | Elwick Hotel | Furner's Hotel | Hotel Federal | Hotel Valern | Mackeys Royal Hotel | Molly Malones | Newstead Hotel | Newstead Hotel & Olives Restaurant | NEWSTEAD HOTEL AND OLIVES RESTAURANT | ST Ives Brewery Hotel | Valern Hotel | Waterfront Hotel,,Travel,2026-07-10T09:58:46+08:00,
Ridgy Digital,Ridgy Digital | RIDGY DIGITAL PTY LTD | Enviromantic | Subway Glenview,,Dining Out,2026-07-10T09:58:46+08:00,
Miller & CO Entertainment,Miller & CO Entertainment | MILLER AND CO ENTERTAINMENT PTY LTD | Miller And Entertainment | OH DE Toilette | Humm,,Entertainment,2026-07-10T09:58:46+08:00,
Hydra Investments,Hydra Investments | HYDRA INVESTMENTS PTY LTD | Medihire & Sales | MEDIHIRE AND SALES,,Health,2026-07-10T09:58:46+08:00,
Powerhouse Youth Theatre,Powerhouse Youth Theatre | POWERHOUSE YOUTH THEATRE INC | PYT | Fairfield | PYT FAIRFIELD,,Entertainment,2026-07-10T09:58:46+08:00,
East Yarra Friendly Society Pty Ltd & HO PHARMACIES,East Yarra Friendly Society Pty Ltd & HO PHARMACIES | EAST YARRA FRIENDLY SOCIETY PTY LTD AND HO PHARMACIES PTY LTD | East Yarra Friendly Society And HO Pharmacies | Chemist Warehouse Footscray,,Health,2026-07-10T09:58:46+08:00,
Stateside Sports Australia,Stateside Sports Australia | STATESIDE SPORTS AUSTRALIA PTY LTD | stateside sports,,Retail,2026-07-10T10:00:25+08:00,
Nail Gallery & Beauty,Nail Gallery & Beauty | NAIL GALLERY AND BEAUTY PTY LTD | Nail Gallery And Beauty,,Personal Care,2026-07-10T10:00:25+08:00,
Scotts Gnh,Scotts Gnh | SCOTTS GNH PTY LTD | Great Northern Hotel Byron Bay | The Northern | The Northern Hotel & Bottle Shop | THE NORTHERN HOTEL AND BOTTLE SHOP | The Northern's Back Room,,Dining Out,2026-07-10T10:00:25+08:00,
Halal Market,Halal Market | HALAL MARKET PTY LTD,,Groceries,2026-07-10T10:00:25+08:00,
Vicinity Centres PM,"Vicinity Centres PM | VICINITY CENTRES PM PTY LTD | 1 Middle Road | 1 Middle Road Chadstone | 1 Middle Road Tower | Altona Gate | Altona Gate Shopping Centre | Balmoral Shopping Centre | Bankstown Central | Bankstown Central Shopping Centre | Bayside Centre | Bayside Entertainment | Bayside Markets | Bayside North | Bayside Shopping Centre | Bayside/Balmoral Shopping Centre | Box Hill Central Shopping Centre | Broadmeadows Central | Broadmeadows Shopping Centre | Broadmeadows Shopping Square | Broadmeadows Square | Broadmeadows Town Centre | Buranda Village | Buranda Village Shopping Centre | Capital Chadstone | Castle Plaza | Castle Plaza Shopping Centre | Chadstone | Chadstone Corner | Chadstone Place | Chadstone Shopping Centre | Chadstone The Fashion Capital | Chatswood Chase | Chatswood Chase, Sydney | Colonnades | Colonnades Shopping Centre | Cranbourne Park | Cranbourne Park Shopping Centre | D.F.O. Brisbane | D.F.O. Perth | D.F.O. South Wharf | Dfo Australia | Dfo Brisbane | DFO Eastern Creek | DFO Eastern Creek Quarter | DFO Perth | Dfo South Wharf | Direct Factory Outlet Eastern Creek | Direct Factory Outlet Eastern Creek Quarter | Direct Factory Outlet Rooty Hill | Direct Factory Outlets Brisbane | Direct Factory Outlets Essendon | Direct Factory Outlets Homebush | Direct Factory Outlets Moorabbin | Direct Factory Outlets Perth | Eastern Creek Quarter | Eastlands Entertainment Complex | Eastlands Plaza | Eastlands Shopping Centre | Eastlands Square | ECQ Outlet | Ecq XL | Edwardstown Castle Plaza | Elizabeth City Centre | Elizabeth Shopping Centre | Ellenbrook Central | Frankston Shopping Centre | Frankston Town Centre | Galleria Shopping Centre | Grand Plaza Shopping Centre | Lake Haven Business Park | Lake Haven Centre | Lake Haven Shopping Centre | Lakeside Joondalup Shopping Centre | Lakeside Joondalup Shopping City | Livingston Marketplace | Mandurah Forum | Mandurah Forum Shopping Centre | Mandurah Trade Centre | Myer Centre Brisbane | Myer Centre Carpark | Myer Centre Management | Nepean Village Shopping Centre | Northland Shopping Centre | Oakleigh Central | Oakleigh Central Shopping Centre | One Middle Road | One Middle Road Chadstone | One Middle Road Tower | Quayside Balmoral Shopping Centre | Queen Victoria Building | Queens Plaza | Qvb | Rockingham Centre | Rockingham Shopping Centre | Roxburgh Park Shopping Centre | Roxburgh Village | Sunshine Marketplace | Sunshine Marketplace Shopping Centre | Taigum Square | Taigum Square Shopping Centre | The Chadstone Marketplace | The Galeries | The Galeries Victoria | The Glen Shopping Centre | The Market Pavilion | The New Chadstone | The Shops AT Ellenbrook | The Social Quarter | The Strand Arcade | Uni Hill Factory Outlets | Uptown Brisbane | Uptown Centre | Uptown Queen Street | Uptown Shopping Centre | Victoria Gardens Shopping Centre | Victoria Park Central | Victoria Park Central Shopping Centre | Warriewood Square | Warriewood Square Shopping Centre | Warwick Grove | Warwick Grove Shopping Centre",,Retail,2026-07-10T10:00:25+08:00,
Arl Collect,Arl Collect | ARL COLLECT PTY LTD,,Debt Collection,2026-07-10T10:00:25+08:00,
Superloop,Superloop | SUPERLOOP LIMITED,,Telecommunications,2026-07-10T10:00:25+08:00,
Kogan.Com,Kogan.Com | KOGAN COM LTD,,Retail,2026-07-10T10:00:25+08:00,
Purch,Purch | PURCH PTY LTD,,Information,2026-07-10T10:00:25+08:00,
Didi Mobility (Australia),Didi Mobility (Australia) | DIDI MOBILITY AUSTRALIA PTY LTD | didiMobility,,Transport,2026-07-10T10:00:25+08:00,
Sippy Tom,Sippy Tom | SIPPY TOM PTY LTD,,Dining Out,2026-07-10T10:00:25+08:00,
Byrnes Good Food,Byrnes Good Food | BYRNES GOOD FOOD PTY LIMITED | Byrnes Andergrove | Byrnes Base Hospital | Byrnes Brisbane Street | Byrnes Catering | Byrnes Factory | Byrnes Willetts Road | Cafe B | Cafe B Mater,,Dining Out,2026-07-10T10:00:25+08:00,
Murdoch,Murdoch | MURDOCH PTY LTD,,Education,2026-07-10T10:00:25+08:00,
Leeton Dental,Leeton Dental | LEETON DENTAL PTY LTD | Leeton Dental Surgery,,Health,2026-07-10T10:00:25+08:00,
Applejack Hospitality Services,Applejack Hospitality Services | APPLEJACK HOSPITALITY SERVICES PTY LTD | House Canteen | Opera Bar,,Dining Out,2026-07-10T10:00:25+08:00,
Tuyets,Tuyets | TUYETS PTY LTD | Brighton Bakery,,Dining Out,2026-07-10T10:00:25+08:00,
P.J. Ryan's Hotels,P.J. Ryan's Hotels | P J RYAN S HOTELS PTY LTD | Carmens Niteclub | Miranda Hotel & Carmens Nightclub | MIRANDA HOTEL AND CARMENS NIGHTCLUB | Orient Hotel | Paragon Hotel | Ship Inn,,Dining Out,2026-07-10T10:00:25+08:00,
KB Seafood,KB Seafood | KB SEAFOOD COMPANY PTY LTD | Kailis Bros | National Fisheries Exports,,Groceries,2026-07-10T10:00:25+08:00,
Tesla,Tesla | TESLA PTY LTD | Electricity Bill | Peirce Electrical,,Utilities,2026-07-10T10:00:25+08:00,
Zambrero Retail Operations,Zambrero Retail Operations | ZAMBRERO RETAIL OPERATIONS PTY LTD | South Yarra | Zambrero Albany Creek | Zambrero Ascot WA | Zambrero Ashgrove | Zambrero Aspley | Zambrero Batemans Bay | Zambrero Beenleigh | Zambrero Bondi Beach | Zambrero Bundamba | Zambrero Buranda | Zambrero Burpengary | Zambrero Capalaba | Zambrero Cloverdale WA | Zambrero Craigieburn | Zambrero Cronulla | Zambrero Crowsnest | Zambrero Darlinghurst NSW | Zambrero Inglewood WA | Zambrero Ipswich Cbd | Zambrero Kalgoorlie | Zambrero Keilor Downs | Zambrero Keilor Park | Zambrero Kelmscott | Zambrero Kings Cross | Zambrero Kogarah | Zambrero Kwinana | Zambrero Mernda | Zambrero Morayfield | Zambrero North Penrith | Zambrero North Sydney | Zambrero Rockingham Central | Zambrero Surry Hills | Zambrero Ulladulla | Zambrero Waterloo NSW | Zambrero Wyoming | Zambrero Yamanto QLD,,Dining Out,2026-07-10T10:00:25+08:00,
Stoneage Health,Stoneage Health | STONEAGE HEALTH PTY LIMITED | Ancient Athlete,,Health,2026-07-10T10:00:25+08:00,
Alibrance_One,Alibrance_One | ALIBRANCE ONE PTY LTD | Iki Japanese,,Dining Out,2026-07-10T10:00:25+08:00,
Jay Jays Trademark,Jay Jays Trademark | JAY JAYS TRADEMARK PTY LTD | Jay Jays,,Retail,2026-07-10T10:00:25+08:00,
Kellstar,Kellstar | KELLSTAR PTY LTD | Stradbroke Flyer | Island Taxi & Charter | ISLAND TAXI AND CHARTER | Big Gold Cats | Gold Cats Passenger Ferry | Minjerribah Fast Ferry | Minjerribah Flyer Water Taxi | Minjerribah Passenger Ferry | Minjerribah Water Taxi | Nth Stradbroke Is Water Taxi | Queenslander Cruises | Stradbroke Barge | Stradbroke Fast Ferry | Stradbroke Flyer Fast Ferry | Stradbroke Flyer Gold Cats | Stradbroke Flyer Passenger Ferry | Stradbroke Flyer Water Bus | Stradbroke Passenger Ferry | Stradbroke Water Taxi,,Transport,2026-07-10T10:00:25+08:00,
Health Club,Health Club | HEALTH CLUB PTY LTD | Health Club Magazine | Hey Gelati Man | Workies Clothing | Eagles Sports Complex | GC Leisure,,Gyms and other memberships,2026-07-10T10:00:25+08:00,
Surf Club Restaurant,Surf Club Restaurant | SURF CLUB RESTAURANT PTY LTD,,Dining Out,2026-07-10T10:00:25+08:00,
Afridi Enterprises [ABN 98142419681],Afridi Enterprises | AFRIDI ENTERPRISES PTY LTD | Red Rooster | Afridi Enterprises [ABN 98142419681],,Dining Out,2026-07-13T17:47:37+08:00,
The Greater Union Organisation,The Greater Union Organisation | THE GREATER UNION ORGANISATION PTY LTD | Cinebuzz On Demand | Cinesound Productions | Edge Offices | Edge Serviced Offices | Edgedp | Event Cinemas | Event Cinemas IMAX Sydney | Event Experiences | Event Gift Cards | Event Gift Shop | Event Gifting | Event Movies | EVT Catering | Experiencethis.Com.AU | Gifto | Gold Class Cinemas | Greater Union | Greater Union International | GU Film House | IMAX Sydney | IMAX Sydney Darling Harbour | Megascreen | Moonlight Cinema | Parlour Lane Popcorn | PARLOUR LANE POPCORN COMPANY | Rydges Catering | Skyline Drive-In | State Theatre Sydney,,Entertainment,2026-07-10T10:00:25+08:00,
Richemont Australia,Richemont Australia | RICHEMONT AUSTRALIA PTY LIMITED | Cartier | A Lange & Sohne | A LANGE AND SOHNE | Cartier Boutique | Chloe - Richemont | IWC Schaffhausen | Jaeger LeCoultre | Montblanc | Officine Panerai | Piaget | Roger Dubuis | Vacheron Constantin | Van Cleef & Arpels | VAN CLEEF AND ARPELS,,Retail,2026-07-10T10:00:25+08:00,
Connecteast,Connecteast | CONNECTEAST PTY LIMITED | Breeze | EastLink | EastLink Time Better Spent | EastLink Tollway,,Transport,2026-07-10T10:00:25+08:00,
YAD Twin Waters Management,YAD Twin Waters Management | YAD TWIN WATERS MANAGEMENT PTY LTD | Twin Waters Golf Club,,Entertainment,2026-07-10T10:00:25+08:00,
Gooya,Gooya | GOOYA PTY LTD | Hot Pot | Into Plastics | K & A Storage | K AND A STORAGE,,Dining Out,2026-07-10T10:00:25+08:00,
Bapcor Retail,Bapcor Retail | BAPCOR RETAIL PTY LTD | Australian 4WD Wholesalers | Auto Barn Coffs Harbour | Autobarn | Autobarn (QLD) | Autobarn (S.A.) | Autobarn Albany | Autobarn Albury | Autobarn Altona | Autobarn Armadale | Autobarn Armidale | Autobarn Balcatta | Autobarn Ballina | Autobarn Bathurst | Autobarn Bayswater | Autobarn Beenleigh | Autobarn Bellbird Park | Autobarn Belmont | Autobarn Bendigo | Autobarn Browns Plains | Autobarn Bundall | Autobarn Burnie | Autobarn Busselton | Autobarn Butler | Autobarn Campbelltown | Autobarn Cannington | Autobarn Cannon Hill | Autobarn Caringbah | Autobarn Chadstone | Autobarn Chirnside Park | Autobarn Cockburn | Autobarn Colac | Autobarn Cranbourne | Autobarn Dandenong | Autobarn Darwin | Autobarn Devonport | Autobarn Dfo Moorabbin | Autobarn Doncaster Store | Autobarn Dural | Autobarn Edwardstown | Autobarn Ellenbrook | Autobarn Enoggera | Autobarn Erina | Autobarn Fairfield | Autobarn Ferntree Gully | Autobarn Frankston | Autobarn Gladstone | Autobarn Goulburn | Autobarn Grafton | Autobarn Gregory Hills | Autobarn Gympie | Autobarn Heatherbrae | Autobarn Hervey Bay | Autobarn Ipswich | Autobarn Joondalup | Autobarn Kalgoorlie | Autobarn Kawana Waters | Autobarn Kwinana | Autobarn Lake Haven | Autobarn Launceston | Autobarn Lawnton | Autobarn Logan City | Autobarn Macgregor | Autobarn Majura Park | Autobarn Malaga | Autobarn Mandurah | Autobarn Maroochydore | Autobarn Maryborough | Autobarn Melton | Autobarn Midland | Autobarn Mornington | Autobarn MT Gambier | Autobarn MT Ommaney | Autobarn Nambour | Autobarn Noosa | Autobarn Nowra | Autobarn O'connor | Autobarn Orange | Autobarn Osborne Park | Autobarn Palmerston | Autobarn Penrith | Autobarn Port Kennedy | Autobarn Port Macquarie | Autobarn Port Stephens | Autobarn Preston | Autobarn Rothwell | Autobarn Shepparton | Autobarn Townsville | Autobarn Traralgon | Autobarn Tuggeranong | Autobarn Tweed Heads | Autobarn Virginia | Autobarn Wagga Wagga | Autobarn Warners Bay | Autobarn Warriewood | Autobarn Warrnambool | Autobarn Waurn Ponds | Autopro | Autopro Gawler | Autopro Holden Hill | Autopro Parts Professionals Port Augusta | Autopro Seymour | E-Autobarn | Opposite Lock | Opposite Lock Darra | Opposite Lock Ferntree Gully | Opposite Lock Hobart | Opposite Lock Retail | Opposite Lock Wagga Wagga | Opposite Lock Welshpool,,Automotive,2026-07-10T10:00:25+08:00,
Stakeshop,Stakeshop | STAKESHOP PTY LTD | Hellostake | Stake Invest,,Gambling,2026-07-10T10:00:25+08:00,
Farm Mart,Farm Mart | FARM MART PTY LTD | IGA Coomera,,Groceries,2026-07-10T10:00:25+08:00,
United D,United D | UNITED D PTY LTD,,Automotive,2026-07-10T10:00:25+08:00,
Simple Imagination,Simple Imagination | SIMPLE IMAGINATION PTY LTD | oko cafe,,Dining Out,2026-07-10T10:00:25+08:00,
Tourism Australia,Tourism Australia | AUSTRALIAN TOURI,https://www.tourism.australia.com,Travel,2026-07-10T18:54:46+08:00,
Local Roadworthys,Local Roadworthys | LOCAL ROADWORTHYS PTY LTD,,Automotive,2026-07-10T10:00:25+08:00,
Dulux,DULUX,https://www.dulux.com.au,Home Improvement,2026-07-10T18:54:46+08:00,
Philips Healthcare,Philips Healthca | Philips Healthcare,https://www.philips.com.au/healthcare,Health,2026-07-10T18:54:46+08:00,
New Farm Deli,New Farm Deli,,Groceries,2026-07-10T18:54:46+08:00,
New Farm Confect,New Farm Confect,,Dining Out,2026-07-10T18:54:46+08:00,
SA Crush & Recycle,SA CRUSH & RECYC | SA Crush & Recycle,,Utilities,2026-07-10T18:54:46+08:00,
CampaignAgent,CampaignAgent,,Information,2026-07-10T18:54:46+08:00,
Banjos,BANJOS,https://www.banjos.com.au/,Dining Out,2026-07-10T18:54:46+08:00,
Adventist Retirement,ADVENTIST RETIRE | Adventist Retirement,,Health,2026-07-10T18:54:46+08:00,
InLife,InLife,https://www.inlife.com.ph/,Insurance,2026-07-10T18:54:46+08:00,
Sofitel,SOFITEL,https://www.sofitel.com/,Travel,2026-07-10T18:54:46+08:00,
Ballarat Clarendon College,BALLARAT CLAREND | Ballarat Clarendon College,,Education,2026-07-10T18:54:46+08:00,
TotalDrive,TOTALDRIVE.COM | TotalDrive,https://www.totaldrive.com,Automotive,2026-07-13T17:47:37+08:00,
Chatime Yarraville,CHATIME YARRAVILLE,https://www.chatime.com.au/,Dining Out,2026-07-13T17:47:37+08:00,
TotalDrive.com,TOTALDRIVE.COM,https://totaldrive.com,Automotive,2026-07-13T17:47:37+08:00,
Milano's Coffee House,Milano's Coffee Hous e | Milano's Coffee House,https://www.facebook.com/milanosgriffith,Dining Out,2026-07-13T17:47:37+08:00,
Curbside Cravings,CURBSIDE CRAVING S | Curbside Cravings,,Dining Out,2026-07-13T17:47:37+08:00,
Lune Croissanterie,Lune Croissanteri e | Lune Croissanterie,https://www.lunecroissanterie.com/,Dining Out,2026-07-13T17:47:37+08:00,
Luke's Cafe & Takeaway,LUKE'S CAFE & TA | Luke's Cafe & Takeaway,,Dining Out,2026-07-13T17:47:37+08:00,
Brat to the Grill,BRAT TO THE GRIL L | Brat to the Grill,,Dining Out,2026-07-13T17:47:37+08:00,
Stir Espresso,STIR ESPRESSO,,Dining Out,2026-07-13T17:47:37+08:00,
Urana Fuel Depot,URANA FUEL DEPOT,,Automotive,2026-07-13T17:47:37+08:00,
Suga Rays,SUGA RAYS,,Dining Out,2026-07-13T17:47:37+08:00,
MacShop,MACSHOP,,Retail,2026-07-13T17:47:37+08:00,
Indebted,INDEBTED,https://indebted.co/,Debt Collection,2026-07-13T17:47:37+08:00,
Liquorland,L/LAND | Liquorland,https://www.liquorland.com.au/,Retail,2026-07-13T17:47:37+08:00,
Alventa,Alventa,https://www.alventa.com,Education,2026-07-13T17:47:37+08:00,
Shein,Shein Distribution | Shein,https://www.shein.com/,Retail,2026-07-13T17:47:37+08:00,
Homespot,Homespot,,Retail,2026-07-13T17:47:37+08:00,
ConXion Airport Transfer,Conxion Airport Tr | ConXion Airport Transfer,https://www.con-x-ion.com/,Transport,2026-07-13T17:47:37+08:00,
Con-X-ion Airport Transfers,Conxion Airport Tr | Con-X-ion Airport Transfers,https://www.con-x-ion.com/,Transport,2026-07-13T17:47:37+08:00,
Lemontree Cafe,Lemontree Cafe,https://www.facebook.com/lemontreecafe.vincentia,Dining Out,2026-07-13T17:47:37+08:00,
Amazon Marketplace,Amazon Marketplace,https://amazon.com,Retail,2026-07-13T17:47:37+08:00,
Paul S Cafe,Paul S Cafe,,Dining Out,2026-07-13T17:47:37+08:00,
Bingo Stars,Bingo Stars,,Gambling,2026-07-13T17:47:37+08:00,
Travel Live,Travel Live,,Travel,2026-07-13T17:47:37+08:00,
Daystay LLC,Daystay Llc,,Travel,2026-07-13T17:47:37+08:00,
