engine_id,application_id,transaction_id,finv_category,counterparty,classification_rule_id,classification_reason,stream_id,priority
initial,2420589,2755538076,Automotive,ATLAS SAWYERS SAWYERS VALLE,merchant_kb_match,"category=Automotive; rule=merchant_kb_match; evidence=keyword=ATLAS SAWYERS SAWYERS VALLE, merchant=ATLAS SAWYERS SAWYERS VALLE",,1
initial,2420589,2755537885,Automotive,Puma York Roadhouse,merchant_kb_match,"category=Automotive; rule=merchant_kb_match; evidence=keyword=PUMA YORK ROADHOUSE, merchant=Puma York Roadhouse",,1
initial,2420589,2755537654,Automotive,TRANSFER TO,merchant_kb_match,"category=Automotive; rule=merchant_kb_match; evidence=keyword=TRANSFER TO, merchant=TRANSFER TO",,1
initial,2420589,2755537997,Automotive,Great Southern Fuels,merchant_kb_match,"category=Automotive; rule=merchant_kb_match; evidence=keyword=GREAT SOUTHERN FUELS NORTHAM, merchant=Great Southern Fuels",,1
initial,2420589,2755537777,Automotive,Great Southern Fuels,merchant_kb_match,"category=Automotive; rule=merchant_kb_match; evidence=keyword=GREAT SOUTHERN FUELS NORTHAM, merchant=Great Southern Fuels",,1
initial,2420589,2755537692,Automotive,Great Southern Fuels,merchant_kb_match,"category=Automotive; rule=merchant_kb_match; evidence=keyword=GREAT SOUTHERN FUELS NORTHAM, merchant=Great Southern Fuels",,1
initial,2420589,2755537952,Retail,THINGZ GIFTS MIDLAND G HIGH WYCOMBE,merchant_kb_match,"category=Retail; rule=merchant_kb_match; evidence=keyword=THINGZ GIFTS NORTHAM, merchant=THINGZ GIFTS MIDLAND G HIGH WYCOMBE",,1
initial,2420589,2755538362,Automotive,Puma York Roadhouse,merchant_kb_match,"category=Automotive; rule=merchant_kb_match; evidence=keyword=PUMA YORK ROADHOUSE, merchant=Puma York Roadhouse",,1
initial,2420589,2755537543,Automotive,TRANSFER TO,merchant_kb_match,"category=Automotive; rule=merchant_kb_match; evidence=keyword=TRANSFER TO, merchant=TRANSFER TO",,1
initial,2420589,2755537946,Groceries,7-ELEVEN STORES PTY LTD,merchant_kb_match,"category=Groceries; rule=merchant_kb_match; evidence=keyword=7 ELEVEN, merchant=7-ELEVEN STORES PTY LTD",,1
initial,2420589,2755538160,Automotive,TRANSFER TO,merchant_kb_match,"category=Automotive; rule=merchant_kb_match; evidence=keyword=TRANSFER TO, merchant=TRANSFER TO",,1
initial,2420589,2755537578,Groceries,Foodworks Dalwallinu,merchant_kb_match,"category=Groceries; rule=merchant_kb_match; evidence=keyword=DALWALLINU FOODWORKS, merchant=Foodworks Dalwallinu",,1
initial,2420589,2755537738,Automotive,Puma York Roadhouse,merchant_kb_match,"category=Automotive; rule=merchant_kb_match; evidence=keyword=PUMA YORK ROADHOUSE, merchant=Puma York Roadhouse",,1
initial,2420589,2755537630,Groceries,WOOLWORTHS GROUP LIMITED,merchant_kb_match,"category=Groceries; rule=merchant_kb_match; evidence=keyword=WOOLWORTHS, merchant=WOOLWORTHS GROUP LIMITED",,1
initial,2420589,2755537582,Automotive,Puma York Roadhouse,merchant_kb_match,"category=Automotive; rule=merchant_kb_match; evidence=keyword=PUMA YORK ROADHOUSE, merchant=Puma York Roadhouse",,1
initial,2420589,2755537944,Automotive,DUNNINGS GOOMALLING GOOMALLING,merchant_kb_match,"category=Automotive; rule=merchant_kb_match; evidence=keyword=DUNNINGS GOOMALLING GOOMALLING, merchant=DUNNINGS GOOMALLING GOOMALLING",,1
initial,2420589,2755537947,Automotive,Puma York Roadhouse,merchant_kb_match,"category=Automotive; rule=merchant_kb_match; evidence=keyword=PUMA YORK ROADHOUSE, merchant=Puma York Roadhouse",,1
initial,2420589,2755537793,Subscription TV,Netflix,merchant_kb_match,"category=Subscription TV; rule=merchant_kb_match; evidence=keyword=NETFLIX COM, merchant=Netflix",,1
initial,2420589,2755537967,Automotive,TRANSFER TO,merchant_kb_match,"category=Automotive; rule=merchant_kb_match; evidence=keyword=TRANSFER TO, merchant=TRANSFER TO",,1
initial,2420589,2755537761,Automotive,DUNNINGS TOODYAY JUN TOODYAY,merchant_kb_match,"category=Automotive; rule=merchant_kb_match; evidence=keyword=DUNNINGS TOODYAY JUN TOODYAY, merchant=DUNNINGS TOODYAY JUN TOODYAY",,1
initial,2420589,2755538327,Dining Out,Hungry Birds Pizza,merchant_kb_match,"category=Dining Out; rule=merchant_kb_match; evidence=keyword=HUNGRY BIRDS PIZZA, merchant=Hungry Birds Pizza",,1
initial,2420589,2755538210,Groceries,IGA,merchant_kb_match,"category=Groceries; rule=merchant_kb_match; evidence=keyword=IGA, merchant=IGA",,1
initial,2420589,2755537576,Dining Out,Subway,merchant_kb_match,"category=Dining Out; rule=merchant_kb_match; evidence=keyword=SUBWAY, merchant=Subway",,1
initial,2420589,2755537550,Automotive,DUNNINGS TOODYAY JUN TOODYAY,merchant_kb_match,"category=Automotive; rule=merchant_kb_match; evidence=keyword=DUNNINGS TOODYAY JUN TOODYAY, merchant=DUNNINGS TOODYAY JUN TOODYAY",,1
initial,2420589,2755538364,Groceries,WOOLWORTHS GROUP LIMITED,merchant_kb_match,"category=Groceries; rule=merchant_kb_match; evidence=keyword=WOOLWORTHS, merchant=WOOLWORTHS GROUP LIMITED",,1
initial,2420589,2755538043,Automotive,Great Southern Fuels,merchant_kb_match,"category=Automotive; rule=merchant_kb_match; evidence=keyword=GREAT SOUTHERN FUELS NORTHAM, merchant=Great Southern Fuels",,1
initial,2420589,2755537826,Groceries,WOOLWORTHS GROUP LIMITED,merchant_kb_match,"category=Groceries; rule=merchant_kb_match; evidence=keyword=WOOLWORTHS, merchant=WOOLWORTHS GROUP LIMITED",,1
initial,2420589,2755538134,Automotive,Puma York Roadhouse,merchant_kb_match,"category=Automotive; rule=merchant_kb_match; evidence=keyword=PUMA YORK ROADHOUSE, merchant=Puma York Roadhouse",,1
initial,2420589,2755538061,Automotive,TRANSFER TO,merchant_kb_match,"category=Automotive; rule=merchant_kb_match; evidence=keyword=TRANSFER TO, merchant=TRANSFER TO",,1
initial,2420589,2755537755,Groceries,WOOLWORTHS GROUP LIMITED,merchant_kb_match,"category=Groceries; rule=merchant_kb_match; evidence=keyword=WOOLWORTHS, merchant=WOOLWORTHS GROUP LIMITED",,1
initial,2420589,2755538005,Automotive,TRANSFER TO,merchant_kb_match,"category=Automotive; rule=merchant_kb_match; evidence=keyword=TRANSFER TO, merchant=TRANSFER TO",,1
initial,2420589,2755538027,Automotive,TRANSFER TO,merchant_kb_match,"category=Automotive; rule=merchant_kb_match; evidence=keyword=TRANSFER TO, merchant=TRANSFER TO",,1
initial,2420589,2755538006,Groceries,Coles,merchant_kb_match,"category=Groceries; rule=merchant_kb_match; evidence=keyword=COLES, merchant=Coles",,1
initial,2420589,2755537549,Automotive,TRANSFER TO,merchant_kb_match,"category=Automotive; rule=merchant_kb_match; evidence=keyword=TRANSFER TO, merchant=TRANSFER TO",,1
initial,2420589,2755537631,Automotive,DUNNINGS TOODYAY JUN TOODYAY,merchant_kb_match,"category=Automotive; rule=merchant_kb_match; evidence=keyword=DUNNINGS TOODYAY JUN TOODYAY, merchant=DUNNINGS TOODYAY JUN TOODYAY",,1
initial,2420589,2755538211,Groceries,WOOLWORTHS GROUP LIMITED,merchant_kb_match,"category=Groceries; rule=merchant_kb_match; evidence=keyword=WOOLWORTHS, merchant=WOOLWORTHS GROUP LIMITED",,1
initial,2420589,2755537721,Health,STEWART'S SAVEMOR PH,merchant_kb_match,"category=Health; rule=merchant_kb_match; evidence=keyword=STEWART S SAVEMOR PH, merchant=STEWART'S SAVEMOR PH",,1
initial,2420589,2755537934,Groceries,WOOLWORTHS GROUP LIMITED,merchant_kb_match,"category=Groceries; rule=merchant_kb_match; evidence=keyword=WOOLWORTHS, merchant=WOOLWORTHS GROUP LIMITED",,1
initial,2420589,2755538295,Dining Out,Bucking Bull,merchant_kb_match,"category=Dining Out; rule=merchant_kb_match; evidence=keyword=BUCKING BULL, merchant=Bucking Bull",,1
initial,2420589,2755537849,Automotive,Puma York Roadhouse,merchant_kb_match,"category=Automotive; rule=merchant_kb_match; evidence=keyword=PUMA YORK ROADHOUSE, merchant=Puma York Roadhouse",,1
initial,2420589,2755538049,Pet Care,NORTHAM FEED &,merchant_kb_match,"category=Pet Care; rule=merchant_kb_match; evidence=keyword=NORTHAM FEED HIRE, merchant=NORTHAM FEED &",,1
initial,2420589,2755538332,Utilities,Main Roads,merchant_kb_match,"category=Utilities; rule=merchant_kb_match; evidence=keyword=MAIN ROADS, merchant=Main Roads",,1
initial,2420589,2755537653,Automotive,TRANSFER TO,merchant_kb_match,"category=Automotive; rule=merchant_kb_match; evidence=keyword=TRANSFER TO, merchant=TRANSFER TO",,1
initial,2420589,2755537623,Utilities,Main Roads,merchant_kb_match,"category=Utilities; rule=merchant_kb_match; evidence=keyword=MAIN ROADS, merchant=Main Roads",,1
initial,2420589,2755537746,Automotive,Great Southern Fuels,merchant_kb_match,"category=Automotive; rule=merchant_kb_match; evidence=keyword=GREAT SOUTHERN FUELS NORTHAM, merchant=Great Southern Fuels",,1
initial,2420589,2755538091,Department Stores,Big W,merchant_kb_match,"category=Department Stores; rule=merchant_kb_match; evidence=keyword=BIG W, merchant=Big W",,1
initial,2420589,2755537784,Dining Out,Settlers Cafe,merchant_kb_match,"category=Dining Out; rule=merchant_kb_match; evidence=keyword=SETTLERS CAFE YORK, merchant=Settlers Cafe",,1
initial,2420589,2755538350,Automotive,TRANSFER TO,merchant_kb_match,"category=Automotive; rule=merchant_kb_match; evidence=keyword=TRANSFER TO, merchant=TRANSFER TO",,1
initial,2420589,2755537684,Groceries,WOOLWORTHS GROUP LIMITED,merchant_kb_match,"category=Groceries; rule=merchant_kb_match; evidence=keyword=WOOLWORTHS, merchant=WOOLWORTHS GROUP LIMITED",,1
initial,2420589,2755537680,Department Stores,KMART AUSTRALIA LIMITED,merchant_kb_match,"category=Department Stores; rule=merchant_kb_match; evidence=keyword=KMART, merchant=KMART AUSTRALIA LIMITED",,1
initial,2420589,2755538261,Groceries,DUN DIRECT,merchant_kb_match,"category=Groceries; rule=merchant_kb_match; evidence=keyword=DUN DIRECT PTY LTD WONGAN HILLS, merchant=DUN DIRECT",,1
initial,2420589,2755537943,Retail,CALINGIRI TRADERS,merchant_kb_match,"category=Retail; rule=merchant_kb_match; evidence=keyword=CALINGIRI TRADERS CALINGIRI, merchant=CALINGIRI TRADERS",,1
initial,2420589,2755537994,Utilities,Main Roads,merchant_kb_match,"category=Utilities; rule=merchant_kb_match; evidence=keyword=MAIN ROADS, merchant=Main Roads",,1
initial,2420589,2755538020,Groceries,DUN DIRECT,merchant_kb_match,"category=Groceries; rule=merchant_kb_match; evidence=keyword=DUN DIRECT PTY LTD WONGAN HILLS, merchant=DUN DIRECT",,1
initial,2420589,2755537933,Automotive,DUNNINGS WYALKATCHEM WYALKATCHEM,merchant_kb_match,"category=Automotive; rule=merchant_kb_match; evidence=keyword=DUNNINGS WYALKATCHEM WYALKATCHEM, merchant=DUNNINGS WYALKATCHEM WYALKATCHEM",,1
initial,2420589,2755538324,Groceries,IGA,merchant_kb_match,"category=Groceries; rule=merchant_kb_match; evidence=keyword=IGA, merchant=IGA",,1
initial,2420589,2755538083,Retail,SPOTIFY GB,merchant_kb_match,"category=Retail; rule=merchant_kb_match; evidence=keyword=SPOTIFY, merchant=SPOTIFY GB",,1
initial,2420589,2755537657,Subscription TV,Netflix,merchant_kb_match,"category=Subscription TV; rule=merchant_kb_match; evidence=keyword=NETFLIX COM MELBOURNE VI, merchant=Netflix",,1
initial,2420589,2755537804,Retail,SPOTIFY GB,merchant_kb_match,"category=Retail; rule=merchant_kb_match; evidence=keyword=SPOTIFY, merchant=SPOTIFY GB",,1
initial,2420589,2755537866,Utilities,Main Roads,merchant_kb_match,"category=Utilities; rule=merchant_kb_match; evidence=keyword=MAIN ROADS, merchant=Main Roads",,1
initial,2420589,2755537551,Retail,SPOTIFY GB,merchant_kb_match,"category=Retail; rule=merchant_kb_match; evidence=keyword=SPOTIFY, merchant=SPOTIFY GB",,1
initial,2420589,2755538270,Groceries,WOOLWORTHS GROUP LIMITED,merchant_kb_match,"category=Groceries; rule=merchant_kb_match; evidence=keyword=WOOLWORTHS, merchant=WOOLWORTHS GROUP LIMITED",,1
initial,2420589,2755537771,Home Improvement,BUNNINGS GROUP LIMITED,merchant_kb_match,"category=Home Improvement; rule=merchant_kb_match; evidence=keyword=BUNNINGS, merchant=BUNNINGS GROUP LIMITED",,1
initial,2420589,2755537588,Dining Out,Kondinin Hotel,merchant_kb_match,"category=Dining Out; rule=merchant_kb_match; evidence=keyword=KONDININ HOTEL KONDININ, merchant=Kondinin Hotel",,1
initial,2420589,2755537707,Automotive,DUNNINGS TOODYAY JUN TOODYAY,merchant_kb_match,"category=Automotive; rule=merchant_kb_match; evidence=keyword=DUNNINGS TOODYAY JUN TOODYAY, merchant=DUNNINGS TOODYAY JUN TOODYAY",,1
initial,2420589,2755537780,Retail,THINGZ GIFTS MIDLAND G HIGH WYCOMBE,merchant_kb_match,"category=Retail; rule=merchant_kb_match; evidence=keyword=THINGZ GIFTS NORTHAM, merchant=THINGZ GIFTS MIDLAND G HIGH WYCOMBE",,1
initial,2420589,2755537807,Telecommunications,OPTUS BILLING SERVICES MACQUARIE PAR,merchant_kb_match,"category=Telecommunications; rule=merchant_kb_match; evidence=keyword=OPTUS BILLING MACQUARIEPARK NS, merchant=OPTUS BILLING SERVICES MACQUARIE PAR",,1
initial,2420589,2755537665,Utilities,Main Roads,merchant_kb_match,"category=Utilities; rule=merchant_kb_match; evidence=keyword=MAIN ROADS, merchant=Main Roads",,1
initial,2420589,2755537645,Groceries,WOOLWORTHS GROUP LIMITED,merchant_kb_match,"category=Groceries; rule=merchant_kb_match; evidence=keyword=WOOLWORTHS, merchant=WOOLWORTHS GROUP LIMITED",,1
initial,2420589,2755538179,Automotive,Great Southern Fuels,merchant_kb_match,"category=Automotive; rule=merchant_kb_match; evidence=keyword=GREAT SOUTHERN FUELS NORTHAM, merchant=Great Southern Fuels",,1
initial,2420589,2755537837,Automotive,TRANSFER TO,merchant_kb_match,"category=Automotive; rule=merchant_kb_match; evidence=keyword=TRANSFER TO, merchant=TRANSFER TO",,1
initial,2420589,2755538236,Groceries,Coles,merchant_kb_match,"category=Groceries; rule=merchant_kb_match; evidence=keyword=COLES, merchant=Coles",,1
initial,2420589,2755537545,Groceries,WOOLWORTHS GROUP LIMITED,merchant_kb_match,"category=Groceries; rule=merchant_kb_match; evidence=keyword=WOOLWORTHS, merchant=WOOLWORTHS GROUP LIMITED",,1
initial,2420589,2755537968,Dining Out,Hungry Jacks,merchant_kb_match,"category=Dining Out; rule=merchant_kb_match; evidence=keyword=HUNGRY JACKS, merchant=Hungry Jacks",,1
initial,2420589,2755537760,Automotive,Puma York Roadhouse,merchant_kb_match,"category=Automotive; rule=merchant_kb_match; evidence=keyword=PUMA YORK ROADHOUSE, merchant=Puma York Roadhouse",,1
initial,2420589,2755537667,Groceries,WOOLWORTHS GROUP LIMITED,merchant_kb_match,"category=Groceries; rule=merchant_kb_match; evidence=keyword=WOOLWORTHS, merchant=WOOLWORTHS GROUP LIMITED",,1
initial,2420589,2755537892,Home Improvement,BUNNINGS GROUP LIMITED,merchant_kb_match,"category=Home Improvement; rule=merchant_kb_match; evidence=keyword=BUNNINGS, merchant=BUNNINGS GROUP LIMITED",,1
initial,2420589,2755537781,Automotive,DUNNINGS TOODYAY JUN TOODYAY,merchant_kb_match,"category=Automotive; rule=merchant_kb_match; evidence=keyword=DUNNINGS TOODYAY JUN TOODYAY, merchant=DUNNINGS TOODYAY JUN TOODYAY",,1
initial,2420589,2755537689,Home Improvement,TWO DOGS HARDWARE MERREDIN,merchant_kb_match,"category=Home Improvement; rule=merchant_kb_match; evidence=keyword=TWO DOGS HARDWARE MERREDIN, merchant=TWO DOGS HARDWARE MERREDIN",,1
initial,2420589,2755538012,Groceries,WOOLWORTHS GROUP LIMITED,merchant_kb_match,"category=Groceries; rule=merchant_kb_match; evidence=keyword=WOOLWORTHS, merchant=WOOLWORTHS GROUP LIMITED",,1
initial,2420589,2755537714,Automotive,Great Southern Fuels,merchant_kb_match,"category=Automotive; rule=merchant_kb_match; evidence=keyword=GREAT SOUTHERN FUELS NORTHAM, merchant=Great Southern Fuels",,1
initial,2420589,2755537682,Retail,PURCHASE OFFICEWORKS,merchant_kb_match,"category=Retail; rule=merchant_kb_match; evidence=keyword=OFFICEWORKS, merchant=PURCHASE OFFICEWORKS",,1
initial,2420589,2755538178,Groceries,WOOLWORTHS GROUP LIMITED,merchant_kb_match,"category=Groceries; rule=merchant_kb_match; evidence=keyword=WOOLWORTHS, merchant=WOOLWORTHS GROUP LIMITED",,1
initial,2420589,2755538312,Home Improvement,BUNNINGS GROUP LIMITED,merchant_kb_match,"category=Home Improvement; rule=merchant_kb_match; evidence=keyword=BUNNINGS, merchant=BUNNINGS GROUP LIMITED",,1
initial,2420589,2755537648,Automotive,Puma York Roadhouse,merchant_kb_match,"category=Automotive; rule=merchant_kb_match; evidence=keyword=PUMA YORK ROADHOUSE, merchant=Puma York Roadhouse",,1
initial,2420589,2755537817,Automotive,DUNNINGS GOOMALLING GOOMALLING,merchant_kb_match,"category=Automotive; rule=merchant_kb_match; evidence=keyword=DUNNINGS GOOMALLING GOOMALLING, merchant=DUNNINGS GOOMALLING GOOMALLING",,1
initial,2420589,2755537705,Automotive,DUNNINGS WYALKATCHEM WYALKATCHEM,merchant_kb_match,"category=Automotive; rule=merchant_kb_match; evidence=keyword=DUNNINGS WYALKATCHEM WYALKATCHEM, merchant=DUNNINGS WYALKATCHEM WYALKATCHEM",,1
initial,2420589,2755538107,Automotive,WA Transport DVS,merchant_kb_match,"category=Automotive; rule=merchant_kb_match; evidence=keyword=WA TRANSPORT DVS COMMBANK APP BPAY, merchant=WA Transport DVS",,1
initial,2420589,2755537770,Retail,PURCHASE OFFICEWORKS,merchant_kb_match,"category=Retail; rule=merchant_kb_match; evidence=keyword=OFFICEWORKS, merchant=PURCHASE OFFICEWORKS",,1
initial,2420589,2755537924,Automotive,Great Southern Fuels,merchant_kb_match,"category=Automotive; rule=merchant_kb_match; evidence=keyword=GREAT SOUTHERN FUELS NORTHAM, merchant=Great Southern Fuels",,1
initial,2420589,2755537704,Dining Out,LG & QU NOMINEES PTY L MERREDIN,merchant_kb_match,"category=Dining Out; rule=merchant_kb_match; evidence=keyword=LG QU NOMINEES PTY L MERREDIN, merchant=LG & QU NOMINEES PTY L MERREDIN",,1
initial,2420589,2755538163,Groceries,WOOLWORTHS GROUP LIMITED,merchant_kb_match,"category=Groceries; rule=merchant_kb_match; evidence=keyword=WOOLWORTHS, merchant=WOOLWORTHS GROUP LIMITED",,1
initial,2420589,2755537938,Groceries,DUN DIRECT,merchant_kb_match,"category=Groceries; rule=merchant_kb_match; evidence=keyword=DUN DIRECT PTY LTD WONGAN HILLS, merchant=DUN DIRECT",,1
initial,2420589,2755537951,Automotive,Great Southern Fuels,merchant_kb_match,"category=Automotive; rule=merchant_kb_match; evidence=keyword=GREAT SOUTHERN FUELS NORTHAM, merchant=Great Southern Fuels",,1
initial,2420589,2755538017,Automotive,NORTHAM CAR,merchant_kb_match,"category=Automotive; rule=merchant_kb_match; evidence=keyword=NORTHAM CAR NORTHAM, merchant=NORTHAM CAR",,1
initial,2420589,2755537575,Telecommunications,TELSTRA CORPORATION LIMITED,merchant_kb_match,"category=Telecommunications; rule=merchant_kb_match; evidence=keyword=TELSTRA SHOP, merchant=TELSTRA CORPORATION LIMITED",,1
initial,2420589,2755538367,Automotive,Great Southern Fuels,merchant_kb_match,"category=Automotive; rule=merchant_kb_match; evidence=keyword=GREAT SOUTHERN FUELS NORTHAM, merchant=Great Southern Fuels",,1
initial,2420589,2755538298,Groceries,DUN DIRECT,merchant_kb_match,"category=Groceries; rule=merchant_kb_match; evidence=keyword=DUN DIRECT PTY LTD WONGAN HILLS, merchant=DUN DIRECT",,1
initial,2420589,2755537785,Retail,AUSPOST PO BOX,merchant_kb_match,"category=Retail; rule=merchant_kb_match; evidence=keyword=AUSPOST PO BOX, merchant=AUSPOST PO BOX",,1
initial,2420589,2755538232,Department Stores,Big W,merchant_kb_match,"category=Department Stores; rule=merchant_kb_match; evidence=keyword=BIG W, merchant=Big W",,1
initial,2420589,2755537990,Dining Out,HONG KONG BBQ,merchant_kb_match,"category=Dining Out; rule=merchant_kb_match; evidence=keyword=HONG KONG BBQ, merchant=HONG KONG BBQ",,1
initial,2420589,2755537685,Health,STEWART'S SAVEMOR PH,merchant_kb_match,"category=Health; rule=merchant_kb_match; evidence=keyword=STEWART S SAVEMOR PH, merchant=STEWART'S SAVEMOR PH",,1
initial,2420589,2755537789,Pet Care,NORTHAM FEED &,merchant_kb_match,"category=Pet Care; rule=merchant_kb_match; evidence=keyword=NORTHAM FEED HIRE, merchant=NORTHAM FEED &",,1
initial,2420589,2755537590,Automotive,Puma York Roadhouse,merchant_kb_match,"category=Automotive; rule=merchant_kb_match; evidence=keyword=PUMA YORK ROADHOUSE, merchant=Puma York Roadhouse",,1
initial,2420589,2755538086,Automotive,DUNNINGS TOODYAY JUN TOODYAY,merchant_kb_match,"category=Automotive; rule=merchant_kb_match; evidence=keyword=DUNNINGS TOODYAY JUN TOODYAY, merchant=DUNNINGS TOODYAY JUN TOODYAY",,1
initial,2420589,2755537747,Automotive,DUNNINGS GOOMALLING GOOMALLING,merchant_kb_match,"category=Automotive; rule=merchant_kb_match; evidence=keyword=DUNNINGS GOOMALLING GOOMALLING, merchant=DUNNINGS GOOMALLING GOOMALLING",,1
initial,2420589,2755537922,Automotive,Puma York Roadhouse,merchant_kb_match,"category=Automotive; rule=merchant_kb_match; evidence=keyword=PUMA YORK ROADHOUSE, merchant=Puma York Roadhouse",,1
initial,2420589,2755538248,Automotive,Great Southern Fuels,merchant_kb_match,"category=Automotive; rule=merchant_kb_match; evidence=keyword=GREAT SOUTHERN FUELS NORTHAM, merchant=Great Southern Fuels",,1
initial,2420589,2755537547,Automotive,Great Southern Fuels,merchant_kb_match,"category=Automotive; rule=merchant_kb_match; evidence=keyword=GREAT SOUTHERN FUELS NORTHAM, merchant=Great Southern Fuels",,1
initial,2420589,2755538302,Pet Care,NORTHAM FEED &,merchant_kb_match,"category=Pet Care; rule=merchant_kb_match; evidence=keyword=NORTHAM FEED HIRE, merchant=NORTHAM FEED &",,1
initial,2420589,2755537583,Groceries,IGA,merchant_kb_match,"category=Groceries; rule=merchant_kb_match; evidence=keyword=IGA, merchant=IGA",,1
initial,2420589,2755537732,Automotive,Puma York Roadhouse,merchant_kb_match,"category=Automotive; rule=merchant_kb_match; evidence=keyword=PUMA YORK ROADHOUSE, merchant=Puma York Roadhouse",,1
initial,2420589,2755538077,Entertainment,Innovative Retail,merchant_kb_match,"category=Entertainment; rule=merchant_kb_match; evidence=keyword=INNOVATIVE RETAIL PTY, merchant=Innovative Retail",,1
initial,2420589,2755538129,Dining Out,FOOLOK MIDLAND,merchant_kb_match,"category=Dining Out; rule=merchant_kb_match; evidence=keyword=FOOLOK MIDLAND, merchant=FOOLOK MIDLAND",,1
initial,2420589,2755538059,Automotive,TRANSFER TO,merchant_kb_match,"category=Automotive; rule=merchant_kb_match; evidence=keyword=TRANSFER TO, merchant=TRANSFER TO",,1
initial,2420589,2755538235,Retail,SPOTIFY GB,merchant_kb_match,"category=Retail; rule=merchant_kb_match; evidence=keyword=SPOTIFY, merchant=SPOTIFY GB",,1
initial,2420589,2755537711,Groceries,WOOLWORTHS GROUP LIMITED,merchant_kb_match,"category=Groceries; rule=merchant_kb_match; evidence=keyword=WOOLWORTHS, merchant=WOOLWORTHS GROUP LIMITED",,1
initial,2420589,2755538212,Dining Out,HONG KONG BBQ,merchant_kb_match,"category=Dining Out; rule=merchant_kb_match; evidence=keyword=HONG KONG BBQ, merchant=HONG KONG BBQ",,1
initial,2420589,2755537794,Health,STEWART'S SAVEMOR PH,merchant_kb_match,"category=Health; rule=merchant_kb_match; evidence=keyword=STEWART S SAVEMOR PH, merchant=STEWART'S SAVEMOR PH",,1
initial,2420589,2755538065,Automotive,Puma York Roadhouse,merchant_kb_match,"category=Automotive; rule=merchant_kb_match; evidence=keyword=PUMA YORK ROADHOUSE, merchant=Puma York Roadhouse",,1
initial,2420589,2755537798,Home Improvement,BUNNINGS GROUP LIMITED,merchant_kb_match,"category=Home Improvement; rule=merchant_kb_match; evidence=keyword=BUNNINGS, merchant=BUNNINGS GROUP LIMITED",,1
initial,2420589,2755537670,Groceries,THIRSTYCAMEL NORTHAM NORTHAM,merchant_kb_match,"category=Groceries; rule=merchant_kb_match; evidence=keyword=THIRSTYCAMEL NORTHAM NORTHAM, merchant=THIRSTYCAMEL NORTHAM NORTHAM",,1
initial,2420589,2755538363,Dining Out,Hungry Jacks,merchant_kb_match,"category=Dining Out; rule=merchant_kb_match; evidence=keyword=HUNGRY JACKS, merchant=Hungry Jacks",,1
initial,2420589,2755537676,Dining Out,HONG KONG BBQ,merchant_kb_match,"category=Dining Out; rule=merchant_kb_match; evidence=keyword=HONG KONG BBQ, merchant=HONG KONG BBQ",,1
initial,2420589,2755537919,Utilities,Main Roads,merchant_kb_match,"category=Utilities; rule=merchant_kb_match; evidence=keyword=MAIN ROADS, merchant=Main Roads",,1
initial,2420589,2755538155,Automotive,Puma York Roadhouse,merchant_kb_match,"category=Automotive; rule=merchant_kb_match; evidence=keyword=PUMA YORK ROADHOUSE, merchant=Puma York Roadhouse",,1
initial,2420589,2755537768,Dining Out,CICERELLO S FREMANTL,merchant_kb_match,"category=Dining Out; rule=merchant_kb_match; evidence=keyword=CICERELLO S FREMANTL, merchant=CICERELLO S FREMANTL",,1
initial,2420589,2755538109,Dining Out,Hungry Jacks,merchant_kb_match,"category=Dining Out; rule=merchant_kb_match; evidence=keyword=HUNGRY JACKS, merchant=Hungry Jacks",,1
initial,2420589,2755537585,Automotive,Puma York Roadhouse,merchant_kb_match,"category=Automotive; rule=merchant_kb_match; evidence=keyword=PUMA YORK ROADHOUSE, merchant=Puma York Roadhouse",,1
initial,2420589,2755538347,Groceries,Spud Shed,merchant_kb_match,"category=Groceries; rule=merchant_kb_match; evidence=keyword=SPUD SHED, merchant=Spud Shed",,1
initial,2420589,2755537857,Automotive,DUNNINGS NORTHAM NORTHAM,merchant_kb_match,"category=Automotive; rule=merchant_kb_match; evidence=keyword=DUNNINGS NORTHAM NORTHAM, merchant=DUNNINGS NORTHAM NORTHAM",,1
initial,2420589,2755537818,Groceries,WOOLWORTHS GROUP LIMITED,merchant_kb_match,"category=Groceries; rule=merchant_kb_match; evidence=keyword=WOOLWORTHS, merchant=WOOLWORTHS GROUP LIMITED",,1
initial,2420589,2755538144,Groceries,WOOLWORTHS GROUP LIMITED,merchant_kb_match,"category=Groceries; rule=merchant_kb_match; evidence=keyword=WOOLWORTHS, merchant=WOOLWORTHS GROUP LIMITED",,1
initial,2420589,2755537932,Department Stores,KMART AUSTRALIA LIMITED,merchant_kb_match,"category=Department Stores; rule=merchant_kb_match; evidence=keyword=KMART, merchant=KMART AUSTRALIA LIMITED",,1
initial,2420589,2755537763,Groceries,MOORA GROCERY PTY LTD,merchant_kb_match,"category=Groceries; rule=merchant_kb_match; evidence=keyword=MOORA IGA, merchant=MOORA GROCERY PTY LTD",,1
initial,2420589,2755538067,Utilities,Main Roads,merchant_kb_match,"category=Utilities; rule=merchant_kb_match; evidence=keyword=MAIN ROADS, merchant=Main Roads",,1
initial,2420589,2755538297,Automotive,Puma York Roadhouse,merchant_kb_match,"category=Automotive; rule=merchant_kb_match; evidence=keyword=PUMA YORK ROADHOUSE, merchant=Puma York Roadhouse",,1
initial,2420589,2755537871,Groceries,WOOLWORTHS GROUP LIMITED,merchant_kb_match,"category=Groceries; rule=merchant_kb_match; evidence=keyword=WOOLWORTHS, merchant=WOOLWORTHS GROUP LIMITED",,1
initial,2420589,2755537858,Home Improvement,Bakers Hill Rural,merchant_kb_match,"category=Home Improvement; rule=merchant_kb_match; evidence=keyword=BAKERS HILL RURAL S BAKERS HILL, merchant=Bakers Hill Rural",,1
initial,2420589,2755537649,Automotive,Great Southern Fuels,merchant_kb_match,"category=Automotive; rule=merchant_kb_match; evidence=keyword=GREAT SOUTHERN FUELS NORTHAM, merchant=Great Southern Fuels",,1
initial,2420589,2755537905,Automotive,DUNNINGS GOOMALLING GOOMALLING,merchant_kb_match,"category=Automotive; rule=merchant_kb_match; evidence=keyword=DUNNINGS GOOMALLING GOOMALLING, merchant=DUNNINGS GOOMALLING GOOMALLING",,1
initial,2420589,2755538105,Transport,Australia Post,merchant_kb_match,"category=Transport; rule=merchant_kb_match; evidence=keyword=AUST POST, merchant=Australia Post",,1
initial,2420589,2755538084,Automotive,Puma York Roadhouse,merchant_kb_match,"category=Automotive; rule=merchant_kb_match; evidence=keyword=PUMA YORK ROADHOUSE, merchant=Puma York Roadhouse",,1
initial,2420589,2755537754,Automotive,TRANSFER TO,merchant_kb_match,"category=Automotive; rule=merchant_kb_match; evidence=keyword=TRANSFER TO, merchant=TRANSFER TO",,1
initial,2420589,2755537893,Retail,PURCHASE OFFICEWORKS,merchant_kb_match,"category=Retail; rule=merchant_kb_match; evidence=keyword=OFFICEWORKS, merchant=PURCHASE OFFICEWORKS",,1
initial,2420589,2755537690,Groceries,WOOLWORTHS GROUP LIMITED,merchant_kb_match,"category=Groceries; rule=merchant_kb_match; evidence=keyword=WOOLWORTHS, merchant=WOOLWORTHS GROUP LIMITED",,1
initial,2420589,2755537827,Groceries,Coles,merchant_kb_match,"category=Groceries; rule=merchant_kb_match; evidence=keyword=COLES, merchant=Coles",,1
initial,2420589,2755538145,Automotive,Puma York Roadhouse,merchant_kb_match,"category=Automotive; rule=merchant_kb_match; evidence=keyword=PUMA YORK ROADHOUSE, merchant=Puma York Roadhouse",,1
initial,2420589,2755538181,Automotive,Puma York Roadhouse,merchant_kb_match,"category=Automotive; rule=merchant_kb_match; evidence=keyword=PUMA YORK ROADHOUSE, merchant=Puma York Roadhouse",,1
initial,2420589,2755538064,Groceries,IGA,merchant_kb_match,"category=Groceries; rule=merchant_kb_match; evidence=keyword=IGA, merchant=IGA",,1
initial,2420589,2755538266,Utilities,Main Roads,merchant_kb_match,"category=Utilities; rule=merchant_kb_match; evidence=keyword=MAIN ROADS, merchant=Main Roads",,1
initial,2420589,2755537601,Dining Out,HJS UPPER COOMERA UPPER COOMERA,merchant_kb_match,"category=Dining Out; rule=merchant_kb_match; evidence=keyword=HJS, merchant=HJS UPPER COOMERA UPPER COOMERA",,1
initial,2420589,2755538042,Groceries,WOOLWORTHS GROUP LIMITED,merchant_kb_match,"category=Groceries; rule=merchant_kb_match; evidence=keyword=WOOLWORTHS, merchant=WOOLWORTHS GROUP LIMITED",,1
initial,2420589,2755538121,Health,STEWART'S SAVEMOR PH,merchant_kb_match,"category=Health; rule=merchant_kb_match; evidence=keyword=STEWART S SAVEMOR PH, merchant=STEWART'S SAVEMOR PH",,1
initial,2420589,2755537900,Groceries,Greenway Grocers,merchant_kb_match,"category=Groceries; rule=merchant_kb_match; evidence=keyword=GREENWAY GROCERS PTY L WYALKATCHEM, merchant=Greenway Grocers",,1
initial,2420589,2755537958,Groceries,Coles,merchant_kb_match,"category=Groceries; rule=merchant_kb_match; evidence=keyword=COLES, merchant=Coles",,1
initial,2420589,2755537884,Retail,PURCHASE OFFICEWORKS,merchant_kb_match,"category=Retail; rule=merchant_kb_match; evidence=keyword=OFFICEWORKS, merchant=PURCHASE OFFICEWORKS",,1
initial,2420589,2755537581,Groceries,WOOLWORTHS GROUP LIMITED,merchant_kb_match,"category=Groceries; rule=merchant_kb_match; evidence=keyword=WOOLWORTHS, merchant=WOOLWORTHS GROUP LIMITED",,1
initial,2420589,2755538244,Dining Out,MANDARIN DUCK CANNINGTON,merchant_kb_match,"category=Dining Out; rule=merchant_kb_match; evidence=keyword=MANDARIN DUCK CANNINGTON, merchant=MANDARIN DUCK CANNINGTON",,1
initial,2420589,2755537572,Automotive,Great Southern Fuels,merchant_kb_match,"category=Automotive; rule=merchant_kb_match; evidence=keyword=GREAT SOUTHERN FUELS NORTHAM, merchant=Great Southern Fuels",,1
initial,2420589,2755538293,Health,York Pharmacy,merchant_kb_match,"category=Health; rule=merchant_kb_match; evidence=keyword=YORK PHARMACY PTY LTD YORK, merchant=York Pharmacy",,1
initial,2420589,2755538115,Groceries,WOOLWORTHS GROUP LIMITED,merchant_kb_match,"category=Groceries; rule=merchant_kb_match; evidence=keyword=WOOLWORTHS, merchant=WOOLWORTHS GROUP LIMITED",,1
initial,2420589,2755538323,Gyms and other memberships,SURRY HILLS,merchant_kb_match,"category=Gyms and other memberships; rule=merchant_kb_match; evidence=keyword=SURRY HILLS, merchant=SURRY HILLS",,1
initial,2420589,2755537878,Automotive,DUNNINGS TOODYAY JUN TOODYAY,merchant_kb_match,"category=Automotive; rule=merchant_kb_match; evidence=keyword=DUNNINGS TOODYAY JUN TOODYAY, merchant=DUNNINGS TOODYAY JUN TOODYAY",,1
initial,2420589,2755537605,Automotive,Puma York Roadhouse,merchant_kb_match,"category=Automotive; rule=merchant_kb_match; evidence=keyword=PUMA YORK ROADHOUSE, merchant=Puma York Roadhouse",,1
initial,2420589,2755537756,Automotive,DUNNINGS ROADHOUSE S SOUTHERN CRO,merchant_kb_match,"category=Automotive; rule=merchant_kb_match; evidence=keyword=DUNNINGS ROADHOUSE S SOUTHERN CRO, merchant=DUNNINGS ROADHOUSE S SOUTHERN CRO",,1
initial,2420589,2755537570,Health,STEWART'S SAVEMOR PH,merchant_kb_match,"category=Health; rule=merchant_kb_match; evidence=keyword=STEWART S SAVEMOR PH, merchant=STEWART'S SAVEMOR PH",,1
initial,2420589,2755537882,Automotive,Great Southern Fuels,merchant_kb_match,"category=Automotive; rule=merchant_kb_match; evidence=keyword=GREAT SOUTHERN FUELS NORTHAM, merchant=Great Southern Fuels",,1
initial,2420589,2755538351,Automotive,DUNNINGS NORTHAM NORTHAM,merchant_kb_match,"category=Automotive; rule=merchant_kb_match; evidence=keyword=DUNNINGS NORTHAM NORTHAM, merchant=DUNNINGS NORTHAM NORTHAM",,1
initial,2420589,2755537759,Gyms and other memberships,CITY OF MELVILLE BOORAGOON,merchant_kb_match,"category=Gyms and other memberships; rule=merchant_kb_match; evidence=keyword=CITY OF, merchant=CITY OF MELVILLE BOORAGOON",,1
initial,2420589,2755537679,Automotive,ATLAS SAWYERS SAWYERS VALLE,merchant_kb_match,"category=Automotive; rule=merchant_kb_match; evidence=keyword=ATLAS SAWYERS SAWYERS VALLE, merchant=ATLAS SAWYERS SAWYERS VALLE",,1
initial,2420589,2755537915,Automotive,DUNNINGS TOODYAY JUN TOODYAY,merchant_kb_match,"category=Automotive; rule=merchant_kb_match; evidence=keyword=DUNNINGS TOODYAY JUN TOODYAY, merchant=DUNNINGS TOODYAY JUN TOODYAY",,1
initial,2420589,2755537816,Groceries,WOOLWORTHS GROUP LIMITED,merchant_kb_match,"category=Groceries; rule=merchant_kb_match; evidence=keyword=WOOLWORTHS, merchant=WOOLWORTHS GROUP LIMITED",,1
initial,2420589,2755538200,Utilities,Main Roads,merchant_kb_match,"category=Utilities; rule=merchant_kb_match; evidence=keyword=MAIN ROADS, merchant=Main Roads",,1
initial,2420589,2755538093,Dining Out,HONG KONG BBQ,merchant_kb_match,"category=Dining Out; rule=merchant_kb_match; evidence=keyword=HONG KONG BBQ, merchant=HONG KONG BBQ",,1
initial,2420589,2755537584,Automotive,DUNNINGS TOODYAY JUN TOODYAY,merchant_kb_match,"category=Automotive; rule=merchant_kb_match; evidence=keyword=DUNNINGS TOODYAY JUN TOODYAY, merchant=DUNNINGS TOODYAY JUN TOODYAY",,1
initial,2420589,2755538291,Automotive,ATLAS SAWYERS SAWYERS VALLE,merchant_kb_match,"category=Automotive; rule=merchant_kb_match; evidence=keyword=ATLAS SAWYERS SAWYERS VALLE, merchant=ATLAS SAWYERS SAWYERS VALLE",,1
initial,2420589,2755537803,Groceries,WOOLWORTHS GROUP LIMITED,merchant_kb_match,"category=Groceries; rule=merchant_kb_match; evidence=keyword=WOOLWORTHS, merchant=WOOLWORTHS GROUP LIMITED",,1
initial,2420589,2755537635,Groceries,WOOLWORTHS GROUP LIMITED,merchant_kb_match,"category=Groceries; rule=merchant_kb_match; evidence=keyword=WOOLWORTHS, merchant=WOOLWORTHS GROUP LIMITED",,1
initial,2420589,2755537749,Groceries,MOORA GROCERY PTY LTD,merchant_kb_match,"category=Groceries; rule=merchant_kb_match; evidence=keyword=MOORA IGA, merchant=MOORA GROCERY PTY LTD",,1
initial,2420589,2755537873,Automotive,DUNNINGS NORTHAM NORTHAM,merchant_kb_match,"category=Automotive; rule=merchant_kb_match; evidence=keyword=DUNNINGS NORTHAM NORTHAM, merchant=DUNNINGS NORTHAM NORTHAM",,1
initial,2420589,2755537586,Automotive,DUNNINGS TOODYAY JUN TOODYAY,merchant_kb_match,"category=Automotive; rule=merchant_kb_match; evidence=keyword=DUNNINGS TOODYAY JUN TOODYAY, merchant=DUNNINGS TOODYAY JUN TOODYAY",,1
initial,2420589,2755538346,Automotive,ATLAS SAWYERS SAWYERS VALLE,merchant_kb_match,"category=Automotive; rule=merchant_kb_match; evidence=keyword=ATLAS SAWYERS SAWYERS VALLE, merchant=ATLAS SAWYERS SAWYERS VALLE",,1
initial,2420589,2755538283,Groceries,WOOLWORTHS GROUP LIMITED,merchant_kb_match,"category=Groceries; rule=merchant_kb_match; evidence=keyword=WOOLWORTHS, merchant=WOOLWORTHS GROUP LIMITED",,1
initial,2420589,2755537989,Automotive,Sparklers Midland,merchant_kb_match,"category=Automotive; rule=merchant_kb_match; evidence=keyword=SPARKLERS MIDLAND, merchant=Sparklers Midland",,1
initial,2420589,2755537824,Automotive,DUNNINGS TOODYAY JUN TOODYAY,merchant_kb_match,"category=Automotive; rule=merchant_kb_match; evidence=keyword=DUNNINGS TOODYAY JUN TOODYAY, merchant=DUNNINGS TOODYAY JUN TOODYAY",,1
initial,2420589,2755538081,Automotive,Great Southern Fuels,merchant_kb_match,"category=Automotive; rule=merchant_kb_match; evidence=keyword=GREAT SOUTHERN FUELS NORTHAM, merchant=Great Southern Fuels",,1
initial,2420589,2755538090,Health,Medihire & Sales,merchant_kb_match,"category=Health; rule=merchant_kb_match; evidence=keyword=MEDIHIRE SALES, merchant=Medihire & Sales",,1
initial,2420589,2755538161,Automotive,TRANSFER TO,merchant_kb_match,"category=Automotive; rule=merchant_kb_match; evidence=keyword=TRANSFER TO, merchant=TRANSFER TO",,1
initial,2420589,2755537589,Dining Out,Kondinin Hotel,merchant_kb_match,"category=Dining Out; rule=merchant_kb_match; evidence=keyword=KONDININ HOTEL KONDININ, merchant=Kondinin Hotel",,1
initial,2420589,2755538016,Telecommunications,OPTUS BILLING SERVICES MACQUARIE PAR,merchant_kb_match,"category=Telecommunications; rule=merchant_kb_match; evidence=keyword=OPTUS BILLING MACQUARIEPARK NS, merchant=OPTUS BILLING SERVICES MACQUARIE PAR",,1
initial,2420589,2755537769,Home Improvement,BUNNINGS GROUP LIMITED,merchant_kb_match,"category=Home Improvement; rule=merchant_kb_match; evidence=keyword=BUNNINGS, merchant=BUNNINGS GROUP LIMITED",,1
initial,2420589,2755537748,Groceries,WOOLWORTHS GROUP LIMITED,merchant_kb_match,"category=Groceries; rule=merchant_kb_match; evidence=keyword=WOOLWORTHS, merchant=WOOLWORTHS GROUP LIMITED",,1
initial,2420589,2755538002,Dining Out,HONG KONG BBQ,merchant_kb_match,"category=Dining Out; rule=merchant_kb_match; evidence=keyword=HONG KONG BBQ, merchant=HONG KONG BBQ",,1
initial,2420589,2755537736,Utilities,Main Roads,merchant_kb_match,"category=Utilities; rule=merchant_kb_match; evidence=keyword=MAIN ROADS, merchant=Main Roads",,1
initial,2420589,2755537925,Groceries,WOOLWORTHS GROUP LIMITED,merchant_kb_match,"category=Groceries; rule=merchant_kb_match; evidence=keyword=WOOLWORTHS, merchant=WOOLWORTHS GROUP LIMITED",,1
initial,2420589,2755537821,Automotive,DUNNINGS GOOMALLING GOOMALLING,merchant_kb_match,"category=Automotive; rule=merchant_kb_match; evidence=keyword=DUNNINGS GOOMALLING GOOMALLING, merchant=DUNNINGS GOOMALLING GOOMALLING",,1
initial,2420589,2755537757,Automotive,DUNNINGS GOOMALLING GOOMALLING,merchant_kb_match,"category=Automotive; rule=merchant_kb_match; evidence=keyword=DUNNINGS GOOMALLING GOOMALLING, merchant=DUNNINGS GOOMALLING GOOMALLING",,1
initial,2420589,2755537560,Automotive,DUNNINGS TOODYAY JUN TOODYAY,merchant_kb_match,"category=Automotive; rule=merchant_kb_match; evidence=keyword=DUNNINGS TOODYAY JUN TOODYAY, merchant=DUNNINGS TOODYAY JUN TOODYAY",,1
initial,2420589,2755537941,Automotive,DUNNINGS TOODYAY JUN TOODYAY,merchant_kb_match,"category=Automotive; rule=merchant_kb_match; evidence=keyword=DUNNINGS TOODYAY JUN TOODYAY, merchant=DUNNINGS TOODYAY JUN TOODYAY",,1
initial,2420589,2755538336,Department Stores,KMART AUSTRALIA LIMITED,merchant_kb_match,"category=Department Stores; rule=merchant_kb_match; evidence=keyword=KMART, merchant=KMART AUSTRALIA LIMITED",,1
initial,2420589,2755538303,Groceries,WOOLWORTHS GROUP LIMITED,merchant_kb_match,"category=Groceries; rule=merchant_kb_match; evidence=keyword=WOOLWORTHS, merchant=WOOLWORTHS GROUP LIMITED",,1
initial,2420589,2755538241,Groceries,WOOLWORTHS GROUP LIMITED,merchant_kb_match,"category=Groceries; rule=merchant_kb_match; evidence=keyword=WOOLWORTHS, merchant=WOOLWORTHS GROUP LIMITED",,1
initial,2420589,2755538007,Department Stores,KMART AUSTRALIA LIMITED,merchant_kb_match,"category=Department Stores; rule=merchant_kb_match; evidence=keyword=KMART, merchant=KMART AUSTRALIA LIMITED",,1
initial,2420589,2755537719,Automotive,TRANSFER TO,merchant_kb_match,"category=Automotive; rule=merchant_kb_match; evidence=keyword=TRANSFER TO, merchant=TRANSFER TO",,1
initial,2420589,2755537696,Automotive,DUNNINGS TOODYAY JUN TOODYAY,merchant_kb_match,"category=Automotive; rule=merchant_kb_match; evidence=keyword=DUNNINGS TOODYAY JUN TOODYAY, merchant=DUNNINGS TOODYAY JUN TOODYAY",,1
initial,2420589,2755538143,Utilities,Main Roads,merchant_kb_match,"category=Utilities; rule=merchant_kb_match; evidence=keyword=MAIN ROADS, merchant=Main Roads",,1
initial,2420589,2755537652,Automotive,TRANSFER TO,merchant_kb_match,"category=Automotive; rule=merchant_kb_match; evidence=keyword=TRANSFER TO, merchant=TRANSFER TO",,1
initial,2420589,2755537875,Groceries,WOOLWORTHS GROUP LIMITED,merchant_kb_match,"category=Groceries; rule=merchant_kb_match; evidence=keyword=WOOLWORTHS, merchant=WOOLWORTHS GROUP LIMITED",,1
initial,2420589,2755538190,Automotive,TRANSFER TO,merchant_kb_match,"category=Automotive; rule=merchant_kb_match; evidence=keyword=TRANSFER TO, merchant=TRANSFER TO",,1
initial,2420589,2755537741,Groceries,WOOLWORTHS GROUP LIMITED,merchant_kb_match,"category=Groceries; rule=merchant_kb_match; evidence=keyword=WOOLWORTHS, merchant=WOOLWORTHS GROUP LIMITED",,1
initial,2420589,2755538343,Health,ST JOHN SUBIACO,merchant_kb_match,"category=Health; rule=merchant_kb_match; evidence=keyword=ST JOHN SUBIACO, merchant=ST JOHN SUBIACO",,1
initial,2420589,2755537940,Pet Care,NORTHAM FEED &,merchant_kb_match,"category=Pet Care; rule=merchant_kb_match; evidence=keyword=NORTHAM FEED HIRE, merchant=NORTHAM FEED &",,1
initial,2420589,2755538296,Groceries,WOOLWORTHS GROUP LIMITED,merchant_kb_match,"category=Groceries; rule=merchant_kb_match; evidence=keyword=WOOLWORTHS, merchant=WOOLWORTHS GROUP LIMITED",,1
initial,2420589,2755537681,Home Improvement,BUNNINGS GROUP LIMITED,merchant_kb_match,"category=Home Improvement; rule=merchant_kb_match; evidence=keyword=BUNNINGS, merchant=BUNNINGS GROUP LIMITED",,1
initial,2420589,2755538263,Groceries,WOOLWORTHS GROUP LIMITED,merchant_kb_match,"category=Groceries; rule=merchant_kb_match; evidence=keyword=WOOLWORTHS, merchant=WOOLWORTHS GROUP LIMITED",,1
initial,2420589,2755538352,Groceries,WOOLWORTHS GROUP LIMITED,merchant_kb_match,"category=Groceries; rule=merchant_kb_match; evidence=keyword=WOOLWORTHS, merchant=WOOLWORTHS GROUP LIMITED",,1
initial,2420589,2755538279,Dining Out,KFC,merchant_kb_match,"category=Dining Out; rule=merchant_kb_match; evidence=keyword=KFC, merchant=KFC",,1
initial,2420589,2755538239,Automotive,ATLAS SAWYERS SAWYERS VALLE,merchant_kb_match,"category=Automotive; rule=merchant_kb_match; evidence=keyword=ATLAS SAWYERS SAWYERS VALLE, merchant=ATLAS SAWYERS SAWYERS VALLE",,1
initial,2420589,2755538238,Telecommunications,OPTUS BILLING SERVICES MACQUARIE PAR,merchant_kb_match,"category=Telecommunications; rule=merchant_kb_match; evidence=keyword=OPTUS BILLING MACQUARIEPARK NS, merchant=OPTUS BILLING SERVICES MACQUARIE PAR",,1
initial,2420589,2755537883,Groceries,MOORA GROCERY PTY LTD,merchant_kb_match,"category=Groceries; rule=merchant_kb_match; evidence=keyword=MOORA IGA, merchant=MOORA GROCERY PTY LTD",,1
initial,2420589,2755537580,Automotive,DUNNINGS TOODYAY JUN TOODYAY,merchant_kb_match,"category=Automotive; rule=merchant_kb_match; evidence=keyword=DUNNINGS TOODYAY JUN TOODYAY, merchant=DUNNINGS TOODYAY JUN TOODYAY",,1
initial,2420589,2755537602,Dining Out,THE LAKES,merchant_kb_match,"category=Dining Out; rule=merchant_kb_match; evidence=keyword=THE LAKES, merchant=THE LAKES",,1
initial,2420589,2755538275,Groceries,DUN DIRECT,merchant_kb_match,"category=Groceries; rule=merchant_kb_match; evidence=keyword=DUN DIRECT PTY LTD WONGAN HILLS, merchant=DUN DIRECT",,1
initial,2420589,2755537776,Automotive,Puma York Roadhouse,merchant_kb_match,"category=Automotive; rule=merchant_kb_match; evidence=keyword=PUMA YORK ROADHOUSE, merchant=Puma York Roadhouse",,1
initial,2420589,2755538103,Automotive,ATLAS SAWYERS SAWYERS VALLE,merchant_kb_match,"category=Automotive; rule=merchant_kb_match; evidence=keyword=ATLAS SAWYERS SAWYERS VALLE, merchant=ATLAS SAWYERS SAWYERS VALLE",,1
initial,2420589,2755538229,Subscription TV,Netflix,merchant_kb_match,"category=Subscription TV; rule=merchant_kb_match; evidence=keyword=NETFLIX COM, merchant=Netflix",,1
initial,2420589,2755537758,Automotive,TRANSFER TO,merchant_kb_match,"category=Automotive; rule=merchant_kb_match; evidence=keyword=TRANSFER TO, merchant=TRANSFER TO",,1
initial,2420589,2755537751,Automotive,TRANSFER TO,merchant_kb_match,"category=Automotive; rule=merchant_kb_match; evidence=keyword=TRANSFER TO, merchant=TRANSFER TO",,1
initial,2420589,2755537926,Retail,SPOTIFY GB,merchant_kb_match,"category=Retail; rule=merchant_kb_match; evidence=keyword=SPOTIFY, merchant=SPOTIFY GB",,1
initial,2420589,2755538309,Automotive,Puma York Roadhouse,merchant_kb_match,"category=Automotive; rule=merchant_kb_match; evidence=keyword=PUMA YORK ROADHOUSE, merchant=Puma York Roadhouse",,1
initial,2420589,2755537916,Groceries,WOOLWORTHS GROUP LIMITED,merchant_kb_match,"category=Groceries; rule=merchant_kb_match; evidence=keyword=WOOLWORTHS, merchant=WOOLWORTHS GROUP LIMITED",,1
initial,2420589,2755537891,Automotive,ATLAS SAWYERS SAWYERS VALLE,merchant_kb_match,"category=Automotive; rule=merchant_kb_match; evidence=keyword=ATLAS SAWYERS SAWYERS VALLE, merchant=ATLAS SAWYERS SAWYERS VALLE",,1
initial,2420589,2755538215,Department Stores,KMART AUSTRALIA LIMITED,merchant_kb_match,"category=Department Stores; rule=merchant_kb_match; evidence=keyword=KMART, merchant=KMART AUSTRALIA LIMITED",,1
initial,2420589,2755537571,Automotive,Puma York Roadhouse,merchant_kb_match,"category=Automotive; rule=merchant_kb_match; evidence=keyword=PUMA YORK ROADHOUSE, merchant=Puma York Roadhouse",,1
initial,2420589,2755538131,Automotive,TRANSFER TO,merchant_kb_match,"category=Automotive; rule=merchant_kb_match; evidence=keyword=TRANSFER TO, merchant=TRANSFER TO",,1
initial,2420589,2755538157,Retail,THINGZ GIFTS MIDLAND G HIGH WYCOMBE,merchant_kb_match,"category=Retail; rule=merchant_kb_match; evidence=keyword=THINGZ GIFTS NORTHAM, merchant=THINGZ GIFTS MIDLAND G HIGH WYCOMBE",,1
initial,2420589,2755538133,Health,STEWART'S SAVEMOR PH,merchant_kb_match,"category=Health; rule=merchant_kb_match; evidence=keyword=STEWART S SAVEMOR PH, merchant=STEWART'S SAVEMOR PH",,1
initial,2420589,2755537825,Automotive,TRANSFER TO,merchant_kb_match,"category=Automotive; rule=merchant_kb_match; evidence=keyword=TRANSFER TO, merchant=TRANSFER TO",,1
initial,2420589,2755537829,Health,STEWART'S SAVEMOR PH,merchant_kb_match,"category=Health; rule=merchant_kb_match; evidence=keyword=STEWART S SAVEMOR PH, merchant=STEWART'S SAVEMOR PH",,1
initial,2420589,2755537801,Groceries,WOOLWORTHS GROUP LIMITED,merchant_kb_match,"category=Groceries; rule=merchant_kb_match; evidence=keyword=WOOLWORTHS, merchant=WOOLWORTHS GROUP LIMITED",,1
initial,2420589,2755537811,Automotive,TRANSFER TO,merchant_kb_match,"category=Automotive; rule=merchant_kb_match; evidence=keyword=TRANSFER TO, merchant=TRANSFER TO",,1
initial,2420589,2755537921,Telecommunications,OPTUS BILLING SERVICES MACQUARIE PAR,merchant_kb_match,"category=Telecommunications; rule=merchant_kb_match; evidence=keyword=OPTUS BILLING MACQUARIEPARK NS, merchant=OPTUS BILLING SERVICES MACQUARIE PAR",,1
initial,2420589,2755537762,Groceries,WOOLWORTHS GROUP LIMITED,merchant_kb_match,"category=Groceries; rule=merchant_kb_match; evidence=keyword=WOOLWORTHS, merchant=WOOLWORTHS GROUP LIMITED",,1
initial,2420589,2755537717,Automotive,TRANSFER TO,merchant_kb_match,"category=Automotive; rule=merchant_kb_match; evidence=keyword=TRANSFER TO, merchant=TRANSFER TO",,1
initial,2420589,2755538317,Groceries,FRESH TRADING CO OPS,merchant_kb_match,"category=Groceries; rule=merchant_kb_match; evidence=keyword=FRESH TRADING CO OPS MALABAINE, merchant=FRESH TRADING CO OPS",,1
initial,2420589,2755538147,Automotive,Great Southern Fuels,merchant_kb_match,"category=Automotive; rule=merchant_kb_match; evidence=keyword=GREAT SOUTHERN FUELS NORTHAM, merchant=Great Southern Fuels",,1
initial,2420589,2755537720,Automotive,DUNNINGS TOODYAY JUN TOODYAY,merchant_kb_match,"category=Automotive; rule=merchant_kb_match; evidence=keyword=DUNNINGS TOODYAY JUN TOODYAY, merchant=DUNNINGS TOODYAY JUN TOODYAY",,1
initial,2420589,2755538277,Automotive,DUNNINGS TOODYAY JUN TOODYAY,merchant_kb_match,"category=Automotive; rule=merchant_kb_match; evidence=keyword=DUNNINGS TOODYAY JUN TOODYAY, merchant=DUNNINGS TOODYAY JUN TOODYAY",,1
initial,2420589,2755537745,Automotive,Great Southern Fuels,merchant_kb_match,"category=Automotive; rule=merchant_kb_match; evidence=keyword=GREAT SOUTHERN FUELS NORTHAM, merchant=Great Southern Fuels",,1
initial,2420589,2755538073,Subscription TV,Netflix,merchant_kb_match,"category=Subscription TV; rule=merchant_kb_match; evidence=keyword=NETFLIX COM, merchant=Netflix",,1
initial,2420589,2755537559,Groceries,DUN DIRECT,merchant_kb_match,"category=Groceries; rule=merchant_kb_match; evidence=keyword=DUN DIRECT PTY LTD WONGAN HILLS, merchant=DUN DIRECT",,1
initial,2420589,2755538337,Health,ST JOHN OF GOD MIDLAND,merchant_kb_match,"category=Health; rule=merchant_kb_match; evidence=keyword=ST JOHN OF GOD SUBIACO, merchant=ST JOHN OF GOD MIDLAND",,1
initial,2420589,2755538271,Automotive,Puma York Roadhouse,merchant_kb_match,"category=Automotive; rule=merchant_kb_match; evidence=keyword=PUMA YORK ROADHOUSE, merchant=Puma York Roadhouse",,1
initial,2420589,2755538031,Health,STEWART'S SAVEMOR PH,merchant_kb_match,"category=Health; rule=merchant_kb_match; evidence=keyword=STEWART S SAVEMOR PH, merchant=STEWART'S SAVEMOR PH",,1
initial,2420589,2755538294,Retail,PURCHASE OFFICEWORKS,merchant_kb_match,"category=Retail; rule=merchant_kb_match; evidence=keyword=OFFICEWORKS, merchant=PURCHASE OFFICEWORKS",,1
initial,2420589,2755538359,Health,THE TRUSTEE FOR LIM,merchant_kb_match,"category=Health; rule=merchant_kb_match; evidence=keyword=THE TRUSTEE FOR LIM, merchant=THE TRUSTEE FOR LIM",,1
initial,2420589,2755538365,Groceries,WOOLWORTHS GROUP LIMITED,merchant_kb_match,"category=Groceries; rule=merchant_kb_match; evidence=keyword=WOOLWORTHS, merchant=WOOLWORTHS GROUP LIMITED",,1
initial,2420589,2755537563,Utilities,Main Roads,merchant_kb_match,"category=Utilities; rule=merchant_kb_match; evidence=keyword=MAIN ROADS, merchant=Main Roads",,1
initial,2420589,2755538008,Health,STEWART'S SAVEMOR PH,merchant_kb_match,"category=Health; rule=merchant_kb_match; evidence=keyword=STEWART S SAVEMOR PH, merchant=STEWART'S SAVEMOR PH",,1
initial,2420589,2755537795,Utilities,Main Roads,merchant_kb_match,"category=Utilities; rule=merchant_kb_match; evidence=keyword=MAIN ROADS, merchant=Main Roads",,1
initial,2420589,2755537815,Groceries,DUN DIRECT,merchant_kb_match,"category=Groceries; rule=merchant_kb_match; evidence=keyword=DUN DIRECT PTY LTD WONGAN HILLS, merchant=DUN DIRECT",,1
initial,2420589,2755538032,Groceries,MOORA GROCERY PTY LTD,merchant_kb_match,"category=Groceries; rule=merchant_kb_match; evidence=keyword=MOORA IGA, merchant=MOORA GROCERY PTY LTD",,1
initial,2420589,2755537876,Automotive,Puma York Roadhouse,merchant_kb_match,"category=Automotive; rule=merchant_kb_match; evidence=keyword=PUMA YORK ROADHOUSE, merchant=Puma York Roadhouse",,1
initial,2420589,2755537603,Telecommunications,OPTUS BILLING SERVICES MACQUARIE PAR,merchant_kb_match,"category=Telecommunications; rule=merchant_kb_match; evidence=keyword=OPTUS BILLING MACQUARIEPARK NS, merchant=OPTUS BILLING SERVICES MACQUARIE PAR",,1
initial,2420589,2755538074,Dining Out,HONG KONG BBQ,merchant_kb_match,"category=Dining Out; rule=merchant_kb_match; evidence=keyword=HONG KONG BBQ, merchant=HONG KONG BBQ",,1
initial,2420589,2755538156,Pet Care,NORTHAM FEED &,merchant_kb_match,"category=Pet Care; rule=merchant_kb_match; evidence=keyword=NORTHAM FEED HIRE, merchant=NORTHAM FEED &",,1
initial,2420589,2755538019,Health,STEWART'S SAVEMOR PH,merchant_kb_match,"category=Health; rule=merchant_kb_match; evidence=keyword=STEWART S SAVEMOR PH, merchant=STEWART'S SAVEMOR PH",,1
initial,2420589,2755537813,Automotive,Great Southern Fuels,merchant_kb_match,"category=Automotive; rule=merchant_kb_match; evidence=keyword=GREAT SOUTHERN FUELS NORTHAM, merchant=Great Southern Fuels",,1
initial,2420589,2755538088,Automotive,Great Southern Fuels,merchant_kb_match,"category=Automotive; rule=merchant_kb_match; evidence=keyword=GREAT SOUTHERN FUELS NORTHAM, merchant=Great Southern Fuels",,1
initial,2420589,2755537930,Subscription TV,Netflix,merchant_kb_match,"category=Subscription TV; rule=merchant_kb_match; evidence=keyword=NETFLIX COM MELBOURNE VI, merchant=Netflix",,1
initial,2420589,2755537729,Automotive,DUNNINGS TOODYAY JUN TOODYAY,merchant_kb_match,"category=Automotive; rule=merchant_kb_match; evidence=keyword=DUNNINGS TOODYAY JUN TOODYAY, merchant=DUNNINGS TOODYAY JUN TOODYAY",,1
initial,2420589,2755538273,Automotive,TRANSFER TO,merchant_kb_match,"category=Automotive; rule=merchant_kb_match; evidence=keyword=TRANSFER TO, merchant=TRANSFER TO",,1
initial,2420589,2755537675,Retail,SPOTIFY GB,merchant_kb_match,"category=Retail; rule=merchant_kb_match; evidence=keyword=SPOTIFY, merchant=SPOTIFY GB",,1
initial,2420589,2755537625,Groceries,WOOLWORTHS GROUP LIMITED,merchant_kb_match,"category=Groceries; rule=merchant_kb_match; evidence=keyword=WOOLWORTHS, merchant=WOOLWORTHS GROUP LIMITED",,1
initial,2420589,2755537695,Automotive,DUNNINGS GOOMALLING GOOMALLING,merchant_kb_match,"category=Automotive; rule=merchant_kb_match; evidence=keyword=DUNNINGS GOOMALLING GOOMALLING, merchant=DUNNINGS GOOMALLING GOOMALLING",,1
initial,2420589,2755538301,Automotive,Great Southern Fuels,merchant_kb_match,"category=Automotive; rule=merchant_kb_match; evidence=keyword=GREAT SOUTHERN FUELS NORTHAM, merchant=Great Southern Fuels",,1
initial,2420589,2755538242,Home Improvement,BUNNINGS GROUP LIMITED,merchant_kb_match,"category=Home Improvement; rule=merchant_kb_match; evidence=keyword=BUNNINGS, merchant=BUNNINGS GROUP LIMITED",,1
initial,2420589,2755537753,Automotive,DUNNINGS TOODYAY JUN TOODYAY,merchant_kb_match,"category=Automotive; rule=merchant_kb_match; evidence=keyword=DUNNINGS TOODYAY JUN TOODYAY, merchant=DUNNINGS TOODYAY JUN TOODYAY",,1
initial,2420589,2755537629,Groceries,MOORA GROCERY PTY LTD,merchant_kb_match,"category=Groceries; rule=merchant_kb_match; evidence=keyword=MOORA IGA, merchant=MOORA GROCERY PTY LTD",,1
initial,2420589,2755537740,Automotive,DUNNINGS TOODYAY JUN TOODYAY,merchant_kb_match,"category=Automotive; rule=merchant_kb_match; evidence=keyword=DUNNINGS TOODYAY JUN TOODYAY, merchant=DUNNINGS TOODYAY JUN TOODYAY",,1
initial,2420589,2755538164,Automotive,Puma York Roadhouse,merchant_kb_match,"category=Automotive; rule=merchant_kb_match; evidence=keyword=PUMA YORK ROADHOUSE, merchant=Puma York Roadhouse",,1
initial,2420589,2755538072,Groceries,Spud Shed,merchant_kb_match,"category=Groceries; rule=merchant_kb_match; evidence=keyword=SPUD SHED, merchant=Spud Shed",,1
initial,2420589,2755538037,Automotive,TRANSFER TO,merchant_kb_match,"category=Automotive; rule=merchant_kb_match; evidence=keyword=TRANSFER TO, merchant=TRANSFER TO",,1
initial,2420589,2755537843,Groceries,WOOLWORTHS GROUP LIMITED,merchant_kb_match,"category=Groceries; rule=merchant_kb_match; evidence=keyword=WOOLWORTHS, merchant=WOOLWORTHS GROUP LIMITED",,1
initial,2420589,2755537587,Groceries,WOOLWORTHS GROUP LIMITED,merchant_kb_match,"category=Groceries; rule=merchant_kb_match; evidence=keyword=WOOLWORTHS, merchant=WOOLWORTHS GROUP LIMITED",,1
initial,2420589,2755537814,Retail,Warricks Newsagency,merchant_kb_match,"category=Retail; rule=merchant_kb_match; evidence=keyword=WARRICKS NEWSAGENCY NORTHAM, merchant=Warricks Newsagency",,1
initial,2420589,2755538051,Automotive,DUNNINGS GOOMALLING GOOMALLING,merchant_kb_match,"category=Automotive; rule=merchant_kb_match; evidence=keyword=DUNNINGS GOOMALLING GOOMALLING, merchant=DUNNINGS GOOMALLING GOOMALLING",,1
initial,2420589,2755537854,Automotive,Great Southern Fuels,merchant_kb_match,"category=Automotive; rule=merchant_kb_match; evidence=keyword=GREAT SOUTHERN FUELS NORTHAM, merchant=Great Southern Fuels",,1
initial,2420589,2755537988,Health,ST JOHN OF GOD MIDLAND,merchant_kb_match,"category=Health; rule=merchant_kb_match; evidence=keyword=ST JOHN OF GOD SUBIACO, merchant=ST JOHN OF GOD MIDLAND",,1
initial,2420589,2755537683,Automotive,WA Transport DVS,merchant_kb_match,"category=Automotive; rule=merchant_kb_match; evidence=keyword=WA TRANSPORT DVS COMMBANK APP BPAY, merchant=WA Transport DVS",,1
initial,2420589,2755538030,Automotive,Great Southern Fuels,merchant_kb_match,"category=Automotive; rule=merchant_kb_match; evidence=keyword=GREAT SOUTHERN FUELS NORTHAM, merchant=Great Southern Fuels",,1
initial,2420589,2755537945,Groceries,WOOLWORTHS GROUP LIMITED,merchant_kb_match,"category=Groceries; rule=merchant_kb_match; evidence=keyword=WOOLWORTHS, merchant=WOOLWORTHS GROUP LIMITED",,1
initial,2420589,2755538080,Automotive,Great Southern Fuels,merchant_kb_match,"category=Automotive; rule=merchant_kb_match; evidence=keyword=GREAT SOUTHERN FUELS NORTHAM, merchant=Great Southern Fuels",,1
initial,2420589,2755538162,Dining Out,THE LAKES,merchant_kb_match,"category=Dining Out; rule=merchant_kb_match; evidence=keyword=THE LAKES, merchant=THE LAKES",,1
initial,2420589,2755538022,Automotive,DUNNINGS TOODYAY JUN TOODYAY,merchant_kb_match,"category=Automotive; rule=merchant_kb_match; evidence=keyword=DUNNINGS TOODYAY JUN TOODYAY, merchant=DUNNINGS TOODYAY JUN TOODYAY",,1
initial,2420589,2755537999,Groceries,Coles,merchant_kb_match,"category=Groceries; rule=merchant_kb_match; evidence=keyword=COLES, merchant=Coles",,1
initial,2420589,2755537573,Dining Out,HONG KONG BBQ,merchant_kb_match,"category=Dining Out; rule=merchant_kb_match; evidence=keyword=HONG KONG BBQ, merchant=HONG KONG BBQ",,1
initial,2420589,2755538028,Groceries,YORK QUALITY,merchant_kb_match,"category=Groceries; rule=merchant_kb_match; evidence=keyword=YORK QUALITY, merchant=YORK QUALITY",,1
initial,2420589,2755537992,Automotive,ATLAS SAWYERS SAWYERS VALLE,merchant_kb_match,"category=Automotive; rule=merchant_kb_match; evidence=keyword=ATLAS SAWYERS SAWYERS VALLE, merchant=ATLAS SAWYERS SAWYERS VALLE",,1
initial,2420589,2755538289,Dining Out,HONG KONG BBQ,merchant_kb_match,"category=Dining Out; rule=merchant_kb_match; evidence=keyword=HONG KONG BBQ, merchant=HONG KONG BBQ",,1
initial,2420589,2755538142,Groceries,WOOLWORTHS GROUP LIMITED,merchant_kb_match,"category=Groceries; rule=merchant_kb_match; evidence=keyword=WOOLWORTHS, merchant=WOOLWORTHS GROUP LIMITED",,1
initial,2420589,2755538330,Automotive,TRANSFER TO,merchant_kb_match,"category=Automotive; rule=merchant_kb_match; evidence=keyword=TRANSFER TO, merchant=TRANSFER TO",,1
initial,2420589,2755537752,Groceries,DUN DIRECT,merchant_kb_match,"category=Groceries; rule=merchant_kb_match; evidence=keyword=DUN DIRECT PTY LTD WONGAN HILLS, merchant=DUN DIRECT",,1
initial,2420589,2755538104,Retail,Red Dot,merchant_kb_match,"category=Retail; rule=merchant_kb_match; evidence=keyword=RED DOT STORES, merchant=Red Dot",,1
initial,2420589,2755538245,Dining Out,THE LAKES,merchant_kb_match,"category=Dining Out; rule=merchant_kb_match; evidence=keyword=THE LAKES, merchant=THE LAKES",,1
initial,2420589,2755538146,Automotive,Great Southern Fuels,merchant_kb_match,"category=Automotive; rule=merchant_kb_match; evidence=keyword=GREAT SOUTHERN FUELS NORTHAM, merchant=Great Southern Fuels",,1
initial,2420589,2755537903,Automotive,TRANSFER TO,merchant_kb_match,"category=Automotive; rule=merchant_kb_match; evidence=keyword=TRANSFER TO, merchant=TRANSFER TO",,1
initial,2420589,2755537599,Automotive,ATLAS SAWYERS SAWYERS VALLE,merchant_kb_match,"category=Automotive; rule=merchant_kb_match; evidence=keyword=ATLAS SAWYERS SAWYERS VALLE, merchant=ATLAS SAWYERS SAWYERS VALLE",,1
initial,2420589,2755537626,Automotive,Great Southern Fuels,merchant_kb_match,"category=Automotive; rule=merchant_kb_match; evidence=keyword=GREAT SOUTHERN FUELS NORTHAM, merchant=Great Southern Fuels",,1
initial,2420589,2755537693,Automotive,Great Southern Fuels,merchant_kb_match,"category=Automotive; rule=merchant_kb_match; evidence=keyword=GREAT SOUTHERN FUELS NORTHAM, merchant=Great Southern Fuels",,1
initial,2420589,2755538011,Automotive,DUNNINGS TOODYAY JUN TOODYAY,merchant_kb_match,"category=Automotive; rule=merchant_kb_match; evidence=keyword=DUNNINGS TOODYAY JUN TOODYAY, merchant=DUNNINGS TOODYAY JUN TOODYAY",,1
initial,2420589,2755538300,Automotive,DUNNINGS TOODYAY JUN TOODYAY,merchant_kb_match,"category=Automotive; rule=merchant_kb_match; evidence=keyword=DUNNINGS TOODYAY JUN TOODYAY, merchant=DUNNINGS TOODYAY JUN TOODYAY",,1
transfer,2420589,2755538124,External Transfers,Direct Debit Transfer,external_direct_debit_with_bsb,"category=External Transfers; rule=external_direct_debit_with_bsb; evidence=confidence=high, dr_cr_used",External Transfers,100
transfer,2420589,2755537983,External Transfers,Direct Debit Transfer,external_direct_debit_with_bsb,"category=External Transfers; rule=external_direct_debit_with_bsb; evidence=confidence=high, dr_cr_used",External Transfers,100
transfer,2420589,2755537654,External Transfers,CBA Funds Transfer,external_commbank_name,category=External Transfers; rule=external_commbank_name; evidence=confidence=high,External Transfers,100
transfer,2420589,2755538195,External Transfers,CBA Funds Transfer,external_fast_transfer,category=External Transfers; rule=external_fast_transfer; evidence=confidence=high,External Transfers,100
transfer,2420589,2755537543,External Transfers,CBA Funds Transfer,external_commbank_name,category=External Transfers; rule=external_commbank_name; evidence=confidence=high,External Transfers,100
transfer,2420589,2755537715,External Transfers,Direct Debit Transfer,external_direct_debit_with_bsb,"category=External Transfers; rule=external_direct_debit_with_bsb; evidence=confidence=high, dr_cr_used",External Transfers,100
transfer,2420589,2755538160,External Transfers,CBA Funds Transfer,external_commbank_name,category=External Transfers; rule=external_commbank_name; evidence=confidence=high,External Transfers,100
transfer,2420589,2755538334,External Transfers,Direct Debit Transfer,external_direct_debit_with_bsb,"category=External Transfers; rule=external_direct_debit_with_bsb; evidence=confidence=high, dr_cr_used",External Transfers,100
transfer,2420589,2755537600,External Transfers,CBA Funds Transfer,external_fast_transfer,category=External Transfers; rule=external_fast_transfer; evidence=confidence=high,External Transfers,100
transfer,2420589,2755537660,External Transfers,Direct Debit Transfer,external_direct_debit_with_bsb,"category=External Transfers; rule=external_direct_debit_with_bsb; evidence=confidence=high, dr_cr_used",External Transfers,100
transfer,2420589,2755538159,External Transfers,CBA Funds Transfer,external_fast_transfer,category=External Transfers; rule=external_fast_transfer; evidence=confidence=high,External Transfers,100
transfer,2420589,2755537967,External Transfers,CBA Funds Transfer,external_commbank_name,category=External Transfers; rule=external_commbank_name; evidence=confidence=high,External Transfers,100
transfer,2420589,2755538192,External Transfers,Direct Debit Transfer,external_direct_debit_with_bsb,"category=External Transfers; rule=external_direct_debit_with_bsb; evidence=confidence=high, dr_cr_used",External Transfers,100
transfer,2420589,2755537544,External Transfers,CBA Funds Transfer,external_fast_transfer,category=External Transfers; rule=external_fast_transfer; evidence=confidence=high,External Transfers,100
transfer,2420589,2755538047,External Transfers,Direct Debit Transfer,external_direct_debit_with_bsb,"category=External Transfers; rule=external_direct_debit_with_bsb; evidence=confidence=high, dr_cr_used",External Transfers,100
transfer,2420589,2755538039,External Transfers,CBA Funds Transfer,external_fast_transfer,category=External Transfers; rule=external_fast_transfer; evidence=confidence=high,External Transfers,100
transfer,2420589,2755537782,External Transfers,CBA Funds Transfer,external_fast_transfer,category=External Transfers; rule=external_fast_transfer; evidence=confidence=high,External Transfers,100
transfer,2420589,2755538061,External Transfers,CBA Funds Transfer,external_payid_osko,category=External Transfers; rule=external_payid_osko; evidence=confidence=high,External Transfers,100
transfer,2420589,2755538326,External Transfers,Direct Debit Transfer,external_direct_debit_with_bsb,"category=External Transfers; rule=external_direct_debit_with_bsb; evidence=confidence=high, dr_cr_used",External Transfers,100
transfer,2420589,2755537981,External Transfers,Direct Debit Transfer,external_direct_debit_with_bsb,"category=External Transfers; rule=external_direct_debit_with_bsb; evidence=confidence=high, dr_cr_used",External Transfers,100
transfer,2420589,2755538005,External Transfers,CBA Funds Transfer,external_commbank_name,category=External Transfers; rule=external_commbank_name; evidence=confidence=high,External Transfers,100
transfer,2420589,2755538027,External Transfers,CBA Funds Transfer,external_commbank_name,category=External Transfers; rule=external_commbank_name; evidence=confidence=high,External Transfers,100
transfer,2420589,2755537549,External Transfers,CBA Funds Transfer,external_commbank_name,category=External Transfers; rule=external_commbank_name; evidence=confidence=high,External Transfers,100
transfer,2420589,2755537779,External Transfers,Direct Debit Transfer,external_direct_debit_with_bsb,"category=External Transfers; rule=external_direct_debit_with_bsb; evidence=confidence=high, dr_cr_used",External Transfers,100
transfer,2420589,2755537553,External Transfers,Direct Debit Transfer,external_direct_debit_with_bsb,"category=External Transfers; rule=external_direct_debit_with_bsb; evidence=confidence=high, dr_cr_used",External Transfers,100
transfer,2420589,2755538048,External Transfers,Direct Debit Transfer,external_direct_debit_with_bsb,"category=External Transfers; rule=external_direct_debit_with_bsb; evidence=confidence=high, dr_cr_used",External Transfers,100
transfer,2420589,2755537653,External Transfers,CBA Funds Transfer,external_payid_osko,category=External Transfers; rule=external_payid_osko; evidence=confidence=high,External Transfers,100
transfer,2420589,2755538128,External Transfers,Direct Debit Transfer,external_direct_debit_with_bsb,"category=External Transfers; rule=external_direct_debit_with_bsb; evidence=confidence=high, dr_cr_used",External Transfers,100
transfer,2420589,2755538089,External Transfers,CBA Funds Transfer,external_fast_transfer,category=External Transfers; rule=external_fast_transfer; evidence=confidence=high,External Transfers,100
transfer,2420589,2755538186,External Transfers,Direct Debit Transfer,external_direct_debit_with_bsb,"category=External Transfers; rule=external_direct_debit_with_bsb; evidence=confidence=high, dr_cr_used",External Transfers,100
transfer,2420589,2755538085,External Transfers,CBA Funds Transfer,external_fast_transfer,category=External Transfers; rule=external_fast_transfer; evidence=confidence=high,External Transfers,100
transfer,2420589,2755538172,External Transfers,CBA Funds Transfer,external_fast_transfer,category=External Transfers; rule=external_fast_transfer; evidence=confidence=high,External Transfers,100
transfer,2420589,2755538318,External Transfers,Direct Debit Transfer,external_direct_debit_with_bsb,"category=External Transfers; rule=external_direct_debit_with_bsb; evidence=confidence=high, dr_cr_used",External Transfers,100
transfer,2420589,2755538350,External Transfers,CBA Funds Transfer,external_commbank_name,category=External Transfers; rule=external_commbank_name; evidence=confidence=high,External Transfers,100
transfer,2420589,2755537995,External Transfers,Direct Debit Transfer,external_direct_debit_with_bsb,"category=External Transfers; rule=external_direct_debit_with_bsb; evidence=confidence=high, dr_cr_used",External Transfers,100
transfer,2420589,2755538055,External Transfers,Direct Debit Transfer,external_direct_debit_with_bsb,"category=External Transfers; rule=external_direct_debit_with_bsb; evidence=confidence=high, dr_cr_used",External Transfers,100
transfer,2420589,2755537920,External Transfers,Direct Debit Transfer,external_direct_debit_with_bsb,"category=External Transfers; rule=external_direct_debit_with_bsb; evidence=confidence=high, dr_cr_used",External Transfers,100
transfer,2420589,2755537655,External Transfers,CBA Funds Transfer,external_fast_transfer,category=External Transfers; rule=external_fast_transfer; evidence=confidence=high,External Transfers,100
transfer,2420589,2755538078,External Transfers,CBA Funds Transfer,external_fast_transfer,category=External Transfers; rule=external_fast_transfer; evidence=confidence=high,External Transfers,100
transfer,2420589,2755537617,External Transfers,CBA Funds Transfer,external_fast_transfer,category=External Transfers; rule=external_fast_transfer; evidence=confidence=high,External Transfers,100
transfer,2420589,2755537978,External Transfers,Direct Debit Transfer,external_direct_debit_with_bsb,"category=External Transfers; rule=external_direct_debit_with_bsb; evidence=confidence=high, dr_cr_used",External Transfers,100
transfer,2420589,2755537837,External Transfers,CBA Funds Transfer,external_commbank_name,category=External Transfers; rule=external_commbank_name; evidence=confidence=high,External Transfers,100
transfer,2420589,2755537548,External Transfers,Direct Debit Transfer,external_direct_debit_with_bsb,"category=External Transfers; rule=external_direct_debit_with_bsb; evidence=confidence=high, dr_cr_used",External Transfers,100
transfer,2420589,2755538139,External Transfers,Direct Debit Transfer,external_direct_debit_with_bsb,"category=External Transfers; rule=external_direct_debit_with_bsb; evidence=confidence=high, dr_cr_used",External Transfers,100
transfer,2420589,2755538356,External Transfers,CBA Funds Transfer,external_fast_transfer,category=External Transfers; rule=external_fast_transfer; evidence=confidence=high,External Transfers,100
transfer,2420589,2755537737,External Transfers,Direct Debit Transfer,external_direct_debit_with_bsb,"category=External Transfers; rule=external_direct_debit_with_bsb; evidence=confidence=high, dr_cr_used",External Transfers,100
transfer,2420589,2755537750,External Transfers,CBA Funds Transfer,external_fast_transfer,category=External Transfers; rule=external_fast_transfer; evidence=confidence=high,External Transfers,100
transfer,2420589,2755538276,External Transfers,CBA Funds Transfer,external_fast_transfer,category=External Transfers; rule=external_fast_transfer; evidence=confidence=high,External Transfers,100
transfer,2420589,2755538106,External Transfers,CBA Funds Transfer,external_fast_transfer,category=External Transfers; rule=external_fast_transfer; evidence=confidence=high,External Transfers,100
transfer,2420589,2755538299,External Transfers,CBA Funds Transfer,external_fast_transfer,category=External Transfers; rule=external_fast_transfer; evidence=confidence=high,External Transfers,100
transfer,2420589,2755538056,External Transfers,Direct Debit Transfer,external_direct_debit_with_bsb,"category=External Transfers; rule=external_direct_debit_with_bsb; evidence=confidence=high, dr_cr_used",External Transfers,100
transfer,2420589,2755537612,External Transfers,Direct Debit Transfer,external_direct_debit_with_bsb,"category=External Transfers; rule=external_direct_debit_with_bsb; evidence=confidence=high, dr_cr_used",External Transfers,100
transfer,2420589,2755538107,External Transfers,CBA Funds Transfer,external_commbank_bpay,"category=External Transfers; rule=external_commbank_bpay; evidence=confidence=high, dr_cr_used",External Transfers,100
transfer,2420589,2755538057,External Transfers,CBA Funds Transfer,external_fast_transfer,category=External Transfers; rule=external_fast_transfer; evidence=confidence=high,External Transfers,100
transfer,2420589,2755537659,External Transfers,Direct Debit Transfer,external_direct_debit_with_bsb,"category=External Transfers; rule=external_direct_debit_with_bsb; evidence=confidence=high, dr_cr_used",External Transfers,100
transfer,2420589,2755537840,External Transfers,CBA Funds Transfer,external_fast_transfer,category=External Transfers; rule=external_fast_transfer; evidence=confidence=high,External Transfers,100
transfer,2420589,2755537718,External Transfers,CBA Funds Transfer,external_fast_transfer,category=External Transfers; rule=external_fast_transfer; evidence=confidence=high,External Transfers,100
transfer,2420589,2755538325,External Transfers,Direct Debit Transfer,external_direct_debit_with_bsb,"category=External Transfers; rule=external_direct_debit_with_bsb; evidence=confidence=high, dr_cr_used",External Transfers,100
transfer,2420589,2755537855,External Transfers,Direct Debit Transfer,external_direct_debit_with_bsb,"category=External Transfers; rule=external_direct_debit_with_bsb; evidence=confidence=high, dr_cr_used",External Transfers,100
transfer,2420589,2755537910,External Transfers,Direct Debit Transfer,external_direct_debit_with_bsb,"category=External Transfers; rule=external_direct_debit_with_bsb; evidence=confidence=high, dr_cr_used",External Transfers,100
transfer,2420589,2755538267,External Transfers,Direct Debit Transfer,external_direct_debit_with_bsb,"category=External Transfers; rule=external_direct_debit_with_bsb; evidence=confidence=high, dr_cr_used",External Transfers,100
transfer,2420589,2755538201,External Transfers,Direct Debit Transfer,external_direct_debit_with_bsb,"category=External Transfers; rule=external_direct_debit_with_bsb; evidence=confidence=high, dr_cr_used",External Transfers,100
transfer,2420589,2755537650,External Transfers,Direct Debit Transfer,external_direct_debit_with_bsb,"category=External Transfers; rule=external_direct_debit_with_bsb; evidence=confidence=high, dr_cr_used",External Transfers,100
transfer,2420589,2755538059,External Transfers,CBA Funds Transfer,external_commbank_name,category=External Transfers; rule=external_commbank_name; evidence=confidence=high,External Transfers,100
transfer,2420589,2755538256,External Transfers,CBA Funds Transfer,external_fast_transfer,category=External Transfers; rule=external_fast_transfer; evidence=confidence=high,External Transfers,100
transfer,2420589,2755537554,External Transfers,Direct Debit Transfer,external_direct_debit_with_bsb,"category=External Transfers; rule=external_direct_debit_with_bsb; evidence=confidence=high, dr_cr_used",External Transfers,100
transfer,2420589,2755538185,External Transfers,Direct Debit Transfer,external_direct_debit_with_bsb,"category=External Transfers; rule=external_direct_debit_with_bsb; evidence=confidence=high, dr_cr_used",External Transfers,100
transfer,2420589,2755537725,External Transfers,Direct Debit Transfer,external_direct_debit_with_bsb,"category=External Transfers; rule=external_direct_debit_with_bsb; evidence=confidence=high, dr_cr_used",External Transfers,100
transfer,2420589,2755537799,External Transfers,CBA Funds Transfer,external_fast_transfer,category=External Transfers; rule=external_fast_transfer; evidence=confidence=high,External Transfers,100
transfer,2420589,2755538333,External Transfers,Direct Debit Transfer,external_direct_debit_with_bsb,"category=External Transfers; rule=external_direct_debit_with_bsb; evidence=confidence=high, dr_cr_used",External Transfers,100
transfer,2420589,2755538258,External Transfers,Direct Debit Transfer,external_direct_debit_with_bsb,"category=External Transfers; rule=external_direct_debit_with_bsb; evidence=confidence=high, dr_cr_used",External Transfers,100
transfer,2420589,2755537609,External Transfers,CBA Funds Transfer,external_fast_transfer,category=External Transfers; rule=external_fast_transfer; evidence=confidence=high,External Transfers,100
transfer,2420589,2755537971,External Transfers,CBA Funds Transfer,external_fast_transfer,category=External Transfers; rule=external_fast_transfer; evidence=confidence=high,External Transfers,100
transfer,2420589,2755538154,External Transfers,CBA Funds Transfer,external_fast_transfer,category=External Transfers; rule=external_fast_transfer; evidence=confidence=high,External Transfers,100
transfer,2420589,2755537722,External Transfers,Direct Debit Transfer,external_direct_debit_with_bsb,"category=External Transfers; rule=external_direct_debit_with_bsb; evidence=confidence=high, dr_cr_used",External Transfers,100
transfer,2420589,2755537706,External Transfers,CBA Funds Transfer,external_fast_transfer,category=External Transfers; rule=external_fast_transfer; evidence=confidence=high,External Transfers,100
transfer,2420589,2755538054,External Transfers,Direct Debit Transfer,external_direct_debit_with_bsb,"category=External Transfers; rule=external_direct_debit_with_bsb; evidence=confidence=high, dr_cr_used",External Transfers,100
transfer,2420589,2755538230,External Transfers,CBA Funds Transfer,external_fast_transfer,category=External Transfers; rule=external_fast_transfer; evidence=confidence=high,External Transfers,100
transfer,2420589,2755538268,External Transfers,Direct Debit Transfer,external_direct_debit_with_bsb,"category=External Transfers; rule=external_direct_debit_with_bsb; evidence=confidence=high, dr_cr_used",External Transfers,100
transfer,2420589,2755537982,External Transfers,Direct Debit Transfer,external_direct_debit_with_bsb,"category=External Transfers; rule=external_direct_debit_with_bsb; evidence=confidence=high, dr_cr_used",External Transfers,100
transfer,2420589,2755537868,External Transfers,Direct Debit Transfer,external_direct_debit_with_bsb,"category=External Transfers; rule=external_direct_debit_with_bsb; evidence=confidence=high, dr_cr_used",External Transfers,100
transfer,2420589,2755538126,External Transfers,Direct Debit Transfer,external_direct_debit_with_bsb,"category=External Transfers; rule=external_direct_debit_with_bsb; evidence=confidence=high, dr_cr_used",External Transfers,100
transfer,2420589,2755538036,External Transfers,CBA Funds Transfer,external_fast_transfer,category=External Transfers; rule=external_fast_transfer; evidence=confidence=high,External Transfers,100
transfer,2420589,2755538130,External Transfers,CBA Funds Transfer,external_fast_transfer,category=External Transfers; rule=external_fast_transfer; evidence=confidence=high,External Transfers,100
transfer,2420589,2755537552,External Transfers,CBA Funds Transfer,external_fast_transfer,category=External Transfers; rule=external_fast_transfer; evidence=confidence=high,External Transfers,100
transfer,2420589,2755537754,External Transfers,CBA Funds Transfer,external_payid_osko,category=External Transfers; rule=external_payid_osko; evidence=confidence=high,External Transfers,100
transfer,2420589,2755538158,External Transfers,CBA Funds Transfer,external_fast_transfer,category=External Transfers; rule=external_fast_transfer; evidence=confidence=high,External Transfers,100
transfer,2420589,2755538194,External Transfers,Direct Debit Transfer,external_direct_debit_with_bsb,"category=External Transfers; rule=external_direct_debit_with_bsb; evidence=confidence=high, dr_cr_used",External Transfers,100
transfer,2420589,2755537772,External Transfers,CBA Funds Transfer,external_fast_transfer,category=External Transfers; rule=external_fast_transfer; evidence=confidence=high,External Transfers,100
transfer,2420589,2755537895,External Transfers,CBA Funds Transfer,external_fast_transfer,category=External Transfers; rule=external_fast_transfer; evidence=confidence=high,External Transfers,100
transfer,2420589,2755537931,External Transfers,CBA Funds Transfer,external_fast_transfer,category=External Transfers; rule=external_fast_transfer; evidence=confidence=high,External Transfers,100
transfer,2420589,2755537862,External Transfers,Direct Debit Transfer,external_direct_debit_with_bsb,"category=External Transfers; rule=external_direct_debit_with_bsb; evidence=confidence=high, dr_cr_used",External Transfers,100
transfer,2420589,2755538253,External Transfers,Direct Debit Transfer,external_direct_debit_with_bsb,"category=External Transfers; rule=external_direct_debit_with_bsb; evidence=confidence=high, dr_cr_used",External Transfers,100
transfer,2420589,2755537996,External Transfers,Direct Debit Transfer,external_direct_debit_with_bsb,"category=External Transfers; rule=external_direct_debit_with_bsb; evidence=confidence=high, dr_cr_used",External Transfers,100
transfer,2420589,2755537796,External Transfers,Direct Debit Transfer,external_direct_debit_with_bsb,"category=External Transfers; rule=external_direct_debit_with_bsb; evidence=confidence=high, dr_cr_used",External Transfers,100
transfer,2420589,2755538125,External Transfers,Direct Debit Transfer,external_direct_debit_with_bsb,"category=External Transfers; rule=external_direct_debit_with_bsb; evidence=confidence=high, dr_cr_used",External Transfers,100
transfer,2420589,2755538189,External Transfers,CBA Funds Transfer,external_fast_transfer,category=External Transfers; rule=external_fast_transfer; evidence=confidence=high,External Transfers,100
transfer,2420589,2755537786,External Transfers,Direct Debit Transfer,external_direct_debit_with_bsb,"category=External Transfers; rule=external_direct_debit_with_bsb; evidence=confidence=high, dr_cr_used",External Transfers,100
transfer,2420589,2755537812,External Transfers,CBA Funds Transfer,external_fast_transfer,category=External Transfers; rule=external_fast_transfer; evidence=confidence=high,External Transfers,100
transfer,2420589,2755537615,External Transfers,Direct Debit Transfer,external_direct_debit_with_bsb,"category=External Transfers; rule=external_direct_debit_with_bsb; evidence=confidence=high, dr_cr_used",External Transfers,100
transfer,2420589,2755537613,External Transfers,Direct Debit Transfer,external_direct_debit_with_bsb,"category=External Transfers; rule=external_direct_debit_with_bsb; evidence=confidence=high, dr_cr_used",External Transfers,100
transfer,2420589,2755537942,External Transfers,CBA Funds Transfer,external_fast_transfer,category=External Transfers; rule=external_fast_transfer; evidence=confidence=high,External Transfers,100
transfer,2420589,2755538123,External Transfers,Direct Debit Transfer,external_direct_debit_with_bsb,"category=External Transfers; rule=external_direct_debit_with_bsb; evidence=confidence=high, dr_cr_used",External Transfers,100
transfer,2420589,2755537859,External Transfers,CBA Funds Transfer,external_fast_transfer,category=External Transfers; rule=external_fast_transfer; evidence=confidence=high,External Transfers,100
transfer,2420589,2755538319,External Transfers,Direct Debit Transfer,external_direct_debit_with_bsb,"category=External Transfers; rule=external_direct_debit_with_bsb; evidence=confidence=high, dr_cr_used",External Transfers,100
transfer,2420589,2755537912,External Transfers,Direct Debit Transfer,external_direct_debit_with_bsb,"category=External Transfers; rule=external_direct_debit_with_bsb; evidence=confidence=high, dr_cr_used",External Transfers,100
transfer,2420589,2755537867,External Transfers,Direct Debit Transfer,external_direct_debit_with_bsb,"category=External Transfers; rule=external_direct_debit_with_bsb; evidence=confidence=high, dr_cr_used",External Transfers,100
transfer,2420589,2755537937,External Transfers,CBA Funds Transfer,external_fast_transfer,category=External Transfers; rule=external_fast_transfer; evidence=confidence=high,External Transfers,100
transfer,2420589,2755537633,External Transfers,CBA Funds Transfer,external_fast_transfer,category=External Transfers; rule=external_fast_transfer; evidence=confidence=high,External Transfers,100
transfer,2420589,2755538046,External Transfers,Direct Debit Transfer,external_direct_debit_with_bsb,"category=External Transfers; rule=external_direct_debit_with_bsb; evidence=confidence=high, dr_cr_used",External Transfers,100
transfer,2420589,2755537616,External Transfers,Direct Debit Transfer,external_direct_debit_with_bsb,"category=External Transfers; rule=external_direct_debit_with_bsb; evidence=confidence=high, dr_cr_used",External Transfers,100
transfer,2420589,2755537658,External Transfers,Direct Debit Transfer,external_direct_debit_with_bsb,"category=External Transfers; rule=external_direct_debit_with_bsb; evidence=confidence=high, dr_cr_used",External Transfers,100
transfer,2420589,2755538161,External Transfers,CBA Funds Transfer,external_commbank_name,category=External Transfers; rule=external_commbank_name; evidence=confidence=high,External Transfers,100
transfer,2420589,2755538285,External Transfers,Direct Debit Transfer,external_direct_debit_with_bsb,"category=External Transfers; rule=external_direct_debit_with_bsb; evidence=confidence=high, dr_cr_used",External Transfers,100
transfer,2420589,2755537723,External Transfers,Direct Debit Transfer,external_direct_debit_with_bsb,"category=External Transfers; rule=external_direct_debit_with_bsb; evidence=confidence=high, dr_cr_used",External Transfers,100
transfer,2420589,2755537860,External Transfers,Direct Debit Transfer,external_direct_debit_with_bsb,"category=External Transfers; rule=external_direct_debit_with_bsb; evidence=confidence=high, dr_cr_used",External Transfers,100
transfer,2420589,2755538191,External Transfers,CBA Funds Transfer,external_fast_transfer,category=External Transfers; rule=external_fast_transfer; evidence=confidence=high,External Transfers,100
transfer,2420589,2755537904,External Transfers,CBA Funds Transfer,external_fast_transfer,category=External Transfers; rule=external_fast_transfer; evidence=confidence=high,External Transfers,100
transfer,2420589,2755537719,External Transfers,CBA Funds Transfer,external_commbank_name,category=External Transfers; rule=external_commbank_name; evidence=confidence=high,External Transfers,100
transfer,2420589,2755537652,External Transfers,CBA Funds Transfer,external_commbank_name,category=External Transfers; rule=external_commbank_name; evidence=confidence=high,External Transfers,100
transfer,2420589,2755538021,External Transfers,CBA Funds Transfer,external_fast_transfer,category=External Transfers; rule=external_fast_transfer; evidence=confidence=high,External Transfers,100
transfer,2420589,2755538190,External Transfers,CBA Funds Transfer,external_payid_osko,category=External Transfers; rule=external_payid_osko; evidence=confidence=high,External Transfers,100
transfer,2420589,2755538069,External Transfers,Direct Debit Transfer,external_direct_debit_with_bsb,"category=External Transfers; rule=external_direct_debit_with_bsb; evidence=confidence=high, dr_cr_used",External Transfers,100
transfer,2420589,2755538193,External Transfers,Direct Debit Transfer,external_direct_debit_with_bsb,"category=External Transfers; rule=external_direct_debit_with_bsb; evidence=confidence=high, dr_cr_used",External Transfers,100
transfer,2420589,2755537787,External Transfers,Direct Debit Transfer,external_direct_debit_with_bsb,"category=External Transfers; rule=external_direct_debit_with_bsb; evidence=confidence=high, dr_cr_used",External Transfers,100
transfer,2420589,2755537902,External Transfers,Direct Debit Transfer,external_direct_debit_with_bsb,"category=External Transfers; rule=external_direct_debit_with_bsb; evidence=confidence=high, dr_cr_used",External Transfers,100
transfer,2420589,2755537797,External Transfers,Direct Debit Transfer,external_direct_debit_with_bsb,"category=External Transfers; rule=external_direct_debit_with_bsb; evidence=confidence=high, dr_cr_used",External Transfers,100
transfer,2420589,2755537716,External Transfers,Direct Debit Transfer,external_direct_debit_with_bsb,"category=External Transfers; rule=external_direct_debit_with_bsb; evidence=confidence=high, dr_cr_used",External Transfers,100
transfer,2420589,2755537656,External Transfers,CBA Funds Transfer,external_fast_transfer,category=External Transfers; rule=external_fast_transfer; evidence=confidence=high,External Transfers,100
transfer,2420589,2755537856,External Transfers,Direct Debit Transfer,external_direct_debit_with_bsb,"category=External Transfers; rule=external_direct_debit_with_bsb; evidence=confidence=high, dr_cr_used",External Transfers,100
transfer,2420589,2755537758,External Transfers,CBA Funds Transfer,external_payid_osko,category=External Transfers; rule=external_payid_osko; evidence=confidence=high,External Transfers,100
transfer,2420589,2755537751,External Transfers,CBA Funds Transfer,external_commbank_name,category=External Transfers; rule=external_commbank_name; evidence=confidence=high,External Transfers,100
transfer,2420589,2755538110,External Transfers,CBA Funds Transfer,external_fast_transfer,category=External Transfers; rule=external_fast_transfer; evidence=confidence=high,External Transfers,100
transfer,2420589,2755537556,External Transfers,Direct Debit Transfer,external_direct_debit_with_bsb,"category=External Transfers; rule=external_direct_debit_with_bsb; evidence=confidence=high, dr_cr_used",External Transfers,100
transfer,2420589,2755538131,External Transfers,CBA Funds Transfer,external_commbank_name,category=External Transfers; rule=external_commbank_name; evidence=confidence=high,External Transfers,100
transfer,2420589,2755537825,External Transfers,CBA Funds Transfer,external_payid_osko,category=External Transfers; rule=external_payid_osko; evidence=confidence=high,External Transfers,100
transfer,2420589,2755538068,External Transfers,Direct Debit Transfer,external_direct_debit_with_bsb,"category=External Transfers; rule=external_direct_debit_with_bsb; evidence=confidence=high, dr_cr_used",External Transfers,100
transfer,2420589,2755538127,External Transfers,Direct Debit Transfer,external_direct_debit_with_bsb,"category=External Transfers; rule=external_direct_debit_with_bsb; evidence=confidence=high, dr_cr_used",External Transfers,100
transfer,2420589,2755537911,External Transfers,Direct Debit Transfer,external_direct_debit_with_bsb,"category=External Transfers; rule=external_direct_debit_with_bsb; evidence=confidence=high, dr_cr_used",External Transfers,100
transfer,2420589,2755538231,External Transfers,CBA Funds Transfer,external_fast_transfer,category=External Transfers; rule=external_fast_transfer; evidence=confidence=high,External Transfers,100
transfer,2420589,2755538202,External Transfers,Direct Debit Transfer,external_direct_debit_with_bsb,"category=External Transfers; rule=external_direct_debit_with_bsb; evidence=confidence=high, dr_cr_used",External Transfers,100
transfer,2420589,2755537811,External Transfers,CBA Funds Transfer,external_commbank_name,category=External Transfers; rule=external_commbank_name; evidence=confidence=high,External Transfers,100
transfer,2420589,2755538259,External Transfers,Direct Debit Transfer,external_direct_debit_with_bsb,"category=External Transfers; rule=external_direct_debit_with_bsb; evidence=confidence=high, dr_cr_used",External Transfers,100
transfer,2420589,2755537861,External Transfers,Direct Debit Transfer,external_direct_debit_with_bsb,"category=External Transfers; rule=external_direct_debit_with_bsb; evidence=confidence=high, dr_cr_used",External Transfers,100
transfer,2420589,2755537717,External Transfers,CBA Funds Transfer,external_payid_osko,category=External Transfers; rule=external_payid_osko; evidence=confidence=high,External Transfers,100
transfer,2420589,2755537661,External Transfers,Direct Debit Transfer,external_direct_debit_with_bsb,"category=External Transfers; rule=external_direct_debit_with_bsb; evidence=confidence=high, dr_cr_used",External Transfers,100
transfer,2420589,2755537820,External Transfers,Direct Debit Transfer,external_direct_debit_with_bsb,"category=External Transfers; rule=external_direct_debit_with_bsb; evidence=confidence=high, dr_cr_used",External Transfers,100
transfer,2420589,2755537557,External Transfers,Direct Debit Transfer,external_direct_debit_with_bsb,"category=External Transfers; rule=external_direct_debit_with_bsb; evidence=confidence=high, dr_cr_used",External Transfers,100
transfer,2420589,2755537810,External Transfers,CBA Funds Transfer,external_fast_transfer,category=External Transfers; rule=external_fast_transfer; evidence=confidence=high,External Transfers,100
transfer,2420589,2755537608,External Transfers,Direct Debit Transfer,external_direct_debit_with_bsb,"category=External Transfers; rule=external_direct_debit_with_bsb; evidence=confidence=high, dr_cr_used",External Transfers,100
transfer,2420589,2755538348,External Transfers,CBA Funds Transfer,external_fast_transfer,category=External Transfers; rule=external_fast_transfer; evidence=confidence=high,External Transfers,100
transfer,2420589,2755537788,External Transfers,Direct Debit Transfer,external_direct_debit_with_bsb,"category=External Transfers; rule=external_direct_debit_with_bsb; evidence=confidence=high, dr_cr_used",External Transfers,100
transfer,2420589,2755537724,External Transfers,Direct Debit Transfer,external_direct_debit_with_bsb,"category=External Transfers; rule=external_direct_debit_with_bsb; evidence=confidence=high, dr_cr_used",External Transfers,100
transfer,2420589,2755538254,External Transfers,Direct Debit Transfer,external_direct_debit_with_bsb,"category=External Transfers; rule=external_direct_debit_with_bsb; evidence=confidence=high, dr_cr_used",External Transfers,100
transfer,2420589,2755538273,External Transfers,CBA Funds Transfer,external_commbank_name,category=External Transfers; rule=external_commbank_name; evidence=confidence=high,External Transfers,100
transfer,2420589,2755538288,External Transfers,Zepto Payment,external_fast_transfer,category=External Transfers; rule=external_fast_transfer; evidence=confidence=high,External Transfers,100
transfer,2420589,2755537966,External Transfers,Direct Debit Transfer,external_direct_debit_with_bsb,"category=External Transfers; rule=external_direct_debit_with_bsb; evidence=confidence=high, dr_cr_used",External Transfers,100
transfer,2420589,2755537666,External Transfers,Direct Debit Transfer,external_direct_debit_with_bsb,"category=External Transfers; rule=external_direct_debit_with_bsb; evidence=confidence=high, dr_cr_used",External Transfers,100
transfer,2420589,2755537624,External Transfers,Direct Debit Transfer,external_direct_debit_with_bsb,"category=External Transfers; rule=external_direct_debit_with_bsb; evidence=confidence=high, dr_cr_used",External Transfers,100
transfer,2420589,2755537979,External Transfers,Direct Debit Transfer,external_direct_debit_with_bsb,"category=External Transfers; rule=external_direct_debit_with_bsb; evidence=confidence=high, dr_cr_used",External Transfers,100
transfer,2420589,2755538037,External Transfers,CBA Funds Transfer,external_payid_osko,category=External Transfers; rule=external_payid_osko; evidence=confidence=high,External Transfers,100
transfer,2420589,2755537901,External Transfers,Direct Debit Transfer,external_direct_debit_with_bsb,"category=External Transfers; rule=external_direct_debit_with_bsb; evidence=confidence=high, dr_cr_used",External Transfers,100
transfer,2420589,2755538213,External Transfers,CBA Funds Transfer,external_fast_transfer,category=External Transfers; rule=external_fast_transfer; evidence=confidence=high,External Transfers,100
transfer,2420589,2755537683,External Transfers,CBA Funds Transfer,external_commbank_bpay,"category=External Transfers; rule=external_commbank_bpay; evidence=confidence=high, dr_cr_used",External Transfers,100
transfer,2420589,2755537778,External Transfers,Direct Debit Transfer,external_direct_debit_with_bsb,"category=External Transfers; rule=external_direct_debit_with_bsb; evidence=confidence=high, dr_cr_used",External Transfers,100
transfer,2420589,2755538330,External Transfers,CBA Funds Transfer,external_commbank_name,category=External Transfers; rule=external_commbank_name; evidence=confidence=high,External Transfers,100
transfer,2420589,2755537651,External Transfers,Direct Debit Transfer,external_direct_debit_with_bsb,"category=External Transfers; rule=external_direct_debit_with_bsb; evidence=confidence=high, dr_cr_used",External Transfers,100
transfer,2420589,2755537614,External Transfers,Direct Debit Transfer,external_direct_debit_with_bsb,"category=External Transfers; rule=external_direct_debit_with_bsb; evidence=confidence=high, dr_cr_used",External Transfers,100
transfer,2420589,2755537903,External Transfers,CBA Funds Transfer,external_payid_osko,category=External Transfers; rule=external_payid_osko; evidence=confidence=high,External Transfers,100
transfer,2420589,2755537564,External Transfers,Direct Debit Transfer,external_direct_debit_with_bsb,"category=External Transfers; rule=external_direct_debit_with_bsb; evidence=confidence=high, dr_cr_used",External Transfers,100
transfer,2420589,2755538314,External Transfers,CBA Funds Transfer,external_fast_transfer,category=External Transfers; rule=external_fast_transfer; evidence=confidence=high,External Transfers,100
transfer,2420589,2755538140,External Transfers,Direct Debit Transfer,external_direct_debit_with_bsb,"category=External Transfers; rule=external_direct_debit_with_bsb; evidence=confidence=high, dr_cr_used",External Transfers,100
transfer,2420589,2755537555,External Transfers,Direct Debit Transfer,external_direct_debit_with_bsb,"category=External Transfers; rule=external_direct_debit_with_bsb; evidence=confidence=high, dr_cr_used",External Transfers,100
dishonour,2420589,2755537841,Dishonours,-,dishonour:generic,Dishonour transaction detected,,150
dishonour,2420589,2755537975,Dishonours,-,dishonour:generic,Dishonour transaction detected,,150
dishonour,2420589,2755537644,Dishonours,-,dishonour:generic,Dishonour transaction detected,,150
dishonour,2420589,2755538175,Dishonours,-,dishonour:generic,Dishonour transaction detected,,150
dishonour,2420589,2755538114,Dishonours,-,dishonour:generic,Dishonour transaction detected,,150
dishonour,2420589,2755538315,Dishonours,-,dishonour:generic,Dishonour transaction detected,,150
dishonour,2420589,2755538111,Dishonours,-,dishonour:generic,Dishonour transaction detected,,150
dishonour,2420589,2755537898,Dishonours,-,dishonour:generic,Dishonour transaction detected,,150
dishonour,2420589,2755537774,Dishonours,-,dishonour:generic,Dishonour transaction detected,,150
dishonour,2420589,2755538040,Dishonours,-,dishonour:generic,Dishonour transaction detected,,150
dishonour,2420589,2755537899,Dishonours,-,dishonour:generic,Dishonour transaction detected,,150
dishonour,2420589,2755538113,Dishonours,-,dishonour:generic,Dishonour transaction detected,,150
dishonour,2420589,2755538112,Dishonours,-,dishonour:generic,Dishonour transaction detected,,150
dishonour,2420589,2755538247,Dishonours,-,dishonour:generic,Dishonour transaction detected,,150
dishonour,2420589,2755537842,Dishonours,-,dishonour:generic,Dishonour transaction detected,,150
dishonour,2420589,2755537906,Dishonours,-,dishonour:generic,Dishonour transaction detected,,150
dishonour,2420589,2755537973,Dishonours,-,dishonour:generic,Dishonour transaction detected,,150
dishonour,2420589,2755537710,Dishonours,-,dishonour:generic,Dishonour transaction detected,,150
dishonour,2420589,2755537775,Dishonours,-,dishonour:generic,Dishonour transaction detected,,150
dishonour,2420589,2755537972,Dishonours,-,dishonour:generic,Dishonour transaction detected,,150
dishonour,2420589,2755537907,Dishonours,-,dishonour:generic,Dishonour transaction detected,,150
dishonour,2420589,2755538246,Dishonours,-,dishonour:generic,Dishonour transaction detected,,150
dishonour,2420589,2755537896,Dishonours,-,dishonour:generic,Dishonour transaction detected,,150
dishonour,2420589,2755538177,Dishonours,-,dishonour:generic,Dishonour transaction detected,,150
dishonour,2420589,2755538316,Dishonours,-,dishonour:generic,Dishonour transaction detected,,150
dishonour,2420589,2755538041,Dishonours,-,dishonour:generic,Dishonour transaction detected,,150
dishonour,2420589,2755538205,Dishonours,-,dishonour:generic,Dishonour transaction detected,,150
dishonour,2420589,2755537897,Dishonours,-,dishonour:generic,Dishonour transaction detected,,150
dishonour,2420589,2755538176,Dishonours,-,dishonour:generic,Dishonour transaction detected,,150
dishonour,2420589,2755537709,Dishonours,-,dishonour:generic,Dishonour transaction detected,,150
dishonour,2420589,2755538204,Dishonours,-,dishonour:generic,Dishonour transaction detected,,150
dishonour,2420589,2755537974,Dishonours,-,dishonour:generic,Dishonour transaction detected,,150
dishonour,2420589,2755538174,Dishonours,-,dishonour:generic,Dishonour transaction detected,,150
dishonour,2420589,2755537643,Dishonours,-,dishonour:generic,Dishonour transaction detected,,150
income,2420589,2755538332,Wages,Main Roads,salary_payg_wages_rule,"category=salary_payg; rule=salary_payg_wages_rule; evidence=credit, wages_detector, strong_wage_keyword",wage_001,200
income,2420589,2755538266,Wages,Main Roads,salary_payg_wages_rule,"category=salary_payg; rule=salary_payg_wages_rule; evidence=credit, wages_detector, strong_wage_keyword",wage_001,200
income,2420589,2755538200,Wages,Main Roads,salary_payg_wages_rule,"category=salary_payg; rule=salary_payg_wages_rule; evidence=credit, wages_detector, strong_wage_keyword",wage_001,200
income,2420589,2755538143,Wages,Main Roads,salary_payg_wages_rule,"category=salary_payg; rule=salary_payg_wages_rule; evidence=credit, wages_detector, strong_wage_keyword",wage_001,200
income,2420589,2755538067,Wages,Main Roads,salary_payg_wages_rule,"category=salary_payg; rule=salary_payg_wages_rule; evidence=credit, wages_detector, strong_wage_keyword",wage_001,200
income,2420589,2755537994,Wages,Main Roads,salary_payg_wages_rule,"category=salary_payg; rule=salary_payg_wages_rule; evidence=credit, wages_detector, strong_wage_keyword",wage_001,200
income,2420589,2755537919,Wages,Main Roads,salary_payg_wages_rule,"category=salary_payg; rule=salary_payg_wages_rule; evidence=credit, wages_detector, strong_wage_keyword",wage_001,200
income,2420589,2755537866,Wages,Main Roads,salary_payg_wages_rule,"category=salary_payg; rule=salary_payg_wages_rule; evidence=credit, wages_detector, strong_wage_keyword",wage_001,200
income,2420589,2755537795,Wages,Main Roads,salary_payg_wages_rule,"category=salary_payg; rule=salary_payg_wages_rule; evidence=credit, wages_detector, strong_wage_keyword",wage_001,200
income,2420589,2755537736,Wages,Main Roads,salary_payg_wages_rule,"category=salary_payg; rule=salary_payg_wages_rule; evidence=credit, wages_detector, strong_wage_keyword",wage_001,200
income,2420589,2755537665,Wages,Main Roads,salary_payg_wages_rule,"category=salary_payg; rule=salary_payg_wages_rule; evidence=credit, wages_detector, strong_wage_keyword",wage_001,200
income,2420589,2755537623,Wages,Main Roads,salary_payg_wages_rule,"category=salary_payg; rule=salary_payg_wages_rule; evidence=credit, wages_detector, strong_wage_keyword",wage_001,200
income,2420589,2755537563,Wages,Main Roads,salary_payg_wages_rule,"category=salary_payg; rule=salary_payg_wages_rule; evidence=credit, wages_detector, strong_wage_keyword",wage_001,200
liability,2420589,2755538243,Overdrawn,Overdrawn,liability_product:,"category=Overdrawn; rule=liability_product:; evidence=product_type=, counterparty=Overdrawn",,300
liability,2420589,2755538124,Non SACC Loans,Humm,liability_product:bnpl,"category=Non SACC Loans; rule=liability_product:bnpl; evidence=product_type=bnpl, counterparty=Humm",bnpl_002,300
liability,2420589,2755537983,Unknown Loans,Credit Corp,liability_product:personal_loan,"category=Unknown Loans; rule=liability_product:personal_loan; evidence=product_type=personal_loan, counterparty=Credit Corp",unknown_001,300
liability,2420589,2755538196,Overdrawn,Overdrawn,liability_product:,"category=Overdrawn; rule=liability_product:; evidence=product_type=, counterparty=Overdrawn",,300
liability,2420589,2755537694,Overdrawn,Overdrawn,liability_product:,"category=Overdrawn; rule=liability_product:; evidence=product_type=, counterparty=Overdrawn",,300
liability,2420589,2755538058,Overdrawn,Overdrawn,liability_product:,"category=Overdrawn; rule=liability_product:; evidence=product_type=, counterparty=Overdrawn",,300
liability,2420589,2755538262,Non SACC Loans,Wagetap,liability_product:wage_advance,"category=Non SACC Loans; rule=liability_product:wage_advance; evidence=product_type=wage_advance, counterparty=Wagetap",wage_advance_004,300
liability,2420589,2755538334,Non SACC Loans,MyPayNow,liability_product:wage_advance,"category=Non SACC Loans; rule=liability_product:wage_advance; evidence=product_type=wage_advance, counterparty=MyPayNow",wage_advance_002,300
liability,2420589,2755537600,Non SACC Loans,Beforepay,liability_product:wage_advance,"category=Non SACC Loans; rule=liability_product:wage_advance; evidence=product_type=wage_advance, counterparty=Beforepay",wage_advance_001,300
liability,2420589,2755537660,Unknown Loans,Credit Corp,liability_product:personal_loan,"category=Unknown Loans; rule=liability_product:personal_loan; evidence=product_type=personal_loan, counterparty=Credit Corp",unknown_001,300
liability,2420589,2755538071,Non SACC Loans,Afterpay,liability_product:bnpl,"category=Non SACC Loans; rule=liability_product:bnpl; evidence=product_type=bnpl, counterparty=Afterpay",bnpl_001,300
liability,2420589,2755538173,Non SACC Loans,CBA Loans,liability_product:contract_loan,"category=Non SACC Loans; rule=liability_product:contract_loan; evidence=product_type=contract_loan, counterparty=CBA Loans",contract_loan_001,300
liability,2420589,2755538192,Unknown Loans,Credit Corp,liability_product:personal_loan,"category=Unknown Loans; rule=liability_product:personal_loan; evidence=product_type=personal_loan, counterparty=Credit Corp",unknown_001,300
liability,2420589,2755537544,Non SACC Loans,MyPayNow,liability_product:wage_advance,"category=Non SACC Loans; rule=liability_product:wage_advance; evidence=product_type=wage_advance, counterparty=MyPayNow",wage_advance_002,300
liability,2420589,2755538047,Non SACC Loans,Beforepay,liability_product:wage_advance,"category=Non SACC Loans; rule=liability_product:wage_advance; evidence=product_type=wage_advance, counterparty=Beforepay",wage_advance_001,300
liability,2420589,2755538039,Non SACC Loans,MyPayNow,liability_product:wage_advance,"category=Non SACC Loans; rule=liability_product:wage_advance; evidence=product_type=wage_advance, counterparty=MyPayNow",wage_advance_002,300
liability,2420589,2755537782,Non SACC Loans,MyPayNow,liability_product:wage_advance,"category=Non SACC Loans; rule=liability_product:wage_advance; evidence=product_type=wage_advance, counterparty=MyPayNow",wage_advance_002,300
liability,2420589,2755538326,Unknown Loans,Credit Corp,liability_product:personal_loan,"category=Unknown Loans; rule=liability_product:personal_loan; evidence=product_type=personal_loan, counterparty=Credit Corp",unknown_001,300
liability,2420589,2755537981,Non SACC Loans,Beforepay,liability_product:wage_advance,"category=Non SACC Loans; rule=liability_product:wage_advance; evidence=product_type=wage_advance, counterparty=Beforepay",wage_advance_001,300
liability,2420589,2755538310,Non SACC Loans,Afterpay,liability_product:bnpl,"category=Non SACC Loans; rule=liability_product:bnpl; evidence=product_type=bnpl, counterparty=Afterpay",bnpl_001,300
liability,2420589,2755537890,Non SACC Loans,Afterpay,liability_product:bnpl,"category=Non SACC Loans; rule=liability_product:bnpl; evidence=product_type=bnpl, counterparty=Afterpay",bnpl_001,300
liability,2420589,2755537779,Non SACC Loans,Wagepay,liability_product:wage_advance,"category=Non SACC Loans; rule=liability_product:wage_advance; evidence=product_type=wage_advance, counterparty=Wagepay",wage_advance_003,300
liability,2420589,2755538199,SACC Loans,Fundo Loans,liability_product:personal_loan,"category=SACC Loans; rule=liability_product:personal_loan; evidence=product_type=personal_loan, counterparty=Fundo Loans",sacc_001,300
liability,2420589,2755537553,SACC Loans,MoneySpot,liability_product:personal_loan,"category=SACC Loans; rule=liability_product:personal_loan; evidence=product_type=personal_loan, counterparty=MoneySpot",sacc_002,300
liability,2420589,2755537961,Non SACC Loans,Afterpay,liability_product:bnpl,"category=Non SACC Loans; rule=liability_product:bnpl; evidence=product_type=bnpl, counterparty=Afterpay",bnpl_001,300
liability,2420589,2755538003,Non SACC Loans,Afterpay,liability_product:bnpl,"category=Non SACC Loans; rule=liability_product:bnpl; evidence=product_type=bnpl, counterparty=Afterpay",bnpl_001,300
liability,2420589,2755538220,Non SACC Loans,Afterpay,liability_product:bnpl,"category=Non SACC Loans; rule=liability_product:bnpl; evidence=product_type=bnpl, counterparty=Afterpay",bnpl_001,300
liability,2420589,2755538048,Non SACC Loans,Wagepay,liability_product:wage_advance,"category=Non SACC Loans; rule=liability_product:wage_advance; evidence=product_type=wage_advance, counterparty=Wagepay",wage_advance_003,300
liability,2420589,2755538097,Non SACC Loans,Afterpay,liability_product:bnpl,"category=Non SACC Loans; rule=liability_product:bnpl; evidence=product_type=bnpl, counterparty=Afterpay",bnpl_001,300
liability,2420589,2755538128,Non SACC Loans,Wagepay,liability_product:wage_advance,"category=Non SACC Loans; rule=liability_product:wage_advance; evidence=product_type=wage_advance, counterparty=Wagepay",wage_advance_003,300
liability,2420589,2755538175,Dishonours,Wagepay,liability_product:wage_advance,"category=Dishonours; rule=liability_product:wage_advance; evidence=product_type=wage_advance, counterparty=Wagepay",wage_advance_003,300
liability,2420589,2755538186,Non SACC Loans,Wagepay,liability_product:wage_advance,"category=Non SACC Loans; rule=liability_product:wage_advance; evidence=product_type=wage_advance, counterparty=Wagepay",wage_advance_003,300
liability,2420589,2755538172,Non SACC Loans,Beforepay,liability_product:wage_advance,"category=Non SACC Loans; rule=liability_product:wage_advance; evidence=product_type=wage_advance, counterparty=Beforepay",wage_advance_001,300
liability,2420589,2755538171,Non SACC Loans,Afterpay,liability_product:bnpl,"category=Non SACC Loans; rule=liability_product:bnpl; evidence=product_type=bnpl, counterparty=Afterpay",bnpl_001,300
liability,2420589,2755538023,Non SACC Loans,Afterpay,liability_product:bnpl,"category=Non SACC Loans; rule=liability_product:bnpl; evidence=product_type=bnpl, counterparty=Afterpay",bnpl_001,300
liability,2420589,2755537995,Non SACC Loans,Humm,liability_product:bnpl,"category=Non SACC Loans; rule=liability_product:bnpl; evidence=product_type=bnpl, counterparty=Humm",bnpl_002,300
liability,2420589,2755538114,Dishonours,Beforepay,liability_product:wage_advance,"category=Dishonours; rule=liability_product:wage_advance; evidence=product_type=wage_advance, counterparty=Beforepay",wage_advance_001,300
liability,2420589,2755537948,Non SACC Loans,Afterpay,liability_product:bnpl,"category=Non SACC Loans; rule=liability_product:bnpl; evidence=product_type=bnpl, counterparty=Afterpay",bnpl_001,300
liability,2420589,2755538055,Non SACC Loans,Beforepay,liability_product:wage_advance,"category=Non SACC Loans; rule=liability_product:wage_advance; evidence=product_type=wage_advance, counterparty=Beforepay",wage_advance_001,300
liability,2420589,2755537728,Non SACC Loans,Wagetap,liability_product:wage_advance,"category=Non SACC Loans; rule=liability_product:wage_advance; evidence=product_type=wage_advance, counterparty=Wagetap",wage_advance_004,300
liability,2420589,2755537920,Non SACC Loans,Humm,liability_product:bnpl,"category=Non SACC Loans; rule=liability_product:bnpl; evidence=product_type=bnpl, counterparty=Humm",bnpl_002,300
liability,2420589,2755538095,Non SACC Loans,Afterpay,liability_product:bnpl,"category=Non SACC Loans; rule=liability_product:bnpl; evidence=product_type=bnpl, counterparty=Afterpay",bnpl_001,300
liability,2420589,2755537655,Non SACC Loans,Wagetap,liability_product:wage_advance,"category=Non SACC Loans; rule=liability_product:wage_advance; evidence=product_type=wage_advance, counterparty=Wagetap",wage_advance_004,300
liability,2420589,2755537619,Overdrawn,Overdrawn,liability_product:,"category=Overdrawn; rule=liability_product:; evidence=product_type=, counterparty=Overdrawn",,300
liability,2420589,2755537617,Non SACC Loans,Wagetap,liability_product:wage_advance,"category=Non SACC Loans; rule=liability_product:wage_advance; evidence=product_type=wage_advance, counterparty=Wagetap",wage_advance_004,300
liability,2420589,2755538066,SACC Loans,Fundo Loans,liability_product:personal_loan,"category=SACC Loans; rule=liability_product:personal_loan; evidence=product_type=personal_loan, counterparty=Fundo Loans",sacc_001,300
liability,2420589,2755537662,Overdrawn,Overdrawn,liability_product:,"category=Overdrawn; rule=liability_product:; evidence=product_type=, counterparty=Overdrawn",,300
liability,2420589,2755538060,Non SACC Loans,Wagetap,liability_product:wage_advance,"category=Non SACC Loans; rule=liability_product:wage_advance; evidence=product_type=wage_advance, counterparty=Wagetap",wage_advance_004,300
liability,2420589,2755538139,Non SACC Loans,Humm,liability_product:bnpl,"category=Non SACC Loans; rule=liability_product:bnpl; evidence=product_type=bnpl, counterparty=Humm",bnpl_002,300
liability,2420589,2755537964,Non SACC Loans,Afterpay,liability_product:bnpl,"category=Non SACC Loans; rule=liability_product:bnpl; evidence=product_type=bnpl, counterparty=Afterpay",bnpl_001,300
liability,2420589,2755538356,Non SACC Loans,Beforepay,liability_product:wage_advance,"category=Non SACC Loans; rule=liability_product:wage_advance; evidence=product_type=wage_advance, counterparty=Beforepay",wage_advance_001,300
liability,2420589,2755537737,Non SACC Loans,MyPayNow,liability_product:wage_advance,"category=Non SACC Loans; rule=liability_product:wage_advance; evidence=product_type=wage_advance, counterparty=MyPayNow",wage_advance_002,300
liability,2420589,2755538286,Non SACC Loans,CBA Loans,liability_product:contract_loan,"category=Non SACC Loans; rule=liability_product:contract_loan; evidence=product_type=contract_loan, counterparty=CBA Loans",contract_loan_001,300
liability,2420589,2755537750,Non SACC Loans,Beforepay,liability_product:wage_advance,"category=Non SACC Loans; rule=liability_product:wage_advance; evidence=product_type=wage_advance, counterparty=Beforepay",wage_advance_001,300
liability,2420589,2755538056,Unknown Loans,Credit Corp,liability_product:personal_loan,"category=Unknown Loans; rule=liability_product:personal_loan; evidence=product_type=personal_loan, counterparty=Credit Corp",unknown_001,300
liability,2420589,2755537612,SACC Loans,MoneySpot,liability_product:personal_loan,"category=SACC Loans; rule=liability_product:personal_loan; evidence=product_type=personal_loan, counterparty=MoneySpot",sacc_002,300
liability,2420589,2755537773,Overdrawn,Overdrawn,liability_product:,"category=Overdrawn; rule=liability_product:; evidence=product_type=, counterparty=Overdrawn",,300
liability,2420589,2755537708,Overdrawn,Overdrawn,liability_product:,"category=Overdrawn; rule=liability_product:; evidence=product_type=, counterparty=Overdrawn",,300
liability,2420589,2755538057,Non SACC Loans,Wagetap,liability_product:wage_advance,"category=Non SACC Loans; rule=liability_product:wage_advance; evidence=product_type=wage_advance, counterparty=Wagetap",wage_advance_004,300
liability,2420589,2755537579,Overdrawn,Overdrawn,liability_product:,"category=Overdrawn; rule=liability_product:; evidence=product_type=, counterparty=Overdrawn",,300
liability,2420589,2755537840,Non SACC Loans,Wagetap,liability_product:wage_advance,"category=Non SACC Loans; rule=liability_product:wage_advance; evidence=product_type=wage_advance, counterparty=Wagetap",wage_advance_004,300
liability,2420589,2755537962,Non SACC Loans,Afterpay,liability_product:bnpl,"category=Non SACC Loans; rule=liability_product:bnpl; evidence=product_type=bnpl, counterparty=Afterpay",bnpl_001,300
liability,2420589,2755538141,Non SACC Loans,Wagetap,liability_product:wage_advance,"category=Non SACC Loans; rule=liability_product:wage_advance; evidence=product_type=wage_advance, counterparty=Wagetap",wage_advance_004,300
liability,2420589,2755537718,Non SACC Loans,MyPayNow,liability_product:wage_advance,"category=Non SACC Loans; rule=liability_product:wage_advance; evidence=product_type=wage_advance, counterparty=MyPayNow",wage_advance_002,300
liability,2420589,2755537963,Non SACC Loans,Afterpay,liability_product:bnpl,"category=Non SACC Loans; rule=liability_product:bnpl; evidence=product_type=bnpl, counterparty=Afterpay",bnpl_001,300
liability,2420589,2755538101,Non SACC Loans,Afterpay,liability_product:bnpl,"category=Non SACC Loans; rule=liability_product:bnpl; evidence=product_type=bnpl, counterparty=Afterpay",bnpl_001,300
liability,2420589,2755537838,Overdrawn,Overdrawn,liability_product:,"category=Overdrawn; rule=liability_product:; evidence=product_type=, counterparty=Overdrawn",,300
liability,2420589,2755538325,Non SACC Loans,Beforepay,liability_product:wage_advance,"category=Non SACC Loans; rule=liability_product:wage_advance; evidence=product_type=wage_advance, counterparty=Beforepay",wage_advance_001,300
liability,2420589,2755538098,Non SACC Loans,Afterpay,liability_product:bnpl,"category=Non SACC Loans; rule=liability_product:bnpl; evidence=product_type=bnpl, counterparty=Afterpay",bnpl_001,300
liability,2420589,2755538267,Non SACC Loans,Humm,liability_product:bnpl,"category=Non SACC Loans; rule=liability_product:bnpl; evidence=product_type=bnpl, counterparty=Humm",bnpl_002,300
liability,2420589,2755537863,Overdrawn,Overdrawn,liability_product:,"category=Overdrawn; rule=liability_product:; evidence=product_type=, counterparty=Overdrawn",,300
liability,2420589,2755538034,Non SACC Loans,Afterpay,liability_product:bnpl,"category=Non SACC Loans; rule=liability_product:bnpl; evidence=product_type=bnpl, counterparty=Afterpay",bnpl_001,300
liability,2420589,2755538201,Non SACC Loans,Humm,liability_product:bnpl,"category=Non SACC Loans; rule=liability_product:bnpl; evidence=product_type=bnpl, counterparty=Humm",bnpl_002,300
liability,2420589,2755538038,Overdrawn,Overdrawn,liability_product:,"category=Overdrawn; rule=liability_product:; evidence=product_type=, counterparty=Overdrawn",,300
liability,2420589,2755538256,Non SACC Loans,Wagetap,liability_product:wage_advance,"category=Non SACC Loans; rule=liability_product:wage_advance; evidence=product_type=wage_advance, counterparty=Wagetap",wage_advance_004,300
liability,2420589,2755538112,Dishonours,Wagepay,liability_product:wage_advance,"category=Dishonours; rule=liability_product:wage_advance; evidence=product_type=wage_advance, counterparty=Wagepay",wage_advance_003,300
liability,2420589,2755538247,Dishonours,Wagepay,liability_product:wage_advance,"category=Dishonours; rule=liability_product:wage_advance; evidence=product_type=wage_advance, counterparty=Wagepay",wage_advance_003,300
liability,2420589,2755537725,Non SACC Loans,Credit Corp,liability_product:loc,"category=Non SACC Loans; rule=liability_product:loc; evidence=product_type=loc, counterparty=Credit Corp",loc_001,300
liability,2420589,2755537799,Non SACC Loans,Credit Corp,liability_product:personal_loan,"category=Non SACC Loans; rule=liability_product:personal_loan; evidence=product_type=personal_loan, counterparty=Credit Corp",loc_001,300
liability,2420589,2755538333,Non SACC Loans,Humm,liability_product:bnpl,"category=Non SACC Loans; rule=liability_product:bnpl; evidence=product_type=bnpl, counterparty=Humm",bnpl_002,300
liability,2420589,2755538258,Non SACC Loans,Beforepay,liability_product:wage_advance,"category=Non SACC Loans; rule=liability_product:wage_advance; evidence=product_type=wage_advance, counterparty=Beforepay",wage_advance_001,300
liability,2420589,2755537609,Non SACC Loans,MyPayNow,liability_product:wage_advance,"category=Non SACC Loans; rule=liability_product:wage_advance; evidence=product_type=wage_advance, counterparty=MyPayNow",wage_advance_002,300
liability,2420589,2755537984,Overdrawn,Overdrawn,liability_product:,"category=Overdrawn; rule=liability_product:; evidence=product_type=, counterparty=Overdrawn",,300
liability,2420589,2755537842,Dishonours,Wagepay,liability_product:wage_advance,"category=Dishonours; rule=liability_product:wage_advance; evidence=product_type=wage_advance, counterparty=Wagepay",wage_advance_003,300
liability,2420589,2755538265,SACC Loans,Fundo Loans,liability_product:personal_loan,"category=SACC Loans; rule=liability_product:personal_loan; evidence=product_type=personal_loan, counterparty=Fundo Loans",sacc_001,300
liability,2420589,2755537971,Non SACC Loans,Wagetap,liability_product:wage_advance,"category=Non SACC Loans; rule=liability_product:wage_advance; evidence=product_type=wage_advance, counterparty=Wagetap",wage_advance_004,300
liability,2420589,2755537706,Non SACC Loans,Wagetap,liability_product:wage_advance,"category=Non SACC Loans; rule=liability_product:wage_advance; evidence=product_type=wage_advance, counterparty=Wagetap",wage_advance_004,300
liability,2420589,2755537993,SACC Loans,Fundo Loans,liability_product:personal_loan,"category=SACC Loans; rule=liability_product:personal_loan; evidence=product_type=personal_loan, counterparty=Fundo Loans",sacc_001,300
liability,2420589,2755537985,Non SACC Loans,Wagetap,liability_product:wage_advance,"category=Non SACC Loans; rule=liability_product:wage_advance; evidence=product_type=wage_advance, counterparty=Wagetap",wage_advance_004,300
liability,2420589,2755538230,Non SACC Loans,MyPayNow,liability_product:wage_advance,"category=Non SACC Loans; rule=liability_product:wage_advance; evidence=product_type=wage_advance, counterparty=MyPayNow",wage_advance_002,300
liability,2420589,2755538268,Non SACC Loans,MyPayNow,liability_product:wage_advance,"category=Non SACC Loans; rule=liability_product:wage_advance; evidence=product_type=wage_advance, counterparty=MyPayNow",wage_advance_002,300
liability,2420589,2755538328,Overdrawn,Overdrawn,liability_product:,"category=Overdrawn; rule=liability_product:; evidence=product_type=, counterparty=Overdrawn",,300
liability,2420589,2755537868,Non SACC Loans,MyPayNow,liability_product:wage_advance,"category=Non SACC Loans; rule=liability_product:wage_advance; evidence=product_type=wage_advance, counterparty=MyPayNow",wage_advance_002,300
liability,2420589,2755538036,Non SACC Loans,Beforepay,liability_product:wage_advance,"category=Non SACC Loans; rule=liability_product:wage_advance; evidence=product_type=wage_advance, counterparty=Beforepay",wage_advance_001,300
liability,2420589,2755538130,Non SACC Loans,Wagetap,liability_product:wage_advance,"category=Non SACC Loans; rule=liability_product:wage_advance; evidence=product_type=wage_advance, counterparty=Wagetap",wage_advance_004,300
liability,2420589,2755537552,Non SACC Loans,Wagetap,liability_product:wage_advance,"category=Non SACC Loans; rule=liability_product:wage_advance; evidence=product_type=wage_advance, counterparty=Wagetap",wage_advance_004,300
liability,2420589,2755538194,Non SACC Loans,Beforepay,liability_product:wage_advance,"category=Non SACC Loans; rule=liability_product:wage_advance; evidence=product_type=wage_advance, counterparty=Beforepay",wage_advance_001,300
liability,2420589,2755537772,Non SACC Loans,Wagetap,liability_product:wage_advance,"category=Non SACC Loans; rule=liability_product:wage_advance; evidence=product_type=wage_advance, counterparty=Wagetap",wage_advance_004,300
liability,2420589,2755537895,Non SACC Loans,Beforepay,liability_product:wage_advance,"category=Non SACC Loans; rule=liability_product:wage_advance; evidence=product_type=wage_advance, counterparty=Beforepay",wage_advance_001,300
liability,2420589,2755537931,Non SACC Loans,Credit Corp,liability_product:personal_loan,"category=Non SACC Loans; rule=liability_product:personal_loan; evidence=product_type=personal_loan, counterparty=Credit Corp",loc_001,300
liability,2420589,2755537862,Unknown Loans,Credit Corp,liability_product:personal_loan,"category=Unknown Loans; rule=liability_product:personal_loan; evidence=product_type=personal_loan, counterparty=Credit Corp",unknown_001,300
liability,2420589,2755538187,Overdrawn,Overdrawn,liability_product:,"category=Overdrawn; rule=liability_product:; evidence=product_type=, counterparty=Overdrawn",,300
liability,2420589,2755537973,Dishonours,Wagepay,liability_product:wage_advance,"category=Dishonours; rule=liability_product:wage_advance; evidence=product_type=wage_advance, counterparty=Wagepay",wage_advance_003,300
liability,2420589,2755538024,Non SACC Loans,Afterpay,liability_product:bnpl,"category=Non SACC Loans; rule=liability_product:bnpl; evidence=product_type=bnpl, counterparty=Afterpay",bnpl_001,300
liability,2420589,2755537710,Dishonours,Wagepay,liability_product:wage_advance,"category=Dishonours; rule=liability_product:wage_advance; evidence=product_type=wage_advance, counterparty=Wagepay",wage_advance_003,300
liability,2420589,2755538323,Unknown Loans,Fundo Loans,liability_product:personal_loan,"category=Unknown Loans; rule=liability_product:personal_loan; evidence=product_type=personal_loan, counterparty=Fundo Loans",unknown_002,300
liability,2420589,2755538166,Non SACC Loans,Afterpay,liability_product:bnpl,"category=Non SACC Loans; rule=liability_product:bnpl; evidence=product_type=bnpl, counterparty=Afterpay",bnpl_001,300
liability,2420589,2755538228,Non SACC Loans,Afterpay,liability_product:bnpl,"category=Non SACC Loans; rule=liability_product:bnpl; evidence=product_type=bnpl, counterparty=Afterpay",bnpl_001,300
liability,2420589,2755537558,Overdrawn,Overdrawn,liability_product:,"category=Overdrawn; rule=liability_product:; evidence=product_type=, counterparty=Overdrawn",,300
liability,2420589,2755537996,Non SACC Loans,MyPayNow,liability_product:wage_advance,"category=Non SACC Loans; rule=liability_product:wage_advance; evidence=product_type=wage_advance, counterparty=MyPayNow",wage_advance_002,300
liability,2420589,2755537796,Non SACC Loans,Humm,liability_product:bnpl,"category=Non SACC Loans; rule=liability_product:bnpl; evidence=product_type=bnpl, counterparty=Humm",bnpl_002,300
liability,2420589,2755538125,Unknown Loans,Credit Corp,liability_product:personal_loan,"category=Unknown Loans; rule=liability_product:personal_loan; evidence=product_type=personal_loan, counterparty=Credit Corp",unknown_001,300
liability,2420589,2755537888,Non SACC Loans,Afterpay,liability_product:bnpl,"category=Non SACC Loans; rule=liability_product:bnpl; evidence=product_type=bnpl, counterparty=Afterpay",bnpl_001,300
liability,2420589,2755537775,Dishonours,Wagepay,liability_product:wage_advance,"category=Dishonours; rule=liability_product:wage_advance; evidence=product_type=wage_advance, counterparty=Wagepay",wage_advance_003,300
liability,2420589,2755538025,Non SACC Loans,Afterpay,liability_product:bnpl,"category=Non SACC Loans; rule=liability_product:bnpl; evidence=product_type=bnpl, counterparty=Afterpay",bnpl_001,300
liability,2420589,2755538344,Non SACC Loans,Afterpay,liability_product:bnpl,"category=Non SACC Loans; rule=liability_product:bnpl; evidence=product_type=bnpl, counterparty=Afterpay",bnpl_001,300
liability,2420589,2755538260,Overdrawn,Overdrawn,liability_product:,"category=Overdrawn; rule=liability_product:; evidence=product_type=, counterparty=Overdrawn",,300
liability,2420589,2755537812,Non SACC Loans,Credit Corp,liability_product:personal_loan,"category=Non SACC Loans; rule=liability_product:personal_loan; evidence=product_type=personal_loan, counterparty=Credit Corp",loc_001,300
liability,2420589,2755537615,Non SACC Loans,Credit Corp,liability_product:loc,"category=Non SACC Loans; rule=liability_product:loc; evidence=product_type=loc, counterparty=Credit Corp",loc_001,300
liability,2420589,2755537859,Non SACC Loans,MyPayNow,liability_product:wage_advance,"category=Non SACC Loans; rule=liability_product:wage_advance; evidence=product_type=wage_advance, counterparty=MyPayNow",wage_advance_002,300
liability,2420589,2755538319,Non SACC Loans,Wagepay,liability_product:wage_advance,"category=Non SACC Loans; rule=liability_product:wage_advance; evidence=product_type=wage_advance, counterparty=Wagepay",wage_advance_003,300
liability,2420589,2755537912,Unknown Loans,Credit Corp,liability_product:personal_loan,"category=Unknown Loans; rule=liability_product:personal_loan; evidence=product_type=personal_loan, counterparty=Credit Corp",unknown_001,300
liability,2420589,2755537867,Non SACC Loans,Humm,liability_product:bnpl,"category=Non SACC Loans; rule=liability_product:bnpl; evidence=product_type=bnpl, counterparty=Humm",bnpl_002,300
liability,2420589,2755537594,Non SACC Loans,Afterpay,liability_product:bnpl,"category=Non SACC Loans; rule=liability_product:bnpl; evidence=product_type=bnpl, counterparty=Afterpay",bnpl_001,300
liability,2420589,2755537937,Non SACC Loans,MyPayNow,liability_product:wage_advance,"category=Non SACC Loans; rule=liability_product:wage_advance; evidence=product_type=wage_advance, counterparty=MyPayNow",wage_advance_002,300
liability,2420589,2755537633,SACC Loans,MoneySpot,liability_product:personal_loan,"category=SACC Loans; rule=liability_product:personal_loan; evidence=product_type=personal_loan, counterparty=MoneySpot",sacc_002,300
liability,2420589,2755537907,Dishonours,Beforepay,liability_product:wage_advance,"category=Dishonours; rule=liability_product:wage_advance; evidence=product_type=wage_advance, counterparty=Beforepay",wage_advance_001,300
liability,2420589,2755538313,Overdrawn,Overdrawn,liability_product:,"category=Overdrawn; rule=liability_product:; evidence=product_type=, counterparty=Overdrawn",,300
liability,2420589,2755537616,Unknown Loans,Credit Corp,liability_product:personal_loan,"category=Unknown Loans; rule=liability_product:personal_loan; evidence=product_type=personal_loan, counterparty=Credit Corp",unknown_001,300
liability,2420589,2755537658,Non SACC Loans,Beforepay,liability_product:wage_advance,"category=Non SACC Loans; rule=liability_product:wage_advance; evidence=product_type=wage_advance, counterparty=Beforepay",wage_advance_001,300
liability,2420589,2755538117,Non SACC Loans,Afterpay,liability_product:bnpl,"category=Non SACC Loans; rule=liability_product:bnpl; evidence=product_type=bnpl, counterparty=Afterpay",bnpl_001,300
liability,2420589,2755537561,Non SACC Loans,Wagetap,liability_product:wage_advance,"category=Non SACC Loans; rule=liability_product:wage_advance; evidence=product_type=wage_advance, counterparty=Wagetap",wage_advance_004,300
liability,2420589,2755538285,Non SACC Loans,Humm,liability_product:bnpl,"category=Non SACC Loans; rule=liability_product:bnpl; evidence=product_type=bnpl, counterparty=Humm",bnpl_002,300
liability,2420589,2755538349,Non SACC Loans,CBA Loans,liability_product:contract_loan,"category=Non SACC Loans; rule=liability_product:contract_loan; evidence=product_type=contract_loan, counterparty=CBA Loans",contract_loan_001,300
liability,2420589,2755537723,Non SACC Loans,Beforepay,liability_product:wage_advance,"category=Non SACC Loans; rule=liability_product:wage_advance; evidence=product_type=wage_advance, counterparty=Beforepay",wage_advance_001,300
liability,2420589,2755537860,Non SACC Loans,Beforepay,liability_product:wage_advance,"category=Non SACC Loans; rule=liability_product:wage_advance; evidence=product_type=wage_advance, counterparty=Beforepay",wage_advance_001,300
liability,2420589,2755538311,Non SACC Loans,CBA Loans,liability_product:contract_loan,"category=Non SACC Loans; rule=liability_product:contract_loan; evidence=product_type=contract_loan, counterparty=CBA Loans",contract_loan_001,300
liability,2420589,2755538191,Non SACC Loans,MyPayNow,liability_product:wage_advance,"category=Non SACC Loans; rule=liability_product:wage_advance; evidence=product_type=wage_advance, counterparty=MyPayNow",wage_advance_002,300
liability,2420589,2755537904,Non SACC Loans,Wagetap,liability_product:wage_advance,"category=Non SACC Loans; rule=liability_product:wage_advance; evidence=product_type=wage_advance, counterparty=Wagetap",wage_advance_004,300
liability,2420589,2755538035,Non SACC Loans,Afterpay,liability_product:bnpl,"category=Non SACC Loans; rule=liability_product:bnpl; evidence=product_type=bnpl, counterparty=Afterpay",bnpl_001,300
liability,2420589,2755537712,Non SACC Loans,Afterpay,liability_product:bnpl,"category=Non SACC Loans; rule=liability_product:bnpl; evidence=product_type=bnpl, counterparty=Afterpay",bnpl_001,300
liability,2420589,2755537663,Non SACC Loans,Wagetap,liability_product:wage_advance,"category=Non SACC Loans; rule=liability_product:wage_advance; evidence=product_type=wage_advance, counterparty=Wagetap",wage_advance_004,300
liability,2420589,2755538167,Non SACC Loans,Afterpay,liability_product:bnpl,"category=Non SACC Loans; rule=liability_product:bnpl; evidence=product_type=bnpl, counterparty=Afterpay",bnpl_001,300
liability,2420589,2755538138,SACC Loans,Fundo Loans,liability_product:personal_loan,"category=SACC Loans; rule=liability_product:personal_loan; evidence=product_type=personal_loan, counterparty=Fundo Loans",sacc_001,300
liability,2420589,2755538069,Non SACC Loans,MyPayNow,liability_product:wage_advance,"category=Non SACC Loans; rule=liability_product:wage_advance; evidence=product_type=wage_advance, counterparty=MyPayNow",wage_advance_002,300
liability,2420589,2755537787,Non SACC Loans,Beforepay,liability_product:wage_advance,"category=Non SACC Loans; rule=liability_product:wage_advance; evidence=product_type=wage_advance, counterparty=Beforepay",wage_advance_001,300
liability,2420589,2755537839,Overdrawn,Overdrawn,liability_product:,"category=Overdrawn; rule=liability_product:; evidence=product_type=, counterparty=Overdrawn",,300
liability,2420589,2755537902,Non SACC Loans,Wagepay,liability_product:wage_advance,"category=Non SACC Loans; rule=liability_product:wage_advance; evidence=product_type=wage_advance, counterparty=Wagepay",wage_advance_003,300
liability,2420589,2755537797,Non SACC Loans,MyPayNow,liability_product:wage_advance,"category=Non SACC Loans; rule=liability_product:wage_advance; evidence=product_type=wage_advance, counterparty=MyPayNow",wage_advance_002,300
liability,2420589,2755538316,Dishonours,Wagepay,liability_product:wage_advance,"category=Dishonours; rule=liability_product:wage_advance; evidence=product_type=wage_advance, counterparty=Wagepay",wage_advance_003,300
liability,2420589,2755537716,Non SACC Loans,Wagepay,liability_product:wage_advance,"category=Non SACC Loans; rule=liability_product:wage_advance; evidence=product_type=wage_advance, counterparty=Wagepay",wage_advance_003,300
liability,2420589,2755537656,Non SACC Loans,MyPayNow,liability_product:wage_advance,"category=Non SACC Loans; rule=liability_product:wage_advance; evidence=product_type=wage_advance, counterparty=MyPayNow",wage_advance_002,300
liability,2420589,2755538041,Dishonours,Wagepay,liability_product:wage_advance,"category=Dishonours; rule=liability_product:wage_advance; evidence=product_type=wage_advance, counterparty=Wagepay",wage_advance_003,300
liability,2420589,2755537914,Non SACC Loans,Wagetap,liability_product:wage_advance,"category=Non SACC Loans; rule=liability_product:wage_advance; evidence=product_type=wage_advance, counterparty=Wagetap",wage_advance_004,300
liability,2420589,2755537856,Non SACC Loans,Wagepay,liability_product:wage_advance,"category=Non SACC Loans; rule=liability_product:wage_advance; evidence=product_type=wage_advance, counterparty=Wagepay",wage_advance_003,300
liability,2420589,2755538026,Non SACC Loans,Afterpay,liability_product:bnpl,"category=Non SACC Loans; rule=liability_product:bnpl; evidence=product_type=bnpl, counterparty=Afterpay",bnpl_001,300
liability,2420589,2755537751,Non SACC Loans,Beforepay,liability_product:wage_advance,"category=Non SACC Loans; rule=liability_product:wage_advance; evidence=product_type=wage_advance, counterparty=Beforepay",wage_advance_001,300
liability,2420589,2755537621,Non SACC Loans,Wagetap,liability_product:wage_advance,"category=Non SACC Loans; rule=liability_product:wage_advance; evidence=product_type=wage_advance, counterparty=Wagetap",wage_advance_004,300
liability,2420589,2755538205,Dishonours,CBA Loans,liability_product:contract_loan,"category=Dishonours; rule=liability_product:contract_loan; evidence=product_type=contract_loan, counterparty=CBA Loans",contract_loan_001,300
liability,2420589,2755538110,Non SACC Loans,MyPayNow,liability_product:wage_advance,"category=Non SACC Loans; rule=liability_product:wage_advance; evidence=product_type=wage_advance, counterparty=MyPayNow",wage_advance_002,300
liability,2420589,2755537556,Non SACC Loans,Credit Corp,liability_product:loc,"category=Non SACC Loans; rule=liability_product:loc; evidence=product_type=loc, counterparty=Credit Corp",loc_001,300
liability,2420589,2755538287,Overdrawn,Overdrawn,liability_product:,"category=Overdrawn; rule=liability_product:; evidence=product_type=, counterparty=Overdrawn",,300
liability,2420589,2755538068,Non SACC Loans,Humm,liability_product:bnpl,"category=Non SACC Loans; rule=liability_product:bnpl; evidence=product_type=bnpl, counterparty=Humm",bnpl_002,300
liability,2420589,2755537889,Non SACC Loans,Afterpay,liability_product:bnpl,"category=Non SACC Loans; rule=liability_product:bnpl; evidence=product_type=bnpl, counterparty=Afterpay",bnpl_001,300
liability,2420589,2755538127,Non SACC Loans,Beforepay,liability_product:wage_advance,"category=Non SACC Loans; rule=liability_product:wage_advance; evidence=product_type=wage_advance, counterparty=Beforepay",wage_advance_001,300
liability,2420589,2755537911,Non SACC Loans,Beforepay,liability_product:wage_advance,"category=Non SACC Loans; rule=liability_product:wage_advance; evidence=product_type=wage_advance, counterparty=Beforepay",wage_advance_001,300
liability,2420589,2755537864,Non SACC Loans,Wagetap,liability_product:wage_advance,"category=Non SACC Loans; rule=liability_product:wage_advance; evidence=product_type=wage_advance, counterparty=Wagetap",wage_advance_004,300
liability,2420589,2755538202,Non SACC Loans,MyPayNow,liability_product:wage_advance,"category=Non SACC Loans; rule=liability_product:wage_advance; evidence=product_type=wage_advance, counterparty=MyPayNow",wage_advance_002,300
liability,2420589,2755537618,Non SACC Loans,Wagepay,liability_product:wage_advance,"category=Non SACC Loans; rule=liability_product:wage_advance; evidence=product_type=wage_advance, counterparty=Wagepay",wage_advance_003,300
liability,2420589,2755538259,Unknown Loans,Credit Corp,liability_product:personal_loan,"category=Unknown Loans; rule=liability_product:personal_loan; evidence=product_type=personal_loan, counterparty=Credit Corp",unknown_001,300
liability,2420589,2755537661,Non SACC Loans,Credit Corp,liability_product:loc,"category=Non SACC Loans; rule=liability_product:loc; evidence=product_type=loc, counterparty=Credit Corp",loc_001,300
liability,2420589,2755537820,Non SACC Loans,Humm,liability_product:bnpl,"category=Non SACC Loans; rule=liability_product:bnpl; evidence=product_type=bnpl, counterparty=Humm",bnpl_002,300
liability,2420589,2755537557,Unknown Loans,Credit Corp,liability_product:personal_loan,"category=Unknown Loans; rule=liability_product:personal_loan; evidence=product_type=personal_loan, counterparty=Credit Corp",unknown_001,300
liability,2420589,2755537897,Dishonours,Wagepay,liability_product:wage_advance,"category=Dishonours; rule=liability_product:wage_advance; evidence=product_type=wage_advance, counterparty=Wagepay",wage_advance_003,300
liability,2420589,2755537628,Non SACC Loans,Afterpay,liability_product:bnpl,"category=Non SACC Loans; rule=liability_product:bnpl; evidence=product_type=bnpl, counterparty=Afterpay",bnpl_001,300
liability,2420589,2755537788,Unknown Loans,Credit Corp,liability_product:personal_loan,"category=Unknown Loans; rule=liability_product:personal_loan; evidence=product_type=personal_loan, counterparty=Credit Corp",unknown_001,300
liability,2420589,2755537724,Unknown Loans,Credit Corp,liability_product:personal_loan,"category=Unknown Loans; rule=liability_product:personal_loan; evidence=product_type=personal_loan, counterparty=Credit Corp",unknown_001,300
liability,2420589,2755537791,Non SACC Loans,Wagetap,liability_product:wage_advance,"category=Non SACC Loans; rule=liability_product:wage_advance; evidence=product_type=wage_advance, counterparty=Wagetap",wage_advance_004,300
liability,2420589,2755538254,Non SACC Loans,Wagepay,liability_product:wage_advance,"category=Non SACC Loans; rule=liability_product:wage_advance; evidence=product_type=wage_advance, counterparty=Wagepay",wage_advance_003,300
liability,2420589,2755537887,Non SACC Loans,Afterpay,liability_product:bnpl,"category=Non SACC Loans; rule=liability_product:bnpl; evidence=product_type=bnpl, counterparty=Afterpay",bnpl_001,300
liability,2420589,2755538137,Overdrawn,Overdrawn,liability_product:,"category=Overdrawn; rule=liability_product:; evidence=product_type=, counterparty=Overdrawn",,300
liability,2420589,2755537960,Non SACC Loans,Afterpay,liability_product:bnpl,"category=Non SACC Loans; rule=liability_product:bnpl; evidence=product_type=bnpl, counterparty=Afterpay",bnpl_001,300
liability,2420589,2755538096,Non SACC Loans,Afterpay,liability_product:bnpl,"category=Non SACC Loans; rule=liability_product:bnpl; evidence=product_type=bnpl, counterparty=Afterpay",bnpl_001,300
liability,2420589,2755538288,SACC Loans,Fundo Loans,liability_product:personal_loan,"category=SACC Loans; rule=liability_product:personal_loan; evidence=product_type=personal_loan, counterparty=Fundo Loans",sacc_001,300
liability,2420589,2755537966,Non SACC Loans,Humm,liability_product:bnpl,"category=Non SACC Loans; rule=liability_product:bnpl; evidence=product_type=bnpl, counterparty=Humm",bnpl_002,300
liability,2420589,2755537666,Non SACC Loans,MyPayNow,liability_product:wage_advance,"category=Non SACC Loans; rule=liability_product:wage_advance; evidence=product_type=wage_advance, counterparty=MyPayNow",wage_advance_002,300
liability,2420589,2755537624,Non SACC Loans,MyPayNow,liability_product:wage_advance,"category=Non SACC Loans; rule=liability_product:wage_advance; evidence=product_type=wage_advance, counterparty=MyPayNow",wage_advance_002,300
liability,2420589,2755537979,Non SACC Loans,Wagepay,liability_product:wage_advance,"category=Non SACC Loans; rule=liability_product:wage_advance; evidence=product_type=wage_advance, counterparty=Wagepay",wage_advance_003,300
liability,2420589,2755538037,Non SACC Loans,Beforepay,liability_product:wage_advance,"category=Non SACC Loans; rule=liability_product:wage_advance; evidence=product_type=wage_advance, counterparty=Beforepay",wage_advance_001,300
liability,2420589,2755538214,Non SACC Loans,CBA Loans,liability_product:contract_loan,"category=Non SACC Loans; rule=liability_product:contract_loan; evidence=product_type=contract_loan, counterparty=CBA Loans",contract_loan_001,300
liability,2420589,2755538102,Non SACC Loans,Afterpay,liability_product:bnpl,"category=Non SACC Loans; rule=liability_product:bnpl; evidence=product_type=bnpl, counterparty=Afterpay",bnpl_001,300
liability,2420589,2755537726,Overdrawn,Overdrawn,liability_product:,"category=Overdrawn; rule=liability_product:; evidence=product_type=, counterparty=Overdrawn",,300
liability,2420589,2755538240,Non SACC Loans,CBA Loans,liability_product:contract_loan,"category=Non SACC Loans; rule=liability_product:contract_loan; evidence=product_type=contract_loan, counterparty=CBA Loans",contract_loan_001,300
liability,2420589,2755537651,Non SACC Loans,Wagepay,liability_product:wage_advance,"category=Non SACC Loans; rule=liability_product:wage_advance; evidence=product_type=wage_advance, counterparty=Wagepay",wage_advance_003,300
liability,2420589,2755537790,Overdrawn,Overdrawn,liability_product:,"category=Overdrawn; rule=liability_product:; evidence=product_type=, counterparty=Overdrawn",,300
liability,2420589,2755537614,Non SACC Loans,Beforepay,liability_product:wage_advance,"category=Non SACC Loans; rule=liability_product:wage_advance; evidence=product_type=wage_advance, counterparty=Beforepay",wage_advance_001,300
liability,2420589,2755537969,Overdrawn,Overdrawn,liability_product:,"category=Overdrawn; rule=liability_product:; evidence=product_type=, counterparty=Overdrawn",,300
liability,2420589,2755537903,Non SACC Loans,Beforepay,liability_product:wage_advance,"category=Non SACC Loans; rule=liability_product:wage_advance; evidence=product_type=wage_advance, counterparty=Beforepay",wage_advance_001,300
liability,2420589,2755537564,Non SACC Loans,MyPayNow,liability_product:wage_advance,"category=Non SACC Loans; rule=liability_product:wage_advance; evidence=product_type=wage_advance, counterparty=MyPayNow",wage_advance_002,300
liability,2420589,2755538108,Overdrawn,Overdrawn,liability_product:,"category=Overdrawn; rule=liability_product:; evidence=product_type=, counterparty=Overdrawn",,300
liability,2420589,2755538314,Non SACC Loans,MyPayNow,liability_product:wage_advance,"category=Non SACC Loans; rule=liability_product:wage_advance; evidence=product_type=wage_advance, counterparty=MyPayNow",wage_advance_002,300
liability,2420589,2755538140,Non SACC Loans,MyPayNow,liability_product:wage_advance,"category=Non SACC Loans; rule=liability_product:wage_advance; evidence=product_type=wage_advance, counterparty=MyPayNow",wage_advance_002,300
liability,2420589,2755537555,Non SACC Loans,Beforepay,liability_product:wage_advance,"category=Non SACC Loans; rule=liability_product:wage_advance; evidence=product_type=wage_advance, counterparty=Beforepay",wage_advance_001,300
all_other_credit,2420589,2755538361,All Other Credits,-,,,,400
fee,2420589,2755538243,Overdrawn,Overdrawn Fee,overdraw_fee,category=Overdrawn; rule=overdraw_fee; evidence=counterparty=Overdrawn Fee,,500
fee,2420589,2755538196,Overdrawn,Overdrawn Fee,overdraw_fee,category=Overdrawn; rule=overdraw_fee; evidence=counterparty=Overdrawn Fee,,500
fee,2420589,2755537694,Overdrawn,Overdrawn Fee,debit_excess_interest,category=Overdrawn; rule=debit_excess_interest; evidence=counterparty=Overdrawn Fee,,500
fee,2420589,2755538058,Overdrawn,Overdrawn Fee,overdraw_fee,category=Overdrawn; rule=overdraw_fee; evidence=counterparty=Overdrawn Fee,,500
fee,2420589,2755537619,Overdrawn,Overdrawn Fee,overdraw_fee,category=Overdrawn; rule=overdraw_fee; evidence=counterparty=Overdrawn Fee,,500
fee,2420589,2755537662,Overdrawn,Overdrawn Fee,overdraw_fee,category=Overdrawn; rule=overdraw_fee; evidence=counterparty=Overdrawn Fee,,500
fee,2420589,2755537773,Overdrawn,Overdrawn Fee,overdraw_fee,category=Overdrawn; rule=overdraw_fee; evidence=counterparty=Overdrawn Fee,,500
fee,2420589,2755537708,Overdrawn,Overdrawn Fee,overdraw_fee,category=Overdrawn; rule=overdraw_fee; evidence=counterparty=Overdrawn Fee,,500
fee,2420589,2755537579,Overdrawn,Overdrawn Fee,debit_excess_interest,category=Overdrawn; rule=debit_excess_interest; evidence=counterparty=Overdrawn Fee,,500
fee,2420589,2755537838,Overdrawn,Overdrawn Fee,debit_excess_interest,category=Overdrawn; rule=debit_excess_interest; evidence=counterparty=Overdrawn Fee,,500
fee,2420589,2755537863,Overdrawn,Overdrawn Fee,overdraw_fee,category=Overdrawn; rule=overdraw_fee; evidence=counterparty=Overdrawn Fee,,500
fee,2420589,2755538038,Overdrawn,Overdrawn Fee,overdraw_fee,category=Overdrawn; rule=overdraw_fee; evidence=counterparty=Overdrawn Fee,,500
fee,2420589,2755537984,Overdrawn,Overdrawn Fee,overdraw_fee,category=Overdrawn; rule=overdraw_fee; evidence=counterparty=Overdrawn Fee,,500
fee,2420589,2755538328,Overdrawn,Overdrawn Fee,overdraw_fee,category=Overdrawn; rule=overdraw_fee; evidence=counterparty=Overdrawn Fee,,500
fee,2420589,2755538187,Overdrawn,Overdrawn Fee,overdraw_fee,category=Overdrawn; rule=overdraw_fee; evidence=counterparty=Overdrawn Fee,,500
fee,2420589,2755537558,Overdrawn,Overdrawn Fee,overdraw_fee,category=Overdrawn; rule=overdraw_fee; evidence=counterparty=Overdrawn Fee,,500
fee,2420589,2755538260,Overdrawn,Overdrawn Fee,overdraw_fee,category=Overdrawn; rule=overdraw_fee; evidence=counterparty=Overdrawn Fee,,500
fee,2420589,2755538313,Overdrawn,Overdrawn Fee,overdraw_fee,category=Overdrawn; rule=overdraw_fee; evidence=counterparty=Overdrawn Fee,,500
fee,2420589,2755537839,Overdrawn,Overdrawn Fee,overdraw_fee,category=Overdrawn; rule=overdraw_fee; evidence=counterparty=Overdrawn Fee,,500
fee,2420589,2755538287,Overdrawn,Overdrawn Fee,debit_excess_interest,category=Overdrawn; rule=debit_excess_interest; evidence=counterparty=Overdrawn Fee,,500
fee,2420589,2755538137,Overdrawn,Overdrawn Fee,debit_excess_interest,category=Overdrawn; rule=debit_excess_interest; evidence=counterparty=Overdrawn Fee,,500
fee,2420589,2755537726,Overdrawn,Overdrawn Fee,overdraw_fee,category=Overdrawn; rule=overdraw_fee; evidence=counterparty=Overdrawn Fee,,500
fee,2420589,2755537790,Overdrawn,Overdrawn Fee,overdraw_fee,category=Overdrawn; rule=overdraw_fee; evidence=counterparty=Overdrawn Fee,,500
fee,2420589,2755537969,Overdrawn,Overdrawn Fee,debit_excess_interest,category=Overdrawn; rule=debit_excess_interest; evidence=counterparty=Overdrawn Fee,,500
fee,2420589,2755538108,Overdrawn,Overdrawn Fee,overdraw_fee,category=Overdrawn; rule=overdraw_fee; evidence=counterparty=Overdrawn Fee,,500
